FoamFile
{
    version     2.0;
    format      ascii;
    class       volScalarField;
    location    "1";
    object      k;
}

internalField   nonuniform List<scalar>
13770
(
0.6809397072426224
0.6809028043986908
0.6859856503466442
0.6809115432469597
0.6859536926287971
0.6820215320076212
0.6809224325789904
0.6859612935946509
0.6819826315254905
0.6737308644516444
0.6809359141024327
0.6859707662641991
0.6819918404846177
0.6736753915634668
0.6625738288580074
0.680952601576566
0.6859824934129276
0.6820033266489687
0.673688476554912
0.6624911213951713
0.648908408956228
0.6809732528218089
0.6859970085684247
0.6820175451782086
0.673704820217795
0.6625105193892366
0.6487850785859833
0.6327736845964244
0.6809988020761352
0.686014970411276
0.6820351419129173
0.6737250483311971
0.6625347921015069
0.6488138846285287
0.6325922296891516
0.6141709020976184
0.681030400434912
0.6860371906713125
0.6820569139134928
0.673750077065613
0.6625648277346475
0.6488500067286758
0.6326344228869171
0.6139090461631249
0.5931995214525367
0.6810694638152296
0.6860646693276786
0.6820838427394454
0.6737810362555386
0.6626019819295135
0.6488946942666667
0.6326874620559043
0.6139697041291016
0.5928299450306218
0.5701132807831357
0.6811177312278417
0.6860986361068913
0.6821171367800032
0.6738193156958298
0.6626479249783007
0.6489499556364987
0.6327530604230064
0.6140461641332148
0.5929152447113599
0.569604306795412
0.5453478803195513
0.6811773364165981
0.686140600471444
0.6821582806575852
0.6738666241316463
0.6627047087728188
0.6490182627511788
0.6328341519018639
0.61414070067467
0.5930230902372404
0.5697213926445993
0.5446650704993478
0.5195080461388981
0.6812508914965224
0.6861924147472918
0.6822090939077341
0.6739250574654205
0.6627748520905332
0.6491026474526614
0.6329343433551297
0.6142575184792832
0.5931563886776946
0.5698699055840954
0.5448216531618908
0.5186168761954993
0.49332303601450156
0.6813415851134238
0.6862563466170853
0.6822718064935678
0.6739971788705238
0.6628614382699332
0.6492068242320622
0.6330580507369272
0.6144017802599273
0.5933210320077312
0.570053404834606
0.5450209420382601
0.5188206209554135
0.4921922908901052
0.467571174794943
0.6814533135493362
0.686335162845403
0.6823491421336288
0.6740861221592849
0.6629682286748271
0.6493353292358984
0.6332106724244753
0.6145797940033909
0.5935242451601086
0.5702799458112241
0.545267087818847
0.5190808481628392
0.492450032944303
0.4661765061490826
0.44299082654050304
0.6815908186321008
0.6864322495964119
0.6824444127726367
0.6741957028276824
0.6630998084229998
0.6494936795938019
0.6333987830014183
0.6147992518506082
0.5937748360234409
0.5705593930657383
0.5455708161416243
0.5194021378624994
0.4927803994225513
0.46649345615922405
0.44131766840947123
0.42019787496413447
0.6817598113051991
0.686551735273607
0.682561658483138
0.6743305412105551
0.6632617391640488
0.6496885763734982
0.6336303518523606
0.61506949301672
0.5940835156370852
0.5709037430348481
0.545945243811479
0.5197983805974523
0.49318813085184443
0.46690114675791
0.4416967879325375
0.4182429982906309
0.3996282516163748
0.6819672319899315
0.6866985851461499
0.6827057740499025
0.6744962476051587
0.663460723944354
0.649928111267747
0.6339150186829257
0.6154017946425482
0.5944632441368982
0.5713275404608361
0.546406280724275
0.5202865413164901
0.4936907126964735
0.46740412196969305
0.4421861106481298
0.4186847024115082
0.39739958833667177
0.3815178342427427
0.6822214086959963
0.6868788730337606
0.6828826047172053
0.6746995755900215
0.663704856911933
0.6502219815242652
0.6342643641040833
0.615809733627252
0.5949296044560011
0.5718483185836684
0.5469731545338291
0.5208871412953421
0.49430947384797436
0.46802377650092114
0.4427895819618065
0.4192566359609357
0.39790183971599585
0.3790327308826679
0.36591649919751973
0.68253210353422
0.687099910197809
0.6830992539147449
0.6749485238551547
0.6640038117236198
0.6505818178233169
0.634692177138729
0.6163095255040583
0.5955012599515725
0.5724870609536128
0.5476689511712176
0.5216248980731797
0.4950701424091818
0.46878617789261234
0.4435326667592377
0.41996175677636355
0.398554091412318
0.3795914684227474
0.3631989695930955
0.35272617394498446
0.6829110606975922
0.6873702456201011
0.6833641390895788
0.6752527311717804
0.6643689367988791
0.6510214011220433
0.6352148676978535
0.6169203359871931
0.5962003566422798
0.5732687562133894
0.5485211619799869
0.5225293651753872
0.4960036014858761
0.46972268302540365
0.4444463603993739
0.420829592713462
0.3993579950433653
0.3803189875691823
0.36380873365104377
0.3498038824035059
0.3417485307798504
0.6833714463022212
0.6877003167982332
0.6836869840076119
0.6756234613112974
0.6648137636876805
0.6515567141267922
0.6358516869585809
0.6176647705955006
0.5970528541322099
0.5742228446110539
0.5495623256700521
0.5236355517245852
0.4971466188339052
0.4708708036798111
0.44556784717198494
0.4218960538163679
0.40034697717481477
0.3812154245170847
0.364604511293828
0.3504584768927472
0.33865011101758485
0.33273033310294636
0.6839276553112793
0.6881017565893441
0.6840794515723765
0.6760735202773749
0.6653538646419712
0.6522065672674467
0.6366246659329625
0.6185690456067827
0.5980890647696622
0.5753835216614385
0.5508304826668619
0.524984628400111
0.49854251598787036
0.4722750093073415
0.44694146398932166
0.42320411098892546
0.40156166118113856
0.3823178151816313
0.36558483568844613
0.35131442220322756
0.3393431794308089
0.3294833727021334
0.3253997434210812
0.6845963934425575
0.6885872398110277
0.6845541739516848
0.676617995958916
0.6660065949008663
0.6529922138505686
0.6375593374221782
0.6196627001531186
0.5993436862875887
0.5767902721674887
0.5523693801652858
0.526624334990113
0.5002419027457959
0.4739874148178901
0.44861955421976263
0.42480484276188735
0.40305054456390565
0.3836711453564111
0.36678998058145035
0.35236866948513595
0.34025090130801877
0.33020882557373893
0.32202950019671306
0.31949139189073206
0.6853937486388952
0.6891718595637087
0.685124758363177
0.6772727260076405
0.6667919579012402
0.6539367659665211
0.6386839258332369
0.6209793557348632
0.6008551220269391
0.5784876329137517
0.5542289169120606
0.5286089924355689
0.5023029683551041
0.4760684996764142
0.45066313947618736
0.4267583160029487
0.40487111284201155
0.38532900807582265
0.3682688451893991
0.3536643200559974
0.3413687474493105
0.33116022525412986
0.3227817846597881
0.3160201382578086
0.31476156174562014
0.6863378399924042
0.689869670444143
0.6858066929827582
0.6780542844052212
0.6677301595081607
0.6550661454858296
0.6400282227779296
0.6225552198643748
0.6026661769337566
0.5805239033359533
0.5564644632152909
0.5309997481264584
0.5047911909316982
0.47858720521229053
0.45314257705020206
0.4291342082208566
0.4070907239596419
0.3873547699573123
0.3700795777087148
0.35525369123684397
0.3427422338526579
0.33233171267723005
0.32376943773194855
0.31679437315994796
0.31120839333186423
0.3109955021718334
0.687442683340511
0.6906975055542633
0.6866135492887547
0.678980781738694
0.6688414426598409
0.6564052915096079
0.6416245352680396
0.624427151804327
0.6048215393011647
0.5829516362806028
0.5591347073338919
0.5338632509182148
0.5077792583692933
0.48162023017780686
0.45613738731685793
0.43201236127695275
0.4097871530619609
0.3898224393133224
0.3722907821187605
0.35719889741929095
0.3444265974887705
0.33377082869286706
0.3249854424350617
0.3178117279629818
0.3120004049226306
0.3073764448275271
0.308009567983461
0.6887186041779154
0.69166745610808
0.687561196935386
0.6800667358042335
0.6701468135617838
0.6579777584214963
0.6435020391964476
0.6266334907566701
0.6073647421492782
0.5858237125942686
0.5623017765502787
0.5372683743624289
0.5113448896960311
0.48525150545502843
0.45973503929209214
0.4354822737998244
0.4130490101635071
0.3928171137807912
0.374982354165741
0.35957308849162517
0.34648733111352586
0.33553525902944886
0.3264790129087943
0.3190642013576515
0.3130418429510692
0.30818273854675604
0.304337853490288
0.30565007170995556
0.690190046923298
0.6927885411835359
0.6886586651969108
0.6813285479841243
0.6716609208380265
0.6598063176954936
0.6456861340032052
0.629206043987905
0.6103387558613519
0.5891889433380448
0.5660255218808576
0.5412858133789576
0.5155662211362836
0.4895689782748431
0.46402988104826487
0.4396413119227967
0.41697485069568585
0.39643524231027744
0.3782458219801718
0.36246124212746456
0.3490014474065679
0.337693322797778
0.3283098585998239
0.3206023743701712
0.31432388468659156
0.3092435450236254
0.30515554994198046
0.30193648809373225
0.3037904947822784
0.726795826913951
0.694088019328276
0.6899126766210937
0.6827723220775466
0.6733993797232396
0.6619033923535825
0.6481988780969267
0.6321693555545055
0.6137751933708592
0.593092364915274
0.5703576313220436
0.5459802700216447
0.5205207726222361
0.4946585447679427
0.469118760368644
0.4445930382503758
0.4216707896210694
0.40078332947404954
0.3821844459889159
0.36596039726296264
0.35205821980957064
0.3403252587949057
0.3305486290707074
0.322487609234053
0.3158982177574785
0.31054936588051296
0.30623183323377523
0.30276324373085584
0.30004375274368345
0.3023279403479592
0.7090658655374183
0.7924984369047006
0.6913399362003295
0.6844012375944443
0.6753626805313713
0.6642808622441139
0.651046763616011
0.6355410101445715
0.6176938772975911
0.5975614595441979
0.5753416597999196
0.5514031507283368
0.5262753662351953
0.500602357052041
0.47509352295098606
0.45044162197315835
0.4272482206303823
0.4059749779339261
0.3869115157318234
0.37017959703400044
0.35575931774811276
0.3435239104798663
0.33327822049725414
0.32479245501823434
0.31782754151443204
0.31215277856090323
0.3075566555233241
0.3038518320578183
0.3008776779701326
0.29855502051970423
0.30117950268284754
0.6974535321581383
0.866009754924804
0.796367000945129
0.6862259634741086
0.6775472530705656
0.6669295323320218
0.6542337542066521
0.639316844562159
0.6221031233070355
0.6026066455300676
0.580996351949797
0.557592458017642
0.5328777066499586
0.5074664775587236
0.4820387031625095
0.4572830597237241
0.43381705163564727
0.412128032966468
0.39254688681120714
0.3752377973580868
0.3602186054108458
0.3473947792110212
0.33659440319669914
0.3276019729741097
0.3201859394031391
0.3141175559019693
0.3091833062230143
0.30519176237260276
0.3019760111733418
0.29939460275154445
0.29738596673000467
0.30027886500826095
0.6897133834531612
0.885975494354763
0.89785001736579
0.7977728136749653
0.679955447423441
0.6698351122744352
0.6577361080562064
0.6434879903846291
0.6269827938646829
0.6082216669619152
0.5873178117123948
0.5645535729862872
0.5403562886954363
0.5152918046389534
0.49001706401937145
0.4652023234053513
0.44147590221521626
0.41935674453827076
0.39921361125429844
0.38125999104049113
0.365559696497986
0.3520556943044732
0.34060581435177945
0.33101430758752043
0.3230602215440533
0.31651901237856417
0.3111764145175058
0.30683689184313495
0.3033279072029405
0.3005006297488625
0.29823000191116744
0.2964691242073561
0.2995732547239495
0.6831656670028794
0.8761132608218175
0.9385118491201628
0.9052473725814123
0.7991516240135785
0.6729874515360965
0.6615245724169377
0.6480110806978349
0.6323059733802064
0.6143651001764265
0.5942800224732075
0.5722637873973458
0.548699147696603
0.5240940668060898
0.4990603568636196
0.4742570137309995
0.4503087509767297
0.42776122156603846
0.40702916173064335
0.3883733865110915
0.3719117656414666
0.35763405683841504
0.34543351191776805
0.33514064257006837
0.32655044241658837
0.31944536123251893
0.31361227774869554
0.30885252896471127
0.3049876750984501
0.30186197420843713
0.2993420889189675
0.29731665797731094
0.2957507954897169
0.2990208690430671
0.676743761962562
0.7441237024315306
0.9394875665504447
0.9546252853030163
0.908143661195363
0.8002766151284892
0.6655720233640761
0.652837676949618
0.6380047668176774
0.620986974701395
0.6018154704691671
0.5806728046416163
0.5578611587797047
0.5338410529333575
0.5091693118915391
0.4844683307436023
0.460366942174213
0.4374235490137365
0.4160943814849182
0.39669783547970927
0.3794053217473053
0.36426242911539314
0.3512079532042846
0.3401046442084855
0.33076984357004185
0.3229981836015639
0.31658022867263513
0.3113157533913533
0.3070211593535676
0.30353330452361105
0.3007108767536404
0.2984335093611126
0.29660107396851854
0.2951884394310341
0.29858869784817127
0.6701878739894979
0.6899396041388178
0.8196540300123281
0.9664305890795799
0.9611285121161762
0.9099265984012241
0.8012335805762388
0.6579194264838272
0.6440075394899747
0.6279905200896306
0.6098467001365063
0.5896831134433356
0.567764265769702
0.5444627342477922
0.5202897884310622
0.4958208362958494
0.471660567154657
0.4483883766514609
0.42648897667992114
0.4063344416355846
0.3881619724624817
0.372073927086225
0.3580644346503228
0.3460392203586365
0.3358441833851065
0.32729237917870374
0.3201830622987917
0.31431678683406666
0.30950606138184245
0.30558088580988957
0.3023913196638205
0.29980815051488374
0.2977216658361502
0.296040868634703
0.29474845934339305
0.2982507396552736
0.6635492145002518
0.6753541392896263
0.70779839418711
0.8755594718421752
0.9797490247251597
0.9647311555960311
0.9113596827330407
0.8021172716018724
0.6502411171263378
0.6352773731462505
0.6182446081423356
0.5991863052766071
0.5782782307097833
0.5558510719729295
0.5323255279010415
0.5082379195294746
0.484157764695733
0.46065476460827687
0.43825092904551644
0.41736031778897004
0.398282784682375
0.3811914485941483
0.3661381121458657
0.3530818639455976
0.34190832185225367
0.33245537177569173
0.32453701252426326
0.31795938514893524
0.31253330562214554
0.3080829136466011
0.30445001087623347
0.3014957633367307
0.29910090369922254
0.2971643939643547
0.2956025722262323
0.2944043895601242
0.2979865528048128
0.6569777733955245
0.6682912079384306
0.6791202206017977
0.7241946753658575
0.9073958074488446
0.9871866062761299
0.9673121033841816
0.9126399348097295
0.8029752984012806
0.6427470682786306
0.6268815129749161
0.6090188329044081
0.5892615831876938
0.5678418034549585
0.5451376828492509
0.5215969116854124
0.4977599110370869
0.47417490430197884
0.4513687839521982
0.42980710505147895
0.4098422306266219
0.39171583538501775
0.37555282002715873
0.36136930418773594
0.3491015066669292
0.33862356562854906
0.32977081798063834
0.3223608556221717
0.3162074054503687
0.3111308655180999
0.30696553929119474
0.30356319526775605
0.3007941510912971
0.2985472380071576
0.2967283962319277
0.29525981947756896
0.2941354221854206
0.297780094790414
0.6506407778062142
0.6624863356975536
0.6699179325622754
0.6824465213289661
0.7355096136332533
0.9249040618290028
0.992126327171043
0.9694927069296748
0.9138724966969423
0.8038132900428002
0.6356289054902924
0.6190226489025988
0.6005159953744565
0.5802599842693124
0.5585282752656386
0.5357287783282173
0.5123188443123894
0.4888294610564209
0.46577982923536765
0.44365365705266796
0.4228661344652533
0.40371898650809285
0.38640906531170777
0.3710260448351085
0.3575616591825411
0.34593760326359635
0.336022095924507
0.32765096559691437
0.3206465326303053
0.31482984985893875
0.3100298156465511
0.3060893491213795
0.3028684508921444
0.30024490958251304
0.29811406722966205
0.2963874436414559
0.29499188168396123
0.2939252264900874
0.29761878746349124
0.6446878145690226
0.6570928823858581
0.6642018699290716
0.6705141377782169
0.6849386420910254
0.7424399069225954
0.9359561220020565
0.996028811873898
0.9715350053015449
0.9150727488552424
0.8046393943404746
0.6290425308566662
0.6118539242643861
0.5928741099136687
0.5722902446842952
0.5504037006542984
0.5276372850985571
0.5044466533767982
0.48134597743899504
0.4588238117533838
0.43732469033460236
0.41722155873599803
0.3987763277994415
0.38215221408577443
0.36741375671106963
0.3545362921582687
0.34343259422604033
0.3339682790422149
0.32598125170176084
0.31929873624736926
0.3137484142954889
0.309166473408231
0.3054029574099214
0.30232460046764653
0.2998152105883061
0.29777532953686364
0.2961209149835167
0.29478249042189286
0.29376099785409787
0.2974927783028031
0.6392339136046996
0.6520978431257944
0.6592619821324881
0.6644790984831381
0.670658948153154
0.6865025676831977
0.7468110597407001
0.9445120465900532
0.9996001637059745
0.973513179496563
0.9162523825581633
0.8054610732591044
0.6230966877873749
0.6054698123849289
0.5861621717414676
0.5653853246410906
0.5434566803976102
0.5208038801706701
0.497874385786125
0.4751630973404659
0.45312997451883535
0.4321862321598522
0.4126708094647325
0.39481508646891333
0.3787575567494832
0.36454494500918355
0.35214176573015726
0.3414554194332467
0.33235086142232995
0.32466870079485355
0.3182407700078582
0.31290050623195703
0.3084901811514938
0.3048656674077739
0.3018991303338357
0.2994791963412444
0.29751053559373475
0.29591262642296395
0.2946188900234016
0.2936327060646239
0.2973943573390113
0.6343524581209369
0.6475687606104424
0.6547833409096092
0.6596751188794074
0.664159798335036
0.67049959518135
0.6874029091140272
0.7499266612836358
0.9523805008468517
1.0030325325837097
0.9754586160794455
0.9174235660585961
0.8062662666313869
0.6178494432112875
0.5999067306554982
0.5803865866438978
0.5595150866778296
0.5376176650267936
0.5151205728452031
0.49246050464234536
0.4701136409223854
0.4485150676118798
0.42804883798006
0.40902712492317506
0.39165837332073045
0.3760629918671671
0.3622751641635481
0.35025229879951053
0.33989868030280385
0.3310796098980588
0.3236385229638567
0.31741134207901156
0.3122363434853476
0.30796082302451294
0.3044453470273534
0.3015664316462932
0.29921653846493246
0.2973036053404736
0.2957498887518335
0.29449108867501056
0.293532501918098
0.2973174925746423
0.6300752205332665
0.6435501968610313
0.6507762225182272
0.6554197460089561
0.6593136112116088
0.6635360894711447
0.6701666573791834
0.6878765000224635
0.7526172308342297
0.9599390117112288
1.0064254345230037
0.9773940243467327
0.918571008406123
0.8070623364153723
0.6133121275330013
0.5951514714876782
0.575504336626322
0.554604439029492
0.5327801195510469
0.5104531906469014
0.48804942109862826
0.4660282673273281
0.4448041205209385
0.42473940174681435
0.4061256010941027
0.38915403535834064
0.3739319532134208
0.3604846485712727
0.3487649374013693
0.33867533583442505
0.3300819762892465
0.3228309689911917
0.31676171461247504
0.31171650877356144
0.30754672829147156
0.30411668932088276
0.3013063724589066
0.2990112835606726
0.29714193111530984
0.2956227623057782
0.2943912674232034
0.2934542443754029
0.297257467701553
0.6263977672524691
0.640054410815948
0.6472609936034265
0.6516589380640088
0.6551100805255597
0.6585608807026834
0.6628012631337598
0.6696786380993858
0.6881768640549616
0.755122781694101
0.9674849483918504
1.0098119094290772
0.9792962342614208
0.9197043503168421
0.8078474945544153
0.6094584176643738
0.5911537325489387
0.5714391724561806
0.550551590092975
0.5288195497050716
0.5066593930787865
0.4844869947788367
0.4627475934829482
0.4418387598823181
0.4221060380560858
0.40382499786144743
0.38717425916924497
0.37225143137692596
0.3590754993192645
0.34759631725269186
0.33771544552688354
0.32930002481643667
0.3221985396372384
0.3162533034620453
0.31130988622525274
0.30722295509402
0.3038598005510394
0.30110315401379584
0.2988509235023801
0.29701563724559865
0.29552346883593594
0.29431330905503533
0.2933931318049249
0.2972105966320721
0.6232879849635694
0.6370662369435759
0.6442333043208978
0.6483931051778307
0.6514300682636868
0.6543107539503759
0.6576684305909459
0.6619636158363332
0.6691402887127647
0.6884053411596205
0.7576036218335671
0.9750109658842396
1.0131505933361467
0.9811814977901592
0.9208213882659597
0.8086213791165887
0.6062354495917217
0.587839862130013
0.568096733641597
0.5472435841504107
0.5256080819273322
0.5036011310442091
0.481630209780309
0.4601287507977679
0.4394809438774741
0.4200192461412453
0.40200704131154436
0.38561350852526877
0.3709291885800223
0.3579685268771728
0.3466794985160573
0.3369631816869133
0.32868771195615043
0.3217036388842291
0.3158556544013196
0.3109919731050309
0.3069698978131891
0.3036590694797086
0.30094438974948784
0.2987256607408792
0.29691699563445556
0.29544592287584637
0.2942524301783491
0.29334541139207826
0.29717399865396876
0.6206953321677413
0.6345506446205985
0.6416673019839783
0.6456056957095934
0.648258010536211
0.6506116563938585
0.6533216441048115
0.6566524066962692
0.6610946535567848
0.6685755577163425
0.6886099179603218
0.7600982544227092
0.9824122210367767
1.0164799010615244
0.9830456222350321
0.9219214793302208
0.8093843060292885
0.6035749535604213
0.5851248937753043
0.5653767896507199
0.5445677070940059
0.5230241407657404
0.5011520860739043
0.4793521080722075
0.458048052172133
0.4376135286654945
0.41837093963006244
0.4005742991911711
0.3843857860671656
0.3698906994746271
0.3571001937115288
0.3459610771745776
0.33637419200696633
0.3282086027245222
0.32131659721476336
0.3155447882804595
0.3107435103478752
0.30677217205356416
0.303502256959216
0.30082037755526797
0.29862782843006325
0.29683996010391217
0.29538536627328404
0.2942048921169927
0.2933081502529247
0.29714542328813337
0.6185595249760996
0.6324602738415102
0.6395227282105537
0.6432623409119068
0.6455692046162466
0.6474376534205942
0.6495506139366672
0.6521797601419493
0.6555992816827295
0.6602111014522515
0.6679934430035903
0.68883582677029
0.7625534182892985
0.989834389726349
1.0197859070446542
0.9848868408728795
0.9230051235059903
0.8101118382955415
0.6014024617295906
0.5829218560344274
0.5631818617651102
0.5424187403472154
0.5209579432215417
0.4992011860598321
0.4775435199684098
0.45640103858873854
0.43613907314725353
0.41707229375517557
0.3994475152678214
0.38342169399500603
0.36907622054291345
0.3564198406640282
0.34539864380563545
0.33591338964994066
0.32783394936456844
0.3210140564097271
0.3153018592432187
0.3105493864093946
0.30661771701437196
0.3033797766206337
0.30072352542193775
0.29855142839846444
0.2967798032677597
0.29533808021649616
0.2941677732410682
0.2932790571365841
0.29712311264045266
0.6168173941628475
0.6307421162822698
0.6377514888070529
0.6413176022998524
0.6433229897663094
0.6447590244581078
0.6463213620943538
0.6483046829994468
0.6509851386973892
0.6545247715668395
0.659310799429915
0.6674366542036474
0.6890514782644774
0.7650343737736414
0.9972029183281654
1.0230643855343426
0.9867037412143089
0.9240220734832103
0.8108089142642402
0.5996441305924896
0.581148064529705
0.5614224604368064
0.5407028414462973
0.5193138412316345
0.4976535609339283
0.47611269144609136
0.45510112034000755
0.4349776989597674
0.4160511832820985
0.3985628145653912
0.3826656509533334
0.3684381490713131
0.35588725654008363
0.3449586592585261
0.3355530967014555
0.32754112282487596
0.32077766059827656
0.31511208110895944
0.310397754993785
0.3064970863643544
0.3032841272301904
0.30064789383376433
0.298491770863405
0.2967328303915495
0.2953011584146133
0.29413879109231306
0.2932563422928795
0.29710569366554085
0.6154077788543985
0.6293425486589218
0.6363030550136592
0.6397211509065921
0.6414693970426436
0.6425308753760413
0.6436017659343094
0.6449881516192494
0.6469886190183457
0.6497547168278914
0.6534269511609404
0.658437437888099
0.666874117542227
0.6892837585385689
0.7675142923906646
1.0045132673842923
1.0263017390592053
0.9883142073476537
0.9249864609584146
0.8114814474075146
0.5982311547268838
0.5797287498800943
0.5600196848136166
0.5393389632610621
0.5180106755792988
0.4964298597901491
0.4749838296870384
0.4540774934467767
0.4340646636237533
0.41524955793551666
0.39786908889942046
0.3820734017511517
0.3679387189701717
0.35547065190190924
0.3446146730346387
0.33527153011301364
0.3273123424532857
0.3205930093693952
0.31496386342011234
0.310279338183292
0.30640288870578863
0.3032094404394224
0.30058883895003263
0.29844519053660734
0.296696154018894
0.2952723304011946
0.2941161627890631
0.2932386077895114
0.2970920941377434
0.6142745605191473
0.6282107779612219
0.6351282577546338
0.6384224752714978
0.6399553242303015
0.6406995595006721
0.6413445005120026
0.6421968272361254
0.6435682565342534
0.6456201785949672
0.6484904582078804
0.6523552872584922
0.6575551629542282
0.6663228889220926
0.6895263868576642
0.7699880270315126
1.0116917400977714
1.0287352144848572
0.9897852067421768
0.9259132860457395
0.8121387110058275
0.5971021535756671
0.5785986829749606
0.5589059523122062
0.5382587716383923
0.5169808901120002
0.4954647665592422
0.4740951176875716
0.45327287701965513
0.43334792957490265
0.4146210166731535
0.397325674752499
0.3816098547886522
0.3675480854440101
0.35514496296828385
0.34434587212029966
0.33505157642387196
0.3271336605736988
0.32044881555287724
0.31484812917904564
0.31018687665599
0.30632934179972354
0.3031511281693888
0.3005427314504837
0.2984088230192594
0.29666751841537886
0.2952498226682659
0.2940984957632485
0.2932247619637452
0.29708147671646806
0.6133681889122091
0.6273008656595254
0.6341817102224171
0.6373739278978957
0.6387289732018393
0.6392091484774403
0.6394933080917822
0.6398817493821082
0.6406902690541464
0.6420794026906537
0.6442050134835052
0.6472501278001779
0.6512692850683908
0.6566810518592872
0.6657817251044745
0.689776416064651
0.7724256518107931
1.0152337481889926
1.0307450051930924
0.9911806895313622
0.9268172203243721
0.8127828184063
0.5962040849353397
0.5777024180869901
0.5580246270094276
0.5374056529639128
0.5161690765604796
0.4947051480982114
0.4733966396845092
0.4526412945319886
0.4327859440698955
0.41412866919470076
0.3969003464156385
0.3812472900928762
0.3672427250115611
0.35489047203920476
0.3441359076268683
0.33487981295863906
0.32699414582456116
0.32033624028416285
0.31475777669801547
0.3101146916989016
0.3062719250344488
0.30310560477771975
0.30050673509205833
0.29838043062860126
0.29664516159447235
0.2952322499739379
0.29408470254054275
0.2932139522946738
0.2970731876361066
0.6126461430033036
0.6265726414425311
0.6334230935324356
0.6365324935762787
0.6377425033768384
0.6380059158474786
0.6379898503416137
0.6379846342646021
0.6383042673142534
0.6390994645421706
0.6405293268942677
0.6428103695078056
0.6459895387756518
0.6501883792910155
0.6558144779051274
0.6652488865193327
0.6900306572547255
0.7741163016074347
1.017493981983138
1.0325916261334276
0.9925365938401403
0.9277017108517378
0.8134141596671763
0.5954921687601218
0.5769937524993858
0.5573290019749501
0.5367333368312497
0.515530283255541
0.4941081840975862
0.47284838722822786
0.45214607107538857
0.43234569649423055
0.41374329678678806
0.39656765855066245
0.38096386569028434
0.3670041360698873
0.35469169310982757
0.3439719581603396
0.33474572087770477
0.32688523860836444
0.32024836866080825
0.31468725087813393
0.3100583437963536
0.3062271056113744
0.3030700682317482
0.3004786342269432
0.2983582655118635
0.29662770732525245
0.29521853056895125
0.2940739338700423
0.2932055131636648
0.2970667163222091
0.6120726928807917
0.6259918574122908
0.6328176017107842
0.6358605787028966
0.6369534156893473
0.6370408630446834
0.6367783987010176
0.6364450894610003
0.6363498787971854
0.6366293402161909
0.6374322469539548
0.6389952643222884
0.6413896555221806
0.6447305190711442
0.6491116334886473
0.6549540286311137
0.6647315357927279
0.6901507648386784
0.775370532131477
1.019436578143175
1.0343720388826223
0.9938626372867018
0.9285678490246048
0.8140333818445745
0.5949292764676684
0.5764347432603383
0.5567810386092366
0.5362043834695673
0.5150283578808545
0.4936396032292523
0.47241847965328043
0.45175809375987735
0.43200105581061315
0.4134418384613696
0.3963075678273434
0.3807424065166742
0.366817790347748
0.3545364830777841
0.3438439770655948
0.33464106430289653
0.3268002429870838
0.3201797920104905
0.31463220908606354
0.3100143636533149
0.3061921228827396
0.30304232967619765
0.30045669824611104
0.29834096250487785
0.2966140809049581
0.2952078196759781
0.2940655266855427
0.29319892473917536
0.29706166417357655
0.6116183028245037
0.6255298577448172
0.6323358419058713
0.635326120168031
0.6363250314726426
0.6362709118797176
0.6358084086109976
0.6352055102964471
0.6347644886460801
0.6346068460932458
0.6348630717899886
0.6357756380782018
0.6374297095159063
0.6399666249955195
0.6434716357285328
0.6480375421400352
0.6541102666279003
0.6641961582654612
0.6901678404141991
0.7764268774659511
1.0212813538546799
1.0361100863369295
0.9951613684903443
0.9294163782150686
0.814640923014178
0.5944850335549432
0.57599458321922
0.5563500452650464
0.5357887402947905
0.5146344115667071
0.49327212631619516
0.47208162963952144
0.45145433028331905
0.4317314066737229
0.4132061349582512
0.39610431723164363
0.3805694282747251
0.3666722974118502
0.3544153277189049
0.3437440987789195
0.3345594010716183
0.3267339218582332
0.3201262824162944
0.31458925793695075
0.30998004033909715
0.30616482040068466
0.30302067948723493
0.30043957548013567
0.2983274555711444
0.2966034430670891
0.2951994577239506
0.29405896314819197
0.2931937811932114
0.29705772003396314
0.6112588520024611
0.6251630163832719
0.6319534066516014
0.6349022799693809
0.6358263824812985
0.635659195235008
0.6350356719160142
0.6342137363604172
0.6334884312298208
0.6329670434983427
0.6327585775595261
0.6331014233286963
0.6340826800065426
0.6358578642310729
0.6385393533588931
0.6422111431444852
0.6469778290148581
0.6532656164728673
0.6636547839086081
0.6901177707982024
0.7774058669861591
1.0230719049824517
1.0378113106704543
0.9964338100814715
0.9302476480975708
0.8150349552128459
0.5941348580242001
0.5756484657100295
0.5560114459723414
0.535462425885673
0.5143254774202222
0.4929841337490539
0.4718178429895449
0.45121661777407646
0.43152052058363
0.41302191388629433
0.39594553788768583
0.38043436042135864
0.3665587337454989
0.3543207788665027
0.3436661712528347
0.33449569288636405
0.3266821816525302
0.32008453633372885
0.3145557459603458
0.3099532563251682
0.3061435139204783
0.30300378243413617
0.3004262104544076
0.2983169122311258
0.29659513855044434
0.2951929296048791
0.2940538389850022
0.2931897657281585
0.29705464088258593
0.6109748348183902
0.6248720660169262
0.6316503108449013
0.6345669077827313
0.6354317678576568
0.6351747930003753
0.634422529679832
0.6334242197002774
0.6324677572227273
0.6316479053809545
0.6310519890945627
0.6309086978111437
0.6312992220957472
0.6323796182226057
0.6342773719986846
0.6371057943026365
0.6409612743960508
0.645915634981977
0.6524370005936474
0.6631022179974794
0.6900421908757873
0.7783200063152431
1.0248148636760872
1.0394763574809631
0.9976799080157087
0.930908147710946
0.8140979143900212
0.5938590214516034
0.5753765472521349
0.5557456744403372
0.535206392830676
0.5140833700776085
0.4927585420773931
0.4716113592885095
0.4510306627687459
0.43135564539294596
0.41287797373829843
0.3958215348956977
0.38032892250314454
0.36647011418030834
0.3542470113549882
0.3436053833179967
0.33444600180925843
0.3266418239808325
0.3200519726175284
0.31452960219427156
0.30993235783350276
0.30612688808817606
0.30299059592450206
0.3004157789564306
0.29830868254027765
0.29658865561772146
0.2951878331786982
0.29404983861168427
0.29318663091746067
0.29705223704711686
0.6107505978027618
0.6246414338649539
0.631410375855839
0.6343019298400266
0.6351201388092835
0.6347921770001256
0.6339375230769467
0.6327982205360405
0.6316554171591435
0.630593334103037
0.629679131510115
0.6291291608269026
0.6290147262876989
0.6294834339370344
0.6306637458962852
0.6326858819256009
0.6356785255317304
0.639703521956558
0.6448716091268922
0.6516122436706242
0.6625532618506316
0.689950025557267
0.7791598267916844
1.0265069716577435
1.0411038758091538
0.9987998052396462
0.928684440718495
0.8318377845419711
0.5936418060032453
0.5751630295313934
0.555537225379404
0.5350055691717962
0.5138937283611442
0.4925818920965397
0.4714497795105697
0.4508852360740784
0.43122677416558125
0.4127655358131749
0.39572471437572804
0.3802466331045971
0.3664009760659116
0.3541894698362484
0.34355797472455957
0.3344072512218232
0.32661034995331073
0.320026575334475
0.3145092093211947
0.30991605335954636
0.30611391588473436
0.302980305843032
0.30040763751570926
0.298302258924773
0.29658359476475316
0.29518385452681123
0.2940467155490148
0.2931841836503362
0.2970503604141385
0.6105736625460962
0.6244586187050039
0.6312206347700908
0.6340927298709585
0.6348744419927326
0.6344905243684302
0.6335547601973054
0.6323034273959739
0.6310114326777423
0.629754442666391
0.6285817647263788
0.6276967304626753
0.6271593289377484
0.627104095222544
0.6276510863656719
0.628932431927096
0.6310962887848603
0.6342371055318433
0.6384609728973971
0.6438310413242039
0.6508011968339434
0.6620148584449942
0.689841764307373
0.779899585337288
1.0281413385820288
1.042632509367872
0.995405015006394
0.931532973197535
0.8820396453936434
0.5934707590809789
0.574995383730983
0.5553738542503565
0.5348480604389547
0.5137452398118962
0.49244359981058855
0.4713233651048765
0.4507715270371484
0.43112606511396223
0.412677724552417
0.3956491326573095
0.380182423790544
0.36634704768446763
0.3541445941435807
0.34352100779699773
0.3343770374322741
0.32658580795326125
0.32000677020309193
0.31449330436736467
0.3099033345608563
0.3061037953980176
0.30297227664181825
0.3004012836273747
0.2982972451406168
0.296579644134583
0.2951807484701922
0.2940442774252166
0.2931822731285057
0.2970488953636642
0.610434129644625
0.624313642864931
0.63107076477126
0.6339275878436653
0.6346809631730943
0.6342530258938965
0.6332531621148882
0.6319132901362554
0.6305024804574749
0.6290897361890182
0.627709041100482
0.6265511778625446
0.6256649810366682
0.6251701906862965
0.6251736439951329
0.6257993068557803
0.6271988885823256
0.6294863063372064
0.6328065414809977
0.6372165107188087
0.6428042986257749
0.6500097364247556
0.6614935155160308
0.6897131448892918
0.780510525171899
1.0296358114349848
1.0382832030109856
0.9910010254212884
0.9376841919128429
0.959667779315531
0.5933360504464756
0.5748637110043755
0.555245903907954
0.5347245094932987
0.5136290045580456
0.49233535564259934
0.471224476920404
0.450682631810496
0.43104737670867954
0.41260915893144257
0.39559014212756854
0.3801323311724731
0.36630499059084487
0.35410960303017525
0.34349218741915843
0.3343534831957805
0.3265666739521857
0.31999132786951084
0.3144809013077733
0.30989341414946214
0.3060959006533384
0.30296601203105444
0.3003963250192542
0.2982933318844101
0.29657656015900347
0.29517832365133684
0.2940423740190383
0.29318078163620354
0.2970477516273707
0.6103241659533949
0.6241985771511652
0.6309525581950736
0.6337971886818422
0.6345287178741247
0.6340662279269238
0.6330157157776019
0.6316062335853697
0.6301011900767973
0.6285646647729491
0.6270177646512208
0.6256397640956184
0.6244693986776003
0.6236116808675172
0.6231584623027377
0.6232203045573382
0.623941617475014
0.625439186187664
0.6278825733491384
0.6313673898414995
0.6359818408048983
0.6417966639829008
0.6492460707316835
0.660997752403268
0.6895582186968955
0.7806857696396635
1.0249437962828358
1.0255444158986398
0.9752778820566654
0.9329891271430508
1.0240278178359143
0.5932299198615504
0.574760223577923
0.5551457537081956
0.5346275767215625
0.5135380264254066
0.4922506434710301
0.47114713151677445
0.450613143454727
0.43098590231082823
0.4125556317063311
0.3955441086496969
0.38009325781740144
0.3662721967450082
0.35408232361708086
0.3434697211538825
0.33433512251745784
0.32655175780838946
0.31997928854483065
0.3144712302807782
0.30988567761596814
0.3060897428674292
0.30296112462214175
0.3003924555041168
0.2982902775818629
0.2965741527397067
0.2951764306390056
0.2940408880651873
0.29317961726895675
0.2970468587288704
0.6102375686673325
0.6241071507451657
0.6308594322524793
0.633694213151611
0.6344088999616015
0.6339194460136246
0.632828775658803
0.6313648794127414
0.6297853288036452
0.6281508757888926
0.6264719609200144
0.62491759191206
0.6235178879521196
0.6223641843409841
0.6215334742679235
0.6211209287717857
0.6212578812446725
0.6220526956548719
0.6236813561159884
0.6262635507936763
0.6299323692018262
0.6347615013725861
0.6408162795743128
0.6485231556067179
0.6605367830335176
0.6893125642794904
0.7774531512399153
0.9885199406303515
0.9826747461273082
0.9403089235231982
0.8824087667292916
1.0453323759969004
0.5931462121349103
0.5746788389572988
0.5550673674382222
0.5345515256635367
0.5134668094457194
0.4921843591539441
0.47108664647415244
0.45055883011154385
0.4309378834604581
0.41251385340018953
0.3955081924158962
0.3800627840348512
0.366246628437163
0.35406105897325274
0.3434522092105871
0.3343208104463224
0.32654013029057455
0.31996990277974147
0.31446369037242683
0.30987964515564864
0.30608494054777224
0.302957312075339
0.3003894359480648
0.2982878936923829
0.29657227342724696
0.2951749527821127
0.2940397280111232
0.2931787082729053
0.297046161651515
0.6101694058255103
0.6240344484777736
0.6307860184411487
0.6336129877396172
0.6343144262966617
0.6338042402830523
0.6326814628611374
0.6311753137796039
0.6295370038027956
0.6278253509729433
0.6260421134244434
0.6243472118398244
0.6227637930743508
0.6213710027118938
0.6202321462026525
0.6194270474774297
0.619071630170126
0.6192599234710516
0.6201617475888517
0.6219021194958714
0.6246426524505413
0.62850512123301
0.6335625646681077
0.6398759789096884
0.6478552388439696
0.660179650099688
0.6892183633922985
0.7640090854062024
0.8767955522028626
0.9176314671205293
0.8612272936686978
0.7850873844100482
1.0689550647096255
0.5930800242944888
0.57461484892892
0.5550059468470857
0.5344918860938932
0.5134110458561185
0.4921325032508571
0.4710393622020403
0.4505163829827587
0.4309003808659822
0.4124812539088549
0.3954801754901549
0.38003901931077383
0.3662266941087492
0.35404448390946214
0.34343855827035796
0.3343096528613825
0.32653106567496853
0.31996258550173273
0.31445781232196884
0.3098749423204261
0.306081195999213
0.30295433828099794
0.30038707973045176
0.29828603297554557
0.29657080633518396
0.29517379900387336
0.2940388223782845
0.2931779986340529
0.2970456174409328
0.6101157441595633
0.623976676235717
0.6307278929642621
0.6335491588097977
0.6342396119623606
0.6337139481889701
0.6325651673736518
0.6310264428724144
0.629341919328266
0.627569565999718
0.6257042685830655
0.6238978619916131
0.6221681395325179
0.6205836720135618
0.6191957162239481
0.618069917504511
0.6173066178419138
0.6169832424856833
0.6172566062715964
0.6182441339774711
0.6201153741679009
0.6230227432565476
0.6270915869123801
0.6323963493424652
0.6389898201800561
0.6473503392235914
0.6613420231822861
0.6868473300029656
0.7305090638319351
0.7699555431740308
0.7854299091007516
0.7488125173000231
0.7472941573458031
1.0777195139870177
0.5930274725981515
0.5745646288926708
0.5549576928377827
0.5344451702729959
0.5133673755869382
0.4920919378811496
0.4710024231994409
0.45048321570998406
0.4308710969711645
0.41245582633496786
0.39545832567159034
0.3800204871937947
0.36621115058942544
0.3540315633477451
0.3434279144635148
0.3343009511775602
0.32652399725265774
0.31995687963128966
0.3144532298241007
0.30987127695702527
0.3060782767583674
0.30295201901555424
0.3003852411167462
0.2982845804787894
0.2965696609795263
0.29517289819197506
0.29403811536832003
0.2931774446190945
0.29704519256225015
0.6100734501664292
0.6239309405414727
0.630681493563067
0.6334993379814134
0.6341800062055641
0.6336432589899085
0.6324731591423808
0.6309094389265779
0.629188726822167
0.6273687129837803
0.6254391565595241
0.6235445585060236
0.6216988762290283
0.6199616465037893
0.6183738561592719
0.6169886501615331
0.6158918301554758
0.615144217613657
0.6148867159139239
0.6152222803854461
0.6163140874514534
0.6183233507648193
0.621408685516226
0.6257011016781604
0.6312743942807378
0.638264186735267
0.6489591412016964
0.6622047093331588
0.6813740340493166
0.7016507574484886
0.7136516521100525
0.7124784517160202
0.7627570743663676
0.7130835721243255
1.0819865121343895
0.5929855651967539
0.5745253483563805
0.5549196640065673
0.5344086216416339
0.513333202698358
0.49206019703813486
0.4709736007447199
0.4504573102992136
0.4308482364346644
0.41243600348108894
0.3954412912018684
0.38000603468226424
0.36619902649052144
0.3540214888849198
0.34341961053285014
0.334294159564111
0.3265184819967955
0.319952428147986
0.3144496569744862
0.3098684209370295
0.30607600149018654
0.30295021043887355
0.30038380634066814
0.29828344643032617
0.29656876670418897
0.295172194827352
0.2940375634174489
0.2931770120846603
0.29704486083171566
0.6100400492616116
0.6238949619339056
0.6306441843382808
0.6334607038993131
0.6341323416409193
0.6335878510794577
0.632400271343925
0.6308172947162632
0.6290684584418827
0.6272110296220689
0.625231371618752
0.6232671948682583
0.621329949284081
0.6194715444944537
0.6177243996831083
0.6161309909538275
0.6147641897396515
0.6136694721513725
0.6129713944335187
0.6127556910805783
0.6131714158046483
0.6143733704737231
0.616530034325933
0.6198079249235952
0.6243419282808979
0.6302882470889659
0.6400728852600472
0.650664629383898
0.663862888471102
0.6787963080475949
0.6916282505902758
0.7001411941803849
0.7148645181896559
0.7493748237271154
0.6895617010936314
1.0846435059591482
0.5929520985664264
0.5744946901550376
0.5548896773759763
0.5343800096181777
0.5133065409666595
0.4920353434216653
0.4709511511430244
0.45043709722343267
0.4308303964095399
0.41242056210119715
0.395428017841685
0.37999476128910936
0.36618956275866715
0.3540136286883276
0.34341312504861776
0.33428885084112464
0.32651417352334705
0.3199489521290326
0.314446870318378
0.3098661963519141
0.30607422863168954
0.3029488002947073
0.30038268656407535
0.2982825607054163
0.2965680683373799
0.29517164555549597
0.2940371325162234
0.2931766743712967
0.29704460180712633
0.6100136259489646
0.6238667502825952
0.6306142773575094
0.6334306814643333
0.6340944339962992
0.6335441551093288
0.6323425984758551
0.6307444908427647
0.6289740414196471
0.6270872305626387
0.6250686584780571
0.6230496978435537
0.6210403776514503
0.6190862049138071
0.6172125937665427
0.6154530955499087
0.6138694578471665
0.612493649093593
0.6114348294401823
0.610761323214118
0.6106048099298345
0.6111054563395877
0.6124253370136133
0.6147413398544271
0.6182255287030122
0.6230886022021757
0.6322259784608382
0.642027535478802
0.6540504888934001
0.6681505552542525
0.682165934985625
0.6938293295516555
0.7034374018648345
0.7144442808733488
0.7404173562283767
0.6736987261890702
1.0864432420647483
0.5929254742942307
0.5744706675326557
0.5548661623272636
0.5343575146384087
0.5132858552397366
0.4920158761714537
0.4709336997935491
0.45042136074195704
0.43081648317873367
0.4124085470106189
0.39541768381524856
0.3799859642044532
0.3661821656928775
0.35400748889933514
0.3434080497678002
0.3342846905122518
0.3265108008096453
0.31994623315567605
0.31444469540589115
0.30986446432071035
0.30607284773522936
0.3029477009504824
0.30038181239652495
0.2982818685149095
0.2965675227828254
0.29517121651929606
0.2940367961119576
0.29317641066460814
0.2970443995257863
0.609992742711746
0.6238444671666151
0.6305907516504615
0.6334069545032539
0.6340648290915856
0.6335093275976329
0.6322971456020119
0.6306867803886335
0.6288998790422053
0.62699004091002
0.624941304230388
0.6228792881665783
0.6208133842351992
0.6187837363973784
0.6168101390790375
0.6149187883877928
0.6131620589129296
0.6115604437769128
0.6102093121925365
0.6091608056926405
0.6085287700905337
0.6084353122842501
0.6090273490433664
0.6104748037992405
0.6129596307280436
0.616721091692247
0.625129177046314
0.6342823612306647
0.6459621309144207
0.660300305172507
0.6754482414073987
0.6888915966288064
0.6993997448598418
0.7071779259976902
0.7144076948345315
0.7351770074869506
0.6627886972970517
1.0877032298629064
0.5929044204508307
0.5744516638414541
0.5548478976181396
0.5343397422362821
0.5132698922886636
0.49200067649908574
0.4709201513927279
0.4504091622171399
0.430805648720523
0.41239921122039636
0.3954096491821925
0.37997909507917393
0.3661763709961604
0.3540026825297498
0.3434040649179207
0.3342814163407182
0.3265081509935449
0.3199441002920904
0.31444299577192664
0.3098631165089532
0.3060717726013394
0.3029468439798498
0.3003811296264024
0.2982813270175196
0.2965670963680119
0.2951708812710111
0.29403653347650033
0.29317620471012723
0.29704424152167885
0.6099762976351077
0.6238267049107104
0.6305726075863396
0.6333879308713262
0.6340421883922316
0.6334814252078508
0.6322614441548245
0.6306410517092769
0.6288415141969209
0.626913803045536
0.6248416467837878
0.6227458420612705
0.6206356357757712
0.6185466180851051
0.6164942131090847
0.6144985877791607
0.6126043455612714
0.6108224803109583
0.6092364071346865
0.6078839657051326
0.6068622526645294
0.6062748492955562
0.606249910517836
0.6069412064520694
0.6085220622811862
0.6112330091733482
0.6188511621330666
0.6272353580021018
0.6384804663291261
0.6530711290971409
0.6692178084169766
0.6840900423297037
0.6959200852661167
0.704417392487817
0.710262543487425
0.7152088091270301
0.732013516485291
0.6551047913156385
1.0886040814631555
0.5928877790432054
0.5744366349177001
0.5548337053091372
0.5343258066831135
0.5132575443991922
0.4919889529439061
0.47090963719220497
0.45039977006703275
0.4307972432402616
0.4123919700354952
0.3954034150467958
0.3799737272902054
0.3661718148568551
0.3539989060136589
0.34340091974268616
0.3342788216949226
0.3265060568572451
0.31994241925183475
0.31444166466948476
0.30986206836662195
0.30607093593253276
0.30294617594359247
0.3003805958608276
0.29828090268413043
0.2965667627662328
0.29517061914733994
0.29403632842662925
0.29317604381242857
0.29704411805810255
0.609963273032499
0.6238128632235664
0.6305583579139666
0.6333731329439173
0.6340248673709851
0.6334595018962208
0.6322333091192377
0.6306051652757761
0.628795414176385
0.626854130498348
0.6247636885481568
0.6226413598891444
0.6204965883093427
0.6183609108576681
0.6162465400259852
0.6141687042964451
0.6121656069145975
0.6102405835303117
0.608466881846738
0.6068701416600748
0.6055325131172864
0.6045402081288348
0.6040021550858262
0.6040523190801025
0.6048458495638088
0.6066071415973651
0.6134557790045587
0.620974213687898
0.6315641065062525
0.646124294759938
0.6630225168159848
0.6791378148093425
0.6922619521026029
0.7018055927576674
0.708297766547487
0.7126726695989264
0.7162085068849079
0.7299958905345745
0.6495708409119161
1.0892569025765
0.5928745528336581
0.5744250902229341
0.554822379371407
0.5343152569576373
0.5132478490535356
0.4919801289317247
0.4709015049102455
0.4503925931968876
0.4307907778947492
0.4123863669321258
0.39539859165280855
0.37996952945342694
0.3661682127361847
0.35399592067607394
0.3433984163941215
0.33427674377006955
0.3265043861933988
0.31994108438037805
0.31444061844182286
0.309861253864636
0.30607028516919704
0.30294565505519117
0.3003801779110519
0.298280569228412
0.29656650137888574
0.295170413994846
0.2940361683277057
0.293175918053531
0.29704402152766074
0.609952658788923
0.6238027095932713
0.6305465249816883
0.6333625271594845
0.6340113197030461
0.6334431966900933
0.6322109657827443
0.6305776416400581
0.6287589103957525
0.6268075858481622
0.6247028037147163
0.6225595293384777
0.6203879416121337
0.6182155795341563
0.6160525699574028
0.6139100822370378
0.6118210407305299
0.6097827696672292
0.607859986000345
0.6060681668412983
0.6044765709789334
0.6031559446705062
0.6021972186998719
0.6017142159321883
0.6018403762996121
0.6027759569991284
0.6089263212077947
0.6155611434677658
0.6253250450945633
0.6395315256202033
0.6568551769214486
0.6740084080119065
0.6883570791302482
0.6989831638787178
0.706284281866443
0.7111820618301959
0.7144879755086894
0.7171123349204586
0.7286427027378013
0.6455363325997562
1.0897334193071315
0.5928640982213252
0.5744165695133332
0.5548130574879102
0.5343076696522221
0.5132401740571249
0.4919736617552075
0.4708953301690162
0.4503871318266037
0.4307858868921152
0.412382053001857
0.3953948717603737
0.3799662456228312
0.366165343142058
0.35399353716612597
0.3433963987281079
0.33427505336770824
0.32650303412413517
0.31994001218131163
0.3144397913855087
0.30986062139569787
0.30606977917754885
0.30294524858084276
0.3003798497311475
0.29828030599553956
0.2965662960636875
0.29517025317744044
0.29403604331597943
0.2931758196815684
0.2970439459842484
0.6099439341492785
0.623795112371019
0.6305369197945124
0.6333550188220408
0.6340010476801974
0.6334318543997647
0.6321934718507807
0.6305572095559235
0.628730238557657
0.6267714005474413
0.624655498678336
0.6224953867220453
0.6203031794340701
0.6181019347806351
0.6159007691061408
0.61370755130002
0.6115507652332574
0.6094231901066748
0.6073824241038082
0.6054356533641564
0.6036412482984931
0.6020566544189208
0.6007567968924157
0.5998367613087384
0.5994082429006531
0.5996452818480414
0.6051795657046591
0.6109852254687875
0.619837831962449
0.6334143806605735
0.6508129069617297
0.6687510408843074
0.6842174982058195
0.695922764612362
0.704077691776575
0.7095876637092762
0.7133001184288067
0.7158405784300899
0.7178531747412941
0.7277037735706007
0.6425663700905263
1.090078241264758
0.5928560204420592
0.5744101781098501
0.5548056382695336
0.534302237204881
0.5132343716011589
0.49196893373022094
0.47089087666137547
0.45038297594016263
0.4307822819676432
0.41237877560750397
0.3953920124369208
0.3799636784604329
0.36616303417572976
0.35399160516206385
0.34339474211472565
0.33427364778478175
0.32650191688511004
0.31993913633699655
0.3144391317873479
0.3098601304863232
0.30606938565878955
0.3029449307675978
0.3003795908077513
0.2982800966912256
0.2965661341423771
0.295170126801829
0.2940359456907632
0.2931757426337158
0.29704388677819743
0.6099373046477454
0.6237881317691066
0.6305303286239916
0.633348519741776
0.6339944249168119
0.6334241677834526
0.6321807832056692
0.6305425218755506
0.6287084555767806
0.6267433212035923
0.6246191606947705
0.6224450766658771
0.6202371837616047
0.6180131750003652
0.6157820321002183
0.6135490900848536
0.6113389435962364
0.6091411102453222
0.607007270746906
0.6049379446066846
0.6029824568130443
0.6011870648608396
0.5996129345738428
0.5983385741603099
0.5974556596308795
0.5971130862253654
0.6021206364506508
0.607177525523169
0.6151114748236783
0.6278612139327586
0.6450029066319679
0.663437804683954
0.6798741493389331
0.6926266132708614
0.7016626440689664
0.7078276632809893
0.7120033160524812
0.714859625660275
0.7168518468829697
0.7184366282270606
0.7270346581066992
0.6403858741551403
1.0903245731574964
0.5928497900765293
0.5744050726463288
0.5548003689722832
0.5342980770164398
0.5132304880739066
0.4919654278436345
0.4708879327381694
0.4503798646087793
0.4307797040886961
0.41237636911861425
0.39538982587881993
0.37996167236147804
0.3661611551382156
0.35399000416845017
0.34339334630145824
0.33427244497467173
0.32650096719990823
0.31993840394281803
0.3144385987441374
0.3098597492211201
0.3060690790554541
0.3029446812061396
0.30037938487347465
0.2982799283893483
0.2965660056236732
0.29517002711283935
0.2940358694405657
0.29317568216402895
0.29704384027021796
0.6099324056701805
0.6237814763563345
0.6305258126000448
0.6333423528332588
0.633990820646031
0.6334190423706054
0.6321728735629493
0.6305324015644035
0.6286929895253341
0.626721655356132
0.6245917519467642
0.6224056948029513
0.6201859151800452
0.6179440136060329
0.6156892014452356
0.6134252117898492
0.6111730244915127
0.608920001558425
0.6067129163922226
0.6045470000571009
0.6024641274545666
0.6005013224650533
0.5987081681310471
0.5971489863028897
0.5958978654112479
0.5950810200615897
0.5996484793930321
0.6040477063769119
0.6111024160796998
0.6229110660406407
0.6395139720822107
0.6581456041948679
0.6753668679921502
0.6891045859138862
0.6990332215336041
0.7058897224094615
0.7105657511735134
0.7137776494520189
0.7160186257140031
0.7176096084128748
0.7188882588617099
0.726553292746535
0.6388075760381238
1.090496660932661
0.592844995062824
0.5744011781585362
0.5547968554946747
0.5342950810238662
0.5132281441382786
0.49196305804883367
0.47088612864038504
0.45037772555565536
0.43077791388040015
0.4123747280139054
0.395388179590991
0.3799601007409507
0.36615960696274125
0.35398863840082995
0.3433921293349031
0.33427137912235044
0.3265001310063139
0.31993777254600886
0.3144381597158817
0.30985945212675003
0.30606883887774294
0.302944483482106
0.3003792188852756
0.29827979075537764
0.2965659025936698
0.29516994802383206
0.2940358098737395
0.2931756345513439
0.29704380360993915
0.6099279142069015
0.6237766236504043
0.6305208656205297
0.6333374316315757
0.6339880220937953
0.6334162812432397
0.6321686087181722
0.6305263403544975
0.6286829578745243
0.6267054083282875
0.6245715007934827
0.6223751578183776
0.6201461711188587
0.6178903637454425
0.6156166894686568
0.6133284534430044
0.6110431106984405
0.6087467524651341
0.6064821265861173
0.6042403069446113
0.6020570621390955
0.5999618957578192
0.5979948058049867
0.59620822456427
0.5946612558852122
0.5934603211142474
0.5976660861787972
0.6014983334102176
0.6077399233423665
0.6185600296180642
0.6344071433614306
0.6529469784819871
0.6707414172751999
0.6853725524716843
0.6961870270733543
0.7037644318219004
0.7089762500723353
0.7125748825818897
0.715094369496018
0.7168842245197224
0.7181791460866688
0.7192316383114089
0.7262082649293948
0.6377079211661569
1.0906015136175211
0.59284188214019
0.5743986193771238
0.5547943324267327
0.5342936894075139
0.5132266467060846
0.4919620119545656
0.4708850518608443
0.45037655412233624
0.43077676281109484
0.4123737555336722
0.3953870034953026
0.37995885679201347
0.36615831297881835
0.3539874332834894
0.3433910232130233
0.3342703972273923
0.32649936504960764
0.31993720806136833
0.3144377885142271
0.3098592184580706
0.3060686482824812
0.3029443240638118
0.3003790822003295
0.29827967543978146
0.29656581874046484
0.29516988475436173
0.2940357633287772
0.29317559687302763
0.2970437745636808
0.6099245815829235
0.6237728181795245
0.6305158824266687
0.633333101034352
0.6339843788026349
0.6334155982993285
0.6321659112120624
0.6305242152514556
0.6286769391185885
0.6266941163447197
0.6245567838499404
0.6223519852496727
0.6201154523141492
0.6178490520361052
0.615560185749278
0.6132529627120533
0.6109414346158638
0.6086110129610378
0.6063012212021858
0.6039999067349394
0.6017378087312821
0.5995383910783274
0.5974337986260772
0.5954666729005599
0.5936835895194601
0.5921740597028774
0.5960862083967704
0.5994355063494122
0.6049418351172667
0.6147754909842442
0.6297157275388051
0.6479050092526739
0.6660464645994315
0.6814520925470813
0.6931254394990723
0.7014439420534915
0.7072244623867905
0.7112409978940197
0.7140649371138289
0.7160769355319951
0.7175335812460459
0.7186043559952108
0.7194868002607676
0.725967512993344
0.6370141215450225
1.0906501413957042
0.5928401559582935
0.5743972156600889
0.5547928940327883
0.534293525104282
0.5132260380492975
0.4919620144546272
0.4708846765759155
0.4503761875459084
0.43077628734071294
0.4123733360589966
0.395386275710062
0.37995785838154417
0.3661572065282171
0.35398633284716385
0.34338997157768664
0.3342694560225627
0.3264986353992628
0.3199366832874165
0.31443746370377074
0.3098590306673404
0.3060684928656658
0.3029441913571568
0.3003789659013243
0.2982795756134713
0.2965657489882062
0.29516983355134396
0.2940357269490071
0.2931755668292871
0.2970437513809126
0.6099241206123224
0.6237690373921811
0.6305124331182124
0.6333285554952672
0.6339794637188085
0.6334155704747642
0.6321632386727716
0.630524907836721
0.6286736219650086
0.6266870991008509
0.6245463221002912
0.6223349261472334
0.620091920103237
0.6178175596251024
0.6155164191147402
0.6131941717267282
0.6108619293465672
0.6085046542633512
0.6061593900030102
0.6038115442183926
0.6014876526772528
0.5992063881581127
0.5969935160981228
0.5948837015451169
0.5929132131665492
0.5911572998237787
0.5948333866386083
0.5977744269419439
0.6026255437511296
0.6115080713996439
0.6254498321759276
0.6430707577559552
0.6613311568702606
0.6773699415573461
0.689853923690118
0.6989224761842603
0.7053005386541206
0.7097657477788971
0.712920735664611
0.7151764124002825
0.7168136091557515
0.7180179115401416
0.7189166802005666
0.719669382140016
0.7258143954406713
0.6366752982746414
1.0906437204351125
0.5928388239061114
0.5743970679216702
0.5547928541402972
0.5342938110373625
0.5132269273527168
0.4919624254316616
0.4708853268790658
0.45037639577860067
0.4307766351324436
0.4123733979592851
0.3953859692369323
0.37995706113385314
0.3661562202058716
0.3539852947804002
0.3433889293595273
0.3342685196961379
0.32649791629531794
0.31993617709988076
0.31443716714687237
0.3098588730016641
0.3060683595943674
0.30294407489051856
0.3003788622489634
0.29827948562813
0.296565689219695
0.2951697914815049
0.2940356985050681
0.29317554260813705
0.29704373269238965
0.609924251585314
0.623768141272158
0.630509482483203
0.6333251022125974
0.6339739220104874
0.6334139675235153
0.6321604955967519
0.6305256144513997
0.6286723882119957
0.6266827133917329
0.6245393739062259
0.6223225841453246
0.6200743215607447
0.6177938225878776
0.6154829324850062
0.6131485489682141
0.6107998752063166
0.6084213347751172
0.6060481262971898
0.6036639563339862
0.6012917346796146
0.5989463940039452
0.5966485395901002
0.5944263959200459
0.5923078346146821
0.5903562252954286
0.593843983175085
0.5964415322286984
0.600714267863176
0.6087009968503387
0.6216018067715945
0.6384824556132721
0.6566432361036534
0.6731569818476634
0.6863826750193168
0.6961965665393759
0.7031957137380113
0.7081389065153065
0.7116519662924629
0.7141739337324235
0.7160096327456388
0.7173628978280895
0.7183733978659237
0.7191385378777254
0.7197868446447703
0.7257368601320575
0.636684582438869
1.0905752032483116
0.5928389670781152
0.5743976927342802
0.5547939151197024
0.5342950172002392
0.5132289515240324
0.49196347228101167
0.47088692429734835
0.45037736891035796
0.43077780317346753
0.41237401873882074
0.3953859911437332
0.37995645264897815
0.36615528748459314
0.3539842798921429
0.3433878643854587
0.33426755888260556
0.32649718912574655
0.31993567388659805
0.31443688268220055
0.309858730096365
0.30606823583763226
0.3029439646464965
0.3003787642630048
0.2982794007839897
0.2965656360858101
0.29516975628034886
0.294035676252832
0.29317552278564407
0.29704371743295277
0.6099246348302475
0.6237690658211807
0.630508719326655
0.6333225461541432
0.6339697948121077
0.6334100014810566
0.6321577333379973
0.6305237927599563
0.6286725233174768
0.6266787732229011
0.6245352902019738
0.6223134149034526
0.6200616756826851
0.6177761562989398
0.6154578180010537
0.613113420844954
0.6107516056631569
0.6083561508869529
0.6059607730830315
0.6035482806931293
0.6011383134470011
0.5987429255478579
0.5963785766553702
0.5940683034523272
0.5918331942656826
0.5897268124953606
0.5930653283708427
0.5953746811702703
0.5991398882880232
0.6062965465525656
0.6181518826608301
0.6341659295426166
0.652027063073404
0.6688474279177922
0.6827262514533253
0.6932660306569393
0.7009023954013988
0.7063506369539758
0.7102487222797439
0.7130601747200034
0.7151135550616877
0.7166310245812239
0.7177660048542979
0.7186258042568501
0.7192810015681078
0.7198467585227086
0.7257333743280104
0.6370693176787141
1.0904405097773293
0.5928404501182225
0.5743989135929771
0.5547960869363211
0.5342978091291126
0.5132315087721366
0.49196588257213314
0.47088914701986273
0.45037962481440486
0.4307796598318176
0.41237531859886567
0.3953862160964036
0.37995599627373505
0.36615436270557855
0.3539832412581399
0.34338675773599303
0.33426655261863825
0.32649644087020224
0.3199351628003251
0.3144365948140394
0.30985858550044926
0.3060681085279905
0.30294385061994183
0.30037866544557557
0.2982793172175562
0.29656558689776746
0.29516972624659743
0.294035658817684
0.2931755062571745
0.2970437047838384
0.6099261412450354
0.6237702822667
0.6305094559385431
0.6333225499024154
0.6339667591439646
0.63340636162317
0.63215428313115
0.6305194404364927
0.628672277245871
0.6266740062298081
0.6245325648421982
0.6223061894227211
0.6200527154272661
0.6177632793847303
0.6154394234774796
0.6130868159122285
0.6107142767842972
0.6083053455681448
0.6058921659030351
0.6034575763112244
0.6010181531472222
0.5985837418877109
0.5961675069985952
0.593788305987913
0.5914617584090098
0.5892334186107768
0.5924543310995212
0.5945222310674534
0.5978437221180782
0.6042400378719047
0.6150728489877008
0.6301358807054471
0.6475224297103743
0.6644774748351917
0.6789039338247912
0.6901340084370617
0.6984148665570569
0.7043916586425721
0.7087009663543954
0.7118256425961739
0.7141166136654588
0.7158144985917406
0.7170870377694285
0.7180522978602437
0.7187879593537764
0.719354094297514
0.71984970318929
0.7258098118687664
0.6378855694449881
1.090212965632132
0.5928421418461203
0.5744017161524215
0.5547997527374623
0.5343018010754147
0.5132351923091132
0.491969382696123
0.47089252583835806
0.4503831699083827
0.4307823340929641
0.41237714047263735
0.3953865976512618
0.3799555719411949
0.36615343723533594
0.3539821290987735
0.3433855988267322
0.33426549308520187
0.3264956623520971
0.3199346357723551
0.3144362873197692
0.3098584202952288
0.306067963589581
0.30294372272398085
0.300378559738115
0.29827923190820754
0.2965655396051028
0.2951697001720442
0.2940356450976643
0.29317549219861805
0.2970436941287385
0.6099277893588786
0.6237725636862796
0.6305103633613923
0.6333241132848573
0.633966118925483
0.6334038395236524
0.6321514806730879
0.6305142674963797
0.628670062658232
0.6266687124262782
0.6245288323023259
0.6223002598125902
0.620045579760926
0.6177542106622416
0.6154261466439512
0.6130672543819252
0.6106857014925455
0.6082660552408006
0.6058383523458507
0.603386439449728
0.6009240270129164
0.5984592062076772
0.5960025820080291
0.5935696282762493
0.5911715452126424
0.5888474052565882
0.5919761164379747
0.5938417916849823
0.596776251477372
0.6024817806085458
0.6123337655903105
0.6263977791241638
0.6431634002106555
0.6600843452095191
0.6749390121570796
0.6868076622239799
0.6957296404061049
0.7022537385500431
0.7069988759668779
0.7104606409293823
0.7130097546292357
0.7149051963829113
0.7163290576135865
0.7174109600137535
0.7182362997476275
0.7188712303905611
0.7193591190720312
0.7197908144462151
0.7259774956759103
0.6392749664644773
1.0898530652884526
0.5928454601777758
0.5744062122404099
0.554804680344191
0.5343069573355728
0.5132400075998459
0.49197396686354733
0.47089762451548123
0.45038774193970926
0.430785962872754
0.41237910807723915
0.395387111440128
0.379955052104161
0.3661525099858851
0.35398092321841657
0.34338437598703614
0.33426438923130486
0.3264948472268125
0.3199340832133629
0.31443594176693457
0.30985821238922123
0.3060677858911389
0.30294357130503025
0.3003784418060306
0.2982791427963461
0.29656549286102224
0.29516967729036153
0.2940356341851769
0.29317548005579475
0.2970436850192196
0.6099312838846038
0.623774565495264
0.6305131954735396
0.6333247564035601
0.6339679209558563
0.6334027025795841
0.6321502452228808
0.6305107466373067
0.6286663139631341
0.6266638749096329
0.6245226836373461
0.6222949969319712
0.6200383681462617
0.6177477928844207
0.6154164641383931
0.61305341466573
0.6106642414849338
0.6082360729775407
0.605796369344113
0.6033306981039196
0.6008503162548583
0.5983617705824382
0.5958737569335915
0.593399005573124
0.5909450930234584
0.5885459099627873
0.5916026725251604
0.5932989110098977
0.5958961882303384
0.6009778469415925
0.609902660911865
0.6229496938108154
0.6389781284486735
0.6557047927067884
0.6708584432608585
0.6832981851352886
0.692846037967577
0.6999299126590349
0.705133169458273
0.7089553047685976
0.7117837007482934
0.713894554743843
0.7154843912138801
0.7166947752274465
0.7176192915294348
0.7183309401169506
0.7188772534748817
0.7192909154058704
0.7196635737760297
0.7262683922292594
0.6414728032488819
1.0892881623599007
0.5928502421395525
0.5744116512595826
0.554810617743098
0.5343129986708857
0.5132457929279732
0.49198038685217693
0.4709041465980064
0.45039349634468123
0.4307900621928543
0.41238108531280243
0.3953875862921611
0.3799544789317786
0.3661515488421228
0.3539796593778051
0.3433830782107816
0.3342632605195486
0.32649399217335134
0.3199334877587617
0.314435536127051
0.309857937587437
0.30606756035993393
0.30294338845960955
0.3003783077314825
0.2982790489753141
0.2965654461469927
0.295169657221301
0.2940356253194458
0.293175469557371
0.29704366891263917
0.6099358962799191
0.6237780524471556
0.6305161380824212
0.6333271961128382
0.6339690534666974
0.633403315779822
0.632150283070717
0.6305096722119174
0.6286637689466892
0.6266602573009868
0.6245153707036933
0.6222893344173513
0.6200302078056761
0.6177421614471834
0.6154091063924879
0.6130437615242051
0.6106486802640089
0.6082136430963028
0.6057640336858495
0.6032871807528485
0.6007926815506387
0.598285564262101
0.595773149461919
0.5932659877325652
0.5907685949861138
0.5883107691410463
0.5913116355087529
0.5928657571973731
0.5951694404454667
0.599690143039157
0.6077482637018794
0.6197841852812507
0.6349885558798405
0.6513744145520197
0.6666920776353704
0.6796209705575252
0.6897664728693806
0.697414976927625
0.7030952260875818
0.7072999714308942
0.7104288045656104
0.7127735359962039
0.7145448757267753
0.7158963662118666
0.7169302042205347
0.7177266493732156
0.7183380964963471
0.7188001898610311
0.71914169380908
0.7194470840706522
0.7267366458674547
0.6449367322445215
1.0883626027867126
0.5928554456022987
0.5744177125951601
0.5548173958707697
0.5343199315198807
0.5132534862375231
0.4919886247232075
0.4709121452759039
0.45040014172319615
0.43079416922667946
0.412383086116378
0.3953879589508856
0.3799540296059927
0.3661505539736415
0.35397838824319827
0.3433817194204023
0.3342621177106709
0.32649309457794073
0.3199328196610097
0.31443504440073267
0.3098575741299257
0.30606727500258823
0.30294317010032074
0.30037815603949664
0.2982789508191279
0.29656539987108604
0.29516963987466666
0.2940356179031109
0.2931754465440069
0.6099405305507245
0.6237822485561192
0.6305202206117944
0.6333306061857449
0.6339714378126163
0.6334037826279266
0.6321509347570159
0.6305102245752797
0.6286637922882418
0.6266591236750599
0.6245097373912152
0.6222828895234112
0.6200215631907362
0.6177351200085741
0.6154029873359816
0.6130364395889079
0.6106379447198111
0.6081973236012114
0.6057397078417152
0.6032535367187891
0.6007477985965912
0.5982260618664481
0.5956946066787436
0.5931623726444835
0.5906311760258142
0.5881276168283711
0.5910852703963683
0.592519991693164
0.5945680454459261
0.5985860708577089
0.6058410469190384
0.6168899490299526
0.6312108050266841
0.6471264114900774
0.6624719283030585
0.6757956344385607
0.6864970508402483
0.6947060773387116
0.7008774859591064
0.7054853081990037
0.7089353908188878
0.7115328647775899
0.7135017506918291
0.715007762176416
0.7161618865873625
0.7170517983324199
0.7177351882669326
0.7182511847451113
0.7186310901815137
0.7188866441725815
0.7191102540064812
0.7274949298570914
0.650674697265996
1.0867425148796255
0.5928612214917099
0.5744249192870061
0.5548255085057793
0.534328981010255
0.5132633360449093
0.4919988011433015
0.4709215214952926
0.4504070720959298
0.4307983644718685
0.4123851201066055
0.39538858435829066
0.3799537999146285
0.36614962107693966
0.35397710390560644
0.3433803474049316
0.3342609468245372
0.32649214007083877
0.3199320404401945
0.3144344407784421
0.30985711159047413
0.3060669261512018
0.302942918036897
0.30037798850793757
0.29827884976914315
0.296565355252226
0.2951696252786404
0.29403560371484977
0.609946040266926
0.6237864235186722
0.6305245359248349
0.6333356194857206
0.6339747651763169
0.6334061229088076
0.6321504375919333
0.6305113706105576
0.6286649457976389
0.6266610570688143
0.6245079848086463
0.6222772795245772
0.6200135717235129
0.6177256838267222
0.6153968127223525
0.6130296736231515
0.6106306583662073
0.6081859228851885
0.6057220311281369
0.6032280789074269
0.6007131414385581
0.5981798172201865
0.595633360120883
0.5930817489590025
0.5905243047869279
0.5879851321217076
0.5909094995036269
0.5922490297804346
0.5940692024596352
0.5976379066712845
0.6041538163036059
0.6142530760597578
0.6276556405036571
0.6429909741168173
0.6582312212722748
0.6718455065303097
0.6830478750388776
0.6918029930937092
0.6984740678320643
0.703502671445755
0.7072939068947264
0.7101630852855043
0.7123460993266268
0.714020655851207
0.7153065063639332
0.7162993214049048
0.7170620366688145
0.7176375395914062
0.7180602281151875
0.7183419299237759
0.7184885062727648
0.7185957174139664
0.7288100566463154
0.6610966011158638
1.0840863434472425
0.5928687887945345
0.5744341735686531
0.5548359595788793
0.5343403085243824
0.5132754611686703
0.4920108776000137
0.4709316117539028
0.45041420208539096
0.4308027647086225
0.41238758194885544
0.3953897655298418
0.3799537836832358
0.3661487633749511
0.3539757700198181
0.34337898531660865
0.3342597145042896
0.32649108519296416
0.31993112051063033
0.31443371427025574
0.3098565619861238
0.30606652406013585
0.3029426400652675
0.3003778095017712
0.2982787473821192
0.2965653137309074
0.2951696050629977
0.6099538596022859
0.6237918295230546
0.6305287536075398
0.6333406776871192
0.6339800347741984
0.6334098055712322
0.6321516347749131
0.630511047296574
0.6286657996543554
0.6266641167269468
0.6245101644980329
0.6222750918909725
0.6200076243158521
0.6177152314941456
0.615389212019332
0.6130223670214967
0.6106248820531929
0.6081783996132547
0.6057096880894013
0.6032095882960105
0.6006868156149416
0.59814423112862
0.5955857608294528
0.5930191258886692
0.590441318736497
0.5878744275262555
0.5907732512884798
0.5920750811765234
0.5936570978683788
0.5968222115917268
0.6026618601851784
0.6118581725796346
0.6243288996883238
0.6389947396811698
0.6540036375266196
0.6677973978824222
0.6794330141832626
0.6887087963433302
0.695880845642795
0.7013444025474406
0.7054951820056468
0.7086545809933422
0.7110686634546189
0.7129263157986153
0.7143560568990135
0.7154616264980571
0.7163115618367888
0.7169526639474628
0.7174224862460137
0.7177335050917111
0.7178906298393899
0.7178765865873192
0.7177885364097931
0.7314024062413063
0.6843288250966097
1.0747884855470038
0.5928788462434438
0.5744456464165001
0.5548483671359388
0.5343539188824924
0.5132898291455669
0.4920240396938991
0.47094194675419726
0.45042147672371424
0.4308076803322139
0.412390791697279
0.3953913051752427
0.3799537990675751
0.3661477915824732
0.35397437682487337
0.3433775753143471
0.3342583746761593
0.3264898732902763
0.3199300689843094
0.3144328944959304
0.3098559648191929
0.30606609225478804
0.3029423450624725
0.3003776222346487
0.2982786434865091
0.29656526787541976
0.6099641251093371
0.6237996787938168
0.6305342308033433
0.6333453591601677
0.6339856712741657
0.6334153178193065
0.6321551807099901
0.6305114551181403
0.6286653171517751
0.6266657673240281
0.6245140870218953
0.6222769497499221
0.6200053658414272
0.6177066640345807
0.6153800307328672
0.6130142828439478
0.6106185890500129
0.6081735863789729
0.6057013386693418
0.6031970271831004
0.6006674295289783
0.598117339297571
0.5955490640849183
0.5929706451593236
0.5903770365325504
0.5877885555782318
0.590667882416505
0.5919736521766747
0.5933347007732415
0.5961207555612296
0.6013429611827021
0.6096889769990357
0.621232289895667
0.6351603432318479
0.6498221754541252
0.6636810486674946
0.675670921074256
0.6854301394429295
0.6930963240509667
0.69900422518096
0.7035306391948939
0.7069981024910937
0.7096599650691156
0.7117157245024718
0.713302030169258
0.7145307839927221
0.7154763776020233
0.7161894832196426
0.7167112125404556
0.7170543930953199
0.7172235423761624
0.7171969871993057
0.7169061867335331
0.7164654040259465
0.7381623578490968
0.775545052156777
0.4870030314504182
0.5928906614222882
0.5744585203298908
0.5548628683238876
0.5343699593497475
0.5133055384058427
0.49203734568705476
0.47095213323283036
0.4504290982600266
0.43081330773980947
0.41239428335304884
0.39539260923822384
0.37995344303297623
0.36614657169230513
0.35397289123759684
0.3433760246389026
0.3342568734728232
0.32648851370081666
0.3199289635612896
0.31443206518879674
0.3098553713336607
0.30606565115275447
0.30294203190399965
0.30037742234088854
0.2982785266671535
0.6099756733569691
0.623809737956938
0.6305420482873026
0.6333510811310479
0.6339910440577647
0.6334211496629385
0.6321612299745738
0.630514137187609
0.6286657264369213
0.626665102249304
0.6245170321084956
0.6222807116845768
0.6200073949443886
0.6177025092277084
0.6153713606583676
0.6130059130535392
0.6106107965543641
0.6081699172430329
0.6056957357456562
0.6031892058964888
0.6006539593194137
0.5980976183642882
0.5955212393992538
0.5929333527510796
0.5903274497166
0.587722105842194
0.5905866053450786
0.5918992434999405
0.5930831434850545
0.5955253364606188
0.6001779825001621
0.6077289535685424
0.6183637726590411
0.6315060651611307
0.6457185376255428
0.6595282211999114
0.6717840267003246
0.6819778311424677
0.6901219681792339
0.6964777124537727
0.7013927573675481
0.7051845755568745
0.708110733639949
0.7103795942624467
0.7121355628715896
0.713498482167122
0.7145485292686538
0.7153406034808781
0.7159191760480661
0.7162977415490268
0.7164800612712723
0.7164399665179416
0.7160973062205509
0.7152705604557476
0.7142382347535953
0.7769249877339401
0.6611015696953442
0.3578203500284005
0.5929034754910392
0.5744733920785827
0.5548799546829798
0.5343875230551602
0.5133212681726274
0.4920501793442824
0.4709624368193691
0.45043727099572345
0.43081895887942606
0.4123971032489428
0.39539310686065315
0.37995259222097966
0.3661451606713739
0.3539712415139113
0.3433742837955908
0.33425524229738235
0.32648715732205147
0.3199279444010423
0.31443131686447645
0.3098547998863368
0.30606518826333823
0.302941679637436
0.30037718748589215
0.6099881090277157
0.623820885897691
0.6305520589125495
0.633359002662911
0.6339972968821516
0.6334268644971608
0.6321676384489668
0.6305199656331091
0.6286682752686414
0.6266652062392865
0.6245174872110028
0.6222839318534503
0.6200118176811003
0.6177035088126345
0.6153663558478641
0.6129986414475288
0.6106023081892569
0.6081657683509595
0.605691833891175
0.603184628116384
0.600645523675257
0.5980838337362968
0.5955007713401207
0.5929050227948434
0.5902894676760511
0.5876708847500751
0.5905241373163072
0.5918454099816328
0.5928741327489465
0.5950184793264427
0.5991527309625134
0.6059619311349068
0.6157181086167328
0.6280456904582798
0.6417218915206333
0.6553719408104256
0.6677985698263287
0.6783669356765343
0.686962774731835
0.6937629486114228
0.6990754094612288
0.7032057681689635
0.7064117430839363
0.7089086553856627
0.7108475731160329
0.7123559641337623
0.7135198332882904
0.7143980804784329
0.7150389708210183
0.7154561381054827
0.7156529505370085
0.7155979429493246
0.7151983802820603
0.7142448839496717
0.7121381524738353
0.7145847988163159
0.7544618453973686
0.526075246577674
0.33254100771029876
0.5929183228836088
0.5744909415980854
0.5548986422471365
0.5344050202650428
0.5133363453472004
0.4920629972699163
0.4709731323299893
0.4504451551130283
0.43082348463966114
0.41239873138923494
0.39539294919399176
0.37995154132496967
0.36614360968620013
0.3539694071603961
0.3433724649828506
0.3342537206151612
0.32648602464119003
0.3199271061490686
0.31443063966795387
0.309854195231874
0.306064650787297
0.3029412498381613
0.6100025977956874
0.6238329932489521
0.6305633406129357
0.6333691183268674
0.6340055408471384
0.6334335005680309
0.6321737287807433
0.6305268314305479
0.6286736228365586
0.6266680195289558
0.6245177377277934
0.6222855256566371
0.6200157504294322
0.6177080538093331
0.6153665704925196
0.6129946568554595
0.6105952248534343
0.6081605991743201
0.605688744673412
0.603181754801067
0.6006410590839297
0.5980749434880571
0.5954864398731669
0.5928840089824724
0.5902607145337999
0.5876316489807268
0.5904764095055378
0.5918073394253374
0.5926999958547459
0.5945794702479424
0.5982495638402032
0.6043729208439201
0.6132874482087727
0.6247882686020927
0.6378580527297676
0.651245289943169
0.663743897059899
0.6746167910858132
0.6836277283874413
0.6908609330154903
0.6965744631979978
0.7010546229692733
0.7045544427234822
0.7072937192964407
0.7094289019281844
0.7110943805824512
0.7123817025897766
0.713353798272015
0.7140626556869495
0.7145221201323436
0.7147346448908505
0.7146635186545722
0.7142018373044348
0.7131082073569706
0.7107008505491866
0.7071588671630942
0.8087155286937336
0.6266870624845147
0.48789925065145157
0.32200072119686196
0.5929357769104582
0.5745100200832739
0.554917200049841
0.5344218120548075
0.5133513152707331
0.49207596833814365
0.47098313637521566
0.45045148432582643
0.43082655267948755
0.41239968235537167
0.3953926644896893
0.37995041338321384
0.3661419282766005
0.35396760481360423
0.34337092363794136
0.3342525729455803
0.32648515203291023
0.31992634570285833
0.31442990345134053
0.30985347659904067
0.30606399490853115
0.6100194486679594
0.6238470421134733
0.6305757354234138
0.6333806501534502
0.6340158948670189
0.6334420907088424
0.6321805475000835
0.6305335792051222
0.6286801546535822
0.6266736438240188
0.6245202657667753
0.6222868703587203
0.6200179407845473
0.6177130172503812
0.6153706996436067
0.612995365383088
0.6105916822119848
0.6081557267759427
0.6056858425202702
0.6031795576867738
0.6006391184502615
0.5980700191570825
0.5954771190372753
0.5928690863684337
0.5902393747878055
0.5876018891958694
0.5904402354788876
0.5917813515635458
0.5925548859899651
0.5941987027026073
0.5974503557712922
0.6029452213273848
0.6110618963181896
0.6217381731247815
0.6341485870269763
0.6471800783020801
0.6596514464865093
0.6707509698518074
0.6801300759871972
0.6877761677135228
0.6938882184636004
0.6987256223898504
0.7025311831233825
0.7055261717275009
0.7078704174703384
0.709704649336312
0.7111252893214002
0.7121992400508006
0.7129820472940598
0.7134876056670744
0.7137174907938761
0.7136288245078894
0.7131001426669621
0.7118551154427499
0.709112375640685
0.7043806581557103
0.8459787200417406
0.6947097412610284
0.5840252472100838
0.4710024844765488
0.31625814935763374
0.5929545750827825
0.5745289339490299
0.5549350670789641
0.5344383594468931
0.5133660549196382
0.49208773211456724
0.47099115405964087
0.4504561240803914
0.43082887757468946
0.4124004473409259
0.3953922308865126
0.37994915543730107
0.36614040481552507
0.3539662489956602
0.343369853210722
0.33425167278755674
0.3264842917695119
0.31992548389728126
0.31442905517016545
0.3098526606122703
0.6100374294282751
0.6238631279069818
0.6305898799213421
0.6333934358303964
0.6340277455296242
0.6334527744435074
0.6321892989857679
0.6305408583959182
0.6286870524734407
0.6266801327074614
0.6245258880180178
0.6222895462145649
0.620019915947069
0.6177160273929164
0.615375798746791
0.612999544997222
0.6105925345396093
0.6081533681473492
0.6056832649301822
0.6031778311797288
0.6006381641082997
0.5980681026573536
0.5954716934048814
0.5928592403632542
0.5902240839695242
0.5875796591863032
0.5904131333845264
0.5917645145109025
0.5924342655641451
0.5938685941721189
0.5967432993151787
0.6016622297285605
0.6090292749957056
0.61889529419311
0.630610134112396
0.6432054778540103
0.6555535437121264
0.6667963490223369
0.6764874101732001
0.6845171836887894
0.6910181753780836
0.6962153939095036
0.7003356129085336
0.7035979895180174
0.7061635094099604
0.708177775401954
0.7097417737482541
0.7109256856032827
0.7117886665012472
0.7123444692917301
0.7125933971763081
0.7124861610214919
0.7118854431670967
0.7104786812719776
0.7073778057827148
0.7014709395695208
0.8716410750541963
0.7433725121720619
0.6504983637065583
0.5650996656221223
0.4615549812832714
0.3128000275792395
0.5929732186500343
0.5745472096155457
0.5549525124396872
0.5344542293653077
0.5133790755766903
0.492097139556395
0.47099724620676875
0.45045979356050647
0.43083069067724344
0.41240075642488166
0.3953915200576684
0.3799480824568442
0.3661393684154237
0.3539652975961365
0.34336889565289047
0.3342506926865905
0.3264833476690444
0.3199246039832454
0.3144281998875569
0.610055307088148
0.6238802004541154
0.6306057953127933
0.6334079001137479
0.634040964615201
0.6334650240681527
0.6322002312478714
0.6305498849390774
0.6286947874335423
0.6266868896945649
0.6245328638688014
0.6222946187861444
0.6200232766028275
0.617717887206921
0.615379410141521
0.6130041449670562
0.6105963796379
0.6081545654183869
0.6056820373885052
0.6031769578018071
0.6006373337329081
0.598068059693374
0.5954691439603557
0.5928534299947337
0.5902138251142416
0.5875634546052022
0.5903931716503772
0.5917544890528095
0.5923343984321379
0.5935831845570084
0.5961188058753777
0.6005109745422853
0.607176602350867
0.6162558888091658
0.6272539001340917
0.6393467037219632
0.6514818000311084
0.6627821151442448
0.6727212785978948
0.6810966372043386
0.6879693158732038
0.6935233296959369
0.6979633870773876
0.7015024049005724
0.7043000996900278
0.7065052406902104
0.7082223082481643
0.7095244572257229
0.7104740927129857
0.7110842458709256
0.7113542538589304
0.7112274744818594
0.7105502822893106
0.708971910417261
0.7054960225275777
0.6983631776971491
0.8547853382277961
0.7797388771681569
0.6982790018856049
0.6308516160599261
0.5545512976155238
0.4557692990793784
0.3106077181720968
0.5929912971852862
0.5745648927421233
0.5549688855389776
0.5344679951224478
0.5133895006247003
0.4921044123934136
0.47100203796712115
0.45046247271032636
0.43083162694888466
0.4124005442729801
0.3953908802372062
0.37994733484574694
0.3661384973292977
0.3539642750428844
0.3433678579339334
0.33424978371451125
0.32648255475032817
0.3199237800629414
0.6100726949571552
0.6238972616029156
0.6306226894486674
0.6334239975257493
0.6340558376654808
0.6334787186501496
0.6322128610642885
0.6305610516787221
0.6287043023656911
0.6266946413766523
0.6245401885816494
0.6223014503737307
0.6200286587829841
0.6177210345296066
0.6153815513086546
0.6130071745383492
0.6106001491451379
0.6081581077705276
0.6056829364641609
0.6031773991118342
0.6006369031765558
0.5980687334284722
0.5954686844666526
0.5928504720813206
0.5902077697028741
0.5875521272795665
0.5903788737136837
0.5917494190299339
0.592252124409884
0.5933374250900059
0.5955690270971123
0.5994806330357497
0.605492410922634
0.6138140252250242
0.6240864420300611
0.6356243156253525
0.6474653677599729
0.65873836821223
0.668856253500032
0.6775310642649744
0.6847505998986294
0.6906520753310508
0.6954124796194804
0.6992344823191043
0.7022732469826304
0.7046790284798466
0.7065585602187384
0.7079869435892052
0.7090297162177661
0.7096987287280414
0.709991864410348
0.7098449303758746
0.7090871014804156
0.70732870046699
0.7034643585088791
0.6950831192151166
0.7868852319539554
0.8061084946495147
0.7337082245981812
0.6781288578221957
0.6199693670843753
0.548094103752564
0.45205956694120975
0.30922079621621373
0.5930086505358669
0.5745812219465378
0.5549829318979007
0.5344790546136095
0.5133976271262021
0.49211004989012797
0.4710053809850915
0.45046390264301683
0.43083180214389
0.41240020809446964
0.39539029614131194
0.3799464910650944
0.366137466432433
0.35396331568515854
0.34336712034703565
0.33424915196803756
0.326481776918359
0.6100892720276576
0.623913880280883
0.6306396955703858
0.6334410582200877
0.6340722586213352
0.6334940395675591
0.6322270244715934
0.6305740061022459
0.6287158839473443
0.6267043755098447
0.6245482329325532
0.6223093429687563
0.6200354416665246
0.6177269324440616
0.615384336600136
0.6130093903600408
0.6106018545308491
0.6081614916365248
0.6056852162067101
0.6031791407174134
0.6006377243619874
0.5980694883870384
0.5954697635341115
0.5928492238454987
0.5902050380989937
0.5875448065986942
0.590369208846452
0.591747977624006
0.5921906751543442
0.5931265786715043
0.5950870511601672
0.5985621846617719
0.6039669846071601
0.6115636064895047
0.6211111615999283
0.6320542827912845
0.6435302242297639
0.6546942965209022
0.6649187361657664
0.6738404792153884
0.6813745511007834
0.6876077268494919
0.6926839893877506
0.6967914036472269
0.7000777239450752
0.7026922477262184
0.7047426011997204
0.7063050293791486
0.707447227381636
0.7081796630822071
0.7084983356676721
0.7083308681438693
0.7074889240142433
0.7055432627837519
0.7012818863192531
0.6916406964200983
0.7400668768618235
0.7998297200375323
0.7610041847527669
0.7129173369810494
0.6670359131842312
0.6133222398204349
0.5439537015097179
0.4496966062351874
0.3084027024482103
0.5930244884562823
0.5745951417932015
0.5549942521701161
0.5344876946166094
0.5134038339608905
0.49211388465916606
0.4710072081520684
0.45046437449509885
0.43083164986389116
0.4123996942705817
0.39538948378963307
0.3799455464205115
0.36613668775242875
0.35396279042477624
0.3433666379809512
0.3342484283191972
0.61010427563922
0.6239296176707286
0.6306562521478284
0.6334582810166793
0.6340896132252206
0.6335108317726673
0.6322427934976321
0.630588590856761
0.6287292616229695
0.6267163346756766
0.6245580583361842
0.6223181603153254
0.6200432913881265
0.6177346835838415
0.6153899130698285
0.6130128316159936
0.6106028699357464
0.6081631078127923
0.6056872583058687
0.6031812479507642
0.600640089124229
0.5980705133837609
0.5954719487052658
0.5928490050720712
0.5902045194066832
0.5875407740482665
0.5903633961695485
0.5917494400992401
0.5921887954305529
0.5929492147953115
0.5946659920019735
0.5977472966117534
0.6025919914617973
0.6094994250238096
0.6183303127303326
0.6286493230294896
0.6396987735950497
0.6506774043424809
0.6609354977966114
0.6700469972888785
0.6778571714761749
0.6843999554392983
0.6897820649087374
0.6941731202626977
0.697710271373038
0.7005395840692022
0.7027678047912536
0.7044712046397522
0.7057189672649783
0.70651920213211
0.7068660018326276
0.7066780978790872
0.7057493402705859
0.7036110297472399
0.6989490226650273
0.6880570434014075
0.7133817262606595
0.7671690542932065
0.7746077857400607
0.7395354469605032
0.7015463010338375
0.6602749306222246
0.6090639612353436
0.5413159895880838
0.448299554425051
0.30800670532506225
0.5930379393704696
0.574606377463277
0.5550030765058716
0.5344942041034086
0.5134080012780557
0.4921160300140764
0.47100791697859745
0.4504643398260136
0.43083117990451786
0.41239896023046935
0.3953886973548958
0.3799449559271155
0.36613630045372186
0.35396238185256673
0.34336598345720415
0.6101169904986393
0.6239437777022211
0.6306718152449193
0.6334750325978497
0.6341071373854298
0.6335285098790335
0.6322599566811116
0.6306047781526881
0.6287443102724443
0.6267302348658095
0.6245702023221829
0.6223285813727326
0.6200523934755735
0.6177431709208
0.6153982006372483
0.6130188361999527
0.610606258479057
0.608163964391992
0.6056885775592971
0.6031823946464611
0.6006431887489645
0.5980722488962249
0.5954748563054955
0.5928498233355282
0.590205041591732
0.5875392794695707
0.5903606267586847
0.5917535843636428
0.5922279209519645
0.5928219909441282
0.5943002802608021
0.5970269024234718
0.6013590597319006
0.6076169290472015
0.6157463312729997
0.6254209600311195
0.6359911327074527
0.6467130613665608
0.6569326724362583
0.6661738593077469
0.6742166794004497
0.6810415465763714
0.6867143208432752
0.6913827002413635
0.6951703052129442
0.6982177152717552
0.7006290319322903
0.7024791322088861
0.7038379327048294
0.7047102941145004
0.7050878400941306
0.7048800167112542
0.7038627147248339
0.7015284916395046
0.6964682537217952
0.6843641602527104
0.6983395225765852
0.7408607797965613
0.7569263866350616
0.7573191835640127
0.7278307503453284
0.6946369572684606
0.6559470911417982
0.6063521120516673
0.5397567694562866
0.4476288641890951
0.3079819857872708
0.5930487969401124
0.5746150936629234
0.5550096424876034
0.5344985445488173
0.5134103796012376
0.4921169292492458
0.47100797081043494
0.4504639179611302
0.4308305600581467
0.4123983515811679
0.3953882437418417
0.379944602058051
0.36613589073066466
0.3539618065113399
0.6101272448660916
0.6239557695286827
0.6306857576959638
0.6334907044961593
0.634124161175017
0.6335463393695702
0.6322779440413163
0.6306222858990993
0.628760924330151
0.626745851778752
0.6245845319562611
0.6223411991384113
0.6200634733957521
0.6177524999491153
0.6154079288128919
0.6130272283594398
0.6106133782485581
0.6081669790220902
0.6056905462403543
0.6031826483760615
0.6006457195830909
0.5980746037066162
0.5954780495588088
0.5928520240702057
0.5902059121096108
0.5875394556650569
0.5903599095151324
0.5917600773259617
0.592265107668145
0.5927334773891197
0.593993288974173
0.5963917034073227
0.6002578949818816
0.6059103004032373
0.6133614980594884
0.6223807324390753
0.6324269133074003
0.6428257553614688
0.6529357196036522
0.662244427380279
0.670472684913977
0.6775474606889478
0.6834911561048653
0.68842623914416
0.6924601635747297
0.6957258825432231
0.6983231829404289
0.7003241774884698
0.7017984364256209
0.702746701241589
0.7031576859069127
0.7029309176849796
0.7018244993086271
0.6992936933177704
0.6938439059340592
0.6805987175016194
0.6889581018471648
0.7233437113002789
0.7400771762659226
0.7461303184095593
0.7466360210200621
0.7207415958630289
0.6902198574709526
0.6531916180295054
0.6047498178569459
0.5390092150617389
0.44759901244606914
0.3082982488411634
0.5930571705022933
0.5746215075865854
0.5550140034606763
0.5345010613931392
0.5134114234107789
0.4921170568150932
0.4710075999825113
0.4504634123148203
0.4308301059404872
0.41239798121628457
0.3953878632506316
0.3799441591323885
0.36613539485380403
0.6101351071182449
0.6239654290788097
0.6306975713715233
0.6335046974694715
0.6341400327252338
0.6335636334443755
0.6322960503335362
0.6306405501624789
0.6287787640384708
0.6267629427694225
0.6246006811613957
0.6223560154908666
0.6200769340322572
0.6177638532806405
0.615418522407168
0.6130374346960361
0.6106230606329758
0.6081742689615489
0.6056950828475121
0.6031843477516774
0.6006472956774617
0.5980771890380361
0.5954808885388859
0.5928555828030315
0.5902072492420036
0.5875405334573313
0.5903603363115492
0.591767804724815
0.5923010016199822
0.5926611360688882
0.5937359938265054
0.5958365392826972
0.5992762292092547
0.6043699863915071
0.611175312815362
0.6195395632329015
0.6290263990982802
0.6390408996385849
0.6489706338920226
0.6582824742644002
0.6666453293124227
0.673934049820698
0.6801250910018173
0.6853125113857835
0.6895850877588409
0.6930660815194537
0.6958495903954172
0.6980036281099665
0.699596490094172
0.7006237344123565
0.7010706996704216
0.7008263726950726
0.6996314988348916
0.6969061712675871
0.691082290425874
0.6767990725036104
0.682250167820378
0.7113959343011603
0.7281961150542281
0.7347355293115662
0.7389128048460407
0.7392059317536095
0.7162234101426486
0.6874088208676372
0.6515639100800776
0.6039823506031253
0.5389794677567635
0.44815901352588483
0.30896044428829456
0.5930632734646358
0.5746257574050032
0.5550165645272288
0.5345022023167841
0.513411613146206
0.4921167322872798
0.47100718254194246
0.45046306988266044
0.4308297854746919
0.41239756788269544
0.39538739503406845
0.3799437358429947
0.6101407907876291
0.623972792551908
0.6307070779232683
0.6335165444608101
0.6341541605196309
0.6335797074050868
0.6323135802344715
0.6306588931477015
0.6287972815288589
0.6267811220708426
0.624618217378694
0.6223726197214331
0.6200925280642522
0.6177778595677054
0.6154307321612879
0.6130492543131755
0.6106340376741423
0.6081853105464327
0.6057032330812941
0.6031901355145906
0.6006495694701578
0.598080269135321
0.5954829747092025
0.592859697631161
0.5902095154388012
0.5875421843942242
0.590361585533504
0.5917751939938545
0.5923351782695943
0.5926049958345538
0.5935158308518015
0.5953522575984813
0.5984032244617642
0.6029824373298984
0.6091814819338945
0.61690434130209
0.6258092032106564
0.6353857130079927
0.6450658078860233
0.6543135268096056
0.6627559687425515
0.6702184708458107
0.6766298759163574
0.6820522752400147
0.6865527816008589
0.6902432511330361
0.6932104311699395
0.6955174067981715
0.6972302321885112
0.698338456651445
0.6988235489117898
0.6985634498323295
0.6972822506724787
0.6943674801736801
0.6881920540505804
0.6730021482543465
0.6767091077895088
0.7032369248022572
0.719186338511277
0.726892669360802
0.7306615716292653
0.7338191030098499
0.7344559757800418
0.7133531038053409
0.6857491291095237
0.6507849081579347
0.6039529727323432
0.5396083218079567
0.4493147172898997
0.31002085580765326
0.5930673102456309
0.5746282787190184
0.5550177558924824
0.5345024427081194
0.5134113277359511
0.4921163709382128
0.4710069082851554
0.4504627824820874
0.4308293605648537
0.412397099105359
0.39538703420391896
0.610144543934863
0.6239780744395158
0.6307142840042425
0.6335260636868447
0.6341661014298563
0.6335939700242069
0.6323298212736096
0.6306766115429376
0.628815827930328
0.6267998809179569
0.6246367041456699
0.6223905059564803
0.6201097013844339
0.6177941255240978
0.6154452082604924
0.6130629451267545
0.6106463512152551
0.6081982126013152
0.6057148097762887
0.6032003937877051
0.6006554578424328
0.5980850160320001
0.5954853137421565
0.5928632613357113
0.5902127275323481
0.5875443687025175
0.5903640700663297
0.5917814873001414
0.5923660279742451
0.5925634993125477
0.5933320513360497
0.5949307688378997
0.5976285859463463
0.6017338192697087
0.6073672115307968
0.6144742031802872
0.6227901528928728
0.6318873542205318
0.6412528819026216
0.6503668764957882
0.658828581323573
0.6664194122777647
0.6730202520175096
0.6786573660755701
0.6833728780361195
0.6872645539445863
0.6904106000947423
0.6928681332832463
0.6947005237910963
0.6958903942073721
0.6964151108034088
0.6961412348349376
0.6947771135098756
0.6916813737840496
0.6851835117728325
0.669241351000225
0.6716533995264
0.6971643148451351
0.7127603018844726
0.7204194023185163
0.7252779750018022
0.7276755686818401
0.730471064094159
0.7314398022007571
0.7116607141797959
0.6849558020137719
0.6507562965939906
0.604601472919618
0.540902218815406
0.45114807378373906
0.3115410173241512
0.5930697242002866
0.5746294777169672
0.5550180348801628
0.5345021910798367
0.513410997324159
0.492116130692717
0.47100664482631505
0.4504623700677818
0.4308289143873367
0.41239679024509834
0.6101468015539949
0.6239815533055842
0.6307194094937674
0.6335332473265753
0.6341756794567436
0.6336059971026303
0.6323441816389306
0.6306929677176825
0.6288336906218739
0.626818604474047
0.6246556708371666
0.6224092379770185
0.6201279693964343
0.6178119080493215
0.6154618020277467
0.6130785280713894
0.6106607096574539
0.6082118713405351
0.6057288704706663
0.6032134583179761
0.6006665078239989
0.5980927892877735
0.5954904232384575
0.5928662531639828
0.5902165217628914
0.5875467094757112
0.5903682250396265
0.5917875674470101
0.5923924697614509
0.592533279040895
0.5931816568748333
0.5945705453656562
0.5969462534121989
0.6006131999889991
0.6057178989163496
0.6122396608759686
0.619974500762486
0.6285679508675605
0.6375644255318588
0.6464763715239641
0.6548920291527339
0.6625588836192376
0.6693126244221367
0.6751406383677351
0.6800559110200257
0.6841389890288829
0.6874573022769096
0.6900611962882265
0.6920108700283695
0.6932816734179585
0.6938467633265002
0.6935612188639769
0.69211892527287
0.6888538574817824
0.6820692289091809
0.6655444132251057
0.6668317423304879
0.6921313321848213
0.7079241203119171
0.7156910301279423
0.7203978434118478
0.7239467007146544
0.725659555393444
0.7282874522675197
0.7296614696417042
0.7108529481839325
0.6849282669270226
0.6514165180670519
0.6059332433664214
0.5429529114870933
0.4537565441167016
0.3136427934270853
0.5930708943116104
0.5746297826623249
0.5550178140952664
0.5345018771209165
0.5134107690488641
0.4921158849428794
0.47100626085200925
0.45046196085100326
0.430828648169231
0.6101479141630543
0.6239836556568915
0.630722767710062
0.6335383247439832
0.6341828809130041
0.6336156260600421
0.6323562570221279
0.6307073717908186
0.6288501096644507
0.6268365707382948
0.6246745265619751
0.6224283653613698
0.6201469572796727
0.617830657882779
0.6154799528476721
0.6130957537686877
0.6106772032008224
0.6082266567569974
0.6057443209424485
0.6032279284054022
0.6006813339090346
0.5981042876851654
0.5955001734674429
0.5928708006516592
0.5902211026647378
0.5875487849404313
0.5903734434136954
0.5917950041515945
0.5924158122865717
0.5925115516568347
0.5930588244589042
0.594266623835785
0.5963545172469888
0.599615731457946
0.6042233994432002
0.6101879470120741
0.617357364697283
0.6254389932802381
0.6340281342688828
0.6426776928273968
0.6509807893661036
0.6586644414466492
0.6655271067504089
0.6715167615570412
0.6766134805871703
0.6808764053860371
0.6843594181842695
0.6871042187298292
0.6891676292307495
0.6905172955784047
0.6911227379567624
0.6908274977246547
0.6893131509068119
0.68589354696913
0.6788636288902082
0.661933553086236
0.6621910942303365
0.6875543417826467
0.7040047349466072
0.7120980215824855
0.7167629426585135
0.720137161144541
0.7230057718866333
0.7243128447012821
0.7269454776484151
0.7288116985512766
0.7108260384066927
0.6856036278106161
0.6527705342896202
0.6080413638732348
0.545864526522605
0.4573265904660329
0.31650538635952924
0.5930712125390724
0.5746295910239009
0.555017511104934
0.5345016496181787
0.5134105365015764
0.49211553635258376
0.47100589433026
0.45046172958869324
0.6101482339482338
0.6239847101768478
0.6307248043875209
0.633541637149986
0.6341879453808872
0.6336228428893035
0.6323659056499673
0.6307194438225139
0.6288645018288312
0.6268530022850521
0.6246925382616861
0.6224472952557677
0.6201662271634232
0.6178499697489033
0.6154990974748105
0.613114299152126
0.6106953715668626
0.6082432236916873
0.6057606417794705
0.6032436572744797
0.6006973318398267
0.5981191393591395
0.5955138038747396
0.5928798900929402
0.5902276411231199
0.5875517760793443
0.5903782742183127
0.5918041296658813
0.5924384590277756
0.5925225499133553
0.5929586801198717
0.5940095214399238
0.5958470405948446
0.5987395878390447
0.6028811945055305
0.6083113793215431
0.614929747228034
0.6225005632332015
0.6306608428481104
0.6390021139793337
0.6471320970437456
0.654770055287524
0.6616898610948521
0.667804249187526
0.6730589290535884
0.6774877336958927
0.6811267046691987
0.6840064438001202
0.6861793744130761
0.6876051484983224
0.688250070495034
0.687947384659434
0.6863680538313274
0.6828116805830512
0.6755826840493646
0.658425351534816
0.6577321020550363
0.6831283699219775
0.7004461544418157
0.7091891741949944
0.7139709502187926
0.717232410529216
0.7198990633807133
0.7223520726482119
0.7234559086768876
0.7262369564626752
0.7287802535732781
0.711515542362593
0.6869866149835285
0.6549120406748387
0.6110319483977806
0.5498431670913382
0.462128319621976
0.32037920295568056
0.5930710486223659
0.5746292993834496
0.5550172812172309
0.5345014275727362
0.5134102241601807
0.492115212460054
0.4710056919204101
0.6101480960921559
0.6239850303544593
0.6307258498771154
0.6335436508197037
0.6341912357615921
0.6336278961467724
0.6323731172965091
0.6307290706394871
0.6288765179208617
0.6268673288207772
0.6247089179551437
0.62246528305825
0.6201851787740439
0.6178693746408587
0.6155186848872747
0.6131337296068265
0.6107146786170743
0.608261663034125
0.6057779066505106
0.6032609326730335
0.6007133814401154
0.5981360846080834
0.5955291615371912
0.5928941997929569
0.590237406850159
0.5875586317445818
0.5903826738403031
0.5918139033097688
0.5924608311624853
0.5925702232712609
0.5928930884800772
0.5937910880934768
0.5954111990956386
0.5979767808598522
0.60169053937597
0.6066108963857804
0.6126880944964881
0.6197482490852403
0.6274674581194191
0.6354700104400834
0.6433793143160058
0.6509130693614552
0.6578339346970464
0.6640279319108755
0.6694097498628115
0.67398553212967
0.6777698786441579
0.6807780150264702
0.6830561916363869
0.6845552303448056
0.6852387609453371
0.6849309070434264
0.6832949496123152
0.6796222311691827
0.6722436993523532
0.6550306257571725
0.6534741083851596
0.6787454258128232
0.696941020217539
0.7064804696344005
0.7117002027346895
0.7149696010812406
0.7174776165895326
0.7197040430269821
0.7219125066610899
0.7229687046659189
0.7260828809369517
0.7294991971959248
0.7129265251486414
0.6891719093825824
0.657947300868979
0.615115224501456
0.5551855791858045
0.4685322012405902
0.3256556230686612
0.593070771678752
0.5746290690156001
0.5550170687097802
0.5345011492531829
0.5134099398074865
0.4921150341469308
0.6101478378710853
0.6239849140867388
0.6307261881776781
0.6335446984339219
0.6341932379837542
0.6336311645244445
0.6323781467436765
0.6307362489640496
0.6288860811932264
0.6268792386250742
0.6247231145715442
0.6224815397512646
0.6202030746657402
0.6178882849673997
0.6155381460413007
0.6131534371383515
0.6107345696712813
0.6082814712598242
0.6057964062988757
0.6032795228682725
0.6007302318227399
0.5981537250044906
0.5955454026937638
0.5929111485606389
0.5902507070388475
0.5875708012752723
0.5903898106099554
0.5918239162926308
0.5924817306595664
0.5926251065403915
0.5928654506681534
0.593616169427136
0.5950352352851396
0.5973117707892768
0.6006419832312524
0.605088527942014
0.6106376282284608
0.6171835736307136
0.6244485100346655
0.6320899795488991
0.639745159651688
0.6471274752517644
0.6539961452356586
0.6602197063105193
0.6656897515273018
0.6703865943344363
0.6743014893094583
0.6774299506067992
0.6798091585815536
0.681379106579355
0.6821008860906426
0.6817909070679885
0.6801078975483248
0.6763413909305864
0.668865314082891
0.651755534700784
0.6494383152963441
0.6743558777475104
0.693472786035399
0.7037356873528434
0.7095284347502906
0.7131070471192884
0.7155652325467093
0.7176006580237474
0.7195465692591727
0.7216345164520523
0.7228032211154345
0.7264322527376644
0.7309731226215183
0.7151526276356508
0.6922674337813188
0.6620881768866563
0.6205939454733784
0.5622961873290852
0.47709669306650715
0.3329011416602365
0.5930705452035552
0.5746288664032906
0.555016821048131
0.5345009001999697
0.5134097819310006
0.6101476201814855
0.6239846700527767
0.6307260830497983
0.6335450469740922
0.6341942868743282
0.6336331521903403
0.6323813825900411
0.6307412359294393
0.6288931978657684
0.6268886985345334
0.6247348594183963
0.6224955379090434
0.6202191407669823
0.6179060110713134
0.6155569164855276
0.6131728012698826
0.6107544001813853
0.6083018230671501
0.6058161251326531
0.6032989853791184
0.6007486752795503
0.5981714299126956
0.5955630821617518
0.5929280316299032
0.590266751872099
0.5875859197836534
0.590403366364698
0.5918357365953911
0.5925021613375768
0.592673893260752
0.5928599850449153
0.5934882201560366
0.5947185742478418
0.5967307187841614
0.599716296929557
0.6037352942408687
0.6087837480489773
0.6148170162606588
0.6216110681788672
0.6288667334885365
0.6362409289755319
0.6434370916749227
0.650210148504733
0.6564155132446499
0.6619298177347955
0.6667140164756264
0.6707380477504981
0.6739752013729915
0.6764500949231742
0.6780892681858438
0.6788498530345393
0.6785421845630986
0.6768232213284043
0.6729875302129944
0.6654664698427304
0.6486029748243398
0.6456381220981773
0.669933776685584
0.6899493385927951
0.7010420353601367
0.7072610964704273
0.7112704534323677
0.7139692576116031
0.715920657497502
0.7176421265362927
0.7194177771262569
0.7214947987151686
0.7229267481395235
0.7272785001527404
0.7330287591314105
0.718301731319296
0.6964885385993858
0.6676410439256013
0.6278807648177417
0.5717832665375671
0.48859045317440786
0.3430192915446677
0.5930703536344879
0.5746286459787358
0.5550166029513516
0.5345007599685008
0.6101474411050343
0.6239844592200616
0.6307258322355404
0.6335449418703822
0.6341946383620307
0.6336341961577616
0.6323833458885857
0.630744424081186
0.6288981231090465
0.6268957263696503
0.624744169258897
0.6225070551175208
0.6202328758551046
0.6179218132410014
0.615574381232727
0.6131913045686345
0.6107735957135502
0.6083218395003638
0.6058364554555798
0.6033190666757585
0.6007686079596645
0.5981894638239936
0.5955821486905299
0.5929448748256986
0.5902842455302635
0.5876010434266186
0.5904224543661013
0.5918517095329343
0.5925256917947904
0.5927170761134536
0.5928655868362371
0.5933984844311646
0.5944628844042104
0.5962315410058687
0.5988964881917646
0.6025301589550965
0.6071188413470717
0.6126577441133548
0.6189713783069021
0.6258121221862312
0.6328747726543678
0.6398550615824754
0.6464999439836934
0.6526481985123135
0.6581648504223271
0.662997837117771
0.6671023160107304
0.670430569968562
0.6729926635800753
0.6746989716555453
0.6754999204285869
0.6752007051174993
0.6734585910588023
0.6695802457730997
0.6620662676959307
0.6455728956204722
0.6420780350237183
0.6655059596920203
0.6862469579743735
0.6983247047258974
0.7050416375310216
0.709304430221459
0.7123516612931561
0.7145015140520504
0.7161100095416009
0.7176227448338864
0.7193110643126296
0.7214766346141017
0.7233298459627906
0.7285188280536596
0.7355797028665114
0.72259678070939
0.7021461326318552
0.675019005818761
0.6375928349489473
0.5844729006817523
0.5041539088352435
0.35737195859416454
0.5930701574917835
0.5746284549109977
0.5550164782405804
0.6101472668918847
0.6239842913151774
0.6307256129789458
0.633544679542158
0.634194526741688
0.6336345441746016
0.6323843763931175
0.6307463501249644
0.6289012477120263
0.6269005710423619
0.6247510754225057
0.6225161638824166
0.6202441048861456
0.6179352157306665
0.61558983958909
0.613208407650348
0.6107917425128254
0.6083408851616917
0.605856396847186
0.6033393471780562
0.6007894010159658
0.5982084995881165
0.5956015010241367
0.5929630472054621
0.5903021026421591
0.5876165499060202
0.590442409207125
0.5918722417086315
0.5925535211277373
0.5927605298946378
0.5928783752377353
0.5933368989929446
0.5942605694210278
0.595815802251761
0.5981791859906137
0.60145381193734
0.6056222087049752
0.6106994007081374
0.6165432613263561
0.6229472932512737
0.6296625316677317
0.6363922510418499
0.6428794840258267
0.6489414818068205
0.6544267111769682
0.6592718347442909
0.6634237038611516
0.66681892784861
0.6694543073370353
0.6712231508694052
0.672066017878028
0.671782817368669
0.6700324472381354
0.6661392122385109
0.658683071985778
0.6426633850703726
0.6387542073325435
0.6611145970527359
0.6823493967434755
0.6954187144640466
0.7028255954063846
0.7073778301357689
0.7105830424569328
0.7130267363626933
0.7148034166949541
0.7161747540283911
0.7175477172193118
0.7192204034214058
0.7215712914713616
0.7239459923960209
0.7300948179627051
0.7390470527652757
0.7283548869511302
0.7096626083579946
0.6848458982722423
0.6505709590662216
0.6015753464680124
0.5253558879428807
0.3780409913881252
0.5930699901352856
0.5746283440871696
0.6101471205225174
0.6239841355516872
0.6307254479298273
0.6335444499877165
0.6341942507942343
0.6336344221713438
0.6323847152009312
0.6307473575296385
0.6289031230844214
0.6269036163058548
0.6247558164053459
0.6225229114111243
0.6202529616522586
0.6179460904898886
0.6156028332364587
0.6132234348239043
0.6108083917467556
0.6083586280690884
0.605875139349592
0.6033589571141246
0.6008101285571439
0.5982287778398907
0.5956206349199721
0.5929825678372234
0.5903198265405636
0.5876341574863564
0.5904610804719632
0.5918950297069461
0.592582617736161
0.5928084922907956
0.5929013091378187
0.5932978015198185
0.5940998354536691
0.5954749074890818
0.5975669238632267
0.6005009142305662
0.6042756998820223
0.6089210997560355
0.6143232973806746
0.6202900495701206
0.6266290892950107
0.6330679772958346
0.6393611753361529
0.6453097709228782
0.6507384664921145
0.6555667871661128
0.659734845365794
0.6631693384611631
0.6658580076728996
0.6676803747303592
0.6685644292934131
0.6683054155759787
0.6665627977969293
0.6626837016618576
0.6553334187643582
0.6398711154312171
0.6356567308107444
0.6568016554839922
0.6782777858849549
0.6922815228934236
0.7004422819611008
0.7054623138900277
0.7088444323756294
0.7113854935293206
0.7134168995063516
0.7149323424741307
0.7161287501275241
0.7174185721726857
0.7191386968485577
0.7217307372483859
0.7247300182927278
0.7322322671441518
0.743620709474014
0.736009352176099
0.7196776442369908
0.6979740097023038
0.6680384567079447
0.6247047677438688
0.5542811801158616
0.4084393734894638
0.5930698919044712
0.610147033805831
0.6239840058860416
0.6307253025936562
0.6335442833757627
0.6341940103117847
0.6336341319262979
0.6323845804421853
0.6307476817742949
0.6289040977989023
0.6269054276392754
0.6247587637767318
0.6225275223986254
0.6202595123600007
0.6179546384322966
0.6156132802477036
0.6132359335611484
0.6108228913941682
0.6083747302488981
0.6058923362787061
0.6033770935346549
0.6008296232508135
0.5982493975927607
0.5956400221770473
0.5930024633837236
0.5903374592351587
0.5876529491024802
0.5904805392919388
0.591917741651163
0.5926105626694731
0.5928572756670201
0.59293908227054
0.5932811540122577
0.5939745864711047
0.5951917811127482
0.5970523347853357
0.5996722382841937
0.6030756384686743
0.6073054995865697
0.6122921032024112
0.6178401966551834
0.6237948584382333
0.6299104262863428
0.6359663054776811
0.641766796840306
0.6471145188185976
0.6519050058579895
0.6560652310829573
0.6595136121991655
0.6622323166511537
0.6640941442152363
0.6650147604104575
0.6647862493922905
0.663067464712223
0.6592316277345284
0.6520320253102135
0.6371913965265599
0.6327719159616213
0.6526037438218015
0.6740678509961026
0.6889071892087839
0.6978455245779825
0.7033949583044784
0.7071195936700831
0.7097690360803599
0.7118532690353824
0.7135932824107964
0.7149089540440119
0.7159791937556508
0.7172300301788651
0.7190288760998687
0.7219164528536157
0.7257894919557126
0.7350167399491212
0.7495105280106739
0.7462151434442031
0.7330643215800973
0.7156381063238082
0.6916092721937536
0.6558887458323218
0.5937765013292519
0.45328649496827256
0.6239839279872682
0.6307251809433625
0.633544141801315
0.6341938398403256
0.6336338804619314
0.6323842759632982
0.6307475327301613
0.6289044026805679
0.6269063603502749
0.6247604961509401
0.6225303516066018
0.6202639656971782
0.6179609484733516
0.6156214554977754
0.6132458698570716
0.6108347953441476
0.6083885873766126
0.6059077396481015
0.6033934697674695
0.6008470812187819
0.5982686502402143
0.5956594849925237
0.5930221533206426
0.5903555763918984
0.5876702862969526
0.5905022518442021
0.5919403597298154
0.5926388028411755
0.5929011699105566
0.5929894291418832
0.593286874142299
0.5938870317404039
0.5949548545034851
0.5966175096141875
0.5989584424050522
0.6020227164127153
0.6058515264352866
0.6104331981914993
0.6155819140848473
0.6211613810974569
0.6269426179811103
0.6327248194393293
0.6383351496864543
0.6435693565174471
0.6483007670535091
0.6524362643798283
0.6558801330664923
0.658607885460803
0.6604926854045189
0.6614408646812832
0.661245723065756
0.6595646585204604
0.6557996941442359
0.6487911152097252
0.6346191787111053
0.6300837805731513
0.6485503788703407
0.6697623014662464
0.6853046541761525
0.6950200587420904
0.7011327696982785
0.705251388171159
0.7081674734400378
0.7103123552112073
0.7120695769690779
0.7135824899198536
0.7147445594450129
0.7157223107112588
0.7169515138597121
0.7188573913928107
0.7221659618067936
0.7271431951098907
0.7385163119454011
0.7569799401954916
0.7598510109366977
0.7510958847367726
0.739476404595972
0.723269356371099
0.6976325293966438
0.6463928872058445
0.5180363397979073
0.630725105821277
0.6335440230635693
0.6341936985040311
0.6336337048435656
0.6323840136916007
0.6307472145396948
0.6289042384933217
0.6269066414869904
0.6247613766857335
0.6225319894393871
0.6202666560198682
0.6179652120304553
0.615627474645311
0.6132536006942363
0.6108441266284425
0.608399778030147
0.6059208014642317
0.6034079442721595
0.6008624347561807
0.5982853780956414
0.5956775430829959
0.5930409466595705
0.5903744656414297
0.5876858263919251
0.5905242368197847
0.591963841176443
0.5926685878292557
0.5929414707569527
0.5930442138683161
0.5933103277745593
0.5938361654734774
0.5947656836222343
0.5962476390243943
0.5983409616884557
0.6011041430211826
0.6045628791269446
0.6087457033306689
0.6135029412555113
0.6187149397106982
0.6241681587140334
0.6296612467708218
0.6350452851949759
0.6401264662614282
0.6447688447054181
0.6488620493217712
0.6522893146592884
0.6550116298759484
0.6569054025185626
0.657870336088684
0.6577074240576266
0.6560741834877277
0.6524042888920644
0.6456212588444648
0.6321495741236429
0.6275762471538062
0.6446632155407219
0.6654071174135608
0.681492641559208
0.6919611869921938
0.6986600078944055
0.7032004818535634
0.7064268970890383
0.70878710051321
0.7105688172167516
0.7120664851604986
0.7133991998108364
0.7144365881197928
0.7153322239064387
0.716552961340312
0.7186235918707827
0.72245730634063
0.7287788635771035
0.7427765731798451
0.7662415583833171
0.7781909685955393
0.7754716890929069
0.771501208077441
0.7653665193252516
0.7514480969848792
0.712677581242161
0.605116445773681
0.6335439485142927
0.6341935801172948
0.6336335617798102
0.6323838320739574
0.6307469417597332
0.6289039074918856
0.6269064616231153
0.6247616292040388
0.6225328072109431
0.6202681840491145
0.6179677403427443
0.6156315113761818
0.6132592719804721
0.610851333296996
0.6084083978888251
0.605931137720465
0.603420017255459
0.6008757608595775
0.5982995971506102
0.5956929283330378
0.5930574703651885
0.5903927926936064
0.5877014167924062
0.590544429074316
0.5919878629190726
0.5926976155524503
0.5929829793180146
0.5930990383409962
0.5933455165862285
0.5938107639562034
0.5946266572830248
0.5959383987658274
0.5978074530310511
0.6002960457315811
0.6034285237343732
0.6072327293353729
0.6116053928693227
0.6164464669937905
0.6215755600180601
0.6267812548571566
0.6319216195746774
0.6368165472239371
0.6413327343926326
0.645357599931889
0.6487548801643176
0.651462756006748
0.653357450433202
0.6543309525875137
0.6541972759783
0.6526179065923313
0.6490624297697088
0.6425322443266329
0.6297791929120828
0.6252343369391474
0.6409576137610757
0.6610482192708546
0.6774982826504141
0.688670682608892
0.6959683648443349
0.7009523467256126
0.7045112148094672
0.7071247269272649
0.7090843184110409
0.7105754598019552
0.7118617667372159
0.7130417417988921
0.7139597099329905
0.7147811391363226
0.7160120828918674
0.7182842066501558
0.7227343938201448
0.730632641487617
0.7477205962858494
0.7773966094696135
0.8028854032221306
0.8082937068589988
0.8141045289492987
0.8190172906360089
0.815844035325737
0.7879000430984853
0.7002976578104017
0.6341935051267067
0.6336334424434832
0.6323836860531491
0.6307467534635011
0.6289036246123569
0.6269061187866383
0.6247614328983231
0.622533025850506
0.6202689288234561
0.6179691425726914
0.6156338520515351
0.6132630396436172
0.6108565931613433
0.6084149933839266
0.6059389285740528
0.6034293379348412
0.6008866433830138
0.5983116069414769
0.5957056470393574
0.5930708504076618
0.5904081797528176
0.587717107916176
0.5905631895685945
0.592011109554587
0.5927237594286254
0.5930245251882739
0.5931561145192823
0.5933886357832271
0.5938005305814784
0.5945270394719959
0.5956877991830313
0.5973547811160899
0.5995835928874276
0.6024240645576323
0.6058836251588393
0.6098923087580259
0.6143616964000431
0.6191577931475121
0.6240765308643081
0.6289705016362095
0.6336633789744432
0.6380225527030929
0.6419460402242451
0.6452918316488914
0.6479745036006858
0.6498663984417958
0.6508457315149809
0.6507400180617957
0.6492186082115172
0.6457920315113707
0.6395338553163683
0.6275072042116951
0.6230452640715682
0.6374437938090675
0.6567299189914065
0.6733555536188353
0.6851567566716049
0.6930534369211844
0.6984979783701518
0.7024069911083691
0.7052917217160816
0.7074628638692346
0.7091014837808197
0.710353214033082
0.7114547191459312
0.7124819244609043
0.7132850102660456
0.7140321350046483
0.7152727390402218
0.7177635517616565
0.7228837768153481
0.7325177729871141
0.753044281469063
0.7901243935202009
0.8358302773367705
0.8520681054972675
0.8680991826378975
0.8821011582428475
0.8837253559768471
0.8567378131012038
0.7730252923614058
0.6336333665760179
0.6323835650690525
0.6307466035888742
0.6289034290382993
0.6269058261544851
0.6247610790938041
0.6225328122294445
0.6202691084128655
0.6179698038920184
0.6156351118352259
0.6132651644286596
0.6108600443712624
0.608419772439987
0.6059448203710689
0.6034361739781541
0.6008947778329818
0.5983211079819671
0.5957160772428967
0.5930814769572914
0.5904195499389912
0.587730348413458
0.5905808538572743
0.5920327346254466
0.5927483124039887
0.5930608575471488
0.5932162220426105
0.5934369241366465
0.5938045461073149
0.5944505714390642
0.5954870128370329
0.5969754215557197
0.5989666483897631
0.6015306300387379
0.6046775180272448
0.6083504234054111
0.6124666262447265
0.6169213870001269
0.6215432759127208
0.6261860866937146
0.6306728882284247
0.6348616089627254
0.6386555647806469
0.6419227476273185
0.6445615478293382
0.6464446610746417
0.6474303813966807
0.6473549028775537
0.6458967312711569
0.6426104144987324
0.6366358148405904
0.6253355086673532
0.6209987497312729
0.6341288736989388
0.6524933099398418
0.6691047766697161
0.6814339622921531
0.6899149601291427
0.6958312621595812
0.7001053092179619
0.7032757428428372
0.7056728046262766
0.7074892475452443
0.7088626038079051
0.7099023700123338
0.7108174235991522
0.7116887426921943
0.7123662866019934
0.7130209234307009
0.7142501671431105
0.7169305934612997
0.722690859860043
0.7340305813638981
0.7579557978378315
0.8032768222295809
0.8789683215524784
0.9039533068710002
0.9308062315741519
0.9461772486888805
0.9404937442622572
0.9028881179808499
0.8056769386679999
0.632383488157191
0.6307464805513727
0.628903274575124
0.6269056226738923
0.6247607769462689
0.6225324484484644
0.6202688766494282
0.6179699389522876
0.6156356789672778
0.6132662644586954
0.6108619224186752
0.6084228551191818
0.6059490446497859
0.6034412660516957
0.6009005282640628
0.5983278800486656
0.5957239639334528
0.5930898922300779
0.5904277575499559
0.5877394020311819
0.5905961369705756
0.5920522435929165
0.5927728617437139
0.5930914984887005
0.5932740621152827
0.5934871872024682
0.5938219603133447
0.5943916278170752
0.5953226136829759
0.5966538570759756
0.5984408080078673
0.6007429083790268
0.6035995141410809
0.6069570818734338
0.6107499806603983
0.6148727046143072
0.6191891814182118
0.6235678400515237
0.6278399225271359
0.6318566275077583
0.635507057944196
0.6386740068279846
0.6412452980519697
0.6431062364130418
0.6440960536861373
0.6440543179453129
0.6426671878974154
0.6395311608395993
0.6338463074842589
0.6232673391038532
0.6190861442353942
0.6310178987798777
0.6483758266653791
0.6647911098730936
0.6775243114431783
0.6865564018776239
0.6929489984834571
0.6975995525738459
0.7010680330249232
0.7037028050734315
0.705708565949684
0.707231153560061
0.7083689190869128
0.7091959670331172
0.7099194862283996
0.710612074232231
0.7111321970137009
0.7116561733271536
0.7128057713229593
0.7155729033463601
0.7217685100035094
0.7343902917231052
0.7609126172045166
0.8145617870958578
0.8866775391167409
0.9585851146730047
0.9875477326238257
0.9953674772506726
0.9758655042308493
0.9230027257757869
0.8138511783415059
0.6307464025630074
0.6289031492325958
0.6269054629280105
0.6247605648159936
0.6225321370936587
0.6202685039704179
0.6179696879474073
0.6156357635112751
0.6132667263619367
0.6108628447328408
0.6084244532297469
0.6059517028278342
0.6034448582352987
0.6009047219664843
0.5983324080590526
0.5957291737653712
0.5930958386568799
0.5904337473087855
0.5877449850259062
0.5906081162590934
0.5920687145919575
0.5927959494549909
0.5931201818361302
0.5933246713497161
0.5935361144843039
0.5938444328693102
0.594352206438397
0.5951847231801406
0.5963781574857371
0.5979864730558723
0.6000568166239181
0.6026421169143049
0.605700191365617
0.6091888353591396
0.6130029894456218
0.6170194113474191
0.6211255038517328
0.6251652743934183
0.6290041729189542
0.6325066368639708
0.635563574845766
0.6380500262295776
0.6398705874844128
0.6408556792807548
0.6408470090540295
0.6395390344827765
0.6365621072008532
0.6311700197681303
0.6213043501165583
0.6172986915004608
0.6281132704347305
0.6444104878915
0.6604637126425352
0.6734583462861623
0.682986624145533
0.6898498353539506
0.6948854012585902
0.698661950896974
0.701544342514656
0.7037487952591409
0.7054297774263645
0.7066909454517937
0.7075917774125616
0.7082036962295521
0.7087057643227104
0.7091737943428614
0.7094844999997543
0.7097931714850807
0.7107337199918444
0.7133436461879066
0.7194783179617124
0.7323332493167288
0.7595890558234905
0.801932167429519
0.8618856563115622
0.9645306419296177
1.0143935130258148
1.0238152942400927
0.9908241475468667
0.9298202862235689
0.8145296840136711
0.6289030702143101
0.6269053350677606
0.6247603990248671
0.6225319155066937
0.6202681837546956
0.6179693073179884
0.6156354917355883
0.6132667537902724
0.6108631899832655
0.6084251792528872
0.6059529859070091
0.6034470329806657
0.6009076018594716
0.5983356002368106
0.595732328481478
0.5930992419070588
0.5904373889659519
0.5877482457720912
0.5906174292017761
0.5920817108747848
0.5928149075177733
0.5931488456235596
0.5933682321604369
0.5935809267201251
0.5938640490399457
0.5943268786404952
0.5950694826473648
0.5961429098095873
0.5975850310968558
0.5994574476108887
0.60179425063875
0.6045772263488928
0.6077682502829918
0.6112943993023428
0.6150242598520027
0.6188645320508652
0.6226596867156217
0.6263054187532381
0.6296533142545641
0.6325949339632762
0.6349922448954043
0.6367578481689519
0.6377266388809804
0.6377436846996374
0.6365192318173772
0.6337061051624528
0.628608188685005
0.6194438778133631
0.6156258867155664
0.6254127701798448
0.6406244534239833
0.6561731700454563
0.6692759530912877
0.6792225785410682
0.6865362671636394
0.6919594303857272
0.696052864422337
0.6991910021163379
0.7016018694896085
0.7034484751719953
0.7048401129829328
0.7058383105144338
0.7064993950769948
0.7068645089268478
0.7070924646143432
0.7072693836858784
0.7072712663383863
0.7072295230120911
0.7077207093044346
0.7097303297294603
0.7149214060321079
0.7262527284672955
0.7442880102566699
0.7700942531296922
0.8135983372841662
0.8753471892257354
1.0241933788966255
1.0350528266917778
0.9976432480566132
0.9302345435843546
0.8141262635429187
0.6269052550728713
0.6247602684078388
0.6225317428420587
0.6202679518815477
0.6179689785299595
0.6156351039392368
0.6132664591570344
0.610863152958889
0.6084253959437066
0.6059534965444032
0.6034479646540634
0.6009092320281365
0.5983376837690629
0.5957344065451673
0.593100849751419
0.5904387096446877
0.5877492478675986
0.5906248101071889
0.5920920490461449
0.5928292825893249
0.593180284138716
0.5934065695138805
0.5936196844781648
0.593880074777526
0.5943037548898625
0.5949733921598406
0.595940328529732
0.5972323331663065
0.5989247159575067
0.6010405547616308
0.6035761570223201
0.606485479302163
0.6097337358152305
0.6131887451203141
0.6167745216950066
0.6203300363294186
0.6237688110862978
0.6269514312646456
0.6297656983638846
0.632075987377306
0.6337797178777383
0.634725458574028
0.6347586600610261
0.6336167067283406
0.6309654019012738
0.6261614624886117
0.6176791826804011
0.6140559696024545
0.6229071502558594
0.6370369600964599
0.6519677686936355
0.6650248041726413
0.6752908982526207
0.6830177338848
0.6888210045060057
0.6932363363576323
0.6966382175772091
0.6992616636724945
0.7012796500323508
0.7028070920213595
0.703907806570794
0.7046401656984843
0.7050272645244818
0.7050903223577732
0.7049722387357582
0.7047405671389736
0.704286552228949
0.7036673708466268
0.7033361048556255
0.7040791317053028
0.7071082959937615
0.7122388872758485
0.7193539998723617
0.7313420368680023
0.7523344475438131
0.8154591753790802
1.026043155068296
1.041603055084798
0.9978555057744166
0.9296127192100633
0.8135431395272565
0.6247601874716805
0.6225316092296929
0.6202677715033316
0.6179687355051062
0.6156347668283874
0.6132660647154373
0.6108628326934475
0.6084252862600023
0.6059535721741023
0.6034482404426439
0.6009097752891981
0.5983387062199906
0.5957356032616978
0.5931016863158846
0.590438576428042
0.5877482101435293
0.5906303496521552
0.5921007508181673
0.592840705605614
0.5932098494628297
0.5934414789517956
0.5936510963433015
0.5938937024280861
0.5942773997291816
0.5948889759888938
0.5957597843115041
0.5969259155402816
0.5984470789477154
0.6003680480431426
0.6026745891242715
0.6053342063713645
0.6083129435448444
0.6115059623098683
0.6148390607415928
0.6181695147585874
0.6213983045155904
0.6244098278289982
0.6270799561523179
0.6293002633664967
0.6309378017334193
0.6318599480665577
0.6319045579975615
0.6308414963257641
0.6283451948087454
0.6238336628067295
0.6160033402082523
0.6125795789989837
0.6205799655263601
0.6336574427506073
0.6478882989638096
0.6607574583483423
0.6712277436942403
0.6793123589004754
0.6854757537527997
0.6902102167291002
0.6938812522536401
0.6967240304324586
0.6989178567460103
0.7005849673068444
0.7017915316990435
0.7025987262397299
0.7030286991563099
0.7030826842846282
0.702770689694613
0.7021845973721931
0.701382655027586
0.7002389073908596
0.6987160482531187
0.6970633841009686
0.6957369335914303
0.6945918754167173
0.6934269778010196
0.6933452738334639
0.6971850243853797
0.7148042014135584
0.7892676502736804
1.0295432594158354
1.0415407130570413
0.9968817902643858
0.9288073580877472
0.8129213064895345
0.6225315274122492
0.6202676346731826
0.6179685465617216
0.6156345117553458
0.6132657194527681
0.6108624317655985
0.6084249367781946
0.6059533806331177
0.6034481618131915
0.6009097965641593
0.5983388239421399
0.5957359524223312
0.593101896378589
0.5904380276162209
0.5877461336654966
0.5906348111595898
0.5921082662203323
0.5928506330710743
0.5932326444622387
0.5934705562943137
0.593675442773882
0.5939028483458741
0.5942495366305156
0.5948089079858551
0.5955949157778652
0.5966527422442462
0.5980216718558709
0.599765275273946
0.6018585163094948
0.6042948700589175
0.6070224916751537
0.6099705003233422
0.6130512878271683
0.6161649150634797
0.6191878956776083
0.6220295827964727
0.6245475372977405
0.6266675628714548
0.6282322702779087
0.6291289821640882
0.6291866668688081
0.6281989142826436
0.6258523646403812
0.6216313946782693
0.6144140300943528
0.6111942962348242
0.6184121364119743
0.6304855917695807
0.6439633657677801
0.6565252630499379
0.6670773242370323
0.675447440546981
0.6819371720712994
0.6869780613222652
0.6909174125200874
0.6939843211835023
0.6963594546595401
0.698169225098548
0.6994837098481854
0.700367277067284
0.7008423307298388
0.70090658534404
0.7005510092548178
0.6997412367906418
0.6985270555799349
0.6969158345368973
0.6947656420330655
0.691927782694732
0.6884069819549801
0.6841680821630757
0.6793333543462886
0.674799378658761
0.6728134909089362
0.676913271912773
0.6980511316138885
0.7831467497592454
1.0288829129558823
1.0402268327273296
0.9956776067344675
0.9279569347681634
0.8122834797940207
0.6202675520539458
0.6179684062920993
0.6156343133768641
0.6132654514124544
0.6108620784016499
0.6084245290607824
0.60595299744158
0.6034478781346909
0.6009095496990609
0.5983385709705351
0.5957356075963842
0.5931015034104165
0.5904371399974847
0.5877440430592911
0.5906395453962953
0.592115362462577
0.5928599149674897
0.5932505769857505
0.5934919189112993
0.5936923664271667
0.5939052184297099
0.5942206442573081
0.5947302977772118
0.5954434807279805
0.5963996747058582
0.5976420099232512
0.5992204713023924
0.6011244138544449
0.6033469484347195
0.6058504756896316
0.6085666226886114
0.6114111929049504
0.6143066579627597
0.617130476545902
0.6198008483131426
0.6221725965768544
0.6241818183490854
0.6256681009028123
0.6265311956781139
0.6266042436247559
0.6256865281095756
0.6234903379479875
0.6195576251710075
0.6129142394667445
0.6099045700443699
0.6163901486792244
0.6275154323207951
0.6402082144185218
0.6523714096861999
0.6628869704750612
0.6714584885918091
0.6782274653340878
0.6835507261633706
0.6877494671034841
0.691039937605061
0.6936002622914731
0.6955570693873755
0.6969809645911956
0.6979413515708512
0.698461716713371
0.6985375300835872
0.6981568856208357
0.6972636316943318
0.6957994504696606
0.6937301821242192
0.6910104771569817
0.687476615062065
0.6828895236273868
0.6771456453179641
0.6705536936276995
0.6641085837515655
0.6599172462688837
0.6601834550192756
0.6673554799473975
0.6918649260209918
0.7816900052628941
1.0274618159851812
1.0386571355031897
0.9944111350275902
0.9270854411254228
0.8116309934706594
0.6179683229474892
0.615634169447137
0.6132652427305633
0.6108617964630544
0.6084241674811566
0.6059525820770246
0.6034474557694812
0.6009091624881979
0.598338141063556
0.5957350606023142
0.5931006590568089
0.5904359321063978
0.5877419365391576
0.5906455136526059
0.5921232632864489
0.5928713477389767
0.5932648637758304
0.5935072979410366
0.5937021551494203
0.5939004023658994
0.5941886985646718
0.5946526457658993
0.5953023996063191
0.5961639763183488
0.5972955221778591
0.5987250694611649
0.6004627047576455
0.6024828617528816
0.6047832733412025
0.6072770315169524
0.6099098999715377
0.6125886974198826
0.615222632952694
0.6177145392152312
0.6199495851864953
0.6218415484497989
0.6232496796664693
0.6240702309585592
0.6241565094678737
0.6232999366924099
0.6212571651643641
0.6176058586319295
0.611507045105216
0.6087138970813006
0.6145120517180678
0.6247411148655764
0.6366301426839925
0.6483263498038537
0.6587011034806827
0.6673848813803241
0.6743768452939944
0.6799472447455694
0.6843872441448264
0.6878936694352997
0.690638256070292
0.692745284789384
0.694281778255012
0.6953193167601932
0.69588422321594
0.6959709761453473
0.6955661095776052
0.6946078430575628
0.693018663967585
0.6906802392378362
0.687487561701353
0.6833366301432474
0.6780491153878773
0.6715167480311829
0.6640473988714846
0.6566200612432964
0.6512811330569264
0.6500477336878945
0.6537468346882779
0.6623966191329632
0.6902791288176929
0.7809486915638436
1.0258685739675093
1.0370102654557432
0.9931143627772803
0.9261921920165
0.8109693079614156
0.6156340854568402
0.6132650949295589
0.6108615766348949
0.6084238707140469
0.6059522119569891
0.6034470312726858
0.600908694509884
0.598337637857436
0.5957344319941088
0.5930997980711674
0.5904345509148546
0.5877398373013922
0.5906527188767743
0.5921330192441963
0.5928846823681331
0.5932779855673669
0.5935180475665153
0.5937065250285106
0.5938898575824492
0.5941526449858092
0.5945755792755346
0.5951676053184829
0.59594643952622
0.5969734624076237
0.5982734419919737
0.5998571408918226
0.6017000846746672
0.6038067656278011
0.606095197170456
0.608527748457929
0.6110048755162731
0.6134558841435247
0.6157706607848069
0.6178698413029344
0.619641902059103
0.6209734640610989
0.6217495227005329
0.6218436601777716
0.62104074383162
0.6191493754145161
0.6157637426870041
0.6101897860911559
0.6076143151929971
0.6127843351046139
0.6221605091190252
0.6332382272253946
0.644409518202579
0.6545570860079034
0.6632644701370386
0.6704197239563161
0.6761940601267853
0.68084820184317
0.6845554528675223
0.6874768439748845
0.6897329390280826
0.691384403356181
0.6925012675075265
0.6931106778350516
0.6932068503175052
0.6927772155116236
0.6917559092780207
0.6900606282711939
0.6875584704576949
0.6840917128589645
0.6795023737489656
0.6736444591632746
0.6665104970879492
0.6584713666593497
0.6504577807123704
0.6443959929379481
0.6422363118292187
0.6446739371982395
0.6493979860757962
0.6609537889621437
0.6899620720765242
0.7802857639481202
1.02420312167475
1.0353224742275626
0.9917845541359573
0.925285906205856
0.8102908202387891
0.6132650103753678
0.6108614247709209
0.6084236389498818
0.6059518994463379
0.603446652036086
0.6009082587185343
0.598337116917359
0.5957337994085734
0.5930989542433474
0.5904333554039943
0.5877378815308436
0.5906614998583369
0.5921448673753499
0.5928986086106838
0.5932910685894954
0.5935266211960778
0.5937068383107881
0.5938755512873348
0.5941136296749314
0.5944990606746774
0.5950373247821026
0.5957439609699695
0.5966740553735048
0.59785929216051
0.5992987476957112
0.600987693500221
0.6029110932263805
0.6050160980386969
0.6072506323556015
0.6095463116078654
0.6118153076991382
0.6139694036157347
0.6159262417492812
0.6175816806119132
0.6188315217514534
0.6195665230866746
0.6196620114487643
0.6189145956231022
0.6171650967732032
0.6140254605859125
0.6089541818186098
0.6065860336712661
0.6112086736749536
0.6197724823861555
0.6300493308513615
0.6406381847624966
0.6504861923798909
0.659130497769101
0.6663895441928495
0.672321909525659
0.6771565625535362
0.6810423751660641
0.6841264335324977
0.686524671710424
0.6882897165090888
0.6894874895453119
0.6901433412876896
0.6902495974177144
0.6897946191077042
0.688711146780074
0.6869153681493664
0.6842706753542772
0.6806142780454519
0.6757685221364647
0.6695641051450446
0.6620163987575325
0.6535469154225257
0.6450759696946062
0.638439608662598
0.6355230045731116
0.6371169700757464
0.6403748656758885
0.648093460208337
0.66078363392017
0.6899902578919571
0.7795592430191634
1.0224847595702844
1.0335902931198608
0.9904363698478809
0.9243556394920001
0.8096039107282292
0.6108613397353639
0.6084234828621231
0.6059516550403593
0.6034463228993729
0.6009078695003146
0.5983366669763138
0.5957332174005087
0.5930981782302728
0.5904322789701958
0.5877363302281338
0.5906722213422563
0.5921595860353799
0.5929139164600413
0.5933045019495637
0.593534868126099
0.5937054995507304
0.5938589159361134
0.5940734544260223
0.5944239036646114
0.5949123610280057
0.5955530049537383
0.5963963514773477
0.5974764018698945
0.5987860358673571
0.6003318598479743
0.6020907714588603
0.6040259883232648
0.606076209831021
0.6082002279211867
0.6102921644853919
0.6122999127075119
0.6141130995540777
0.615659623243292
0.6168208951805588
0.6175151381272672
0.6176049054660331
0.6169207631167428
0.6153012711124135
0.6123972761302156
0.6077920292402305
0.6056125656310193
0.6097699217537812
0.6175703169493152
0.6270810934525343
0.6370364130922697
0.6465191756971899
0.6550144133778535
0.6623154948694532
0.6683613284015962
0.6733402055118866
0.6773781072174095
0.6806045009403857
0.6831318869977205
0.6850043687547787
0.6862812944497279
0.6869851901926042
0.6871039460509666
0.6866263012943861
0.6854831748537429
0.6835921563778228
0.6808177719531648
0.6769994290223267
0.6719667748860304
0.6655601190502047
0.657802490228893
0.6491141126339145
0.6403732326459933
0.6333078738910727
0.629710597988111
0.6304860766330462
0.6325863109293496
0.6391040288145095
0.6480313995393341
0.6610634823873628
0.6901014790257176
0.7787335327497699
1.0207103877408312
1.031834408714406
0.9890534969325977
0.9234130914797167
0.8088946042525633
0.6084233974265866
0.6059514946111186
0.6034460652635647
0.6009075229062378
0.5983362665943516
0.5957327497862028
0.5930975265331715
0.5904313451773926
0.5877350032260861
0.5906852203818566
0.5921774201737895
0.5929316571767299
0.5933192788340316
0.5935439107055858
0.593704609769132
0.5938423007146688
0.5940336553016826
0.5943512678008298
0.5947938415504413
0.5953731448241106
0.5961381434932074
0.597121071814469
0.598315454531576
0.5997263745955065
0.601338954527982
0.6031122272704985
0.6049998424654766
0.6069548292684401
0.6088853083639832
0.6107466092926482
0.612425414215105
0.613866882815848
0.6149425213526004
0.6155908271708775
0.6156704429612981
0.615048975463084
0.6135508575520705
0.6108856806954954
0.6066993743009874
0.6046960281767254
0.6084395998194049
0.6155395194570564
0.6243345314724743
0.6336343821687944
0.6426899356837115
0.6509533312740597
0.6582248018722372
0.6643399897116281
0.6694266252886731
0.6735894369118897
0.6769349677760064
0.6795729793427023
0.6815417098562616
0.6828920458412581
0.6836427150211903
0.6837767502905381
0.6832806285242222
0.6820842125334753
0.6801064224583351
0.6772162931046966
0.6732609781361532
0.6680814187926487
0.6615414671715053
0.6536815169994239
0.644924753823619
0.6360977524779459
0.6288045590506961
0.6247003389980386
0.6247361903644331
0.6256707377231754
0.6312988393681501
0.6391374858837937
0.6484561346532959
0.6615016552106883
0.6902174889081343
0.7778361791805032
1.0189062096049188
1.0300336649897346
0.987653520683826
0.9224330303719239
0.808154562471954
0.6059514088531956
0.6034459004314638
0.6009072516058036
0.5983359017837281
0.5957323367245775
0.5930970371209068
0.5904306149818358
0.5877338976779495
0.590700429027525
0.5921982656589369
0.5929524797932005
0.5933366293409492
0.5935548559392062
0.5937055825251437
0.5938278145739453
0.5939964610998977
0.5942825131834476
0.5946824316080148
0.5952051762342911
0.5958982181673342
0.5967919327196402
0.5978812703135717
0.5991692194260753
0.6006474269366777
0.6022706097293067
0.6040090744257638
0.6058040278639187
0.6075880805138809
0.6093024731946802
0.6108573209375942
0.612192233018778
0.6131916298047608
0.6137900686590171
0.6138619085595123
0.6132889885802392
0.6119077541295734
0.6094812734146663
0.6056754916373008
0.6038498183090606
0.6071968712480161
0.6136638432362076
0.6217857738907304
0.630453726492787
0.6390312588453355
0.6469937239576304
0.6541506843112566
0.6602847783911477
0.665441099391848
0.6697020782764214
0.6731447345163846
0.6758722659704541
0.6779217516604233
0.6793356571319221
0.6801285648929103
0.6802785375997079
0.6797692359252652
0.6785277587434982
0.6764762706995795
0.67348856936435
0.6694229671348908
0.6641377595343348
0.6575223623014314
0.6496405643973808
0.6409196497472245
0.6321384718792038
0.6247748144784587
0.6203306619757742
0.6197559850268758
0.6195891553829218
0.6243079275006598
0.6314176974510727
0.6397103142402576
0.6490821702760112
0.6620083449638349
0.6903140890265401
0.7768871749001758
1.017049634892623
1.0282121967919866
0.9861650767011776
0.9213950110084327
0.8073833391169052
0.6034458144218217
0.600907082378652
0.5983356165730445
0.5957319530331115
0.5930966095265878
0.5904300991537731
0.5877330806487222
0.5907180922096074
0.5922221338962413
0.5929766830183365
0.5933573800649277
0.5935689591847617
0.5937094355978362
0.5938167536761885
0.5939637304015428
0.5942196785432612
0.5945791564416774
0.5950494875459792
0.5956763045163977
0.5964883395923737
0.5974804191981377
0.5986567155318606
0.6000102740378271
0.6014978171566814
0.6030943664261211
0.6047434357658975
0.606388046701494
0.6079658367247541
0.6094011443496316
0.6106315440392958
0.6115567385936962
0.6121084526351727
0.6121765062846933
0.6116398179085507
0.6103712965958543
0.6081630542327132
0.604718747875723
0.6030731202886491
0.6060449775685411
0.6119326450741027
0.619404283448989
0.627490963830826
0.6355644377946492
0.6431819936961938
0.6501384751358399
0.656228191547546
0.6614099198795412
0.6657391013842623
0.6692595829512189
0.6720568373082996
0.6741699283373308
0.6756345323262057
0.6764616166448514
0.6766255975581369
0.6761072876082529
0.6748305210878958
0.6727202862233544
0.6696576953782778
0.6655135069372912
0.6601654763022626
0.6535331343588012
0.645703294838091
0.6371086882679166
0.6284810518788235
0.6211746902536891
0.6165338969761146
0.6154790617163147
0.6143189117429897
0.6181191102160076
0.6244715852632448
0.6321259623295516
0.6405083169616486
0.649805766494207
0.6625303236327751
0.6904106677015049
0.7758786012991945
1.015170964904325
1.0261094888725388
0.9844916326240417
0.9203064674493066
0.8065977519274798
0.600906996176685
0.5983354430399336
0.595731653890797
0.5930962064088974
0.5904296548477345
0.5877325337734631
0.5907386281839417
0.5922495260877322
0.5930044295255152
0.5933819186691989
0.5935870198652123
0.5937173782411457
0.5938099498060496
0.5939365034544075
0.5941642485731502
0.5944856825603193
0.5949067787559956
0.5954722311894398
0.5962093077692563
0.5971120226555868
0.5981853656706227
0.599423887235302
0.6007874344036709
0.6022520009840373
0.6037665713854066
0.6052776376245418
0.6067298787310752
0.6080501124010154
0.6091828738200264
0.6100302003003958
0.6105404679724521
0.6106019475124459
0.6101046549441703
0.6089405208894737
0.6069212566308788
0.6038224188884856
0.6023434796422475
0.604997594460333
0.6103397889690492
0.617183101627018
0.6247201007007133
0.6322947554558767
0.6395457200082002
0.64624034202165
0.6522121546295893
0.6573674015559967
0.6617245569637836
0.6653027599699639
0.6681528897727256
0.670313782302383
0.6718160920708294
0.6726669539148462
0.6728407884510119
0.6723151808293087
0.6710126578354046
0.6688602669708668
0.6657475024271376
0.6615590553851949
0.6561934031722056
0.649601181492074
0.641892200072841
0.6335022336241733
0.625117070700402
0.6179717735470471
0.6132581411470658
0.6118518166594316
0.6098381329605851
0.6127619163240272
0.6183180057327257
0.6253036295952829
0.6330943990164295
0.6414205902577025
0.6505589764422102
0.6630841855020441
0.6904818161128214
0.7748461181745567
1.0121177132106784
1.023281651066794
0.9827021164485199
0.919194629536389
0.8057970815540042
0.5983353566883974
0.5957314762324215
0.5930958935698801
0.5904292319017788
0.5877320706505912
0.5907622833584949
0.5922810354608861
0.5930363167321803
0.5934104508506004
0.5936094351192291
0.593730162049851
0.5938085584390527
0.5939154023142572
0.5941168397844488
0.5944030323775218
0.5947783104826567
0.5952863258145403
0.5959539367756582
0.5967747425974641
0.5977533397654262
0.5988856675806877
0.6001341240070305
0.60147762602018
0.6028672770203468
0.6042536995333422
0.6055862175502118
0.6067987209015782
0.6078389525459394
0.6086115451138729
0.6090796590340757
0.6091289505751671
0.6086783364080578
0.6076080732230582
0.6057648481631566
0.6029757598967678
0.6016432125212549
0.6040459457866599
0.6088779253278002
0.6151383661317598
0.6221198400521704
0.6292186324376516
0.6360863666824066
0.6424971366631039
0.6482834644644376
0.6533580162940105
0.6576914763324428
0.6612979057915638
0.6641848732601887
0.6663796031793261
0.6679092555795275
0.6687740234176891
0.6689512763002057
0.6684198917674467
0.6670989787449105
0.6649208294056257
0.6617831006947924
0.657585585469314
0.6522474322181204
0.6457496887232352
0.6382236764605773
0.6301044180994422
0.6220320969043949
0.6151288762925539
0.6104436217210762
0.608803531428181
0.6060878219545718
0.6082226960810855
0.6129961469941864
0.6192650942440366
0.6264385442032
0.6341964656971714
0.6423697989294971
0.6513596322674429
0.6636308676898505
0.6905610392746396
0.7735464579749424
1.0058583069443683
1.0201470478071355
0.980869133018801
0.9180617972386644
0.8049844665700844
0.5957313897507959
0.5930957120657028
0.5904289058841268
0.5877316280398651
0.5907892157609064
0.5923171407712983
0.5930730814778771
0.5934436221368111
0.5936363592974802
0.5937480911981268
0.5938132137271861
0.5939013865390399
0.5940778111519319
0.5943313708172976
0.5946644404056949
0.5951193329579486
0.5957221021478792
0.5964670475532504
0.59735870935987
0.5983933560838742
0.5995351191043521
0.6007661251134019
0.60204037946691
0.6033115376626924
0.6045308969609003
0.6056412655162912
0.6065919156245307
0.6072978158260574
0.6077204108055456
0.607757905400129
0.607347120169845
0.6063656530217403
0.6046980855843336
0.6021746188118662
0.600978803131495
0.6031563591686527
0.607536277242385
0.6132711309481423
0.6196965039549007
0.6263330364023761
0.632798149064925
0.6389226933201116
0.6444818947907486
0.649427933647812
0.6536853820305972
0.6572760823770489
0.6601783000964141
0.6623919322984779
0.6639411069495397
0.6648133378192376
0.664989026370365
0.6644507239493023
0.6631189883266944
0.6609299972135939
0.6577921025276003
0.6536193416972189
0.6483515630115202
0.641998527194736
0.6347086797559223
0.6269135567908183
0.6192072933107869
0.6126066369052294
0.6080293638062209
0.606256123270927
0.6029834661038513
0.604440514400794
0.6084920116394971
0.614046460031128
0.620554718702104
0.6277268316585807
0.6353397262277574
0.6433735765473428
0.6521579879543531
0.6642044484431477
0.6905814341623858
0.771561146793238
0.9988112791104979
1.0169330202053517
0.9790065790100728
0.9169119585668267
0.8041629440272976
0.5930956254420022
0.5904287209151446
0.5877312901081835
0.5908197875583708
0.5923581976645613
0.5931152681844865
0.5934821826709221
0.5936684331144595
0.5937711980257342
0.5938239964022476
0.5938948781218707
0.5940479226420843
0.594270646699588
0.5945647870114481
0.5949709902617188
0.5955139606008413
0.5961882656674555
0.596999422178443
0.597944303496543
0.5989879660207225
0.6001142909358733
0.6012811819034274
0.6024453004378348
0.6035603365940942
0.6045733203308383
0.6054379405040953
0.6060805344095817
0.6064587019901341
0.6064887597233792
0.6061026609007545
0.6052095528227683
0.6037042860508502
0.6014259675719492
0.6003601773127383
0.6023115839309052
0.6063005043373821
0.6115491946525841
0.6174674076711225
0.6236366610944483
0.6296927565616035
0.635510627958557
0.640831479454097
0.6456108634854741
0.6497560633266285
0.653279267501753
0.6561654662462287
0.6583772513535467
0.6599364254995606
0.6608133586129136
0.6609851312697518
0.6604411613609948
0.6591044961415967
0.656918627529337
0.6538027604004975
0.649686950524394
0.6445286583451133
0.6383639699626692
0.6313549384075048
0.6239247085731444
0.6166224015438906
0.6103668228941719
0.6059574926039025
0.6041330858138035
0.6004327846915261
0.6013277284620173
0.6047446455229317
0.6096318992753291
0.6154732731619729
0.6220167703167521
0.6290598221474808
0.6365412805138735
0.6443734177036874
0.6529915816946601
0.6647631502862883
0.6904880341915496
0.7692485693625346
0.9916572507345978
1.0136806446622306
0.9771237576970415
0.9157481635035352
0.8033320138089901
0.5904286340961689
0.5877311026646637
0.5908545571423958
0.5924047598652031
0.5931632857848903
0.5935267109253416
0.5937064034362569
0.5938000371355762
0.5938407721446345
0.5938957268519945
0.5940273076344766
0.5942213713402871
0.5944789258795602
0.594840299797069
0.5953285537346951
0.5959379618338763
0.5966742695413955
0.5975359476693988
0.5984894342138973
0.5995194593937148
0.6005863293140365
0.6016503772667375
0.6026688430688123
0.6035911556640672
0.6043745810815575
0.6049535454001796
0.6052901497467378
0.6053136391182942
0.6049470211476132
0.6041363787424635
0.602767475414574
0.6007307403544041
0.5997790938076349
0.601528839000635
0.6051547590922663
0.6099445083300332
0.6154202304922549
0.6211280391287012
0.6267916475588573
0.6322626299144634
0.6373421708997133
0.6419245791708599
0.6459401854674984
0.6493548963245416
0.6521866059820463
0.6543697964941884
0.6559213343587695
0.6568001643741056
0.6569687512848011
0.6564224742771574
0.655089066031541
0.6529189761279047
0.6498454662950608
0.6458145807783965
0.6408001517828186
0.6348605923981563
0.628167213779972
0.6211316739772392
0.6142579237232886
0.6083747766146301
0.6041764302155102
0.6023647545053322
0.5983466174358475
0.5987883225168639
0.601666956768558
0.6059609847551075
0.611176101992258
0.6170901154725132
0.6235271171889679
0.6304531244134054
0.6377346998354532
0.6454113561480062
0.6538164593841514
0.6653283306925307
0.6902960283826769
0.766879672185088
0.9844426557847256
1.0104142838623749
0.9752238788028709
0.9145691341679291
0.8024905631478774
0.587731016127078
0.5908941290743416
0.5924576633772296
0.5932178491646132
0.593577651062827
0.5937507856868531
0.5938353210391402
0.5938640218522288
0.5939036323562724
0.5940155375546544
0.5941833290329466
0.5944069665928463
0.5947264223918025
0.5951643307925673
0.5957144836513822
0.5963821576189314
0.5971665878775463
0.5980365039570991
0.5989779859247785
0.5999527571762177
0.6009235094546763
0.6018513952608874
0.6026896749904757
0.6033979894491736
0.6039149814819665
0.6042106679853606
0.6042233711835171
0.6038803822374395
0.6031400975916562
0.6018925109619861
0.6000743225077572
0.5992246579646586
0.6008168093084719
0.6040920164342699
0.6084614245794316
0.6135146785329681
0.6188036636710655
0.6240935087590124
0.6292041228243481
0.6340195798809444
0.6383842352938072
0.642252451890489
0.6455426920741739
0.6482833751120047
0.6504117716980582
0.6519291428059587
0.652800485265522
0.6529669806137338
0.6524231950256646
0.6511033706756739
0.6489627101797165
0.6459495934560042
0.642028118972165
0.6371858562005474
0.6315006563576172
0.6251490355520485
0.6185271903904633
0.612095325497513
0.6065998782377485
0.6026414588333985
0.6008911620194338
0.5966449049942819
0.5967294999940143
0.5991635230812725
0.6029484786250504
0.6076034537665562
0.6129258634047028
0.6187594538362713
0.6250988066435316
0.6318333639248991
0.6389666613528431
0.6464371769987549
0.654671860402509
0.6658647853061317
0.6900889780886251
0.7644902455028977
0.977238281376883
1.0071345856424012
0.9733044880184897
0.9133747044412895
0.8016363992474207
0.5909390319803012
0.5925177668678553
0.5932799015917103
0.5936357375249758
0.5938020147629652
0.5938774943852947
0.5938943308761104
0.5939189018283723
0.5940120285085626
0.594155696186368
0.5943483507798599
0.594629077656201
0.5950199723223142
0.5955156561549275
0.5961207666227357
0.596834476906239
0.5976269506600846
0.5984863781379759
0.5993765125290473
0.6002613662415729
0.6011046495138258
0.6018639688362875
0.6025026952680069
0.6029622400249299
0.6032178945535863
0.6032148869768498
0.602894945542705
0.6022153471663118
0.6010867569726953
0.5994486496341045
0.5986986752039971
0.6001513019839946
0.6031159947204319
0.6071048818274708
0.6117338500659526
0.6166501373992869
0.6215736015401553
0.6263572763945328
0.6308746917588011
0.6350128042346816
0.6386993780982548
0.6418650854439726
0.64448943461357
0.6465442064083915
0.6480013123298165
0.6488461861889726
0.6490074556008532
0.6484695003108074
0.6471738652559017
0.6450777687125318
0.6421423575733479
0.6383506379282933
0.6337037263125358
0.6282946063091263
0.6223020680706661
0.6161039692761789
0.6101179530893753
0.6050156240511034
0.6013144172163545
0.5996610874216599
0.5952587523645612
0.5950676090521001
0.5971418521774935
0.6005011854884589
0.6046724774679326
0.6094644984761038
0.6147330477996892
0.6204906482948832
0.6266524628778977
0.6332519064438547
0.640180184030998
0.6474977929880295
0.6555120759200093
0.6664067506984905
0.6898759985855367
0.7621195976090843
0.9700136892865778
1.0038350483263458
0.9713660855864332
0.9121612908208923
0.8007726978883937
0.5925859549820176
0.593350445596685
0.5937019665011045
0.5938608359287046
0.5939269509404589
0.593932068940229
0.5939419588350836
0.5940169101668649
0.5941376726919669
0.5943018823052014
0.5945471800942225
0.5948947039338378
0.5953397033049724
0.5958873438428081
0.5965366350030843
0.5972584125026217
0.5980419126487414
0.5988536974910941
0.5996596737036565
0.6004251557654919
0.6011105941568173
0.6016836570522017
0.6020901712595341
0.602308690547858
0.6022888073043008
0.6019844811583535
0.6013589504821651
0.6003419991898283
0.5988627305338666
0.5982038891710169
0.599515603818926
0.6022209134766852
0.6058562680617097
0.6100954957631437
0.6146456711390034
0.6192196430991432
0.6237066644828908
0.627923994474177
0.6318294799017796
0.6353023224314073
0.6383309304959011
0.6408284381617663
0.6427953516437739
0.644179571868284
0.6449742669496276
0.6451221840767881
0.6445878682374564
0.6433245878973299
0.6412880578470401
0.638446467331566
0.6348028706197499
0.6303693975526593
0.625250981221202
0.6196268351969072
0.6138543340012589
0.6083105873640109
0.6035987761432743
0.6001635546593661
0.5986315742628967
0.5941298082169485
0.5937301652835147
0.595518034743219
0.5985284458944813
0.6022927652245891
0.6066252847905731
0.6113883281199536
0.6166024792221504
0.6221988680295091
0.6282444759540855
0.6346448778915043
0.6414282303146873
0.6485409288184313
0.656365042498235
0.6669480716566076
0.6896735556904987
0.7597621334698877
0.962745848485971
1.0005143519700412
0.9694047597654187
0.9109323203768755
0.7999000455207719
0.5934305180641322
0.5937773958875224
0.5939282536834137
0.593984408015921
0.5939775378813389
0.5939730482077477
0.5940304587604094
0.5941291537888268
0.5942664060969833
0.5944791430821359
0.5947869971576883
0.5951853424238205
0.5956796159281289
0.5962698005520983
0.5969273219934867
0.5976416856597696
0.598381146410917
0.5991142165913743
0.599808401928902
0.6004260134362227
0.6009374896671109
0.6012937139822956
0.601477756927693
0.6014429535231613
0.6011488703290924
0.6005698544984185
0.5996478965384529
0.5983211048645876
0.5977369434170687
0.598921544650769
0.6013865398480616
0.6047003879718714
0.608598382617677
0.6127837640538101
0.6170355463678341
0.6212208015397731
0.6251735410727304
0.6288356469362961
0.6320944881889273
0.6349510035058477
0.637319704665821
0.6391805440005925
0.6404938442312804
0.6412211864883828
0.6413448592309605
0.6408085316505295
0.6395781104839752
0.6376137254640797
0.6348809199644532
0.6314003592776781
0.6271947375269326
0.6223760011385491
0.617122363595752
0.6117710013364346
0.606659892885328
0.6023297275207505
0.5991621323561611
0.5977672457088503
0.5932095530313221
0.5926557870198554
0.5942190199793912
0.5969476959708844
0.6003761683957667
0.6043205798714989
0.6086461258960885
0.6133749058576913
0.6184438544945072
0.6239461922076099
0.629804057697364
0.6360707352578309
0.6426524162669409
0.6495979221543905
0.6572180211985809
0.6674956278877006
0.6894864206118264
0.7574067556399411
0.9554199101767392
0.9971767349566958
0.9674286047830313
0.9096931418938512
0.7990111065787776
0.5938631702093748
0.5940053903795224
0.594050846222492
0.5940313749535364
0.5940123764800369
0.5940527183621707
0.5941301371629593
0.5942415146876889
0.5944235309586403
0.5946947995386356
0.5950505063190972
0.5954957914441218
0.5960312087183255
0.5966299429741595
0.5972816206814138
0.5979554637491177
0.5986214414688927
0.5992498890915628
0.5998055331937873
0.6002606567358868
0.6005695294712617
0.6007203003402892
0.6006715958838224
0.6003870502362132
0.5998481036770489
0.5990054630314549
0.5978169776088347
0.5972960532376131
0.5983758183148608
0.6006051357863593
0.603635438424182
0.6072116695686927
0.6110717388959086
0.6150134233975603
0.6188984787413011
0.6226061011368802
0.6260264028970358
0.6290890745271528
0.6317483192347325
0.6339807221339271
0.6357161718282843
0.6369578788617695
0.6376153378682136
0.6377051763832854
0.6371635541073197
0.6359603336214549
0.6340736237489686
0.6314604942527313
0.6281544153697676
0.6241869452345051
0.6196727380382461
0.6147869682149099
0.609846623777892
0.6051535459436078
0.6011917982974042
0.5982876529462664
0.5970389323953279
0.5924582253070295
0.5917934758022114
0.5931828625944329
0.595686876427672
0.5988422554359268
0.6024650485717153
0.6064211191224663
0.6107304291243868
0.6153280639350852
0.6203257267098834
0.6256551530208865
0.6313944574764917
0.6374654425796255
0.6438891096884112
0.6506528153363197
0.6580750596654513
0.6680562232220549
0.6893105184310723
0.7550472227892141
0.9480939318553887
0.9938540742683566
0.9654470816781235
0.9084277362053139
0.798125364067486
0.5940933354106455
0.5941273378229888
0.5940945471856983
0.5940604874445938
0.594083738737797
0.5941404565323256
0.5942269675988396
0.5943796216654432
0.5946162545492788
0.5949327017799055
0.595333266018202
0.5958185451866295
0.5963630222892169
0.5969575206808968
0.597572108944636
0.5981775542402232
0.5987457257388502
0.5992444012354058
0.5996482674513126
0.5999140547198134
0.6000332260741256
0.599969967267811
0.599694010906502
0.5991914671338257
0.598419216750096
0.5973481500322873
0.5968834450147229
0.5978669756736703
0.5998851780730139
0.6026532127209198
0.6059235371088574
0.6094960875838592
0.6131391321505528
0.6167527045609849
0.6202034118562909
0.6234031096929717
0.6262701029830934
0.6287459139356206
0.6308238149506292
0.6324279912360834
0.6335796949495767
0.6341747462150599
0.6342235378062059
0.6336792024982117
0.632498126218035
0.6306878807507746
0.628199912858616
0.6250735704669292
0.6213505664252583
0.6171412296919259
0.6126166092584985
0.6080737177855745
0.6037805011721888
0.6001705385877969
0.5975219442268827
0.5964228329192761
0.5918433914368084
0.5911014419474835
0.5923580401946351
0.5946847962052958
0.5976206908137686
0.6009808097530637
0.6046305188147212
0.6085860508952
0.6127757064348032
0.617323460624645
0.6221645776232307
0.6273928570202212
0.6329465016391547
0.6388702331282373
0.6451203101409129
0.6517096931607528
0.6589432739849224
0.6686271550020255
0.6891445576558922
0.75270045861904
0.940916022733519
0.990543989089141
0.9634364160157907
0.9071678861948334
0.7661344505219662
0.5942150036558486
0.5941680249468688
0.59411822740351
0.5941239693456696
0.5941599979066756
0.5942223479096661
0.5943467998268561
0.5945503207799097
0.5948297537633439
0.5951891415352171
0.5956286772610416
0.5961237402234411
0.5966657738776513
0.5972265393562168
0.5977776476161603
0.5982917887106798
0.5987385478557996
0.5990954224033418
0.5993222793361679
0.5994129891729452
0.5993354075254641
0.5990654182459587
0.5985953444046621
0.5978876558018427
0.5969191729874428
0.5965019291959476
0.5973895385617993
0.599225014759335
0.6017441542507035
0.6047410855732983
0.6080313203717622
0.611407748115091
0.6147685973132062
0.6179711718906085
0.6209612179573609
0.6236270917414136
0.6259432857274676
0.6278576450268025
0.6293369586547878
0.6303763667049953
0.6309103945680732
0.6309139382712695
0.6303700823654251
0.629213033557297
0.6274748101335595
0.6251135826213076
0.6221667497423656
0.618687747790799
0.6147802184480298
0.610606311272659
0.6064440920058637
0.602530773681536
0.5992538333277553
0.5968830909615206
0.5958996184650885
0.5913388044519727
0.5905457021024267
0.5917022934780145
0.5938905051987982
0.5966516658346805
0.5997996803253072
0.6031988837680384
0.6068614245140819
0.6107062780107971
0.6148649642247431
0.6192725301810361
0.6240303179678026
0.6290855366099952
0.6345057336010195
0.6402654302411593
0.646350637589744
0.652775894643751
0.6598196351724601
0.6692088577988566
0.688983735506216
0.7504287413969973
0.9337681148590359
0.9872380493677606
0.9614443361693943
0.8915258241581341
0.9212806742090225
0.5942528789633073
0.5941864976937037
0.5941741262735891
0.5941890269372079
0.5942272853745993
0.5943243193887822
0.5944960316513803
0.5947401774007093
0.5950608537031024
0.5954582760032678
0.5959085830144287
0.5964030892291673
0.5969148009273103
0.597416905745774
0.5978829294373158
0.5982835729639524
0.5985979082457313
0.5987892840838882
0.5988545103734519
0.5987644086368652
0.5984989392685316
0.5980564089038398
0.5974062801969067
0.5965307940193769
0.5961535722692166
0.5969491439123085
0.59861452942152
0.6009064263962571
0.6036564444687766
0.6066748872830521
0.6098089886220011
0.6129239724779809
0.615912328974175
0.6186889411124681
0.6211697274969725
0.6233215503658494
0.6250895168465039
0.6264435045355263
0.6273719645826574
0.6278314595866145
0.6277910879142695
0.6272419418416335
0.6261180039927241
0.62444846585248
0.6222130079463755
0.6194419025280309
0.6162002657843981
0.6125866687530905
0.6087502901343602
0.6049496666523207
0.6013947154354299
0.5984305523187514
0.5963589224943195
0.5954702098359885
0.5909233943568499
0.5900988389707
0.5911812813543672
0.5932621788971734
0.5958853360655768
0.5988636213262909
0.6020602156142841
0.6054834072522087
0.6090420950449046
0.6128719549570246
0.616905812711452
0.6212469487453595
0.6258451321847255
0.6307824407532004
0.6360511365198299
0.6416563145853588
0.6475877185988383
0.6538473347837126
0.6607044434506371
0.66978851480775
0.6888442491194854
0.7482026700622291
0.9267946515303134
0.9839897341816604
0.9531158149255262
0.9289148745376741
0.7590187899546381
0.5942662884936413
0.594234967197942
0.5942280703044909
0.594241821102747
0.5943115854840784
0.5944522680005253
0.5946625994619748
0.5949465388595212
0.5953044803485655
0.5957138381920468
0.5961655046816646
0.5966332560653653
0.597091113025139
0.597514124659497
0.5978741363578189
0.5981512176463342
0.5983108484203964
0.5983529326989723
0.5982519018289228
0.5979911521353808
0.5975728374303528
0.5969727230538581
0.5961800927174838
0.5958380440768717
0.596549145860118
0.5980524667242577
0.6001374676689764
0.6026550488720631
0.6054311537596296
0.6083275612471509
0.6112168124897384
0.614004020376395
0.6165831153765658
0.6188958785634717
0.6208768159996916
0.6225164499625739
0.6237405895066354
0.6245763328919933
0.6249490549510985
0.6248677265155166
0.6243034694354651
0.6232161351585269
0.6216166265144389
0.6195037698304406
0.6169050838450417
0.6138899901389717
0.6105576448272079
0.6070425889998418
0.6035824094777602
0.6003635985476583
0.5976911802876335
0.5959044172547147
0.5951222273739603
0.590588468173214
0.5897389200044658
0.5907673266540766
0.5927658406315621
0.5952807572584639
0.5981242192792088
0.6011583606991034
0.6043880586742477
0.6077125175531861
0.6112692725342693
0.6149881284439187
0.6189707833539222
0.6231653843897145
0.6276613846009672
0.6324614818812786
0.6375886598396593
0.6430510715193324
0.6488267746180674
0.6549241238343488
0.661581743157929
0.6703681496269045
0.6887366337630132
0.7460463664043417
0.9199895781970039
0.9770022235332518
0.9600853920392581
0.7536889358249499
0.7054332108672131
0.594307388844937
0.5942777290809662
0.5942662739475196
0.5943083821110788
0.5944181157952592
0.5945955828413119
0.5948443956886462
0.5951650075211409
0.5955362382674969
0.5959490117480255
0.5963775413269121
0.5967962587046451
0.5971809377976817
0.5975051483566034
0.5977499032800639
0.5978824036242087
0.5979041442616227
0.597793277635895
0.5975371950937849
0.5971413599572681
0.5965857808219548
0.5958657888459531
0.5955536548120391
0.5961875521129587
0.5975414179969398
0.5994337081672902
0.6017326902039091
0.6042888359653135
0.6069584243350055
0.609643678840709
0.6122286185664426
0.6146386984544677
0.61678596217249
0.6186187784009465
0.6201251689543648
0.6212322522118275
0.621977203554961
0.622273949958659
0.6221471285084185
0.6215681028571675
0.6205084611008279
0.6189823783066919
0.6169861217871431
0.6145574390797154
0.6117575723124706
0.6086904119900515
0.6054780727772102
0.6023352172243823
0.599429272688245
0.5970276245577536
0.5955039486508871
0.5948279257823932
0.5903206402412802
0.5894525121337839
0.5904382954789427
0.5923741153397648
0.594804672438118
0.5975416796837089
0.6004464936235533
0.6035210194197417
0.606655810607875
0.6099887541290228
0.613446582838768
0.6171274642883481
0.620975539457065
0.6250827789181961
0.6294561300094939
0.634129194902633
0.6391270724739859
0.6444443331194833
0.6500677114926101
0.6559883828523797
0.662451015989719
0.6709702259533408
0.6886273127071882
0.744006488434082
0.910535780963015
0.9633516647127804
0.767702120737341
0.7070380097595632
0.6910305842805902
0.5943387181315415
0.5943010122170662
0.5943147241310289
0.5943930462652077
0.5945378525388724
0.5947525662485915
0.5950376077627406
0.5953731754648605
0.5957500818611824
0.5961434024974691
0.5965277569854541
0.5968791846872784
0.5971720953372168
0.5973888783990496
0.5974984903588717
0.5975035920380659
0.5973846591493155
0.5971328529598386
0.5967575458062234
0.5962426200219954
0.5955873776628672
0.595300049204611
0.5958619120473714
0.5970794301094466
0.598793186585925
0.6008893738803976
0.603236250612561
0.6056989897609204
0.6081898648559807
0.6105879725489379
0.6128371201538579
0.6148308031513008
0.6165370376468775
0.6179105744296849
0.6189196843397977
0.6195643577319611
0.6198059656998538
0.6196265398103707
0.6190433169943881
0.6179994607245131
0.6165465394838856
0.6146597328473029
0.6123942301052266
0.609800651209796
0.6069803740140101
0.6040513400640017
0.6012020976525093
0.5985842357283224
0.5964328302946158
0.595150506387333
0.5945751510350908
0.5901003786522746
0.5892257409129502
0.5901786239333435
0.5920651013316374
0.594430292785149
0.5970836644153957
0.5998861384538003
0.6028370015596921
0.605819496193361
0.608970911837813
0.6122152638938486
0.6156462990678868
0.6192031083887964
0.6229771267786891
0.6269755044014774
0.6312363986628876
0.6357949160992974
0.6406605263586644
0.6458358721050956
0.6512909998391647
0.6570400396304713
0.6633388239676906
0.6715403970211344
0.6885928987288176
0.7411282705635087
0.8161969758038006
0.7638230206833938
0.7057156266312499
0.6946880110932225
0.6872079462700849
0.5943465051583487
0.5943306963800024
0.5943767469004648
0.594488522442676
0.5946694681658261
0.5949200478792978
0.5952220176482826
0.595565738193482
0.595927124685558
0.5962812012470815
0.5966040940541475
0.596870618028152
0.5970636460634942
0.5971541364638185
0.5971459709701249
0.5970215753775195
0.5967745476144619
0.5964177746400986
0.5959394329405914
0.5953426676446979
0.5950769235178989
0.5955715352003628
0.5966631558236002
0.5982127699397954
0.6001218993479293
0.6022710933158502
0.6045414185879312
0.6068459145895222
0.609077133404367
0.6111656401289738
0.6130267802014525
0.6146081776597025
0.6158729812603791
0.6167877262846186
0.617343352372767
0.6175310403202928
0.6173071839908895
0.6167208845937624
0.6156959198694025
0.6143061319300985
0.612525941405528
0.6104089689544245
0.6080138056650726
0.6054220467309038
0.6027557896126
0.6001773341847192
0.5978225370381849
0.5959004812593445
0.5948379837423423
0.5943569743789839
0.5899171078222054
0.5890431661368949
0.5899743172708699
0.591822412670859
0.594136193633702
0.5967241194394618
0.59944603741785
0.6022988250288275
0.605159861184728
0.6081652129165029
0.6112367604541589
0.614463561234674
0.6177795117752634
0.6212737976749848
0.6249513827727234
0.6288509996996263
0.6330120448941363
0.6374524103703343
0.642188734889626
0.6472046102342325
0.6524974682264922
0.6581083034197333
0.6641812333547158
0.6721733306423229
0.6884876092985067
0.7197442447668232
0.7271231364871585
0.7015233741425798
0.6919497945066677
0.691432250185082
0.6857446833310193
0.5943564903287339
0.5943689444274474
0.5944468978479439
0.5945938128948949
0.5948103595610622
0.5950801373824433
0.5953929803518934
0.5957254073216807
0.5960526731804136
0.5963511531979353
0.5965958828806253
0.5967697873742315
0.5968449929213864
0.5968265369123802
0.5966989789518427
0.5964580776567283
0.5961188377299454
0.5956733244528312
0.5951287647089522
0.5948823412896976
0.5953155538186937
0.5962909522263365
0.5976888037797405
0.599424994552125
0.6013911056239851
0.6034792414811635
0.6056088573011603
0.6076817265362284
0.6096220774928465
0.6113596306830303
0.6128242368601452
0.6139975509743063
0.6148231302333967
0.6153117658659834
0.6154383196708882
0.6151880995580747
0.6145881574345174
0.6135964874079892
0.6122564362860432
0.6105830028357407
0.6085980747311932
0.6063893448323256
0.6040092443727934
0.6015838115766973
0.599254728278022
0.5971386629590071
0.5954250145124055
0.5945620122370245
0.5941680500405743
0.5897638154869276
0.5888950452944424
0.5898120090732446
0.5916322165167615
0.5939057164084856
0.5964422185496008
0.5991010121289974
0.6018763143709375
0.6046410287637505
0.6075295764063844
0.6104623719755354
0.613523855285229
0.6166431203240577
0.6199062859735052
0.6233149667234976
0.6269060756502222
0.6307195664669208
0.6347765209782865
0.6391013848554793
0.6436891623631131
0.6485521359197685
0.6537188427823085
0.6591223309098667
0.6650874601593646
0.6729475254592139
0.6838159340352938
0.6941933634094871
0.6910419796035199
0.6866340711137421
0.6884183468367868
0.6901743219152687
0.6848093800734978
0.5943694303397469
0.5944122968184498
0.594524485376397
0.5947068701173021
0.5949452141780159
0.5952288656262212
0.5955349496988136
0.5958386887939545
0.5961164150479199
0.5963434076170295
0.5965025149374645
0.5965667025900204
0.5965411272822112
0.5964125027429236
0.5961787371929858
0.5958568585503159
0.5954416133497605
0.5949436051393396
0.5947139731075476
0.5950916688531919
0.5959611016498512
0.5972188635402843
0.5987943018276136
0.6005906027936101
0.6025080670097227
0.6044740777949045
0.6063939805739756
0.6081996744097847
0.6098161666354459
0.6111816730333974
0.6122646641484326
0.6130203763789231
0.613449210537699
0.6135270821797298
0.6132558007867123
0.6126433420743772
0.6116870414039898
0.6103952863005455
0.6088211258168313
0.6069604846066935
0.6049186062338656
0.6027363939914515
0.6005277194558208
0.5984276921843703
0.5965275244303561
0.595001556207233
0.5943189065624315
0.5940040554307321
0.5896349944704912
0.588774414266389
0.589682407346976
0.5914823938201115
0.5937253480939048
0.5962215574479013
0.5988309357882402
0.6015451834912103
0.6042338961965266
0.6070294665123159
0.609851586756791
0.6127802570010439
0.6157404756629158
0.6188150072466598
0.6220017767952685
0.6253346417316783
0.6288518732178918
0.6325744046620992
0.6365295583961151
0.6407179601706848
0.6451639261672222
0.649912705047588
0.6548780682397984
0.6602046413877398
0.6661764044777215
0.670746877991754
0.6756377425260351
0.6786533112591744
0.6793533900685246
0.682493767327618
0.6869959801736403
0.6893595355535065
0.6840708103702684
0.5943841269354919
0.5944603832785358
0.594608033424515
0.5948152445854562
0.5950707740039971
0.5953525398029008
0.5956357181576941
0.5958962290999943
0.5961092207313874
0.5962574528810777
0.5963145861371698
0.5962855443683983
0.596158224412335
0.595932644060409
0.595627670430618
0.5952408616701313
0.5947851017056729
0.5945701742850173
0.5948973295064921
0.595670628394953
0.5968003290881025
0.5982268479175481
0.5998644955108264
0.601622487724903
0.6034349215681146
0.6052106079025568
0.6068882501665348
0.6083911551427463
0.6096666865612725
0.6106668191092771
0.6113657353030523
0.611740570589271
0.6117879380817316
0.6114951032658685
0.6108846457669361
0.6099529910802435
0.6087186153865655
0.607227791111608
0.6054917347461083
0.6035945737048545
0.6015969819591181
0.5995819475318412
0.5976888188700538
0.5959846563612362
0.5946454011445321
0.5941054665983159
0.5938617199082649
0.5895261675267534
0.5886758431356236
0.5895785897127276
0.5913640013742499
0.5935839553761731
0.5960489871041784
0.5986200703854822
0.6012860179103703
0.6039150595702035
0.6066368654743485
0.6093711860197972
0.6121937726254807
0.6150263650058214
0.6179483838731727
0.6209542192095546
0.6240742036751133
0.6273437719268006
0.630781775147381
0.6344152839167926
0.6382460669887071
0.642304578937148
0.6466497592203233
0.6512034709282026
0.6561100288499202
0.6614681049264356
0.6640958598885446
0.6655121080876129
0.6680029144299149
0.6708332351107965
0.6749862340075621
0.6806480023556193
0.6860493175170362
0.6887142464349574
0.6834681564666047
0.5944004683942581
0.5945123182175833
0.5946882425473383
0.5949163117788003
0.5951752711511222
0.5954403361629239
0.5956869116121959
0.5958896377655448
0.5960307577623883
0.5960845164090728
0.5960553961742903
0.5959322874470807
0.595716299642785
0.5954279791952203
0.5950675801879476
0.5946504995064781
0.5944490451971807
0.5947305421249149
0.5954164559633408
0.5964295111661222
0.5977193086238729
0.5992092730789582
0.6008175230448065
0.6024851776311271
0.6041257552547852
0.605681059768622
0.6070789599149095
0.6082669150881429
0.6091977765361438
0.6098418274912435
0.6101790735095682
0.6102000584886619
0.6098985474112093
0.6092959788893569
0.6083892749338333
0.6072132668380467
0.6057969673912312
0.6041787416632644
0.6024126700688486
0.6005812969078719
0.5987424325410838
0.5970315731821051
0.5955055895658212
0.5943758518615123
0.5939285077498345
0.5937386050278795
0.5894337841848526
0.5885949977930078
0.5894951845812223
0.5912701791860722
0.5934729847601399
0.5959139056687361
0.5984557171545623
0.6010835419109605
0.6036658276064195
0.6063292367937896
0.6089942401997124
0.6117324526373947
0.6144632623383195
0.6172628581245886
0.6201225442508005
0.6230691092141853
0.6261347118646273
0.6293352048393188
0.6326955935183951
0.6362160452881487
0.6399286600624188
0.6439003169018945
0.6480585033595692
0.652570631318991
0.6575088709493748
0.6591992624015766
0.6587155923398704
0.6593959896149254
0.6619871743933783
0.666429993396805
0.6725782434279105
0.6793620096223684
0.6852912077989525
0.6881878213832957
0.6829758802681057
0.5944181828679189
0.5945621989048495
0.594763132904992
0.5950004996522855
0.5952494941638942
0.5954849395694002
0.5956809599386881
0.5958187750604621
0.5958728550533874
0.5958468414029118
0.5957306278754604
0.5955261400487326
0.5952547748003162
0.5949191467633528
0.5945370992034158
0.5943481583624625
0.5945889626397829
0.5951958964980502
0.5961026735892704
0.5972673495688161
0.5986209848375005
0.6000892154097464
0.6016200470738041
0.6031326935893759
0.604572409284105
0.6058714533070211
0.6069766146958218
0.6078454651464895
0.6084394813723768
0.6087507398772737
0.6087495416701535
0.6084532327755661
0.6078598030946767
0.6069886652507949
0.6058637297486719
0.6045242015244238
0.6030070614380277
0.6013675353037137
0.5996794306969837
0.5980039485732154
0.5964510572423949
0.5950857163398924
0.5941635780187826
0.5937965239919575
0.5936378825383454
0.5893551432320258
0.5885284081874249
0.5894280235279757
0.5911955538388244
0.593385756830465
0.5958080787161103
0.598327532095806
0.600925521410113
0.603471348381556
0.606088579401184
0.6086991012470064
0.6113704112673988
0.614020451875396
0.6167223166552034
0.619464801545496
0.6222713876735706
0.6251709322400045
0.6281760440138572
0.6313087959540272
0.6345662422880455
0.637979364928261
0.6416185602493969
0.6454122741219731
0.6495464557810031
0.6540843410724189
0.655032496612967
0.6531905417797146
0.6520877619624929
0.6533361880727757
0.6572176279511714
0.663339751744451
0.6707759480204737
0.6783198233153821
0.68466797754291
0.6877580857057715
0.6825754288871116
0.5944351931429133
0.594608870133863
0.5948255956426935
0.5950603539241361
0.5952871987620694
0.5954797089372967
0.5956178702518768
0.5956761082191325
0.5956565175364711
0.5955497737221372
0.5953585959270485
0.5951049237565464
0.5947931190756257
0.5944430324068057
0.5942653002183811
0.5944698281075064
0.5950058571838956
0.5958163372278669
0.5968666252254766
0.5980948746431171
0.5994331665608822
0.6008354013052079
0.6022263761494095
0.6035561596825499
0.6047610703085107
0.6057895315992881
0.6065995112390729
0.6071519027210587
0.6074393240500905
0.6074284459351883
0.6071393589804316
0.606566499245458
0.6057328218710493
0.6046610630295262
0.6033962377564118
0.6019694602021621
0.6004478427861876
0.5988854493490327
0.5973575160332902
0.5959443716372522
0.5947195578431427
0.5939794770494699
0.5936935582287723
0.5935638234441296
0.5892909205944814
0.5884732699467008
0.5893738964642307
0.5911359480745977
0.5933169953464283
0.5957250759055663
0.5982275410807175
0.6008021040354886
0.6033198687571355
0.6059005886756301
0.6084684852030203
0.6110868481063692
0.6136730702360382
0.6162972235569695
0.6189462491833291
0.6216406519528004
0.624406189462083
0.6272523742478688
0.6301981006334713
0.6332366667930326
0.6363963896781244
0.6397483819517037
0.6432187536167178
0.6470055282320201
0.6511568923365245
0.6514191970190051
0.6483793455365184
0.6455924808609504
0.6450849820554511
0.6477045026073083
0.6532474781921326
0.6608334475386168
0.6692867121164048
0.6774562383649686
0.684156475636824
0.6874089593253458
0.6822501132675032
0.5944511435219646
0.5946478350152749
0.5948700185991276
0.5950907489688569
0.5952827580599246
0.5954246691663344
0.5954907932993516
0.5954811843158199
0.5953867565750347
0.5952106988704905
0.594975332371728
0.5946869172632177
0.594366478273999
0.5941990154799894
0.5943708227101921
0.5948430686924737
0.5955666825534266
0.5965129779180937
0.5976261820933153
0.5988443281565486
0.6001266028807992
0.6014026065967086
0.6026272597760074
0.6037417243823344
0.604697578117323
0.605452543395621
0.6059690625312018
0.6062355503808006
0.6062238518485399
0.6059433928942867
0.605402688688128
0.6046048498512656
0.603594685793921
0.6023968480663973
0.601060232005984
0.5996402380902839
0.5981953349431135
0.5967932311670814
0.5955080849303903
0.5944023424408736
0.5938223157351512
0.5936041080091687
0.5935075211070195
0.5892430267546557
0.5884286490651501
0.5893302909787705
0.5910881859457264
0.5932625163035847
0.5956598425973986
0.5981495394137447
0.6007056069770257
0.6032021049294585
0.6057539468114597
0.6082886595866702
0.6108651601443126
0.6134011567910996
0.6159636845417984
0.6185384960813284
0.621143494593681
0.6238016092448687
0.62651962896584
0.6293133855952073
0.632172335366463
0.6351214325796454
0.6382308501395209
0.6414226149890567
0.6449017365875818
0.6486951469968056
0.6483265825519413
0.6441828947922086
0.6397717052067717
0.6373357071256415
0.6382093546981974
0.6426074846033514
0.6498316722599374
0.6587181024850044
0.668041672026618
0.6767433502108047
0.6837389536634538
0.6871255674036398
0.6819862062912635
0.5944644743648991
0.5946755307255434
0.5948925827686915
0.5950871469574508
0.5952361618068831
0.5953137559585167
0.5953176275919441
0.5952386293414662
0.5950798744623279
0.5948635972550991
0.5945980069796695
0.5943053901131214
0.5941477601952794
0.59429028185839
0.594704812505489
0.5953499225330459
0.5962019670205987
0.5972101991336017
0.5983176734097126
0.5994884866346
0.6006566288113554
0.6017813169501335
0.6028086346213082
0.6036940724970759
0.6043971102174795
0.6048807939735881
0.6051317544272359
0.6051219986446942
0.6048569261589652
0.6043499676650768
0.6035952387370223
0.6026464133645489
0.6015169784937416
0.6002657214705667
0.5989377261258905
0.597600007587452
0.5963061835709994
0.59513546307818
0.5941317963998716
0.5936890179305903
0.5935285953611098
0.5934596964947753
0.589207301742048
0.5883944952652223
0.5892957998814339
0.5910499236235038
0.5932190324133486
0.5956083791659631
0.5980886737003749
0.6006299975351004
0.6031107212389053
0.6056397250766644
0.6081487565999582
0.6106921562554403
0.6131887944814752
0.6157025257074491
0.6182185869048504
0.6207526404342362
0.6233250713923659
0.6259403982731614
0.6286117161324077
0.6313248663326414
0.634101281311355
0.6370093492632476
0.6399663096538336
0.6431806274214181
0.6466543371195635
0.6457227613113408
0.640582939328421
0.6346326639687878
0.6302096126163037
0.62901275121539
0.6317415226243583
0.6380485913300445
0.6468839411353883
0.6569299558825745
0.6670069437031927
0.6761586917877763
0.6833987701793122
0.6868958486204346
0.6817723335730266
0.5944739513658484
0.5946896088065254
0.5948898941481889
0.5950495579013584
0.5951423143900202
0.595163040921233
0.5951025736471438
0.594963593229626
0.5947676553389023
0.5945245605324515
0.5942579172988427
0.5941097382174674
0.5942263770534348
0.5945889203385514
0.595162786099838
0.5959292454241821
0.5968419679852761
0.5978481575540231
0.5989158708470564
0.599983282073064
0.6010135870011895
0.6019574665322592
0.602774287236406
0.6034266122689995
0.6038789192818715
0.604117909070257
0.6041127580123442
0.6038690573049
0.6033956715932002
0.6026916182166705
0.601800306609996
0.6007461650430781
0.5995712468291926
0.5983343627070148
0.5970880422117316
0.5958938499710321
0.5948189128353315
0.5939069192769696
0.593575989222725
0.5934673157553423
0.5934191167887369
0.5891791899435426
0.5883682304879656
0.5892694167524258
0.59101971583184
0.5931840401808434
0.5955674856562692
0.5980411611891032
0.6005705260533547
0.6030399037534417
0.6055508909205055
0.6080401965581491
0.6105573929023543
0.6130233508227987
0.6154984639016369
0.6179681068917169
0.6204460527013155
0.6229503737839904
0.6254838031647754
0.6280571046862755
0.6306529034855481
0.6332892469456262
0.6360324194698118
0.6387948723318877
0.6417860932126432
0.6449820098846417
0.6435610922228276
0.6375487335369654
0.6301888943004104
0.6238140040773636
0.6203669912174736
0.620996877708891
0.6258142691437389
0.6340422658544204
0.6443628543546264
0.6554321847516305
0.666153818086691
0.6756805746852639
0.6831223017158684
0.6867097986676286
0.6815990556871097
0.5944787718069375
0.594687936822551
0.594862013223434
0.5949738649088234
0.5950150425193679
0.5949761986658638
0.5948594545808474
0.5946854139641387
0.5944649967672404
0.5942228045267763
0.5940834733414211
0.5941771549959318
0.5944930085756803
0.5950024806875246
0.5956910412237576
0.5965167311120728
0.5974304726285066
0.5984034850302439
0.5993774007892484
0.6003190503922089
0.6011835700206407
0.6019339963970628
0.602536199035406
0.6029571980235674
0.6031847280346325
0.6031868321444356
0.602967360036198
0.602531208737162
0.6018789346107019
0.6010468678703459
0.600067448649541
0.5989678565709877
0.5978176359041218
0.5966538021953015
0.5955492282941498
0.5945547845459787
0.5937512665711728
0.5934819796993487
0.593418050400378
0.5933860342996277
0.589157058141321
0.5883479046492308
0.5892487858819343
0.5909965503971762
0.5931558964328001
0.595534577932844
0.5980040333412039
0.6005234751783065
0.6029850128514165
0.6054819004237437
0.6079562163685008
0.6104526150997314
0.6128948350574837
0.615339377397826
0.6177723785863795
0.6202060634904659
0.6226563607983818
0.6251246704818839
0.6276198752221621
0.6301218350298412
0.6326455023876534
0.6352550383605106
0.6378585348454818
0.6406648533980157
0.6436243136660165
0.6417867543674225
0.6350291684240462
0.6264217764124966
0.6182136394965609
0.6124667377269399
0.6106962201290598
0.613500405349832
0.620514592738307
0.6305718774121015
0.6422322188329626
0.6541895388388081
0.6654533082552162
0.6752909339691133
0.6828978927561757
0.6865591111757077
0.6814587369015941
0.5944782161236791
0.5946705609229657
0.5948057826103543
0.5948714010743283
0.5948575464035376
0.5947655363092388
0.594614936080058
0.5944176812152966
0.5941989811103658
0.5940680072515373
0.5941409761025297
0.5944146570446646
0.5948659921425254
0.5954839278444101
0.5962302615332888
0.5970595787001017
0.5979458242877632
0.598833617884724
0.5996926198990423
0.6004820874279649
0.6011687514520404
0.6017216945834092
0.602110910888958
0.6023258259882434
0.602335276876704
0.6021410792720947
0.601745801888337
0.6011456941887355
0.6003767844751319
0.5994670935866229
0.5984462481079706
0.5973740887363871
0.5962925589466658
0.5952634300319776
0.5943424062990719
0.5936557443089994
0.5934215063414897
0.5933772823108373
0.5933611830259108
0.5891391609793627
0.5883334018015365
0.5892321993322073
0.5909788501419843
0.5931336583277833
0.595507781706772
0.597974905192364
0.6004859734362203
0.6029423119102846
0.605428354524208
0.6078914863573146
0.6103712981980612
0.612795354191545
0.6152156913624136
0.6176197581871451
0.6200185955569476
0.6224260811827336
0.6248426827404783
0.6272758486625868
0.6297031502687265
0.6321367667412255
0.6346388783628283
0.6371138716015456
0.6397688520543725
0.6425301893079435
0.6403434186459399
0.6329618294442558
0.6232807921537719
0.6134184707347224
0.6054445933941837
0.6011201426071856
0.6014914801274331
0.6066906083097489
0.6158639674656337
0.6276098926959033
0.6404518061337032
0.6531642486018097
0.6648806522973155
0.6749739625530522
0.6827158599043166
0.6864371105047874
0.6813451480973279
0.5944722887775489
0.5946354524960551
0.5947298421687179
0.5947447971535247
0.5946804165150845
0.5945548085686754
0.5943812395687769
0.5941852945161481
0.5940625080936928
0.5941167565586731
0.5943518885681552
0.5947503744254555
0.5953042168503258
0.5959785327818237
0.5967308317216808
0.5975377051741375
0.5983464407179554
0.5991290095805265
0.5998480755796327
0.6004739065773537
0.6009788143183628
0.6013359442913859
0.6015366682953683
0.6015513813765763
0.6013816586204128
0.6010277964973522
0.6004819454754089
0.5997777277554464
0.5989369851196049
0.597993472012296
0.5969958500546839
0.5959934766749485
0.5950319759539856
0.5941774286110952
0.5935867360725574
0.5933919677127141
0.5933509131306031
0.5933431367908852
0.5891250099988143
0.588323604766072
0.5892197822425265
0.5909650038905627
0.5931165409068035
0.5954858350695429
0.5979518700233496
0.6004558434094788
0.6029087859007836
0.6053867126366906
0.6078417945138286
0.6103082776277171
0.6127186613551394
0.6151198609705606
0.617501045460921
0.6198724809030502
0.6222460377461386
0.6246215626753866
0.6270055127167844
0.6293736366695872
0.6317356584835361
0.6341519577829827
0.6365239874045621
0.6390562741110877
0.641653605340119
0.6391776611516929
0.6312815277220387
0.620696513179948
0.6093888192454802
0.5993545679063966
0.5924725272458574
0.5901402819805193
0.5929974607786346
0.6006338605968459
0.6118520114178806
0.6251147047751493
0.6389746076622989
0.6523229519188397
0.6644136756496924
0.6747164131142792
0.6825683216566967
0.686338358199216
0.6812532254659054
0.5944602913664092
0.5945881231766887
0.5946361490363575
0.5946027616092002
0.594504115503915
0.5943547529991335
0.5941808448769517
0.594066054209893
0.5941034746935111
0.5943032596014948
0.594653221344797
0.5951485304145664
0.5957573419023009
0.5964397250996256
0.597174202587885
0.5979105862066839
0.5986228104093925
0.5992764626323941
0.5998447949863972
0.6003032273510008
0.6006281711596958
0.6008132478082968
0.6008305709692139
0.6006826479435856
0.6003679848796818
0.5998770919793244
0.5992376941149106
0.5984682871399074
0.5975986229535023
0.596675618641557
0.5957451266642525
0.5948511853256252
0.5940527851763564
0.5935397126701656
0.5933740354892137
0.593339795317017
0.593332449604726
0.589115136839705
0.5883165520378733
0.5892119209022332
0.5909540852558649
0.5931037914787936
0.5954677538766849
0.5979333088871721
0.6004314380767685
0.6028820495217548
0.6053540558256992
0.6078037836899224
0.6102594538424995
0.6126597827601198
0.6150459433730014
0.6174089920265459
0.6197588885743911
0.6221055320825994
0.6244483510231583
0.6267932306164503
0.6291145701800397
0.6314199073019027
0.633767989336859
0.6360581442386016
0.6384916661031782
0.6409545019825741
0.6382413002561814
0.6299259586490514
0.6185925673591655
0.6060534596154298
0.5941823124362955
0.5848660010808369
0.579727191232267
0.5798518117317637
0.5853381122944743
0.5953493325035706
0.6084421040681498
0.6230312483534657
0.6377572576452094
0.6516349179058
0.6640335409927354
0.6745073965297521
0.6824488016993107
0.6862584395251596
0.6811788659074222
0.5944441341811362
0.5945298433307311
0.5945312346120802
0.5944620231124272
0.5943377948056849
0.5941852424284426
0.5940779990369149
0.594100047672131
0.5942673550259367
0.5945725888713039
0.5950139622461705
0.5955628097771954
0.5961816804499082
0.5968504548120208
0.5975209708354434
0.5981688192458229
0.5987620996929099
0.5992766469587356
0.5996905950451193
0.5999835180857495
0.6001516378271128
0.6001690487616759
0.6000393345697286
0.5997604350209849
0.5993219719227695
0.5987469427775209
0.5980496202612372
0.5972532953846326
0.59640388484318
0.5955409726561104
0.5947121867200716
0.5939638476268787
0.5935132544403633
0.5933644107031837
0.5933368013207218
0.5933279542884032
0.5891109450142391
0.5883109867992777
0.5892079760400273
0.5909460409128732
0.5930944654664176
0.5954532536574824
0.5979177347098679
0.6004114344739915
0.602860328731275
0.60532792863873
0.60777471389287
0.6102215686042425
0.6126147132360038
0.6149892400745685
0.6173379010525342
0.6196708469513379
0.6219961145328524
0.624312779773648
0.626626543607764
0.6289109482269455
0.6311715670417999
0.6334656030853604
0.6356911136579736
0.6380455359094729
0.6403988990470749
0.6374923761641149
0.6288387298066117
0.6168938560042478
0.6033259090272938
0.5898648273744432
0.5783268912895287
0.5704352376986477
0.5676105462101838
0.5704466540977702
0.5785766166218933
0.5908145949306168
0.6055745780153908
0.6213057465062607
0.6367583451516089
0.6510735774994423
0.6637245963381591
0.6743378987478141
0.682352021088416
0.6861937871011128
0.6811187319534308
0.5944242693554037
0.594464667695775
0.5944277472639673
0.5943300604905973
0.5941984984473117
0.5940982347204599
0.5941057878971663
0.5942427550845271
0.5945065649155173
0.5948979898360086
0.5953916037655517
0.5959524243962178
0.5965615657984324
0.5971725228378832
0.5977619295597316
0.5982999783732917
0.598764677936866
0.5991365738961191
0.5993980719647695
0.5995480973074757
0.5995631184877215
0.5994480061304305
0.5992010677440813
0.598810616800286
0.5982973626419453
0.5976705747581746
0.5969485708411185
0.5961714743663622
0.59537552297812
0.5946064294244401
0.5939074572684057
0.5935025975698898
0.59336645454714
0.5933390533173132
0.5933278709137567
0.5891104289570334
0.5883082698255618
0.5892059295055723
0.5909414763832449
0.5930874991148083
0.5954425072223957
0.597904403847445
0.6003946404493141
0.6028424356286258
0.6053063084556926
0.6077522460893229
0.6101920295895142
0.6125801871222865
0.6149459910628644
0.6172833011910044
0.6196028559842646
0.6219111227420663
0.6242067501140983
0.6264955685884158
0.6287508162065818
0.6309762745502305
0.6332275773354672
0.6354024205866275
0.637693700246468
0.6399585187904756
0.636895256122692
0.6279706614198165
0.615531232094133
0.6011165869806693
0.5863107532770035
0.5728132277450446
0.5623455685406561
0.5565337735047411
0.55638714882655
0.5620458206527056
0.5727160243999956
0.5869714677522178
0.6031864440389184
0.6198843913730452
0.6359412712460275
0.6506165602527861
0.6634737808215121
0.6742005374968483
0.682273697248486
0.6861414984856458
0.6810701181083354
0.5944020848683261
0.5944006600392994
0.5943312444421875
0.5942207420484342
0.5941269945709398
0.5941204731490783
0.594228437508496
0.5944532581330898
0.5947981887322941
0.5952406778121649
0.595748182660596
0.5963029610888546
0.5968601529526549
0.5973969420139763
0.5978850348491248
0.5983041481828502
0.5986368180411126
0.5988680524165066
0.5989992010001901
0.5990094343000251
0.5989053419724564
0.5986861420145143
0.598338924859189
0.5978829023423394
0.5973237190570563
0.596674993647644
0.5959701814832378
0.5952410649491999
0.5945288824421703
0.5938779640400422
0.5935050158954677
0.5933794819024479
0.5933468976422809
0.5933334462205111
0.589111166908388
0.5883089114063903
0.5892046280083824
0.5909402046782948
0.5930826426153649
0.5954351136793157
0.5978937084228191
0.6003800524893886
0.6028276022094851
0.6052877346355436
0.6077342829370358
0.6101687566299965
0.6125535268205965
0.6149131166313682
0.6172416728796791
0.6195505781292291
0.6218453021235133
0.6241238975618496
0.6263925004333832
0.6286246875607251
0.6308225997580507
0.6330401187199074
0.6351756018190174
0.6374165337615553
0.6396101757521001
0.6364202336676849
0.6272799845980109
0.6144437299659553
0.599340387946364
0.5834173688119013
0.5682375237662306
0.5554506947391131
0.5467686882442915
0.5434971497611576
0.5462466029200086
0.5546897872387233
0.5677081413180547
0.5837511055793778
0.6012106748686626
0.618718314831648
0.6352747126762424
0.6502450167414477
0.6632703377556056
0.6740893012860077
0.6822103324393384
0.6860992232760306
0.6810308281769472
0.5943803765631156
0.5943412753602811
0.5942521399942318
0.5941646209936852
0.5941442556858832
0.5942239020304068
0.5944112633683649
0.5947121728754187
0.5951070661304354
0.5955654823655576
0.5960705616085717
0.5965790954917249
0.5970686664471812
0.5975121035760067
0.5978901545588392
0.5981869511683681
0.5983896365871899
0.5985017321076108
0.5985051430597242
0.5984085101419876
0.5982123692286787
0.5979036021083117
0.5974998106652103
0.5970040024747456
0.5964252595742834
0.5957921061438363
0.5951296453177146
0.5944745384009078
0.5938691899402121
0.5935193797736706
0.5933991719848986
0.5933619706308688
0.5933441418164265
0.5891153718181986
0.5883112863762678
0.5892047781355203
0.5909406194016736
0.5930806648246426
0.5954300676972736
0.5978864804134993
0.6003673577034843
0.6028151707144566
0.6052714984783786
0.6077189734628218
0.6101500115106568
0.6125325746706435
0.6148880099870866
0.6172102087249256
0.6195105956367277
0.6217944962430215
0.6240592343019823
0.6263112034052778
0.6285250661898086
0.6307014845811436
0.6328922363520573
0.63499751426592
0.6371982364884758
0.6393350753362933
0.6360428855571842
0.6267319060978643
0.6135791897534875
0.597920750400077
0.581082329623625
0.5644885359099923
0.5496775997563084
0.5383550606480678
0.5319958772119606
0.5315894899568359
0.5372776711203027
0.5483503315231821
0.5634839541940827
0.5810738945746695
0.599584316969519
0.6177648416258885
0.6347319624513093
0.6499433144196537
0.6631054709674752
0.6739992635919342
0.6821590911149942
0.6860650533297983
0.6809990814290692
0.5943603399351968
0.5942930737971589
0.5942115213354415
0.5941774073964957
0.5942290196208349
0.5943796790514008
0.594638072966203
0.5949879267614057
0.5954008962048367
0.5958604845780517
0.5963250317553274
0.5967723171350492
0.5971760727469357
0.5975176865388624
0.5977823702818452
0.597958863135208
0.5980524750989392
0.5980476590236147
0.5979552291405532
0.5977773402726849
0.5975017038641313
0.5971449277198587
0.5967075649748137
0.5961946740796158
0.5956304154079434
0.5950340115668189
0.5944368484583124
0.5938765410884654
0.5935433943129406
0.5934233172881707
0.5933828531845076
0.5933587815469018
0.5891248974327555
0.5883152281097161
0.5892074776226779
0.5909413057370009
0.5930819611546703
0.59542698645457
0.5978827223408166
0.6003574527013342
0.6028044710485233
0.6052576058384485
0.6077049975617022
0.6101342194652453
0.612515672880233
0.6148684199057834
0.6171865833069446
0.6194802241759148
0.6217553990351619
0.6240088501802676
0.626246883886129
0.6284460565477629
0.630605775719702
0.63277521056109
0.6348577287682662
0.6370261552781387
0.6391181258159175
0.6357433355907315
0.6262978673599825
0.612893936010201
0.596791283308949
0.5792107325156377
0.5614479691197083
0.5449134185972578
0.5312459078672125
0.521979997958951
0.5183662099967526
0.5209560665332558
0.5294821616468148
0.5429658951343844
0.5599537343918563
0.5788619055957421
0.5982510197770711
0.6169870575629829
0.6342906853924558
0.6496986033505976
0.6629719469442371
0.6739264228294733
0.6821176672409235
0.6860374414798461
0.68097343509317
0.5943442207815014
0.5942683153045242
0.5942202282295252
0.5942437346319267
0.5943579634103281
0.5945745351573992
0.5948809273914792
0.5952511596123372
0.595668925056871
0.5960937859405763
0.5965034128071338
0.5968721182773716
0.5971818021287332
0.5974183047794486
0.5975715045421399
0.5976479539499691
0.5976343605821566
0.5975435083592489
0.5973794213593165
0.5971314471218045
0.5968157001496031
0.5964311586026225
0.5959795418735385
0.5954804887597598
0.5949484189882408
0.5944092328790707
0.5938952900178299
0.5935745811099147
0.5934521284229989
0.5934066544300999
0.5933769866284703
0.5891382329952093
0.5883224242714002
0.5892125550386126
0.5909432936154599
0.593084828272042
0.5954269272174307
0.5978812409518564
0.6003518429369539
0.6027953644374112
0.6052462764847049
0.607692036744284
0.6101199211401496
0.6125015985853327
0.6148524733578845
0.6171687402458894
0.6194573509684221
0.6217253735863219
0.6239696547702925
0.6261958265005305
0.628383055625355
0.6305298359975445
0.6326821649109402
0.6347480033591621
0.6368902021100743
0.6389472873626852
0.6355055420259252
0.6259546799428523
0.6123519797693319
0.5958958764606364
0.577718592110026
0.5590016170014087
0.5410273489494843
0.5253354095484715
0.5134392458125114
0.5067350328848441
0.5060860268234803
0.5116373760888022
0.5228145481493449
0.5384409499754405
0.5570250788539538
0.577043253302979
0.5971611828306146
0.6163537796126367
0.6339324082933715
0.649500272677033
0.6628638762207412
0.6738675183482681
0.682084189406456
0.6860151340563452
0.6809527205035413
0.5943359377524431
0.5942733014552196
0.5942680917264336
0.5943456391262477
0.5945205376346702
0.5947842525591915
0.5951135165153627
0.5954922455191765
0.5958812275868794
0.5962575539314895
0.5965957359964782
0.5968778408032249
0.5970901023494243
0.5972231885526496
0.5972843968008055
0.5972623157413279
0.5971713604073563
0.5970174844520274
0.5967917958324471
0.5965106533429492
0.5961727193698616
0.5957771630502466
0.5953391756558672
0.5948688435932608
0.5943867132657102
0.5939201164163823
0.5936103988931252
0.5934851014893496
0.5934328625408115
0.5933981863703185
0.5891531584929792
0.5883336161399234
0.589219209384816
0.5909484577721702
0.5930877062581345
0.5954302185965985
0.5978813172662097
0.6003507419207019
0.6027890157234465
0.6052373850094841
0.6076808908273188
0.6101061131935543
0.6124893654221782
0.6148388328955458
0.6171547601742537
0.6194402580772586
0.6217023325751319
0.6239391590913612
0.6261551703422944
0.6283325127520076
0.6304692303820225
0.6326077255987576
0.6346618394902905
0.636782373898064
0.6388129870970602
0.63531664170042
0.6256836727715079
0.6119240142354291
0.5951879894694537
0.5765339211952137
0.5570456644206789
0.5378866752712125
0.5204855889342963
0.5062843295388666
0.4967296619933606
0.49288816355338694
0.4952406472006443
0.5036121878038877
0.5171791529222118
0.5346707754919877
0.5546095993876639
0.5755533260138672
0.5962724047527529
0.6158390257821267
0.6336418033953887
0.6493396569246753
0.6627764499907656
0.6738199004056856
0.6820571402102646
0.6859971153603062
0.6809359916844238
0.5943375043838686
0.5943023824354888
0.5943422989318778
0.5944750655111635
0.5946963280807236
0.594985686474374
0.5953273550409983
0.5956834722479054
0.5960304717721449
0.5963424579293961
0.5966012889939167
0.5967932717697031
0.5969095633624277
0.5969579060683208
0.596928312799906
0.5968364479444118
0.5966901439583654
0.596482062873379
0.5962295016734186
0.5959314740144348
0.5955857013727632
0.5952037985288505
0.5947919843522451
0.5943652771935783
0.5939461091066376
0.5936480776319203
0.5935207354273312
0.5934621804903545
0.5934219061951211
0.5891694382588715
0.5883469459753718
0.5892278859823852
0.5909560044810966
0.5930919945940596
0.5954348380761952
0.5978838107888964
0.6003523475543242
0.6027871601686074
0.6052308058341621
0.6076726505584378
0.6100929584832253
0.6124780269486054
0.6148268171549537
0.6171429370542638
0.6194274005247417
0.6216846623774053
0.6239153069132298
0.6261227052718262
0.628291738521092
0.6304204827376967
0.6325477523415559
0.6345941117911913
0.6366963834950958
0.6387075974928995
0.6351663913654327
0.6254698877964769
0.6115864009841655
0.5946295397073607
0.5755964091104661
0.5554894573926894
0.5353668174572399
0.5165476588723136
0.5003771235394272
0.4882852089935301
0.48144386775621156
0.4805725806786317
0.4858399408602555
0.4967907563174099
0.5124626206852292
0.5315507615790793
0.5526258573716785
0.574336112112996
0.595549048635698
0.6154211154866717
0.6334063090774145
0.64920966291002
0.6627057543338831
0.6737814181319041
0.6820352896598476
0.6859825630786822
0.6809224831671802
0.5943471920943896
0.5943478528860421
0.5944372506646192
0.5946156424641251
0.5948656765734492
0.5951715748758295
0.5954971829328559
0.595818100017877
0.5961078981459356
0.5963476908926074
0.5965234485647755
0.5966264115219894
0.5966645623171747
0.5966289653534619
0.5965362970974131
0.5963956733305975
0.596201577559698
0.5959724573854019
0.5957076606870562
0.595404642819474
0.5950728470720764
0.594715301874084
0.5943416714830358
0.5939697583945417
0.593684846941703
0.5935573259723871
0.5934940714305099
0.5934483560265853
0.5891880731615522
0.5883607768488252
0.5892389406304094
0.5909640166395931
0.5930990852721303
0.5954391932728913
0.5978888929299467
0.6003551109752959
0.6027896302797842
0.6052273890364392
0.6076674984064148
0.610082029775777
0.6124669312624134
0.6148162006417318
0.6171321253385006
0.619417203983618
0.6216711215291302
0.6238963956015781
0.6260966662378322
0.6282587424001815
0.6303809054766177
0.6324991079314454
0.6345407774192948
0.6366273793979454
0.638624996194742
0.6350466999351618
0.625301371774738
0.6113202084518852
0.5941896933097961
0.5748563472520453
0.554256032601137
0.5333565679607801
0.5133766216404401
0.49555708502625495
0.4812703638912815
0.4717179701941036
0.4677628926142079
0.46983387801883497
0.47780563110043206
0.49105575311480626
0.5085457695032755
0.5289816959150343
0.551002101895317
0.5733440565809199
0.5949611810629729
0.6150822076479704
0.6332156134537005
0.6491045061902019
0.6626486082692803
0.6737503264796217
0.6820176415860163
0.6859708116932255
0.6809115761580957
0.5943624759001789
0.5944064690539019
0.5945407930803914
0.5947514333227768
0.5950224275617331
0.59531939857567
0.5956169071740303
0.5958879715006006
0.5961127475825331
0.5962763021414998
0.5963696761240342
0.5964004984957415
0.5963608513439794
0.5962679343278775
0.5961320078164647
0.595949220488297
0.5957391866520255
0.5955018669658991
0.5952349857978738
0.5949467132460172
0.5946376497273154
0.5943136894193009
0.5939879752298916
0.5937181944201202
0.5935930469903059
0.5935271144662596
0.593477564652453
0.5892094684502015
0.5883761724609747
0.5892513550792469
0.5909727771003265
0.5931072973514023
0.595444331175101
0.5978943680516963
0.6003593318682798
0.6027937630281781
0.6052282657607337
0.6076648684285209
0.6100750421521226
0.6124565679045247
0.6148067243018778
0.6171221001443751
0.6194081093935754
0.6216606193924104
0.623881109229104
0.6260755450904031
0.6282320588869759
0.630348508708932
0.6324594314792166
0.6344986694290252
0.6365717180058827
0.6385602227706847
0.634951243862753
0.6251685712228523
0.6111103646820336
0.5938436725087666
0.5742732789931745
0.5532813389460968
0.5317600295743794
0.5108397747291629
0.4916608168453232
0.4755180632292608
0.46359156718113936
0.45680884184500015
0.4557702522314526
0.4606095260308188
0.47102125377844173
0.48627623366811135
0.5053117725820522
0.5268745462516408
0.5496766996606948
0.5725369110142627
0.594484054008008
0.6148076074934716
0.6330612886072648
0.6490194782216673
0.6626024284009501
0.6737252111241375
0.6820033895336638
0.6859613231512844
0.6809027702349675
0.5943823092932685
0.5944705927104363
0.5946410378608689
0.5948774752440632
0.5951472714716666
0.5954236927822636
0.5956790760739754
0.5958923873447213
0.5960476754649265
0.5961352173985783
0.5961618995118411
0.5961205140660805
0.5960285005221234
0.5958970043491545
0.5957237421703835
0.595529150441265
0.5953144397616404
0.5950776807593967
0.5948263104238158
0.5945594787607014
0.5942805460976351
0.5939984577675583
0.5937459433931627
0.5936258963662717
0.593559716036071
0.5935083428594741
0.5892333285290214
0.5883946595810159
0.5892651085191958
0.5909834807191187
0.5931150852322544
0.595451061043893
0.5978987045561439
0.6003647844944331
0.6027975752237164
0.6052323186111195
0.6076648396121518
0.6100719717416091
0.6124488448227663
0.6147980460779441
0.6171133417124517
0.6193990860046275
0.6216519079094787
0.6238685854673006
0.6260579985028748
0.6282105313238936
0.6303219623337677
0.6324269124371986
0.634465365865113
0.6365267326609615
0.6385092601274853
0.6348751232973773
0.6250638542285716
0.6109449216513145
0.5935716827144708
0.5738145774725815
0.552512869543925
0.5304964849695987
0.5088206843097394
0.48853450653486363
0.4708498699866578
0.4568959878796698
0.4476076940411412
0.44367917174996435
0.4454218847805148
0.4527881810456581
0.4653475647964814
0.48231903356179406
0.5026536354611789
0.5251518148937001
0.5485970344888731
0.5718812224913494
0.5940972062852257
0.6145852740960628
0.6329364621159423
0.6489507501858346
0.6625651192553546
0.6737049264300567
0.6819918813874339
0.6859536622644902
0.6808956611114354
0.5944040746415188
0.5945328267210966
0.5947343838846615
0.5949779808228455
0.5952354003183449
0.5954778767064244
0.5956830376963629
0.5958336461706942
0.595919053068146
0.5959449121092395
0.5959044877714121
0.5958150025779088
0.5956884807174803
0.595523729825308
0.5953418303757019
0.5951455510492932
0.5949333205429181
0.594712881585531
0.5944823249455902
0.5942429512644318
0.5940006429714645
0.5937683813606626
0.5936538949922837
0.5935899678505904
0.5935389018245483
0.5892588654319793
0.588415955766413
0.5892818153729357
0.5909965037754868
0.593123957775519
0.5954582835506047
0.5979030795744806
0.6003694831051858
0.6028014472968477
0.6052363341021586
0.6076677252322932
0.6100713261316414
0.6124453483643609
0.6147906290253616
0.617106131949344
0.619390287486821
0.6216435559109866
0.6238582928802151
0.6260429580102576
0.6281930709885516
0.6303005299640814
0.6324001151213214
0.6344390957574508
0.6364904640253874
0.6384689421367213
0.6348145232810629
0.624981156623417
0.6108144377903411
0.5933579740012369
0.5734541205867782
0.5519080476619361
0.5294992098996647
0.5072201246863424
0.4860405725547697
0.4670926292943548
0.451441518905266
0.43999312795475415
0.4334759518858119
0.43230456152634095
0.43661477593022796
0.4462257982021532
0.46063720843103434
0.47905951025942706
0.5004768442679964
0.5237466977557597
0.5477191153990417
0.5713492139703542
0.5937838234510302
0.6144053688441231
0.6328355376164706
0.6488952132562155
0.6625349823589876
0.6736885455981884
0.6819825895992034
0.685947477425769
0.5944252481587353
0.5945909484186496
0.5948088546938406
0.5950489783425588
0.595281206896892
0.5954813667269016
0.595630756130804
0.5957175489933417
0.5957459498222568
0.5957093140403055
0.5956244084167887
0.595503720092142
0.5953471271995071
0.5951763210535758
0.5949950573079548
0.5948028198554607
0.5946078598093528
0.5944077650852999
0.5942023386809081
0.5939953082462012
0.5937905921450675
0.593676876035441
0.5936162904329183
0.5935676139052097
0.5892845343363375
0.5884387903539436
0.5893018676042752
0.5910124085955222
0.5931359349273986
0.5954661817904012
0.5979087770077086
0.6003728377629868
0.6028055175410212
0.6052388031644652
0.6076719249821703
0.6100723400909117
0.6124451844480857
0.6147861281644974
0.6171001448133114
0.6193828327941995
0.6216346640228243
0.6238496020058697
0.6260298956900341
0.6281785335673923
0.6302838336484535
0.6323779578056892
0.6344185983000203
0.636461389078664
0.6384369340609859
0.634766370247576
0.6249157387021564
0.6107114566169526
0.5931900606097147
0.573171101686974
0.5514326432689225
0.5287137610181873
0.5059553267268142
0.48406016063849444
0.46408823262544424
0.44703821477408306
0.4337677182017187
0.42499926303843444
0.42119148716803567
0.42259236553227264
0.4292031153337763
0.44076341684253134
0.45674913740570816
0.47638579396365194
0.4986990517439006
0.5226029808741168
0.5470062409147094
0.5709179853353549
0.5935301350927624
0.614259866752896
0.6327539659342435
0.6488503455437444
0.6625106429738031
0.6736753185815033
0.6819750878936155
0.5944450685074667
0.5946373348772496
0.5948614987585787
0.5950859003240757
0.5952841535596741
0.5954357782531826
0.595527463016081
0.5955616470550373
0.5955317579878339
0.5954537574107666
0.5953401232029502
0.5951918620687257
0.595031156074005
0.5948625660870219
0.5946867783483519
0.5945123008046775
0.5943371541828371
0.5941604435224985
0.5939840598175485
0.5938096734927503
0.593697602934363
0.5936382260307249
0.5935930539077213
0.5893084239159612
0.5884617348513106
0.5893237011607578
0.5910315152820012
0.593151429859289
0.5954769425846111
0.5979161724875216
0.6003768493374302
0.6028089030358328
0.6052409409336978
0.607674842453074
0.610075039409665
0.6124460328321781
0.6147855131403299
0.6170954816536242
0.6193774056452234
0.6216258775398966
0.6238415121605594
0.6260188831048306
0.6281659330935006
0.6302713883693529
0.632359866079693
0.6344028827413257
0.6364382446014664
0.6384116751317701
0.634728041610633
0.6248639979439686
0.6106300752323178
0.5930580792138707
0.5729490167166122
0.5510593074495597
0.5280961630191602
0.5049583012058154
0.4824931513449441
0.46169809690736663
0.44350896702329323
0.42872760539539384
0.4180468273275418
0.41192794055599896
0.410672997783846
0.4143973373127651
0.4230189149099879
0.4362455043486112
0.4535546349092302
0.4741992875251201
0.49725048581433345
0.5216735203077475
0.5464280465207672
0.5705687346732937
0.5933248885293707
0.6141422358725266
0.6326880534046131
0.6488141045114193
0.6624909880786104
0.6736646391439289
0.5944608964979858
0.5946701299668842
0.5948888723785509
0.5950882422084445
0.595245604191561
0.5953457282406136
0.5953890075392485
0.5953688264338036
0.5953000384139785
0.595195069208799
0.5950561445792345
0.5949050672404628
0.5947477309866229
0.5945854529171246
0.5944274128403292
0.5942720665371815
0.5941189176465013
0.5939686429819121
0.5938210068059383
0.5937152362272509
0.5936572634104034
0.593614567945278
0.5893290438223344
0.5884831967818926
0.5893454473646856
0.5910526734339039
0.593169785201543
0.5954917168855052
0.5979262704322921
0.6003834819292543
0.6028122754707304
0.6052437445539817
0.6076762807950004
0.610078338366921
0.612447163258432
0.6147871891868423
0.6170933316858237
0.6193734723982869
0.6216190795393449
0.6238333305995292
0.6260100913611212
0.6281549606298822
0.6302621824047696
0.6323458507955065
0.6343909830740816
0.636420004882551
0.6383921668401055
0.6346972439030629
0.6248232592951818
0.610565598742703
0.5929542738150493
0.5727748102674445
0.5507663017226123
0.5276111567591736
0.5041738553891302
0.4812567097842607
0.4598042602709514
0.440696241969299
0.4246788138677523
0.41240357283972773
0.40430895436210007
0.4007093049185721
0.4017774161193541
0.4075447175163023
0.41789439874756634
0.43252773481150686
0.4509388790954807
0.47241584869384595
0.49607230377971717
0.5209191642410655
0.5459595330359288
0.5702860663848749
0.5931589111564637
0.6140471670634456
0.6326348062605696
0.6487848356026494
0.6624751177636801
0.5944720792308072
0.5946871704932489
0.5948905914009162
0.5950571387834749
0.5951694210342329
0.5952252387684929
0.5952178596533965
0.595160742571162
0.595066188634615
0.5949374655492335
0.5947963284264892
0.5946491742309463
0.5944985605610577
0.5943538546991376
0.5942142037572682
0.5940797005555175
0.5939507065789101
0.5938258991643593
0.5937276457363461
0.5936733680207682
0.5936331592025968
0.5893458869192848
0.5885018139879495
0.5893657614322124
0.5910739701589494
0.5931898724573899
0.5955094608174807
0.5979401011779376
0.6003933563839376
0.6028179501272639
0.605247293414302
0.6076782092218134
0.6100807646500505
0.612449305485337
0.6147888016170449
0.6170942344044489
0.6193705844691633
0.6216153244969365
0.6238258693103661
0.6260032044571431
0.628146179640794
0.6302549096826042
0.6323360805617787
0.6343819583902292
0.6364058952577991
0.6383776177112211
0.6346721093788598
0.6247914962458209
0.6105142854993212
0.5928725774607849
0.5726381760976781
0.5505364133008029
0.5272306403050969
0.50355756882671
0.48028323162081
0.4583083794303761
0.4384645254243918
0.4214463396229426
0.4078609871192584
0.3981105811024261
0.3924951323835594
0.39120347476309697
0.3943250292104291
0.40185672049534327
0.4136713619573014
0.4294797773936866
0.44880316889329236
0.4709640962941521
0.4951154438677359
0.5203075843182853
0.5455801850384718
0.5700574103605545
0.5930247387977208
0.6139703535700926
0.6325917979806363
0.6487612004994439
0.5944778867574468
0.5946882417958544
0.5948674640099894
0.5949957046788115
0.5950676756855755
0.5950763547504294
0.5950336097012635
0.5949514826361382
0.594834120677808
0.5947030652797927
0.5945656479634588
0.5944254004408488
0.5942919693500528
0.5941648921690326
0.5940448824105304
0.5939322823721485
0.5938260872344147
0.5937357806586177
0.5936860090751022
0.5936492383802385
0.5893596580989369
0.5885170515359452
0.5893837592922953
0.5910939799982344
0.593210397730833
0.5955284974536625
0.5979570622805811
0.6004064002404338
0.6028272725500186
0.6052524961641144
0.6076818092188965
0.6100826993733461
0.6124522491410566
0.6147901461155396
0.6170965961782153
0.6193694940737519
0.6216136541298165
0.6238210953363883
0.6259977820162156
0.6281402706531749
0.630248979950289
0.6323300111340475
0.6343752094642725
0.6363952444130178
0.6383671270630633
0.6346513796858013
0.6247670144688134
0.6104731897060525
0.5928082585761427
0.5725309915923558
0.5503560577899241
0.5269323135994336
0.5030739371170433
0.47951808899934084
0.45712973927685585
0.43669996903702907
0.41887809309227597
0.40422848213794643
0.39311202313639443
0.3857995478449329
0.3824691884096271
0.38322719078831297
0.38813004950358987
0.39716320965178675
0.41020521971118035
0.42698880793382227
0.4470632619564585
0.4697842715844015
0.4943392713539787
0.5198121881043398
0.5452732227635263
0.569872524506616
0.5929163108722753
0.6139083023018677
0.6325570649101109
0.5944782411108963
0.5946737934374656
0.5948218604028996
0.5949137558532118
0.5949420162023915
0.5949163720835542
0.5948488649217958
0.5947441566600572
0.5946237852928753
0.5944960728295016
0.5943652932787561
0.5942414175178484
0.5941246402481286
0.5940158035613794
0.5939157495922223
0.5938236745565031
0.5937413712771172
0.593695726794903
0.5936625193016635
0.5893708245706785
0.5885293895236434
0.5893990163024151
0.5911120526878652
0.5932302191768768
0.5955479093133076
0.5979754115226464
0.6004221199525209
0.6028396806621503
0.6052607953239486
0.6076871159849037
0.610085754305586
0.6124550023872443
0.6147923009842684
0.6170985282822273
0.619370721845107
0.621612717765476
0.6238198410851687
0.6259941642755338
0.6281370318523076
0.6302450869428505
0.6323261271503926
0.6343706217468496
0.6363872638987977
0.6383595996677663
0.6346344074406001
0.6247482247973001
0.6104400690384755
0.5927576182346597
0.5724468647913432
0.5502145440077939
0.5266985439172402
0.5026947249443773
0.47891748715961213
0.45620284175005527
0.435308600973858
0.4168453419259474
0.40133885590811846
0.3891091186065566
0.3803914799560782
0.37533815187006203
0.37404539287969873
0.37658836255377154
0.3830123395665823
0.3933069286604393
0.40736998964260895
0.4249579377638765
0.44564834524458513
0.46882672731777353
0.49371027971007275
0.5194111849086902
0.5450249550829815
0.5697230841173573
0.5928287081232273
0.6138581849590063
0.5944732843041864
0.5946453051761861
0.5947610823154085
0.5948126091914648
0.5948072312217102
0.5947565839948996
0.5946661503033668
0.5945571546432633
0.5944392192669501
0.5943171610064266
0.5942016779982415
0.5940934397189033
0.5939934899604057
0.5939029694105921
0.5938212249308867
0.5937479085672961
0.593703261782114
0.5936733945740896
0.5893793415169593
0.5885392890235244
0.5894117011995418
0.5911279731977972
0.5932486208221535
0.5955672573357327
0.5979940939884436
0.6004395309626124
0.6028541079620939
0.6052723240979565
0.6076945214252287
0.6100907565134898
0.612457694859628
0.6147951526510922
0.6170999739756
0.6193730950926523
0.6216125045375867
0.6238206689420412
0.6259930418403765
0.6281355876160619
0.6302440256144382
0.6323231170050715
0.6343679975458345
0.636381148224874
0.6383538719020423
0.6346208576483613
0.6247336156951314
0.6104132996616889
0.592717729541096
0.5723807854607195
0.550103470777151
0.5265154307004004
0.5023975681520614
0.47844651875958666
0.45547500950739617
0.4342138433414615
0.4152412412110005
0.3990495993493325
0.3859212539549805
0.3760551372907571
0.3695707525452425
0.36653900538815865
0.3670267510205048
0.37109862093193263
0.3788036691655551
0.39015007131192275
0.40505682777162366
0.4233054009186144
0.4444994084379698
0.4680504244931572
0.493200959847528
0.5190867689721521
0.5448242415941449
0.5696023266123029
0.5927579451215167
0.5944635207931229
0.5946074349131647
0.5946861181374147
0.5947043179820529
0.5946730812831548
0.5945988507166013
0.5945021717869183
0.5943942071675501
0.5942804789914465
0.5941722563860359
0.5940711395521607
0.5939781993439608
0.5938950410143202
0.5938209325935064
0.593755860822982
0.5937112987120721
0.5936826570972535
0.5893853440539194
0.5885467111875557
0.5894220864354304
0.5911417682673259
0.5932653332025268
0.5955859563134343
0.5980130348486088
0.6004577540200701
0.6028701063978089
0.6052859202800203
0.6077046882912966
0.6100976899554258
0.612461656408388
0.614797846405158
0.6171017677679252
0.61937494429305
0.6216134880550973
0.623821623307598
0.6259939452159275
0.6281353397818152
0.6302449940412255
0.6323210654871224
0.6343664181063572
0.6363764275632214
0.6383489447834494
0.6346103050273801
0.6247219058324031
0.6103917383076212
0.5926862377657799
0.5723288525969168
0.5500162436927917
0.5263720387002849
0.5021648095018619
0.47807748816726736
0.4549041527568195
0.43335391246681343
0.41397836471498334
0.3972418234556093
0.38339353221746414
0.3725982528318766
0.36494133322924066
0.3604613873764069
0.3592013477972897
0.3612182120342838
0.3665804094237703
0.37535593187798316
0.3875728845131962
0.40317353453094396
0.4219628605923572
0.4435675543906546
0.4674216046268295
0.49278879950010307
0.5188244349328895
0.5446620243697239
0.5695047695540139
0.5944505843715574
0.5945607208610205
0.5946060239874753
0.594596707158332
0.5945406128104854
0.5944576683548158
0.5943600667162877
0.5942545586467203
0.5941529775237909
0.5940575135210586
0.5939700738459625
0.5938926007200154
0.5938240666975243
0.5937645995906538
0.593720860959348
0.5936921108017194
0.5893892711631404
0.5885514978188849
0.5894300793392
0.591153451174165
0.5932803287281305
0.5956034408049684
0.5980319942001561
0.6004765437031158
0.6028875348617446
0.6053008922601342
0.6077173883325854
0.6101067915724229
0.6124679234760362
0.614800896202125
0.6171040690920423
0.6193759381500517
0.6216151432731445
0.6238221200784779
0.6259952538840754
0.6281358920071286
0.6302459716580343
0.6323205070381378
0.6343647838014566
0.6363728357754097
0.6383443452197392
0.6346020217666819
0.6247122330887224
0.6103745289552415
0.5926612365322996
0.5722880590838718
0.5499476822955793
0.5262597870494093
0.501982536439986
0.4777885016923244
0.45445681462870263
0.4326793243169595
0.41298595894008955
0.3958178734144501
0.3813961296349345
0.3698550580474959
0.36124763994516995
0.35557859679119963
0.35285977333986224
0.3531247758291664
0.35643439362085716
0.3628768738273872
0.3725397205898892
0.3854735780600777
0.40164284286799323
0.4208735593601671
0.4428124842470155
0.46691259959504683
0.49245543723848123
0.5186123779623223
0.544530954956411
0.5944346107742957
0.5945109975215126
0.5945264960351072
0.5944907069594867
0.59442290880776
0.5943360298598637
0.5942388435383015
0.5941433447392495
0.5940526721659755
0.5939694448001988
0.5938958466337148
0.593831107314941
0.5937755492120044
0.5937320635986459
0.5937029091210906
0.5893923707079205
0.5885538550907412
0.5894353708286304
0.5911627817073676
0.5932934398123512
0.5956194459575007
0.5980502427039899
0.6004957152991706
0.6029060959203263
0.6053174814827363
0.607731851877006
0.6101184467199147
0.612476648338874
0.6148061232512596
0.6171069987311473
0.6193771193592043
0.6216164383274033
0.6238226318241425
0.6259958494345896
0.6281365071596224
0.6302456527036704
0.6323206122742482
0.634362817891435
0.6363697732660177
0.6383403281736368
0.6345951507621351
0.6247042067205795
0.6103609379106201
0.5926412157100134
0.5722561065575263
0.5498937119751934
0.5261719540123335
0.5018398105067292
0.477562294143068
0.4541065085731897
0.43215067302218224
0.41220722413601046
0.3946984907386244
0.37982203839491996
0.3676860594908279
0.3583145253377447
0.3516799156462441
0.34776118632185754
0.34656128110947776
0.3481173978258547
0.3525111589169012
0.35985027855261786
0.3702447008684452
0.383766635939563
0.40040043780098933
0.4199906354859248
0.4422011210287544
0.4665008158003909
0.4921859158841556
0.518441014060546
0.5944176773949077
0.5944614269471304
0.5944484334511213
0.5943971270116333
0.5943216393887261
0.5942328694550395
0.5941429549757425
0.594056460525005
0.5939763426003134
0.5939051757393461
0.5938426948941868
0.5937893889708792
0.5937459803515317
0.5937156861495005
0.5893958194301713
0.5885548032732718
0.5894380422752802
0.5911693724558481
0.5933042654490065
0.5956337281461409
0.5980671945532928
0.6005145602417459
0.6029253027252174
0.6053356816893323
0.6077479617789624
0.610132391937522
0.6124877948206651
0.614814524151366
0.6171118247609554
0.6193797785027613
0.6216175211028806
0.6238234910522055
0.625995968001462
0.6281366477879156
0.6302441963138606
0.6323197438393113
0.6343606109281481
0.6363665506268807
0.6383372588271694
0.6345892690854373
0.6246977204472334
0.6103503346205827
0.592625045375768
0.5722312343669266
0.549851130938261
0.5261032817997041
0.5017280412921585
0.47738528457196017
0.4538323236496393
0.43173671951716025
0.4115968492440411
0.39381991045406356
0.3785841818403148
0.365975929116775
0.35599411122950675
0.34858220730191686
0.3436877587443019
0.3412811880552882
0.3413686426716121
0.34400910629737985
0.34930373139390003
0.35738287678353886
0.3683779749379775
0.38238073380222887
0.3993931279389422
0.41927557183275077
0.4417064229534257
0.46616783116299254
0.4919680830146306
0.594400713080616
0.594413150321951
0.5943796935483558
0.5943166309417802
0.5942363849528971
0.5941517334136204
0.5940686313258737
0.5939907222814441
0.5939209593082722
0.5938595626387608
0.5938070094833342
0.5937634876532973
0.593731308442849
0.5894003791284987
0.5885555374575416
0.5894389487200485
0.5911732430181817
0.5933123718911155
0.5956458558823767
0.5980825276480459
0.6005323225622243
0.6029443985446513
0.6053548108761444
0.6077658082522828
0.610148173534339
0.6125012647112723
0.6148256514601537
0.6171199052815377
0.6193849044675632
0.6216200228925648
0.6238248698480015
0.6259965688484187
0.6281366095910363
0.6302426467920003
0.6323175553608416
0.6343577790678728
0.6363630763005804
0.6383347226065312
0.6345846735234876
0.6246926802281486
0.610342301087709
0.5926119557730879
0.5722120636288891
0.5498174442213355
0.5260496585332792
0.5016404894332966
0.4772468059935756
0.4536177958699264
0.4314127753336835
0.41111886613235804
0.3931311819287954
0.37761236716176766
0.3646306032712042
0.3541638245371093
0.3461304258496965
0.34044961463050355
0.33706074330079283
0.3359369222056558
0.3371069148920696
0.3406492632857005
0.34668807273561764
0.35537534239109814
0.366861921025505
0.38125679217702846
0.39857713767448605
0.41869684449904965
0.4413063208667096
0.4658986669479124
0.5943843570286149
0.5943706440326327
0.5943208866016222
0.5942492946451046
0.5941695927814897
0.594089358492578
0.5940129161459734
0.5939434305310899
0.5938820556430131
0.5938291495742986
0.5937849174404285
0.593750346290538
0.5894066726589878
0.5885567908424236
0.5894392237927935
0.5911751011050728
0.5933177437661132
0.5956553751889602
0.5980958568704609
0.6005485858041567
0.6029626057366684
0.6053739696576956
0.607784782687848
0.6101656318905673
0.612516668523275
0.6148388610339147
0.6171309775148911
0.6193931308686518
0.6216253964453412
0.6238276994983118
0.625998394175549
0.6281372037276415
0.6302422113731578
0.6323153583687461
0.6343544272350881
0.6363596025547813
0.6383318899425903
0.6345816338585795
0.6246888973528567
0.6103366578734206
0.5926014829957644
0.5721974796675282
0.5497907444858952
0.5260078624704259
0.5015718739477274
0.47713849033824945
0.453449984024069
0.43115938743571236
0.41074482075009056
0.39259181001875015
0.37685042418940556
0.3635741242934508
0.35272349642735257
0.34419578679936313
0.33788564823161743
0.3337044289717732
0.33159359065284877
0.3315495702928572
0.33362063573500583
0.337908582339268
0.3445593849290693
0.35374454813274386
0.3656321543732781
0.38034613382200705
0.3979166031678151
0.4182287042473358
0.44098285776728263
0.594369964516592
0.594334422609496
0.5942716758226276
0.5941967303820092
0.5941188409650945
0.5940429793006264
0.5939731218481946
0.5939107030639826
0.5938564204246888
0.5938103486152548
0.5937732614005544
0.5894149121577517
0.5885590021504752
0.5894395394204981
0.5911759819567469
0.5933209588714583
0.5956622319524599
0.5981067341107887
0.6005629994555842
0.602979468882382
0.6053924073970134
0.6078039228960327
0.6101842842040074
0.6125336749538923
0.6148538056978956
0.6171439490007931
0.6194041079987033
0.6216338181979417
0.6238332554503929
0.6260018979308144
0.6281392060325687
0.6302434569591256
0.6323148155021866
0.6343519857541603
0.6363565943838124
0.6383285879552798
0.6345796632836066
0.6246859893436417
0.610333235502983
0.5925933504644895
0.5721865657017582
0.5497696137147509
0.5259753558698657
0.501518066240632
0.47705377760488066
0.45331873039095416
0.4309612565186708
0.41045227675104956
0.39216972906390973
0.3762536589740845
0.3627456280871534
0.3515921179373937
0.3426728739410836
0.3358618157444029
0.33104605520411506
0.3281384494275624
0.3271044071517503
0.32795973393809746
0.3307761991844498
0.33567769405223685
0.34282983643101456
0.352421458076518
0.3646355731527503
0.3796088430254201
0.3973822071318018
0.4178501856224929
0.5943576817709588
0.5943043163733175
0.59423382083239
0.5941572087119802
0.5940811873560321
0.5940100659441744
0.5939458680796359
0.5938891070985971
0.5938405220260732
0.5938002122946672
0.5894253185435283
0.5885622260862003
0.5894402422161018
0.5911764959918524
0.5933229158684549
0.5956668828636417
0.5981150521923655
0.6005751370514069
0.6029946737674556
0.6054096874852403
0.6078225039618332
0.6102032492546678
0.612551882442647
0.6148702627444647
0.6171583440809563
0.6194167252003888
0.6216445534426837
0.6238416504910861
0.626007663860292
0.628142966589473
0.6302462645879467
0.6323165232855
0.6343520224679664
0.6363551779749166
0.6383256996555617
0.6345781202274616
0.6246833481212892
0.6103314940047022
0.5925872696650851
0.5721785580534133
0.5497530131934767
0.5259501290913605
0.5014758476211064
0.4769875281721243
0.4532160710063379
0.4308063684932355
0.41022357994971403
0.3918396364477675
0.37578665089499197
0.362096636743942
0.35070470304308354
0.3414763272630362
0.3342682520649061
0.3289471610707261
0.32540107956712816
0.32356736520685386
0.32343060453489336
0.3250302875908883
0.3284604739351708
0.3338648220302647
0.3414264057528569
0.35134908509026996
0.363828598962746
0.3790122673279403
0.39695006437821345
0.5943476318293269
0.5942812023338965
0.5942053345025635
0.5941282469229456
0.5940547453074917
0.5939877977312292
0.5939276885815243
0.5938759245403934
0.5938317706578693
0.5894379609569319
0.5885666368837137
0.5894413418589635
0.591176944002028
0.5933241420428584
0.595670063421792
0.5981211289101415
0.6005848326636077
0.6030078148675084
0.6054255274948948
0.6078401316915703
0.6102218363816988
0.6125705596278496
0.6148879472354744
0.6171741618597304
0.619430492608806
0.6216566194969385
0.6238519524714715
0.6260157687594959
0.6281486084468847
0.6302504254459379
0.6323197823494425
0.6343547271974822
0.6363563574261523
0.6383248183308039
0.6345772002464773
0.6246807150518857
0.6103304659133092
0.5925827355037614
0.5721727667473281
0.5497401464784978
0.5259305870180436
0.5014427181326211
0.47693571343821484
0.4531357701729523
0.43068529955068957
0.41004486336013796
0.39158161132251285
0.37542143188425164
0.3615887011237586
0.35000944534490774
0.3405376037216596
0.33301590362043976
0.3272941426488589
0.3232393410174004
0.32076452743543565
0.31982601838732405
0.32043221154387064
0.32264504114458636
0.32657842563994577
0.3323935928613713
0.340288771850466
0.3504806306365635
0.36317556146510005
0.37852979006917303
0.5943397557845612
0.5942640854827812
0.5941847226320008
0.5941079115619858
0.5940371090714478
0.5939729433217059
0.5939169657568564
0.5938684245246282
0.5894531773982337
0.5885722951080585
0.5894430168090147
0.5911773426694069
0.5933249177810634
0.5956721944810568
0.5981255492094009
0.6005922545812833
0.6030186578353638
0.6054395302569688
0.6078565450822048
0.6102396880617236
0.6125890620600601
0.6149062731514289
0.6171912887519773
0.6194456339513145
0.6216696942714348
0.6238633267616898
0.6260254499571556
0.6281561250546459
0.6302558922445274
0.6323238828160231
0.6343587813199094
0.6363598075111304
0.6383268481585849
0.6345779553665832
0.624678826847117
0.6103294562304643
0.5925790930241179
0.5721684701900929
0.5497303210433698
0.5259154579857149
0.501416741206529
0.4768951748682405
0.45307294835714407
0.4305906665348888
0.4099052492625459
0.39137999914433824
0.3751359718969461
0.36119144376200485
0.34946522821401566
0.3398020202827455
0.3320332043242284
0.3259948406701375
0.3215365137519278
0.31855070639926103
0.31696918165470084
0.31677215080278803
0.31799057458567237
0.32070630228999814
0.3250509039476819
0.33120087824958466
0.33936737033263586
0.34977776901967855
0.36264737078051146
0.5943341769530327
0.5942514981435872
0.5941702955011974
0.5940944388509664
0.594025292280979
0.5939642827903411
0.5939107834555327
0.589471167597523
0.5885794266752169
0.5894453449810708
0.5911778978339899
0.5933252875062615
0.5956735483796641
0.5981286532334689
0.6005978458927963
0.6030272274257668
0.6054513839858724
0.6078713406413626
0.6102565543748696
0.6126070499335082
0.6149246384821441
0.6172092444791468
0.6194622158157777
0.6216841815328846
0.6238757031420112
0.6260360886668338
0.6281650550428004
0.6302627783570406
0.6323288432014658
0.6343630050650689
0.6363640301802774
0.6383308947373393
0.6345809694801959
0.6246790232646158
0.6103288231461996
0.5925760847729308
0.572164966017767
0.5497228649218777
0.525903717290064
0.5013964071942465
0.4768634382504134
0.45302378955114386
0.43051668771497764
0.4097962165947063
0.39122251530346774
0.3749129526680225
0.3608809258138243
0.34903954982025004
0.33922615216669544
0.33126302376951283
0.324975145810273
0.32019784912399807
0.31680659955201634
0.31471239712234433
0.31387095558425243
0.3142851400815269
0.3160058539453182
0.31913264734164515
0.3238124523614279
0.33023478310741694
0.33862159348007614
0.34920923337931997
0.5943299533832682
0.5942429545222372
0.594160767669882
0.5940854959627675
0.594018506640353
0.5939592383084231
0.5894921924999346
0.5885880992156325
0.5894485118209631
0.591178716864704
0.5933254984648908
0.5956742102335864
0.5981307091072655
0.6006018826034731
0.6030338237286464
0.6054609765519259
0.6078841284044622
0.6102720127868322
0.6126242728642792
0.6149427010606493
0.6172274485616973
0.6194798166599209
0.6217002714024603
0.6238896124156234
0.6260478350927531
0.6281750086696557
0.6302709992589384
0.6323350508738241
0.6343675670791985
0.6363679481619824
0.6383351807268199
0.634585264524579
0.6246818457725596
0.6103296108196287
0.5925743390502927
0.572161927837531
0.5497171866034729
0.5258945371916736
0.5013805137072935
0.47683856882802245
0.45298531035356254
0.4304588386462625
0.40971109445624293
0.39109953332105196
0.374738780471366
0.3606383217914334
0.34870678694366236
0.3387756575794625
0.3306599716371701
0.3241758676954232
0.3191471166724564
0.3154353120182836
0.31293423364004513
0.3115788710293105
0.311347663626313
0.3122634250825045
0.3143947821448147
0.3178567118626044
0.3228092417720643
0.3294527761499034
0.3380183034156849
0.5943271820259897
0.5942373941796272
0.5941546656107707
0.5940804624508089
0.5940145088655792
0.5895163812523365
0.5885984245698186
0.5894525390072713
0.5911799802983229
0.5933256943728695
0.5956744662474359
0.5981318476309118
0.6006046327404455
0.603038652461069
0.6054684784119981
0.6078946687390857
0.6102855961782654
0.6126402805752972
0.6149602006745147
0.6172455417733946
0.6194978525771343
0.6217175533091521
0.6239052877433486
0.6260612777456198
0.6281862493796293
0.6302804008170222
0.6323426838665559
0.6343732648372481
0.636372031537023
0.6383388797334265
0.6345893032127512
0.6246861858714734
0.6103321982582172
0.5925748632728526
0.5721597139520512
0.5497129954247819
0.5258872952109999
0.5013680765633537
0.47681906030746846
0.45295517406830205
0.43041358293563065
0.4096446642120606
0.39100351446400594
0.37460280089857706
0.36044885085118006
0.3484467831877879
0.33842345331444335
0.33018813800887775
0.32354996086082527
0.318323407293524
0.31435885535579466
0.3115360267853044
0.3097727195767605
0.3090267083972793
0.3092963734539164
0.3106222536428114
0.3130884456058278
0.3168230812941104
0.3219971446404595
0.3288201429685088
0.5943254399069562
0.5942337987341776
0.5941511909591133
0.5940774502973216
0.5895440631220891
0.5886104194398378
0.589457487606684
0.5911817092291367
0.593326066054957
0.5956744919930453
0.5981323869120573
0.6006062665474345
0.6030419818078354
0.605474033067969
0.6079030174650943
0.610296949276448
0.6126545333304645
0.6149766561845534
0.6172632491199052
0.6195159418341633
0.6217354216035237
0.6239222921597779
0.6260766208411316
0.6281993455365272
0.6302912770834906
0.6323516960013371
0.6343804987523464
0.6363773487514782
0.6383427466020885
0.63459270692106
0.6246904032581654
0.6103356520006588
0.5925777491753077
0.5721590078299962
0.5497104118903806
0.5258816448364595
0.5013582995215523
0.4768037451834982
0.45293154720797385
0.4303781574987025
0.409592847314921
0.39092855928551173
0.37449666906652046
0.3603009255704341
0.34824370887067563
0.3381482286975164
0.3298191944878018
0.3230601944340619
0.31767829395582237
0.3135148961537789
0.3104383386517311
0.30835238441439644
0.307197668426024
0.30695189054126976
0.30763114397340674
0.3092914630943918
0.31203014232331056
0.31598631977880987
0.3213401395212643
0.594324220035083
0.5942318282428177
0.5941490522252324
0.5895756562043158
0.5886242235518713
0.5894633332187897
0.5911839567915348
0.5933266527665937
0.5956744969385017
0.5981325278117456
0.6006071333626255
0.603044014587364
0.6054779081242416
0.6079092664681037
0.6103060277673761
0.6126665752086574
0.6149914628059919
0.6172800602932338
0.6195337949679844
0.6217534761817445
0.6239399928213143
0.626093381828583
0.6282144259914707
0.6303041268353483
0.6323623313306761
0.634389260188336
0.6363843294762451
0.6383479063290329
0.6345964478113303
0.6246940623153491
0.610338800847727
0.5925817005929443
0.5721599241323166
0.5497096071806759
0.5258775329388438
0.5013505949310975
0.4767917269764733
0.4529129899317724
0.43035040623756643
0.40955245638425775
0.3908700554725501
0.3744138539918661
0.3601854687090349
0.3480851518342619
0.3379332440390634
0.3295308452782057
0.32267719081750945
0.3171734426657698
0.3128538625659581
0.3095776616193433
0.3072372378094388
0.305759238513003
0.30510420486422074
0.3052675283133574
0.3062808104250289
0.30821331352278847
0.311173374397072
0.3153093364323021
0.5943236570676853
0.594230527001237
0.5896116832612416
0.5886400413046979
0.58947013155797
0.5911866929440273
0.5933275176614752
0.5956745441351989
0.5981325015542718
0.6006074613025312
0.6030451246970753
0.6054803360065478
0.6079136834334069
0.6103128801469199
0.6126762766616014
0.615004080157979
0.6172953151060637
0.6195508772564892
0.6217714179161543
0.6239579824581847
0.6261109091494255
0.6282309621870285
0.6303189887976692
0.6323749988399414
0.6343997306160585
0.6363929193014677
0.638354722044055
0.6346016261237828
0.6246980634593379
0.6103416760459286
0.5925852455414896
0.572161689153792
0.549710189399928
0.5258749882761978
0.5013445763864504
0.4767823355157412
0.45289837664362104
0.4303286491625495
0.40952100255589785
0.3908243970253669
0.37434924905452754
0.3600953750669907
0.34796138721060976
0.3377653714618535
0.3293055735361029
0.3223778239946266
0.316778599232195
0.3123365065434625
0.30890348018016905
0.306362808304071
0.3046298171860169
0.30365104116455127
0.3034046862828484
0.3039016557530955
0.30518680071277865
0.3073404511407234
0.31048018520816
0.5943231369756405
0.5896527802564129
0.5886581660043757
0.5894779883850384
0.5911899432220069
0.5933286471052724
0.5956747176013603
0.5981324019959363
0.6006075000783349
0.6030455641771078
0.6054817085285504
0.6079165268952029
0.6103177725390708
0.6126836498160773
0.6150143075499728
0.6173084048954689
0.6195664836697633
0.6217886936592226
0.6239759593609059
0.6261288029079748
0.628248302698933
0.6303353008877381
0.6323896571822106
0.6344122392253553
0.6364032542279873
0.6383631459395445
0.6346085845194301
0.6247034848500501
0.6103453954813708
0.5925882535035849
0.5721635011361189
0.5497111736247112
0.5258737712822285
0.5013399478406765
0.47677507845312617
0.45288684409497854
0.43031157923012187
0.4094965445832635
0.3907887664240809
0.3742988614512776
0.36002508814235434
0.34786480186301405
0.33763432410235855
0.3291296397441978
0.32214392207755255
0.3164699436752488
0.31193184753644754
0.30837579292211126
0.3056778058792553
0.3037441441717906
0.3025100028951258
0.3019395525671395
0.30202650743567183
0.30279503624300874
0.30430107489628944
0.3066342245734418
0.5896995942805137
0.5886789455406702
0.5894870750445718
0.5911937668022135
0.5933300594231947
0.595675029781688
0.5981323398218339
0.60060737467277
0.6030455986344699
0.6054822965237874
0.6079182039847152
0.6103209839262399
0.6126889569204654
0.6150221265535468
0.6173190705749694
0.6195799525783918
0.621804563945447
0.6239933575939681
0.6261467653857297
0.628266069363882
0.6303524343689525
0.63240573029201
0.6344266827643538
0.6364155976215743
0.638373332439498
0.634617290024295
0.6247107721632745
0.6103509867246866
0.5925918862897056
0.5721655690244905
0.5497118502470207
0.5258733459050667
0.5013363602321366
0.47676956498299894
0.4528777505015261
0.4302981833027745
0.4094775708355684
0.3907609631987935
0.3742595711260286
0.35997026268557253
0.34778944128315503
0.3375320482267877
0.3289922764262565
0.32196122996747883
0.316228756316455
0.3116154905154556
0.3079630206677924
0.30514161087149555
0.30305029563779395
0.3016151855956584
0.3007890828703616
0.30055165780985654
0.300909902691924
0.30189908164930734
0.3035844280558929
0.5887027131237741
0.589497591084048
0.5911982739444982
0.5933317909350767
0.5956755014490953
0.5981323513906576
0.6006072228046704
0.6030453787245598
0.6054823810564289
0.6079190028792217
0.6103229318542256
0.6126924921055641
0.615027792994462
0.6173272677368825
0.6195909776445758
0.6218183280580811
0.6240094127160614
0.6261642220488866
0.6282839722160789
0.6303700439836505
0.6324226329988729
0.634442491549084
0.636429797888067
0.638385483582937
0.6346278464932325
0.6247199923665246
0.6103587555252618
0.5925973515625199
0.5721689717177373
0.5497126211121593
0.5258733867930316
0.501333464608777
0.4767654388395516
0.45287062939651174
0.43028767951967334
0.4094629091282703
0.39073926865959935
0.3742289410429494
0.3599275024480699
0.3477306484993724
0.33745224439203797
0.3288850527529779
0.3218185750087748
0.31604035069588376
0.3113682618482777
0.3076402944656004
0.3047221528748406
0.3025071460597907
0.3009141478042955
0.29988684776935454
0.29939353579595407
0.29942717113808104
0.3000058467506242
0.30117414869093756
0.5895097127523865
0.5912035865627958
0.5933339220274815
0.5956761625296143
0.5981324697343826
0.6006071019471663
0.6030450642246654
0.6054821373730377
0.6079192194059524
0.6103239191991288
0.6126946793641737
0.6150316113235088
0.6173332431504116
0.6195994919104291
0.6218296418599669
0.6240233970912576
0.626180391600384
0.6283014303146208
0.6303878472058023
0.6324400589518618
0.6344591400783095
0.636445312733438
0.6383994036768253
0.6346403679192699
0.6247312485116933
0.610368643369142
0.5926051377999155
0.5721746206204292
0.549714733849459
0.5258742625863175
0.5013312277281876
0.476762413043762
0.4528651471983951
0.4302794668811875
0.40945165530292793
0.39072234134913497
0.3742050674575709
0.3598941537047378
0.34768478322108104
0.3373899859183177
0.3288013737757676
0.32170720840362316
0.3158932150099
0.3111751175779932
0.30738806654556383
0.30439417404972047
0.30208222317507
0.30036535089079913
0.29917998388305395
0.2984852849571725
0.2982628429564515
0.2985167187599233
0.29927435102641736
0.5912097973916214
0.5933365321673799
0.5956770764197437
0.5981327271880327
0.6006070589775528
0.6030447333258747
0.6054817449068806
0.6079190527465653
0.6103242546698651
0.612695834118031
0.6150340086603777
0.6173373072839544
0.6196057305067881
0.6218384183094452
0.6240349366257876
0.6261945298818186
0.6283176522563514
0.6304052569313006
0.6324577285363392
0.6344763607427477
0.6364616876559264
0.6384145981478199
0.6346546694254099
0.6247445982661837
0.6103806850928333
0.5926152647995024
0.5721827111679224
0.5497192266164012
0.5258768031517165
0.5013301460275251
0.4767604163089674
0.4528610958016701
0.4302730896280589
0.40944311470253497
0.39070913491633147
0.3741864637442922
0.3598681423928586
0.34764900067369575
0.3373414219519841
0.32873608148632005
0.32162028596487546
0.3157783341909058
0.31102426479072665
0.30719099828781876
0.30413781960567327
0.30174995106578817
0.29993599446836716
0.2986266158097009
0.29777369867444164
0.29734971507719016
0.29734735249925204
0.2977800414024849
0.593339667039787
0.5956782953242382
0.5981331781855491
0.6006071299832374
0.6030444420085024
0.6054813014525785
0.607918701856923
0.6103241588171392
0.6126962762607567
0.6150353111788179
0.6173398876493141
0.6196100061764493
0.6218448785218971
0.6240439259218031
0.6262062392420245
0.6283318860954628
0.6304214772759004
0.632475047331058
0.6344938688416235
0.6364786873606451
0.6384306884797336
0.6346703399388604
0.6247598494061998
0.6103949279284773
0.5926277515311615
0.572193077364168
0.5497263503412564
0.5258815604680429
0.5013309613750749
0.47675965965199046
0.452858420081285
0.43026822044475066
0.4094367539527846
0.39069883394888366
0.3741719685702984
0.359847847760612
0.34762107720234076
0.3373035436225219
0.32868514415251243
0.32155245446178926
0.31568865524572925
0.3109064676725614
0.30703706504832234
0.30393750909578254
0.30149022386368624
0.29960024295752635
0.2981936756505562
0.29721662757282974
0.2966343021947788
0.2964302639434472
0.2966065939381656
0.5956798426825939
0.5981338627063252
0.6006073639698603
0.6030442279943246
0.6054808723030596
0.6079182825352362
0.6103238473193492
0.6126962452594434
0.615035848456921
0.6173413196724495
0.6196127446126496
0.6218493343482473
0.6240505700298884
0.626215397148024
0.6283437158044307
0.6304357557605008
0.6324912198372112
0.6345110609565728
0.6364960119607818
0.6384474592033207
0.6346870287816496
0.6247766238422088
0.6104112024181413
0.5926426075041293
0.5722056816173163
0.5497359047484268
0.5258884697162682
0.5013340784550722
0.4767604364237716
0.4528571969909227
0.4302646535647127
0.40943216181849
0.39069080451354804
0.37416067335259134
0.3598320029598786
0.34759927480370684
0.3372739997366515
0.32864541163974337
0.3214995293716838
0.31561866132625843
0.3108145000782501
0.3069168490142437
0.3037810276654289
0.3012872633869172
0.29933778557833607
0.29785511613193516
0.2967807861451436
0.29607423243109005
0.295711741920171
0.2956862970311288
0.598134794292948
0.6006077945386422
0.6030441344153811
0.6054804979845932
0.6079178704110528
0.6103234515788509
0.6126959709475036
0.6150358765940691
0.6173419412819953
0.6196142892213339
0.6218522079080189
0.6240551773141928
0.6262221909616938
0.6283530026463832
0.6304476621617054
0.6325054989999709
0.6345271464411509
0.636513047860986
0.6384645846954422
0.6347044682742429
0.6247945693678385
0.610429155304432
0.5926596360269278
0.5722205885494198
0.5497477672163398
0.5258972315945707
0.5013393387779923
0.47676279771171837
0.4528574942817998
0.4302622708350344
0.4094290179655364
0.3906845549583096
0.37415186535845146
0.35981961722706673
0.34758223454395465
0.3372509535229704
0.32861442262333707
0.32145824104912935
0.3155640398153076
0.3107427094183379
0.3068229812568688
0.3036588080775347
0.3011286992680351
0.2991326828240482
0.29759045943114637
0.29643995494887954
0.29563604350381595
0.29514923423578804
0.2949652565498761
0.6006084290619035
0.603044185557368
0.6054802177918378
0.6079175107521523
0.6103230561816981
0.6126955981122486
0.61503563722136
0.6173420230922776
0.6196149850773877
0.6218538494901233
0.6240581649554294
0.6262269235142883
0.6283599151549304
0.6304570423629847
0.6325174437725265
0.6345413884943444
0.6365290135685819
0.6384814412310371
0.6347222779144062
0.6248133726264444
0.6104484402539645
0.5926784758886537
0.5722376987308154
0.5497619455283888
0.5259077905282916
0.5013463821318459
0.47676648967746543
0.4528591955066373
0.43026096282930787
0.4094270586560569
0.39067970456683415
0.3741449822815228
0.3598099155305193
0.3475688931171796
0.3372329699771498
0.32859025463865416
0.3214260347551681
0.3155214208602953
0.31068667673166567
0.3067496972274786
0.3035633641426397
0.30100484211249784
0.29897243749481345
0.2973836345560948
0.2961735203460755
0.2952933760696471
0.2947091353653576
0.2944007742360005
0.603044382031656
0.6054800495889158
0.6079172416131727
0.6103227105915545
0.612695219014778
0.6150352864845361
0.6173418163856578
0.6196151153506603
0.6218546102177784
0.6240598891561964
0.6262300060092951
0.6283647490897395
0.6304640454419437
0.6325268855150058
0.6345533379918897
0.6365431863070463
0.6384972606350588
0.6347398250310419
0.6248326042852912
0.6104687335056704
0.5926987945199425
0.572256734159329
0.5497783436711804
0.5259203281377256
0.5013550849248765
0.4767712639167112
0.45286199793433396
0.43026055533639385
0.4094260382372497
0.39067595364684526
0.3741395775234323
0.35980229094848026
0.34755841810042426
0.3372189276740209
0.32857140619139813
0.32140091504833224
0.31548817141462193
0.3106429488846151
0.306692490231861
0.30348883933231513
0.3009081098743498
0.2988472606065666
0.29722204096405574
0.295965304478227
0.29502550610129086
0.29436497261459227
0.2939591285263605
0.6054799899012354
0.6079170782256342
0.610322451736584
0.6126948868252894
0.615034923162841
0.6173414868298546
0.6196149390348484
0.6218547840084644
0.6240607060737761
0.6262317996855656
0.6283679089047863
0.6304689590033806
0.6325339537287612
0.6345628127606544
0.6365551111028162
0.638511337048549
0.634756338369532
0.6248515983562593
0.6104895763979464
0.5927202940161835
0.5722774214077939
0.5497967307508621
0.5259349580626906
0.5013655771737401
0.4767771806949147
0.45286563555374826
0.4302608353963849
0.40942570472952705
0.39067305728727353
0.37413529251253114
0.35979626815877114
0.3475501571291312
0.3372079502005689
0.32855670447847984
0.321381323454277
0.3154622349174309
0.3106088276348236
0.3066478384140086
0.30343065484500814
0.3008325708353298
0.2987494920022223
0.29709580855705015
0.2958026228430273
0.2948161688617628
0.29409593252493793
0.2936137548982367
0.6079170166021965
0.6103222925871256
0.6126946374954794
0.6150346036909934
0.6173411386832648
0.6196146296635894
0.621854635825774
0.6240609187079695
0.6262326647889379
0.6283697600584087
0.63047218019077
0.6325389271774446
0.6345699230765622
0.6365645934154147
0.6385232115952402
0.6347710850994035
0.6248695370470925
0.6105102485285688
0.592742514152885
0.5722995036832654
0.5498168996527865
0.5259516211119455
0.5013779755128694
0.47678455031292477
0.4528700848024256
0.4302616865779831
0.40942582138278927
0.39067080972970253
0.37413183779791337
0.3597914740993103
0.34754359917709027
0.33719935222395103
0.3285452335660003
0.3213660427007446
0.31544200527882216
0.3105822053961196
0.306612989719091
0.30338523231427844
0.30077358724755227
0.298673138721754
0.2969972135916265
0.29567553947076836
0.2946526115831836
0.29388567998013115
0.2933437674368543
0.6103222288791789
0.6126944820885962
0.6150343631802873
0.6173408312430062
0.6196142960412673
0.6218543455853411
0.6240607964393879
0.6262329118712499
0.6283706659935776
0.6304740779050969
0.6325421953001946
0.6345749385045801
0.6365717250534252
0.6385326787827184
0.6347835604369247
0.6248856175816269
0.6105298507961995
0.5927646788917333
0.5723225222275161
0.5498386566873535
0.5259702099027916
0.5013922707930623
0.476793646405025
0.45287552546969795
0.4302631869149906
0.40942623482520235
0.3906690495315663
0.3741289823334981
0.3597876166513593
0.3475383441387328
0.33719259794384443
0.3285362779413326
0.32135412211354275
0.3154262282415025
0.3105614361542465
0.30658579443680667
0.3033497754090109
0.3007275345454401
0.2986135150311611
0.29692021328427654
0.2955762790035413
0.2945248447346771
0.29372140691244275
0.29313277399986176
0.6126944162421455
0.6150342110958924
0.6173405988979906
0.6196139999585075
0.6218540258031096
0.6240605242425694
0.6262328133545825
0.6283709434089638
0.6304750179407245
0.6325441296930138
0.6345782405105885
0.6365767662871367
0.6385398130604643
0.6347935302511336
0.624899262085408
0.6105474883034562
0.5927857943995648
0.5723456450047962
0.5498615699673599
0.525990571515252
0.5014084203749755
0.47680457034369966
0.4528821464538133
0.4302655479477163
0.4094269213516976
0.39066768484621045
0.37412655089747776
0.35978446958069304
0.347534080802017
0.33718726813391336
0.32852927887033423
0.3213448189794668
0.31541392450878153
0.3105452344286211
0.3065645735904813
0.30332209973648
0.3006915801937101
0.29856695877802936
0.2968600828907212
0.2954987582326619
0.294425050993665
0.293593080400974
0.29296792170676567
0.6150341431155253
0.617340449781858
0.6196137751820896
0.6218537404233605
0.6240602176001573
0.6262325580994437
0.6283708665561647
0.6304753218544159
0.6325450976996057
0.6345802026550502
0.636580090434282
0.6385448655331739
0.6348010563586731
0.6249101933834176
0.6105625037319166
0.5928048697064455
0.5723677880964914
0.5498847802579337
0.5260122814788973
0.5014263356549038
0.4768173246126312
0.4528900577322904
0.4302689646583776
0.4094279617621395
0.3906667054809576
0.3741244303521798
0.35978186256716777
0.34753057054643716
0.3371830354383127
0.32852379983334395
0.3213375530778187
0.31540432935935114
0.3105325965072839
0.30654801592359515
0.3033004991601361
0.3006635114321394
0.2985306079884361
0.29681312972942625
0.29543822077606785
0.2943471142913011
0.2934928491230136
0.29283914247124304
0.6173403797186975
0.6196136287425025
0.6218535226725482
0.6240599422957355
0.6262322638928132
0.6283706271457584
0.6304752646647727
0.6325454245571427
0.6345811930661518
0.6365820723067821
0.638548201283363
0.6348063952291789
0.6249184623135609
0.610574570998223
0.5928211740473468
0.572387881012481
0.5499071460417704
0.5260344751578593
0.5014456613508136
0.4768318254576397
0.45289933998807475
0.4302735502146911
0.40942947845772243
0.39066616343018684
0.3741225713571669
0.3597796779717814
0.3475276346859235
0.33717964538610445
0.32851950025876575
0.32133187069030394
0.31539684575619725
0.3105227385983716
0.30653509757946373
0.30328364116697015
0.3006415998986538
0.2985022268498217
0.2967764679379786
0.29539094920348447
0.29428625253821544
0.293414570380288
0.29273855741244437
0.6196135566882691
0.6218533786717362
0.624059731080309
0.6262319980664993
0.6283703446805444
0.6304750400215727
0.6325453851268185
0.6345815395851934
0.6365830800919889
0.6385501956895583
0.6348099229699486
0.6249243397847714
0.6105837260006263
0.5928343330017853
0.5724051404823819
0.5499275534706957
0.5260560111940169
0.5014656154698485
0.4768477428941544
0.45291002442084105
0.43027936907953346
0.4094316114786633
0.3906661363703749
0.3741209831993157
0.3597778464124226
0.34752514680243723
0.33717690132104977
0.3285161150115103
0.3213274170602436
0.3153910072874833
0.3105150487643893
0.3065250190491092
0.3032704852738284
0.3006244956708779
0.2984800689492099
0.2967478430178176
0.2953540382945177
0.29423872820617214
0.29335344124352686
0.29266000224648964
0.6218533047492057
0.6240595893287398
0.6262317929454189
0.6283700877704224
0.6304747686220349
0.6325451742019668
0.6345815161153575
0.6365834432559578
0.6385512163133031
0.6348120371929428
0.6249282290857678
0.6105902511231596
0.5928443589843
0.572419152644845
0.5499451981766803
0.5260757985393547
0.5014851507308351
0.4768643869766751
0.45292193196445263
0.4302864185432538
0.40943451725789304
0.39066670718739055
0.37411972260221926
0.35977634065491004
0.34752302500660837
0.33717465432359695
0.32851343790239984
0.32132391481962597
0.31538644967467344
0.3105090489902544
0.3065171561431389
0.30326021899013395
0.30061114463092276
0.29846277023051504
0.2967254939407711
0.2953252185032323
0.2942016203667
0.29330570788424837
0.29259865715078687
0.6240595136855306
0.6262316532946673
0.6283698883501381
0.6304745201034607
0.6325449132149734
0.6345813179002477
0.6365834340560473
0.6385515933608179
0.6348131259054185
0.6249305654165472
0.6105945793343706
0.5928515325908537
0.572429895135121
0.5499596410702683
0.5260930600068529
0.5015032750843503
0.47688086120840756
0.4529345697993189
0.43029451697430054
0.4094383004235323
0.39066794525705706
0.3741188792692374
0.35977516392906866
0.3475212252133227
0.3371727940763219
0.32851130983549215
0.3213211467698628
0.31538288838509826
0.31050436596216896
0.3065110213393847
0.3032522080055959
0.3006007236194352
0.29844926550947004
0.29670804521966143
0.29530271723249496
0.2941726471160704
0.29326843662653207
0.2925507550834708
0.6262315760963393
0.6283697506883871
0.6304743260345029
0.6325446725987902
0.634581066702722
0.6365832475862614
0.6385515968563334
0.6348135370704413
0.6249317745717665
0.6105971857730919
0.5928563065277715
0.5724376238364697
0.5499708119131821
0.5261073511895875
0.5015192829915314
0.4768963402208458
0.45294726449452366
0.4303032549043104
0.4094428913838307
0.3906698467737197
0.37411854080755785
0.35977433145232984
0.34751973152094523
0.33717124152111266
0.3285096085411261
0.32131894332558336
0.31538010079383194
0.31050070810765196
0.30650623396287663
0.30324595695219975
0.30059258998210053
0.2984387229646917
0.29669442272977525
0.2952851496222573
0.2941500260135549
0.29323933560035326
0.29251335203574075
0.6283696721139962
0.6304741902809107
0.6325444835701671
0.6345808335369569
0.6365830055856606
0.6385514212244102
0.6348135517190087
0.6249322381188239
0.6105985399257813
0.5928591890162324
0.5724427891148606
0.5499789112179478
0.5261185409069238
0.501532741016872
0.4769102376936676
0.4529593972775743
0.43031212823814924
0.4094480142758319
0.39067226423411533
0.37411872301463717
0.3597738394339361
0.3475185411984483
0.3371699403089358
0.32850824080336777
0.3213171720553859
0.3153779128912447
0.3104978473809166
0.3065024967510023
0.3032410791038971
0.30058624184738647
0.2984304931618861
0.29668378765649883
0.2952714340626032
0.29413236483418687
0.2932166145722155
0.2924841480610091
0.6304741105179584
0.6325443496683509
0.6345806492741652
0.6365827794522742
0.6385511878668599
0.6348133745643754
0.6249322625643677
0.6105990638526011
0.5928606911236157
0.5724459166186543
0.5499843539563207
0.5261267402694971
0.5015434484703897
0.4769221542490806
0.45297052052041287
0.4303207220463447
0.40945332091346404
0.39067492750442206
0.37411930911388996
0.35977362386524997
0.34751764102931565
0.3371688463516598
0.32850713526974806
0.32131572998755464
0.31537618836441095
0.3104956055582739
0.3064995773122012
0.3032372725667923
0.30058128743405155
0.2984240689304219
0.29667548509428937
0.2952607260832835
0.29411857637259947
0.2931988752320687
0.29246134661417456
0.6325442689077132
0.6345805171893677
0.6365825997118095
0.63855096838436
0.6348131348522155
0.6249320731034801
0.6105990972412727
0.5928612756280669
0.5724475499234939
0.5499876589439578
0.526132289146449
0.5015514016081682
0.4769318250798633
0.45298028549201236
0.43032875689206324
0.4094585519272031
0.3906775830614196
0.37412007830249705
0.35977354124154676
0.3475169789782397
0.3371679154588366
0.3285062355782984
0.3213145372201716
0.3153748204727733
0.3104938431040252
0.30649729407070325
0.3032343014858168
0.3005774209355369
0.2984190543513251
0.29666900359123355
0.29525236635483504
0.29410781159437144
0.29318502562210974
0.2924435444535682
0.634580435623185
0.6365824694253089
0.6385507929537438
0.6348129086938051
0.624931813474505
0.6105988904788763
0.5928613171638718
0.5724481873207624
0.5499893865091069
0.5261356685374888
0.501556830577066
0.47693912521101434
0.45298838776810696
0.4303359810361857
0.40946355347663316
0.39068011598159746
0.3741208307814163
0.3597734126357567
0.3475164519527952
0.3371670923778085
0.32850549355576014
0.32131353176560595
0.31537372554378457
0.31049245079515153
0.3064955049241176
0.30323198172661064
0.3005744035163645
0.29841514039138717
0.2966639438771313
0.29524583996159764
0.294099407605459
0.29317421299073315
0.29242964576896596
0.6365823872429803
0.6385506644624411
0.6348127267845545
0.6249315680534296
0.6105986044617862
0.5928610918632257
0.5724482352905659
0.5499900601983079
0.5261374336144138
0.5015601468699225
0.47694415713512833
0.45299460750214626
0.4303421073107283
0.40946816116356943
0.39068251884544863
0.3741214905434482
0.35977311909762977
0.34751593263625624
0.33716631029407473
0.3285048632841575
0.32131266544545983
0.31537283795113613
0.3104913430712043
0.3064940986290086
0.3032301693843782
0.30057204879055804
0.29841208571762295
0.29665999429318707
0.2952407449188496
0.29409284670391944
0.2931657715391773
0.2924187947993452
0.6385505818496969
0.6348125915545889
0.6249313697201005
0.6105983334366186
0.59286077780601
0.5724479927070346
0.5499901107241849
0.5261381178356426
0.5015618740474752
0.47694723844973874
0.4529989327335903
0.4303468771905615
0.409472136717854
0.39068475209141157
0.3741220753620677
0.35977265975452655
0.34751532663423834
0.3371655071849787
0.3285042990999204
0.32131190076290483
0.3153721062444603
0.31049045291717337
0.3064929879749741
0.3032287519988826
0.30057021121382865
0.29840970201456735
0.2966569114498025
0.29523676743627714
0.29408772472624156
0.2931591812948243
0.2924103233956115
0.634812502665178
0.6249312205971777
0.6105981136511295
0.5928604792103307
0.5724476524298313
0.549989853353922
0.5261381640524179
0.5015625345470791
0.47694883352526607
0.45300158052777434
0.43035020445555955
0.4094752392689805
0.3906866735354332
0.3741225793044666
0.35977210381743435
0.3475146068024266
0.3371646501275903
0.32850375925692693
0.3213112092756774
0.3153714900254439
0.3104897279503457
0.30649210450062725
0.3032276416059495
0.3005687771793894
0.29840784227110156
0.2966545054167098
0.2952336624453108
0.29408372617630385
0.2931540363192298
0.29240370974918445
0.6249311209819479
0.6105979471848488
0.5928602361773514
0.5724473273808338
0.5499894909499677
0.5261378944271179
0.5015625663101476
0.47694942736059454
0.4530029331217764
0.43035221927547324
0.40947736333514534
0.390688109054139
0.3741229173446277
0.3597714873322695
0.34751378481213846
0.3371637407456935
0.3285032119492833
0.32131057087563636
0.3153709575393144
0.31048912732616113
0.3064913944163773
0.30322676933666426
0.3005676579919281
0.2984063917806713
0.2966526279151144
0.2952312386872599
0.29408060464561825
0.2931500197283279
0.29239854648795266
0.610597834709307
0.5928600509249494
0.572447061464991
0.549989142541735
0.5261375149563248
0.5015622858171209
0.4769494304495763
0.45300340867349376
0.43035321093159556
0.40947858448885677
0.3906889782106813
0.3741229881047687
0.35977077460094825
0.3475128543668532
0.33716278770994423
0.328502634233227
0.3213099721174566
0.31537048355212877
0.31048861932804556
0.3064908153934092
0.30322608122500344
0.30056678440040285
0.29840526104929166
0.2966511632402367
0.2952293468249734
0.29407816782034574
0.2931468840273915
0.29239451560839413
0.592859924293798
0.572446857221731
0.549988855336458
0.5261371470624179
0.5015618938122335
0.4769491377670083
0.45300336344412256
0.4303535066166786
0.4094791050677282
0.39068933364694214
0.3741227677858216
0.35976991892746213
0.347511781514262
0.33716177350024473
0.3285020007323125
0.3213094006698182
0.31537004716982814
0.3104881792646914
0.3064903340979594
0.30322553491157234
0.3005661023425164
0.2984043802756783
0.2966500211107955
0.29522787030181097
0.2940762655265129
0.29314443605198803
0.292391368741414
0.5724467154640499
0.5499886324538551
0.5261368404187834
0.5015615097689426
0.47694873549535655
0.45300305256662
0.43035338350094365
0.40947915060007356
0.39068930855991674
0.37412232321401834
0.3597689364884577
0.3475105557354697
0.3371606601428266
0.32850127577215743
0.3213088371282124
0.31536962913374295
0.3104877875070193
0.3064899242388245
0.30322509710082257
0.30056556960093345
0.29840369505103265
0.2966491311033108
0.2952267181410725
0.29407478053823605
0.2931425249610882
0.2923889120399932
0.549988474450045
0.5261365991285661
0.5015611848522582
0.476948336804332
0.4530026382493702
0.4303530393996657
0.4094789045178932
0.39068903477693845
0.3741217518123614
0.35976790334665976
0.34750923206785317
0.3371594338559825
0.32850042707659105
0.3213082520749923
0.315369209654063
0.3104874274958379
0.30648956508153175
0.3032247415681685
0.30056515320835536
0.2984031629827157
0.2966484383157403
0.29522581934088626
0.2940736213361005
0.2931410330046671
0.2923869941301615
0.526136423194131
0.501560924720041
0.47694799344002936
0.45300222362096443
0.4303526043067094
0.40947849671108405
0.3906886056890822
0.3741211195081169
0.3597668940419975
0.34750790530549763
0.3371581343848081
0.32849945399964753
0.3213076161182848
0.3153687693364262
0.3104870842605883
0.30648924032115815
0.30322444763797646
0.3005648274140186
0.2984027510648002
0.29664789996528546
0.2952251185070215
0.29407271646963995
0.2931398682502551
0.29238549684596093
0.5015607283960609
0.4769477132302659
0.45300186026069916
0.43035216842745694
0.4094780204308646
0.390688085845197
0.37412045252398
0.3597659359522852
0.3475066465331368
0.3371568298775758
0.3284983968051436
0.3213069169608145
0.31536829464776117
0.3104867443861268
0.30648893742603295
0.30322419901153996
0.3005645721127307
0.29840243361058666
0.2966474827391429
0.2952245724277353
0.2940720101646612
0.29313895892052855
0.292384327930447
0.47694749351090543
0.45300155845654655
0.43035178221807824
0.4094775512226733
0.3906875335961108
0.3741197672945502
0.3597650204497323
0.3475054712782515
0.33715556682563347
0.3284973089852049
0.32130616453742467
0.31536778385834585
0.3104863978239083
0.30648864751346877
0.30322398294510566
0.30056437161657273
0.2984021906330455
0.2966471607145097
0.2952241474084781
0.2940714588777375
0.2931382489811434
0.29238341535340656
0.45300131258733917
0.4303514576475347
0.4094771365867566
0.390687009520973
0.37411909693488254
0.35976414300722515
0.3475043640228276
0.3371543513228669
0.3284962199730387
0.3213053749965059
0.31536724523127063
0.3104860398927413
0.30648836555677217
0.30322378975247555
0.30056421371295067
0.29840200655641
0.2966469137295406
0.2952238171834936
0.29407102861580064
0.29313769468018575
0.2923827028837132
0.43035118391170557
0.40947678744760774
0.3906865550507469
0.37411848919143303
0.3597633271477875
0.3475033217078967
0.33715317549217305
0.32849512858056473
0.3213045507590846
0.3153666851423592
0.31048567021525436
0.3064880901591908
0.3032236125408742
0.3005640889339321
0.29840186919245876
0.29664672608895576
0.29522356128627514
0.29407069283719395
0.2931372618562277
0.29238214661682016
0.4094764843148872
0.39068617522214416
0.37411797596082436
0.3597626125495132
0.3475023712431479
0.3371520523471666
0.3284940309785898
0.3213036810055244
0.31536609693607887
0.3104852874610313
0.30648782182701534
0.30322344692189523
0.3005639899516235
0.29840176891604137
0.29664658553199613
0.2952233637646275
0.29407043081715084
0.2931369238310313
0.29238171227358645
0.3906858374647107
0.3741175507528197
0.35976201959859305
0.3475015492282507
0.3371510212503237
0.32849294897092257
0.3213027630480229
0.3153654638884168
0.3104848842206604
0.3064875595332118
0.30322329028373995
0.3005639109914126
0.2984016979866128
0.29664648239466757
0.295223212169149
0.2940702263637517
0.2931366597694065
0.29238137308603007
0.3741171640531144
0.35976152666112254
0.34750086537250247
0.3371501205401911
0.3284919279454717
0.32130181999787233
0.31536477529882384
0.3104844479114418
0.30648729742168196
0.30322314032199493
0.30056384713714707
0.2984016499676849
0.29664640891565586
0.29522309674852865
0.29407006681493136
0.2931364533925413
0.29238110815200097
0.35976106624740095
0.3475002837561356
0.33714935320146944
0.32849100677140297
0.3213008937584625
0.31536403939860774
0.3104839678100524
0.30648702420676127
0.3032229931440177
0.30056379343680517
0.29840161919247493
0.29664635865225847
0.29522300980152977
0.29406994225121397
0.29313629197538255
0.2923809011449448
0.34749972236600735
0.3371486747677154
0.3284901868905244
0.3213000177945078
0.31536327893475513
0.31048344100396985
0.30648672579650416
0.30322284172273206
0.30056374390916185
0.29840160022502493
0.29664632598641855
0.2952229451502988
0.2940698448750522
0.2931361655630545
0.29238073930905417
0.33714799700445264
0.32848942516662094
0.32129919298952075
0.31536251273459165
0.31048287044724643
0.3064863886227129
0.3032226753862556
0.30056369072055633
0.2984015873243569
0.29664630571474243
0.29522289770998844
0.29406976852159
0.2931360663573501
0.29238061267470145
0.3284886405751751
0.3212983846218284
0.31536174008127366
0.31048225705853155
0.3064860008550837
0.30322248047054273
0.30056362390950575
0.29840157399656736
0.29664629274664694
0.29522286313991636
0.2940697082738622
0.29313598823760384
0.29238051344508925
0.3212975324421197
0.31536093957169276
0.31048159469479136
0.30648555216553575
0.30322224203837933
0.30056353201672525
0.29840155284108194
0.29664628195458703
0.29522283758159484
0.29406966016154185
0.29313592638731756
0.2923804355181979
0.3153600810827011
0.3104808723411222
0.30648503516305053
0.303221947096603
0.30056340387161345
0.2984015159951442
0.29664626824903767
0.2952228174992304
0.2940696209368963
0.2931358770027622
0.2923803741148926
0.3104800865926426
0.3064844485877485
0.3032215892881792
0.3005632316047046
0.29840145643467664
0.2966462469642594
0.2952227996537151
0.2940695879221587
0.2931358370715817
0.2923803254886294
0.30648380653789303
0.30322117264451875
0.30056301421461584
0.29840137007279915
0.2966462145918861
0.2952227812444455
0.29406955892860925
0.29313580420876456
0.29238028670289085
0.30322071471870865
0.30056275948252537
0.2984012579468462
0.29664616974123903
0.2952227602214055
0.2940695322487279
0.293135776542902
0.2923802554611657
0.30056248223758875
0.29840112701599114
0.2966461139016908
0.29522273569080826
0.29406950671080834
0.2931357526486407
0.2923802299790912
0.29840098566038875
0.29664605141024747
0.29522270819889307
0.2940694817657308
0.29313573151720734
0.2923802088916351
0.296645980245074
0.29522267960997706
0.29406945754243424
0.29313571255134707
0.2923801911871811
0.29522264530299797
0.294069434779128
0.2931356955603642
0.2923801761608536
0.2940694005588213
0.293135680723048
0.29238016337669676
0.2931356634413068
0.29238015262832384
0.2923801352963424
);
boundaryField
{
	inlet
	{
		type fixedValue;
		value uniform 0.723;
	}

	outlet
	{
		type zeroGradient;
	}

	bump
	{
		type zeroGradient;
	}

	frontAndBack
	{
		type empty;
	}

	top
	{
		type zeroGradient;
	}

	symUp
	{
		type zeroGradient;
	}

	symDown
	{
		type zeroGradient;
	}

}
