FoamFile
{
    version     2.0;
    format      ascii;
    class       volScalarField;
    location    "1";
    object      nut;
}

internalField   nonuniform List<scalar>
13770
(
8.297737158894092e-5
8.297714251480473e-5
8.302399756877298e-5
8.29772149498024e-5
8.302381975859439e-5
8.299058480504505e-5
8.297730449166328e-5
8.302388175971664e-5
8.299036465325715e-5
8.2921269452774e-5
8.297741535992528e-5
8.302395826297024e-5
8.299043832936623e-5
8.292094614962332e-5
8.283045491834477e-5
8.297755261907482e-5
8.302405297735723e-5
8.29905291799917e-5
8.292104976264726e-5
8.282996158735369e-5
8.272259847406533e-5
8.297772252243887e-5
8.302417022691032e-5
8.299064165547783e-5
8.292117755284156e-5
8.28301106550208e-5
8.272186348079988e-5
8.260043982323438e-5
8.297793278968053e-5
8.302431534699446e-5
8.299078089249618e-5
8.292133573293818e-5
8.283029455677405e-5
8.272207730750676e-5
8.259937681009243e-5
8.246680830854033e-5
8.297819294589828e-5
8.302449492179914e-5
8.299095322722859e-5
8.29215315095627e-5
8.283052216822216e-5
8.272234119849024e-5
8.259967449288387e-5
8.246533402560952e-5
8.23264162024842e-5
8.297851475610488e-5
8.302471707290727e-5
8.299116647855642e-5
8.29217737627068e-5
8.283080384687833e-5
8.272266775902357e-5
8.260004195926553e-5
8.246573525058168e-5
8.232446798803127e-5
8.218584442298367e-5
8.297891275261622e-5
8.302499183477667e-5
8.299143028912096e-5
8.292207343949474e-5
8.283115234495182e-5
8.272307182239657e-5
8.260049664577834e-5
8.246623044112829e-5
8.23249857405757e-5
8.218342352206152e-5
8.205371858854472e-5
8.297940492288622e-5
8.302533161003708e-5
8.299175656474689e-5
8.292244402320926e-5
8.28315833746042e-5
8.272357163040294e-5
8.260105919238797e-5
8.246684312735997e-5
8.232562391727266e-5
8.218405758290845e-5
8.205094287253908e-5
8.19398730494317e-5
8.298001375789915e-5
8.302575177699414e-5
8.299216000690419e-5
8.292290213552838e-5
8.283211627398016e-5
8.272418964054466e-5
8.260175495673275e-5
8.246760112943191e-5
8.232641356045483e-5
8.218483622226655e-5
8.205166720183389e-5
8.193704399354713e-5
8.185420769259293e-5
8.298076728292916e-5
8.302627166564693e-5
8.299265880530153e-5
8.292346826171564e-5
8.283277486465169e-5
8.272495346332015e-5
8.260261514304862e-5
8.246853859369845e-5
8.232739062473293e-5
8.218579992788087e-5
8.205254894723593e-5
8.193779327706263e-5
8.185187245254649e-5
8.180498365248685e-5
8.29817011191191e-5
8.302691548170816e-5
8.299327571263176e-5
8.29241676824537e-5
8.283358847932184e-5
8.272589707345319e-5
8.260367809162419e-5
8.24696975327438e-5
8.232859921356119e-5
8.218699289917373e-5
8.20536410669183e-5
8.19386873420303e-5
8.18525281362937e-5
8.180397268487176e-5
8.17971396228762e-5
8.298286197019558e-5
8.302771433757827e-5
8.299403907335677e-5
8.292503191819593e-5
8.283459327597007e-5
8.272706225178254e-5
8.260499095864058e-5
8.247112955040697e-5
8.233009362531978e-5
8.218846934848459e-5
8.205499449921908e-5
8.193979674184255e-5
8.185327096348147e-5
8.180435459763208e-5
8.179855438616385e-5
8.183109993735018e-5
8.298430778673557e-5
8.302870984657e-5
8.299498492228681e-5
8.292610007483295e-5
8.28358343004396e-5
8.272850041846086e-5
8.26066117045923e-5
8.24728981173796e-5
8.233194059461228e-5
8.219029615585374e-5
8.205667177953601e-5
8.194117526771724e-5
8.185419748268406e-5
8.180469804757264e-5
8.179842373195183e-5
8.183623216035474e-5
8.190255810514233e-5
8.298611574726939e-5
8.302995394399821e-5
8.299616056720358e-5
8.292742158101761e-5
8.283736733801413e-5
8.273027556406778e-5
8.260861161136367e-5
8.247508124987702e-5
8.233422230818792e-5
8.219255569915206e-5
8.205875043195348e-5
8.194288914751338e-5
8.185535737891316e-5
8.180513831826859e-5
8.179803884398145e-5
8.183530992000854e-5
8.191274382738692e-5
8.200339501017051e-5
8.298839133636732e-5
8.303151745882772e-5
8.299762442636427e-5
8.292906083015041e-5
8.283926275023906e-5
8.273246674405532e-5
8.261107940606072e-5
8.247777488572106e-5
8.233703994233826e-5
8.219534977597753e-5
8.206132645881186e-5
8.194502137716056e-5
8.185681228540084e-5
8.180571071659286e-5
8.17975912710937e-5
8.183381186873432e-5
8.191074343223779e-5
8.201983446482591e-5
8.212340975189057e-5
8.29912591100768e-5
8.303349989592435e-5
8.29994540106625e-5
8.293109654564746e-5
8.284161198687229e-5
8.273517341417955e-5
8.261412455114982e-5
8.248109858607316e-5
8.234051810839293e-5
8.219880420032187e-5
8.20645193825284e-5
8.194767596513419e-5
8.185864141811223e-5
8.180646008586812e-5
8.179708885082107e-5
8.183200752497908e-5
8.190773622780332e-5
8.20165009833779e-5
8.214700312698317e-5
8.225225191042165e-5
8.299489634748423e-5
8.303601868380241e-5
8.30017546241775e-5
8.29336317099424e-5
8.284452588306112e-5
8.273852451947353e-5
8.261788455310214e-5
8.248519972278334e-5
8.234481263517708e-5
8.220307457171912e-5
8.206847817734624e-5
8.195098440901464e-5
8.186094674958919e-5
8.180744837458138e-5
8.179654417523813e-5
8.182986267991073e-5
8.190409369194669e-5
8.201163144208815e-5
8.21421476213184e-5
8.22834970279566e-5
8.238096367522082e-5
8.299951439982338e-5
8.303924685105747e-5
8.300464794298436e-5
8.293680376351124e-5
8.28481480571876e-5
8.27426746084165e-5
8.26225374374165e-5
8.249026323136795e-5
8.235011573284525e-5
8.220835678057833e-5
8.207338872028605e-5
8.195511338477e-5
8.186386141915484e-5
8.180876107014542e-5
8.179598507662052e-5
8.182734059560329e-5
8.189972545770728e-5
8.200572261225877e-5
8.213515312314055e-5
8.227701666893872e-5
8.241993622983312e-5
8.250282832503072e-5
8.30053238653261e-5
8.304339181523824e-5
8.300830452660002e-5
8.294076736246781e-5
8.285266762882073e-5
8.274782174241501e-5
8.262829393823391e-5
8.249652825540821e-5
8.235666869740677e-5
8.221489316849108e-5
8.207948788450756e-5
8.19602744269695e-5
8.186755985216018e-5
8.181051832207418e-5
8.179546287823882e-5
8.182441674384826e-5
8.189452911625789e-5
8.19986163576924e-5
8.212666106699408e-5
8.226775363073038e-5
8.241181688541808e-5
8.25492347498203e-5
8.261354459633647e-5
8.301264519779039e-5
8.304865660429773e-5
8.301292035146547e-5
8.294573304990348e-5
8.285829089737285e-5
8.275422275714643e-5
8.263542077257986e-5
8.25042736351284e-5
8.236478347596852e-5
8.22229886514123e-5
8.208707070168226e-5
8.196674278122941e-5
8.18722705208927e-5
8.18128885152489e-5
8.179506735054417e-5
8.182108967909495e-5
8.18884107837347e-5
8.1990131387131e-5
8.211643795306427e-5
8.225650666875593e-5
8.24002650795146e-5
8.253953903841367e-5
8.266681826029073e-5
8.271094111493548e-5
8.302175467676271e-5
8.305536655316415e-5
8.301867698856771e-5
8.29519319758242e-5
8.286529141653454e-5
8.276214697391799e-5
8.264425758834344e-5
8.251384697839665e-5
8.237481748076306e-5
8.223303772970495e-5
8.209651033796184e-5
8.197486560734998e-5
8.18783011115798e-5
8.181610535809339e-5
8.179494514988218e-5
8.18174012565084e-5
8.188129958481809e-5
8.198009125024125e-5
8.210421522892077e-5
8.224296395485515e-5
8.238624140599591e-5
8.252578552124754e-5
8.265566538779892e-5
8.277035002709959e-5
8.279447371742002e-5
8.303303820590059e-5
8.306379493720936e-5
8.302584550323584e-5
8.29595609164123e-5
8.287395336537947e-5
8.277194102321573e-5
8.265514353850748e-5
8.25256812593975e-5
8.238720841405086e-5
8.224548331397343e-5
8.210829074227522e-5
8.198508618688393e-5
8.188604793178308e-5
8.182050130406873e-5
8.179532286845807e-5
8.1813461641638e-5
8.187317471111372e-5
8.196834345397789e-5
8.208972610095473e-5
8.222676672655456e-5
8.236935707212954e-5
8.25090931682384e-5
8.263987662065018e-5
8.275789368026437e-5
8.285921644612516e-5
8.286469555023824e-5
8.304679498749917e-5
8.307434330384401e-5
8.30346267361895e-5
8.296890309729032e-5
8.28844906074529e-5
8.278394039957631e-5
8.266849943169628e-5
8.254018300624554e-5
8.240248728982667e-5
8.226085672618828e-5
8.21229432140397e-5
8.199798195126289e-5
8.18960247050517e-5
8.182651855144039e-5
8.17965508855742e-5
8.180948018532935e-5
8.186409876810639e-5
8.195479483149035e-5
8.207273015198446e-5
8.220755589082837e-5
8.234916511724635e-5
8.24890009778406e-5
8.262071931279117e-5
8.274028461613877e-5
8.28456251446094e-5
8.293397416249758e-5
8.292280112141422e-5
8.306309336848875e-5
8.308731794393436e-5
8.304528915260616e-5
8.298012854964013e-5
8.289720250566746e-5
8.279835448295262e-5
8.2684696065254e-5
8.255783469084254e-5
8.242111621668366e-5
8.227978315113043e-5
8.214109086551728e-5
8.201417254991075e-5
8.19089053325286e-5
8.183474282741787e-5
8.179911667670497e-5
8.180582181757053e-5
8.185425827814795e-5
8.193945475112146e-5
8.205305811551508e-5
8.218500270357475e-5
8.232521727674519e-5
8.246497960226427e-5
8.259766721576697e-5
8.271892417775572e-5
8.282643159761359e-5
8.291941617567801e-5
8.299586920606239e-5
8.29702844957848e-5
8.308326402916243e-5
8.310277155702653e-5
8.305797869563762e-5
8.299344839996189e-5
8.291220746464694e-5
8.281547185524074e-5
8.270390076921364e-5
8.257901068399265e-5
8.244361517852842e-5
8.230275923607536e-5
8.216344303294042e-5
8.203436865667952e-5
8.192539909960647e-5
8.18459501431967e-5
8.180368417390305e-5
8.180302385690765e-5
8.184403432700513e-5
8.192248669705415e-5
8.203066599123908e-5
8.215886349340863e-5
8.22971009073359e-5
8.243649842939697e-5
8.257011681045206e-5
8.269322891421033e-5
8.280315450902789e-5
8.289887357237988e-5
8.298050244819441e-5
8.30464738391586e-5
8.300870731185523e-5
8.349064693018399e-5
8.312221461308014e-5
8.307260055839257e-5
8.300889882586748e-5
8.29296392622543e-5
8.283531561228085e-5
8.272634755237515e-5
8.260378924384988e-5
8.247032242880272e-5
8.233031110704442e-5
8.21905093697367e-5
8.205935425909747e-5
8.194630523574043e-5
8.186094903434063e-5
8.181114422162923e-5
8.180184190844957e-5
8.183402475424952e-5
8.190429426499794e-5
8.200569864310776e-5
8.212904517791619e-5
8.226450363056742e-5
8.240306858545751e-5
8.253746412887409e-5
8.266253047731912e-5
8.277516146836794e-5
8.287396535109346e-5
8.295883161192937e-5
8.303044010996969e-5
8.308743859112379e-5
8.303955842822536e-5
8.322480550176892e-5
1.3485464965309673e-7
8.308997320852523e-5
8.302623330537037e-5
8.294939313785769e-5
8.285790019790038e-5
8.275191616296625e-5
8.263230526533354e-5
8.250118667275823e-5
8.236270658536984e-5
8.222279856579242e-5
8.208964424406606e-5
8.197248596599735e-5
8.188064396523013e-5
8.182242997639668e-5
8.180330472589438e-5
8.182509803412525e-5
8.188555150671578e-5
8.197859164394181e-5
8.209568133840358e-5
8.222729028910497e-5
8.236431700641145e-5
8.249915340486288e-5
8.262616138494388e-5
8.274172878485932e-5
8.284401798306256e-5
8.29325597398248e-5
8.300783919444524e-5
8.307086114614895e-5
8.312034131722553e-5
8.306417949267677e-5
8.311597647961367e-5
5.956978885686383e-7
1.4133553618912454e-7
8.304604832677352e-5
8.29710372753621e-5
8.288294949008353e-5
8.278046525515121e-5
8.266426933736943e-5
8.25362172762685e-5
8.239975255684156e-5
8.226050101906562e-5
8.212573255964352e-5
8.20044854730035e-5
8.190600552099853e-5
8.18385922033971e-5
8.180851522294989e-5
8.181845430729989e-5
8.18672664679654e-5
8.195011335685571e-5
8.205924996514775e-5
8.21855916003844e-5
8.232007458031158e-5
8.2454759800571e-5
8.258350874544108e-5
8.27021351984947e-5
8.280826141390202e-5
8.290097927917534e-5
8.298044348036232e-5
8.304750226824549e-5
8.310332469620427e-5
8.31466064989891e-5
8.308373472021558e-5
8.306535085638978e-5
2.3680343389927835e-6
5.338101578212993e-7
1.4262882522566832e-7
8.29950276347574e-5
8.290984514433254e-5
8.281154509716702e-5
8.269938270672184e-5
8.257496865719397e-5
8.244134476809486e-5
8.230331739288896e-5
8.216776998802538e-5
8.204282747603936e-5
8.193767420489349e-5
8.186077290396815e-5
8.181873668055615e-5
8.181542791319697e-5
8.185085035047936e-5
8.192143922313005e-5
8.202063103600874e-5
8.213993748413654e-5
8.227047719589511e-5
8.240408828793944e-5
8.253410474994313e-5
8.265572006089111e-5
8.276592964130328e-5
8.286328191742522e-5
8.294751758481504e-5
8.301919087311689e-5
8.307935374044352e-5
8.31292377237919e-5
8.316747189026727e-5
8.309920834988983e-5
8.301952529353928e-5
9.623756173346654e-6
1.8736934089443998e-6
5.257519074418895e-7
1.4318185088570016e-7
8.293890847395794e-5
8.284439506980045e-5
8.273706504189527e-5
8.261702070217314e-5
8.248694161769717e-5
8.235108403324542e-5
8.221543609503232e-5
8.208770779350773e-5
8.197628870630897e-5
8.188981287686329e-5
8.183537062476428e-5
8.181757500814318e-5
8.183793573096272e-5
8.18942296707114e-5
8.19811909779378e-5
8.209133298184046e-5
8.221611388063097e-5
8.234728659120976e-5
8.24777356490418e-5
8.260198069167505e-5
8.271632276040346e-5
8.281866493556189e-5
8.290822201216303e-5
8.298516901524901e-5
8.30503030117417e-5
8.310477605780924e-5
8.314982236807353e-5
8.318398495071106e-5
8.31114163458621e-5
8.296958730714492e-5
3.0393560747522958e-5
6.708597359572505e-6
1.7773908099763608e-6
5.239427827389906e-7
1.435642395868537e-7
8.287921477603317e-5
8.27764885183902e-5
8.266173132375453e-5
8.25360634526999e-5
8.240324851597443e-5
8.226858479281849e-5
8.213889564844617e-5
8.202219829129496e-5
8.192656899010227e-5
8.185957347835865e-5
8.182664779821458e-5
8.183044617347961e-5
8.187047156277563e-5
8.194286744003432e-5
8.204135007592819e-5
8.215812198700739e-5
8.228500679142494e-5
8.241456572568163e-5
8.254069054926236e-5
8.26589103119689e-5
8.276639659117921e-5
8.286172423097119e-5
8.294457204196016e-5
8.30153963955567e-5
8.307513265208646e-5
8.31249695332596e-5
8.316611262596222e-5
8.31970147167272e-5
8.312102574327904e-5
8.291627500309379e-5
6.257083464562489e-5
2.1535643561400222e-5
6.043101193438665e-6
1.750451826811698e-6
5.228941659224205e-7
1.4389198961012364e-7
8.281773884604317e-5
8.270827129168746e-5
8.258806672413474e-5
8.245931944074217e-5
8.232672293805223e-5
8.219632418134465e-5
8.207535498152003e-5
8.19716369725829e-5
8.189250660612956e-5
8.18442107958978e-5
8.183055266001958e-5
8.18525047449952e-5
8.19080332759406e-5
8.19922152212021e-5
8.209828190757356e-5
8.221851850130986e-5
8.234531049646467e-5
8.247203307433132e-5
8.259345746996199e-5
8.270592462009395e-5
8.280726695278225e-5
8.289654340681756e-5
8.297374911957542e-5
8.303951683364237e-5
8.309485369972468e-5
8.314094936481076e-5
8.317896620848316e-5
8.320727202363409e-5
8.31285760623547e-5
8.28617205646203e-5
7.870615383828418e-5
5.009533967288741e-5
1.918214631512621e-5
5.8353047216888524e-6
1.7377299777419154e-6
5.219210757179354e-7
1.4419966603607745e-7
8.275659438291204e-5
8.264213499516472e-5
8.251866100233643e-5
8.238934662532428e-5
8.225957569234912e-5
8.213578279128524e-5
8.202518976111775e-5
8.193505682183553e-5
8.187177208857404e-5
8.18402728419026e-5
8.184294732399661e-5
8.187945767998384e-5
8.194668922196603e-5
8.20391026367315e-5
8.214980190579263e-5
8.227136495704948e-5
8.23967843441414e-5
8.252016749446371e-5
8.26370090626218e-5
8.27442809814448e-5
8.284030549492501e-5
8.292448539978568e-5
8.299702786126777e-5
8.305867257030743e-5
8.311045862336508e-5
8.315355746222616e-5
8.318908458975341e-5
8.321533207767796e-5
8.313450019208258e-5
8.280809350364361e-5
8.205680447692052e-5
7.385535196514655e-5
4.4238334277977497e-5
1.8355807047171282e-5
5.744758183132222e-6
1.7278591488850275e-6
5.209544767625222e-7
1.4449795265526883e-7
8.269802912591637e-5
8.258041455742258e-5
8.245577428020094e-5
8.232807385350526e-5
8.220309051743834e-5
8.208729631434353e-5
8.198759214803704e-5
8.191049825687794e-5
8.186145488415281e-5
8.184426432880933e-5
8.186019409293712e-5
8.190795065177268e-5
8.198370903505192e-5
8.208162770401678e-5
8.219489176743384e-5
8.231645282026607e-5
8.243987173313555e-5
8.25598721863633e-5
8.267252324094009e-5
8.277527605375202e-5
8.28668115547983e-5
8.294677459380228e-5
8.301551281591772e-5
8.307382884498852e-5
8.312277023712645e-5
8.316348224774317e-5
8.319703534038715e-5
8.32216565617728e-5
8.313914324390599e-5
8.275741443698269e-5
8.249142884500671e-5
8.10217454044115e-5
7.002555482852116e-5
4.1422381845720276e-5
1.7983072253718254e-5
5.685947874830272e-6
1.7187414320348962e-6
5.200109618497626e-7
1.447909347112119e-7
8.264406371103618e-5
8.252500479996686e-5
8.240099617536817e-5
8.2276533035254e-5
8.215750052757211e-5
8.205014558840838e-5
8.196088433199192e-5
8.189549592020991e-5
8.185860402540096e-5
8.185311288280252e-5
8.187944841142433e-5
8.193564737368818e-5
8.201744453401235e-5
8.211889370114513e-5
8.223336150326474e-5
8.235417750049773e-5
8.247539396916207e-5
8.25922332883409e-5
8.270121007096596e-5
8.280013530308751e-5
8.288795071911255e-5
8.29644710567388e-5
8.30301368404172e-5
8.308578561096801e-5
8.313246119567474e-5
8.317128065167724e-5
8.320327397706777e-5
8.322661364238e-5
8.314277911638584e-5
8.271130028807751e-5
8.249669892645121e-5
8.221992067165178e-5
7.992166006693062e-5
6.739999142326417e-5
3.9962243299052584e-5
1.776229581159265e-5
5.635514912326812e-6
1.7099100845832668e-6
5.19092979752571e-7
1.4507869360057778e-7
8.259617335287178e-5
8.247709667051486e-5
8.235505027417779e-5
8.223479338673127e-5
8.212210014344894e-5
8.202284600345956e-5
8.194294139561524e-5
8.188753410785233e-5
8.186061074817764e-5
8.186439992300154e-5
8.189870927568126e-5
8.196111559724232e-5
8.204709644297207e-5
8.215071244079927e-5
8.226554470919812e-5
8.23852653761052e-5
8.250433270340684e-5
8.261836227251795e-5
8.272421032375653e-5
8.281995626589962e-5
8.290473109806358e-5
8.297846947912015e-5
8.304167271773629e-5
8.30951966560841e-5
8.314007557854228e-5
8.317739960183523e-5
8.320816372592338e-5
8.323049557734915e-5
8.31456243898671e-5
8.267078205114752e-5
8.2456388259081e-5
8.233739424480569e-5
8.193219459123455e-5
7.893142402292378e-5
6.578993340176069e-5
3.916857006677342e-5
1.7604636711625318e-5
5.588515632339643e-6
1.701346946715879e-6
5.182076014976409e-7
1.453636533876101e-7
8.255513114817488e-5
8.243708224076964e-5
8.231780978388328e-5
8.220211678439118e-5
8.209553363341845e-5
8.200353253509237e-5
8.193159020794531e-5
8.188437468419459e-5
8.186540214128421e-5
8.187639984404646e-5
8.191672103508234e-5
8.198362936096385e-5
8.207246232280688e-5
8.217734267524831e-5
8.229206089438507e-5
8.241058174931396e-5
8.252768909812886e-5
8.263930434143223e-5
8.274254390444342e-5
8.283568707676814e-5
8.291800286860335e-5
8.29895106519094e-5
8.305075182176917e-5
8.310259068889297e-5
8.314604994221274e-5
8.318219544524e-5
8.321199290872285e-5
8.323353350219795e-5
8.314784979242989e-5
8.263626630760987e-5
8.241718512178702e-5
8.231076624131338e-5
8.22312286708642e-5
8.170017897635156e-5
7.828851574568274e-5
6.486017607671862e-5
3.8613622152907884e-5
1.7463207917585586e-5
5.543056323772505e-6
1.6930833054615987e-6
5.173551535979141e-7
1.4564409998272055e-7
8.252101804219638e-5
8.240464942804755e-5
8.228849489384924e-5
8.217724771702183e-5
8.207614874797897e-5
8.199031264976554e-5
8.192489482117409e-5
8.188422537192206e-5
8.187147712867793e-5
8.188800053695301e-5
8.193281131134025e-5
8.200296054797215e-5
8.209371750238943e-5
8.219928802079843e-5
8.23136494678302e-5
8.243100735381733e-5
8.254640257343962e-5
8.26559923379113e-5
8.275709077839516e-5
8.28481266333839e-5
8.29284695518865e-5
8.299819957731411e-5
8.30578846054397e-5
8.310839186408857e-5
8.315073232812075e-5
8.318595102447057e-5
8.321498953944338e-5
8.323590964210244e-5
8.314958965880387e-5
8.260761654745287e-5
8.23853885547442e-5
8.226938901436306e-5
8.222574823018006e-5
8.217605600623751e-5
8.161971914149595e-5
7.805530057544665e-5
6.435533930150018e-5
3.816517767644308e-5
1.7328621622669335e-5
5.499405302533799e-6
1.685106463537256e-6
5.165322103266533e-7
1.459201152229252e-7
8.249337466988283e-5
8.237899939652508e-5
8.226594934689261e-5
8.215872708305443e-5
8.206229963012391e-5
8.198150864359494e-5
8.192129927877387e-5
8.188577182490553e-5
8.187784250709129e-5
8.189857160385536e-5
8.194672123043166e-5
8.20191986239219e-5
8.211124644319474e-5
8.221715617897031e-5
8.233106334814686e-5
8.244736745706031e-5
8.256131028528955e-5
8.266923010075147e-5
8.276859171516835e-5
8.285793558830733e-5
8.293670545410876e-5
8.300502524180322e-5
8.306348049715113e-5
8.311293829332428e-5
8.315439896394625e-5
8.31888900087724e-5
8.321733337310793e-5
8.32377673924666e-5
8.31509494894525e-5
8.258431788243996e-5
8.237784193075748e-5
8.223613435570187e-5
8.217983960013268e-5
8.21714954736392e-5
8.213450841918721e-5
8.154329235243352e-5
7.78270139671322e-5
6.386148227621857e-5
3.772622508477835e-5
1.7200266256269173e-5
5.457408684464017e-6
1.6774065279469382e-6
5.157394102384447e-7
1.4619214470134557e-7
8.247141344945072e-5
8.235908962009478e-5
8.224890215669097e-5
8.214513784063159e-5
8.20525411396208e-5
8.197577131534762e-5
8.191965119894415e-5
8.188812343959077e-5
8.188390435213799e-5
8.190782593574224e-5
8.195845841000236e-5
8.203261176724406e-5
8.212552509362977e-5
8.223156868001552e-5
8.234500798108834e-5
8.246039670636846e-5
8.257313280498317e-5
8.267969367803305e-5
8.277765886782839e-5
8.286565298167173e-5
8.294317459115094e-5
8.301037976504796e-5
8.306786581917148e-5
8.311649829677536e-5
8.315726827397731e-5
8.319118872438627e-5
8.321916585486411e-5
8.323921937840926e-5
8.315201202453675e-5
8.256565564761344e-5
8.242234841052541e-5
8.223884558136614e-5
8.214361610160025e-5
8.212171410088896e-5
8.213343307983706e-5
8.210107433744381e-5
8.14724299566929e-5
7.760587899286297e-5
6.337554039218939e-5
3.7301332601944705e-5
1.7076901060191932e-5
5.416968700209987e-6
1.6699792842941806e-6
5.149755245527567e-7
1.4645997432045622e-7
8.245421563001469e-5
8.234383647367787e-5
8.223615326682464e-5
8.213524993841773e-5
8.204571161378198e-5
8.197209246533196e-5
8.191915281184755e-5
8.189072182398454e-5
8.188935412691794e-5
8.191569987507016e-5
8.19681835802397e-5
8.204354972130092e-5
8.213704526044455e-5
8.224310903960885e-5
8.235611115260575e-5
8.247072689309342e-5
8.258247562232972e-5
8.268794133381342e-5
8.278479143409167e-5
8.28717141664261e-5
8.294824895811211e-5
8.301457561713153e-5
8.307129950426868e-5
8.311928402920075e-5
8.315951244107295e-5
8.319298591698702e-5
8.322059808535532e-5
8.324035393315548e-5
8.315284210040042e-5
8.255086119889406e-5
8.24896607788249e-5
8.231750352081573e-5
8.215024065684317e-5
8.208234009143364e-5
8.208035374591448e-5
8.210386997943595e-5
8.207121121589882e-5
8.140283970107962e-5
7.738534015934736e-5
6.289536415333086e-5
3.6888785371907966e-5
1.695724604905055e-5
5.3781160104025165e-6
1.6628138638276316e-6
5.142393801704046e-7
1.467241775106161e-7
8.244087654562493e-5
8.233224510531846e-5
8.222667313109608e-5
8.212807460271562e-5
8.204093477918085e-5
8.196975971346122e-5
8.191928286647811e-5
8.189324630647959e-5
8.189407081114145e-5
8.19222611416025e-5
8.197613116446479e-5
8.205238116043437e-5
8.214627097371757e-5
8.225229700324594e-5
8.236491252656741e-5
8.247888852107946e-5
8.258983838969925e-5
8.269442806107334e-5
8.279039241695695e-5
8.287646805279648e-5
8.295222492508516e-5
8.301786070349693e-5
8.30739862649281e-5
8.312146272048508e-5
8.31612669452259e-5
8.31943905553923e-5
8.322171720380311e-5
8.324124027918854e-5
8.315349047491808e-5
8.253920886721491e-5
8.254012845943499e-5
8.242892275201635e-5
8.224661352132893e-5
8.209012772628851e-5
8.20380094923276e-5
8.204809910830019e-5
8.20785227507304e-5
8.204215318009964e-5
8.133351232447808e-5
7.716375838390566e-5
6.241957271554003e-5
3.6487027081129356e-5
1.6843156164394504e-5
5.340751589048963e-6
1.6559001319089151e-6
5.13529441983187e-7
1.4697991439454116e-7
8.24305886122806e-5
8.232347164589406e-5
8.221963372979723e-5
8.212285831218842e-5
8.203757890115187e-5
8.19682904280618e-5
8.191971836283866e-5
8.189553397880699e-5
8.189804643921155e-5
8.192764450925413e-5
8.198255797706527e-5
8.205945733024122e-5
8.215361662337394e-5
8.225957950635255e-5
8.23718650439247e-5
8.248531909565331e-5
8.25956281031006e-5
8.269952100937426e-5
8.279478469092708e-5
8.288019255198242e-5
8.295533758421581e-5
8.302043099566344e-5
8.307608745205187e-5
8.31231659464911e-5
8.316263818654521e-5
8.319548810233704e-5
8.322259149163032e-5
8.324193261016867e-5
8.315399686087384e-5
8.253006435293682e-5
8.256870509495741e-5
8.251460992714234e-5
8.238253220854588e-5
8.219613412883693e-5
8.204570690804766e-5
8.20030425549922e-5
8.202083299750771e-5
8.205395534825876e-5
8.201359625232924e-5
8.126353758971494e-5
7.693984839765591e-5
6.194727826703964e-5
3.6097870684635254e-5
1.6733379212693938e-5
5.304807715265503e-6
1.6492208516810128e-6
5.128188834056054e-7
1.4722820330761454e-7
8.242267488680183e-5
8.231683702104407e-5
8.221439758618893e-5
8.211904722763095e-5
8.203520220527378e-5
8.196736769285153e-5
8.192026956993235e-5
8.189751968915201e-5
8.190133438591219e-5
8.193201025089195e-5
8.198771320236507e-5
8.206509356799975e-5
8.215943904173095e-5
8.226533167700109e-5
8.237734208050882e-5
8.249037480638716e-5
8.260017303232965e-5
8.270351422099307e-5
8.279822535921052e-5
8.288310807140144e-5
8.29577727525342e-5
8.302244094027795e-5
8.307773000786986e-5
8.312449703657329e-5
8.316370961076265e-5
8.319634552881259e-5
8.322327440533104e-5
8.324247332828938e-5
8.315439231641243e-5
8.252289958567653e-5
8.258278781719748e-5
8.256603459966652e-5
8.248849782388692e-5
8.23463183502655e-5
8.215721221856465e-5
8.201003030140376e-5
8.197374967021121e-5
8.19945868874987e-5
8.202975427123851e-5
8.198587294044996e-5
8.119234338077429e-5
7.671325145277395e-5
6.147971672416926e-5
3.572014116164734e-5
1.662775639405059e-5
5.2701431084159845e-6
1.6424810007923907e-6
5.121124115139568e-7
1.4747038516854484e-7
8.241659078098448e-5
8.231181343871904e-5
8.221048778965346e-5
8.21162433579227e-5
8.203350151947484e-5
8.196678796854624e-5
8.192083186412594e-5
8.189919462821933e-5
8.190401596593461e-5
8.193551957617329e-5
8.19918228110102e-5
8.20695622550632e-5
8.216403795351882e-5
8.226986271568499e-5
8.238164749490268e-5
8.249434282007959e-5
8.26037359843997e-5
8.270664177042702e-5
8.280091828142496e-5
8.288538879418127e-5
8.295967685723781e-5
8.302401203806027e-5
8.307901361754098e-5
8.312553702500815e-5
8.316454660697543e-5
8.319701526468221e-5
8.322380777006874e-5
8.324289559577782e-5
8.315470111925324e-5
8.251728813707732e-5
8.258884484508236e-5
8.259393520005451e-5
8.255333759772714e-5
8.246446001819282e-5
8.231619246285243e-5
8.212480527906373e-5
8.198019554920912e-5
8.194587777862641e-5
8.1968092472176e-5
8.200685996006772e-5
8.195852891526554e-5
8.111963598803594e-5
7.648425575040384e-5
6.101690224046339e-5
3.5353519771829105e-5
1.652496344528888e-5
5.2329051636928896e-6
1.6357698206565463e-6
5.114198937041848e-7
1.4770767946969773e-7
8.241190948986963e-5
8.230799966922335e-5
8.220755360831577e-5
8.211416422237861e-5
8.203227061924676e-5
8.196642252760011e-5
8.192135256807055e-5
8.190057953354828e-5
8.190618042607127e-5
8.193832152074579e-5
8.199508317713197e-5
8.207309261955537e-5
8.216766050584913e-5
8.227342421508957e-5
8.238502617885253e-5
8.249745295500284e-5
8.260652610495934e-5
8.2709089212428e-5
8.280302453383472e-5
8.288717196209594e-5
8.296116507949737e-5
8.302523969457315e-5
8.308001645389983e-5
8.312634940906692e-5
8.316520036559248e-5
8.319753833138396e-5
8.322422429664297e-5
8.324322533555691e-5
8.315494224344727e-5
8.251289181988522e-5
8.259077037085708e-5
8.260822193322876e-5
8.258945014246411e-5
8.253748192491204e-5
8.244204931300399e-5
8.228951549725174e-5
8.209742638754086e-5
8.195215986060992e-5
8.191708628283465e-5
8.194272184677026e-5
8.198517350422055e-5
8.193117571958534e-5
8.10452078750087e-5
7.625308456152716e-5
6.055908430303031e-5
3.499643714365203e-5
1.63687220383552e-5
5.194979293804179e-6
1.6292034451242444e-6
5.107471742529748e-7
1.479410198719509e-7
8.240830179263685e-5
8.230509453820263e-5
8.220533940104883e-5
8.211261011973187e-5
8.203136941765136e-5
8.196619074674068e-5
8.19218093382534e-5
8.190170834446803e-5
8.190791388698624e-5
8.194054710243273e-5
8.199766020812632e-5
8.207587391197792e-5
8.217050784113952e-5
8.227621891001929e-5
8.238767406072923e-5
8.249988804901288e-5
8.260870914600196e-5
8.271100313055879e-5
8.280467101117303e-5
8.28885655195796e-5
8.296232785531219e-5
8.302619872208501e-5
8.30807997696526e-5
8.312698389653857e-5
8.316571093759439e-5
8.319794681083173e-5
8.322454955501459e-5
8.324348280775678e-5
8.315513051219991e-5
8.250944510742934e-5
8.259069480909719e-5
8.261506536464181e-5
8.260867934239498e-5
8.25786470938086e-5
8.252031500215084e-5
8.242046673043982e-5
8.2266442609941e-5
8.207187984197394e-5
8.192257664237074e-5
8.188885832117665e-5
8.191901922171667e-5
8.196413971330618e-5
8.19034088286584e-5
8.096916797170029e-5
7.601994659595957e-5
6.010594055087616e-5
3.461772994901907e-5
1.6198204438539217e-5
5.157750485232103e-6
1.6228254367956387e-6
5.100956144799331e-7
1.4817079323315434e-7
8.240551589326538e-5
8.230287341502058e-5
8.220365927196329e-5
8.211143962408198e-5
8.203070229680097e-5
8.196604242786167e-5
8.192219665583362e-5
8.190261879118273e-5
8.190929394236703e-5
8.194230783757997e-5
8.199969123658445e-5
8.207806028300055e-5
8.217274205805031e-5
8.227840897562542e-5
8.238974697776876e-5
8.250179296885841e-5
8.261041602059063e-5
8.271249898235927e-5
8.280595750653569e-5
8.28896542129312e-5
8.296323609498444e-5
8.302694773697715e-5
8.308141151376604e-5
8.312747937722267e-5
8.31661096454164e-5
8.319826578117287e-5
8.322480352941641e-5
8.324368384049044e-5
8.315527750751531e-5
8.250674049869124e-5
8.258974178123852e-5
8.261795671358812e-5
8.261851101179049e-5
8.260093829351422e-5
8.256473129921792e-5
8.25021560544076e-5
8.240117432999e-5
8.224497061955956e-5
8.204412869038847e-5
8.189272500268833e-5
8.186260736205815e-5
8.189633071633099e-5
8.194317307092833e-5
8.187529345348724e-5
8.089158618565603e-5
7.578502248462268e-5
5.96471959758475e-5
3.423124889801734e-5
1.602945914128524e-5
5.121620191411697e-6
1.6166462420503766e-6
5.094650710275688e-7
1.4839764321401302e-7
8.240336000585908e-5
8.230116899221823e-5
8.220237779403158e-5
8.211055196493289e-5
8.2030203418566e-5
8.196594639895749e-5
8.192251768694337e-5
8.19033473610674e-5
8.191038766647304e-5
8.194369650153356e-5
8.200128833041471e-5
8.207977603291904e-5
8.217449283179626e-5
8.22801233844058e-5
8.239136837838158e-5
8.250328210872927e-5
8.261174982503641e-5
8.271366755347716e-5
8.280696235753182e-5
8.289050448585366e-5
8.296394535415598e-5
8.302753262212998e-5
8.308188919876773e-5
8.312786626454875e-5
8.31664209731597e-5
8.319851484212612e-5
8.322500183239798e-5
8.324384080104277e-5
8.315539227468805e-5
8.25046162022723e-5
8.258848670500506e-5
8.261881513427425e-5
8.262323111434733e-5
8.261263499562851e-5
8.258899528415509e-5
8.254863731852579e-5
8.248532812609239e-5
8.238330307758423e-5
8.222068006032836e-5
8.201507806635893e-5
8.186497818259355e-5
8.183777941494915e-5
8.187379153727066e-5
8.192229226880553e-5
8.184686867984915e-5
8.081262749963777e-5
7.554642193918129e-5
5.918455229433136e-5
3.384867754530816e-5
1.586561098563023e-5
5.086679309716415e-6
1.6106635817097164e-6
5.088552291237786e-7
1.486220958493229e-7
8.240168815404232e-5
8.229985648203024e-5
8.220139580203932e-5
8.210987474394156e-5
8.202982691362744e-5
8.196588331392222e-5
8.192277954877978e-5
8.190392692367039e-5
8.191125144206378e-5
8.194478907082078e-5
8.200254197674309e-5
8.208112064067577e-5
8.217586329006573e-5
8.228146429171805e-5
8.239263572752064e-5
8.250444553978967e-5
8.261279161367667e-5
8.271458010170304e-5
8.280774697667788e-5
8.289116839098746e-5
8.296449911723142e-5
8.302798927189269e-5
8.3082262160103e-5
8.312816833135787e-5
8.316666405599656e-5
8.319870930574002e-5
8.32251566628065e-5
8.324396334805377e-5
8.315548187668177e-5
8.250294610473663e-5
8.258721155595612e-5
8.261868109104972e-5
8.2625226196791e-5
8.261850677062201e-5
8.26018942082083e-5
8.25741044303463e-5
8.253321357562807e-5
8.246989691265114e-5
8.236220210110469e-5
8.219400549616736e-5
8.198807022889167e-5
8.18391085269796e-5
8.18131588064348e-5
8.185133092056638e-5
8.19015528924321e-5
8.181825448210261e-5
8.073207605632648e-5
7.530384194487338e-5
5.872275669799976e-5
3.347477223753958e-5
1.5707277909979762e-5
5.052922357781543e-6
1.6048739065165157e-6
5.082658277777395e-7
1.4881381707913288e-7
8.240038912472178e-5
8.22988424806758e-5
8.22006401972954e-5
8.210935544353052e-5
8.202954040334779e-5
8.196584115354783e-5
8.192299067484551e-5
8.190438584445015e-5
8.191193177833877e-5
8.19456470487023e-5
8.200352466546118e-5
8.208217324370938e-5
8.217693511695863e-5
8.228251234366657e-5
8.23936257554358e-5
8.250535406578309e-5
8.261360499822685e-5
8.271529248297218e-5
8.280835947067776e-5
8.289168666817126e-5
8.296493140022856e-5
8.302834575489956e-5
8.308255332727715e-5
8.312840415641363e-5
8.316685384283515e-5
8.319886113600839e-5
8.32252775477366e-5
8.324405902345177e-5
8.31555518310813e-5
8.250163188464162e-5
8.258604335887449e-5
8.261811013775794e-5
8.262581126929059e-5
8.262122578067658e-5
8.260850851428811e-5
8.25876985035037e-5
8.255942316787235e-5
8.25192681330343e-5
8.245104284011222e-5
8.233771486298044e-5
8.216916434774404e-5
8.19633464124555e-5
8.181355518488911e-5
8.17885356719303e-5
8.182901418639637e-5
8.188104562436274e-5
8.17894860293678e-5
8.064979745437655e-5
7.505840099974628e-5
5.8265058638631343e-5
3.311017655990568e-5
1.555447261191333e-5
5.020331740953416e-6
1.5992745288673001e-6
5.076963668816767e-7
1.4827777099739473e-7
8.239937797561794e-5
8.229805679143682e-5
8.220005666090152e-5
8.21089556025091e-5
8.202932072223201e-5
8.196581242976642e-5
8.192315942320342e-5
8.190474793898701e-5
8.191246652254265e-5
8.194631979889588e-5
8.200429410702654e-5
8.208299653895303e-5
8.2177772796584e-5
8.228333102417446e-5
8.23943987720199e-5
8.250606324662549e-5
8.261423983562055e-5
8.27158484472019e-5
8.280883748765504e-5
8.289209118445863e-5
8.296526880145216e-5
8.302862400930749e-5
8.308278061943715e-5
8.312858825348292e-5
8.31670020137873e-5
8.319897967656815e-5
8.3225371926404e-5
8.324413371900614e-5
8.315560644498891e-5
8.25005968009024e-5
8.258502908955888e-5
8.261739150430509e-5
8.262570428840608e-5
8.26222753594834e-5
8.261169428741793e-5
8.259471445189004e-5
8.257338192205888e-5
8.254634644387735e-5
8.250186311556332e-5
8.242793547530103e-5
8.23147646066172e-5
8.21469395577044e-5
8.193906531138789e-5
8.178792958392074e-5
8.176397846038214e-5
8.180689516502824e-5
8.186086511086221e-5
8.176055414654797e-5
8.056609425138648e-5
7.481119559580267e-5
5.7812648196009015e-5
3.275457364694832e-5
1.5407141490089566e-5
4.988895526033081e-6
1.5941341866135117e-6
5.102351461966263e-7
1.4982902770486744e-7
8.239858962919153e-5
8.229744642432707e-5
8.219960448747355e-5
8.210864680235344e-5
8.202915107545336e-5
8.196579245893168e-5
8.192329341494387e-5
8.190503282895712e-5
8.191288617005444e-5
8.194684667535181e-5
8.20048960499317e-5
8.20836400307023e-5
8.217842708812474e-5
8.228397022884546e-5
8.239500209810446e-5
8.250661662347248e-5
8.261473517369294e-5
8.271628222994076e-5
8.280921047387792e-5
8.289240685634075e-5
8.296553210856431e-5
8.302884117862577e-5
8.308295803455536e-5
8.312873196239122e-5
8.316711769066228e-5
8.319907222335532e-5
8.32254456103397e-5
8.324419203392415e-5
8.315564908224055e-5
8.249978087972083e-5
8.258417590880972e-5
8.261666907697493e-5
8.262529153719459e-5
8.262247326299726e-5
8.26130434178147e-5
8.259813303557711e-5
8.25805558955379e-5
8.256080298170655e-5
8.252986756051061e-5
8.247948229619229e-5
8.240604104731665e-5
8.229473365627378e-5
8.212528277249122e-5
8.191466569965568e-5
8.176230066396727e-5
8.173950712968937e-5
8.178509048676672e-5
8.184103054063878e-5
8.17316823217175e-5
8.048115020125801e-5
7.456308581600988e-5
5.736596167333927e-5
3.240717052080665e-5
1.526525432127542e-5
4.960056975001825e-6
1.6127669669031358e-6
5.22566921712493e-7
1.5308567787475183e-7
8.239797403147073e-5
8.229697121882152e-5
8.219925292373999e-5
8.210840786296472e-5
8.202901915586455e-5
8.196577828880618e-5
8.192339927788264e-5
8.190525646680707e-5
8.1913215104116e-5
8.194725890653062e-5
8.200536663378384e-5
8.208414269222526e-5
8.217893788431559e-5
8.228446910544165e-5
8.239547281496315e-5
8.250704829485454e-5
8.261512156616357e-5
8.2716620606415e-5
8.280950145150426e-5
8.289265315580195e-5
8.296573756502871e-5
8.30290106540244e-5
8.308309650913391e-5
8.312884413894933e-5
8.31672079960793e-5
8.319914447597971e-5
8.322550313612137e-5
8.32442375601789e-5
8.315568236898511e-5
8.249913716320569e-5
8.25834725907866e-5
8.261600834118787e-5
8.262477561571552e-5
8.26222654706088e-5
8.261343820615032e-5
8.259961796921516e-5
8.25840237080422e-5
8.256825676107232e-5
8.254492720587274e-5
8.250782500579037e-5
8.245799292876537e-5
8.238736078288243e-5
8.227540395535854e-5
8.210348657535081e-5
8.189021152601254e-5
8.173666595565445e-5
8.171524679023374e-5
8.176360939968711e-5
8.182177087706107e-5
8.17028567278175e-5
8.039540856319981e-5
7.43147472344743e-5
5.692514787978339e-5
3.206730476824103e-5
1.5134278018260253e-5
5.047997423861166e-6
1.6747158293396487e-6
5.63795098876336e-7
1.5473188010748192e-7
8.239749255131517e-5
8.229660062421059e-5
8.219897857780475e-5
8.21082228698053e-5
8.202891587547956e-5
8.196576803282772e-5
8.192348260536983e-5
8.190543169441204e-5
8.191347271711869e-5
8.194758117897075e-5
8.200573432154966e-5
8.208453515780617e-5
8.2179336482539e-5
8.228485832971212e-5
8.239583996083765e-5
8.250738493992269e-5
8.261542290751486e-5
8.27168845095911e-5
8.280972841099291e-5
8.289284529734937e-5
8.296589785796373e-5
8.302914289729477e-5
8.308320458366936e-5
8.31289316978647e-5
8.316727849423056e-5
8.319920088365777e-5
8.322554804680724e-5
8.32442731020305e-5
8.315570835571333e-5
8.249862884187549e-5
8.258290069161583e-5
8.261543346946359e-5
8.262425801244314e-5
8.262189069700147e-5
8.261336339242831e-5
8.260009297538404e-5
8.258550366891254e-5
8.25718776940181e-5
8.255278366235806e-5
8.252301762589516e-5
8.248636857037689e-5
8.243999432456716e-5
8.236952125363533e-5
8.225592880906943e-5
8.20816047858622e-5
8.18656919540079e-5
8.171115168298447e-5
8.169118749931278e-5
8.174267330774161e-5
8.180308106113692e-5
8.167437374101512e-5
8.03093878999299e-5
7.406689922201978e-5
5.649055702248322e-5
3.1734901732353464e-5
1.5461898616164932e-5
5.301015530360962e-6
1.891634186725176e-6
6.551400235386621e-7
1.4802572953848974e-7
8.239711533573546e-5
8.229631128483256e-5
8.219876363188251e-5
8.210807973399979e-5
8.202883450993339e-5
8.196576045651143e-5
8.192354801723327e-5
8.190556878213357e-5
8.191367436608278e-5
8.194783294291923e-5
8.200602149473443e-5
8.208484146464382e-5
8.217964740446683e-5
8.228516192406669e-5
8.239612625494395e-5
8.250764742226174e-5
8.261565787840646e-5
8.271709029702569e-5
8.280990540891818e-5
8.289299516346637e-5
8.296602289846979e-5
8.302924607754957e-5
8.308328892632093e-5
8.312900004090105e-5
8.316733352857332e-5
8.319924492126167e-5
8.322558310846752e-5
8.324430084903948e-5
8.315572864343582e-5
8.249822708447738e-5
8.258244017847554e-5
8.26149478285256e-5
8.262378521923458e-5
8.262147267604779e-5
8.261308117309508e-5
8.26000668268798e-5
8.258594924456094e-5
8.257343803849386e-5
8.255668001855537e-5
8.253090567289021e-5
8.250141416921039e-5
8.246864907513619e-5
8.242297552673221e-5
8.235153424398373e-5
8.22363522193773e-5
8.205962707190438e-5
8.18412224890427e-5
8.168573170665257e-5
8.166753192214721e-5
8.172228717828292e-5
8.17852007388718e-5
8.164665290615446e-5
8.022383463099806e-5
7.382055032628279e-5
5.606651865376033e-5
3.232234939174317e-5
1.604639758358834e-5
6.19396476920692e-6
2.46005706265396e-6
8.133060256943168e-7
1.3238421100175897e-7
8.239681936955115e-5
8.229608521759569e-5
8.219859459669469e-5
8.210796912953081e-5
8.202877010116664e-5
8.196575472794765e-5
8.192359926243845e-5
8.190567590647965e-5
8.191383216889316e-5
8.194802949378016e-5
8.20062457213847e-5
8.208508044921757e-5
8.217988985096094e-5
8.228539868391977e-5
8.239634946426756e-5
8.25078520533812e-5
8.261584107679302e-5
8.271725075017806e-5
8.281004342327001e-5
8.289311203622891e-5
8.296612042491869e-5
8.302932657224977e-5
8.308335474611024e-5
8.312905338467594e-5
8.316737649141176e-5
8.319927930168188e-5
8.322561048083825e-5
8.324432251080505e-5
8.315574448202785e-5
8.249790937658485e-5
8.258207205966415e-5
8.261454526336786e-5
8.262337440567495e-5
8.262107205645455e-5
8.261272953553402e-5
8.25998158199324e-5
8.258588487870926e-5
8.257392299981666e-5
8.25584328164932e-5
8.253478725543586e-5
8.250908522932558e-5
8.24837574949014e-5
8.245204196851402e-5
8.240580809882602e-5
8.233343614493053e-5
8.221666626953243e-5
8.203765339374529e-5
8.181676946300472e-5
8.166058984821857e-5
8.164428047870656e-5
8.1702634422712e-5
8.176846090435484e-5
8.162032850910538e-5
8.013974096686878e-5
7.358174836048232e-5
5.6707138081479794e-5
3.385598966103074e-5
1.7844926642929754e-5
8.89947387209182e-6
3.6990342767099766e-6
1.0318024728028052e-6
1.233106522719224e-7
8.23965870227261e-5
8.229590840405753e-5
8.21984614041653e-5
8.21078837189225e-5
8.202871900470238e-5
8.196575028210572e-5
8.192363932686693e-5
8.190575955747621e-5
8.191395567106752e-5
8.194818283301611e-5
8.200642077311366e-5
8.208526686491528e-5
8.21800788425889e-5
8.22855833088545e-5
8.239652348047254e-5
8.250801158087905e-5
8.261598391088027e-5
8.271737585228246e-5
8.281015103054717e-5
8.289320316228438e-5
8.296619647766868e-5
8.302938936294284e-5
8.308340610888356e-5
8.312909502257654e-5
8.316741003121342e-5
8.319930614321569e-5
8.32256318502189e-5
8.324433942197899e-5
8.315575684737123e-5
8.249765821994732e-5
8.258177939773824e-5
8.261421611423864e-5
8.262302768414744e-5
8.262071548069687e-5
8.261237769965823e-5
8.259948631448914e-5
8.258559471235092e-5
8.2573875536536e-5
8.255905474217327e-5
8.253650683426481e-5
8.251273758544018e-5
8.249138474580026e-5
8.246733466217544e-5
8.243528549734825e-5
8.23885218708241e-5
8.231522110510978e-5
8.219696018322655e-5
8.20156465283591e-5
8.179249299410992e-5
8.16357185756568e-5
8.162156915756424e-5
8.168397638315583e-5
8.175339825533911e-5
8.159628548128878e-5
8.006311153465857e-5
7.389271129363332e-5
5.8475014570719636e-5
3.8887169497422515e-5
2.4551102502298806e-5
1.4581144500730088e-5
6.028581651981523e-6
9.576791299980146e-7
1.1793636019498485e-7
8.239640481527912e-5
8.229576976852809e-5
8.219835661845229e-5
8.210781765628066e-5
8.202867849124295e-5
8.196574677188355e-5
8.192367053682875e-5
8.190582487992326e-5
8.191405238332205e-5
8.194830235989607e-5
8.200655743891554e-5
8.208541225816963e-5
8.218022612473252e-5
8.228572729395987e-5
8.239665916157632e-5
8.250813596934688e-5
8.261609529334072e-5
8.271747340536043e-5
8.281023492777129e-5
8.289327419746997e-5
8.296625577460464e-5
8.302943833718364e-5
8.308344619014843e-5
8.31291275260442e-5
8.31674362160652e-5
8.31993270999228e-5
8.322564853305485e-5
8.324435262464197e-5
8.31557665013698e-5
8.249746001710035e-5
8.25815475636473e-5
8.26139500808637e-5
8.262274006016199e-5
8.26204116573509e-5
8.261205743168602e-5
8.259915244975353e-5
8.258522876840344e-5
8.257359038367341e-5
8.255910633551691e-5
8.253709058743665e-5
8.25142434658759e-5
8.249494741424547e-5
8.247502565005658e-5
8.245076244794102e-5
8.241840380819834e-5
8.237111257261012e-5
8.229697420809012e-5
8.217719314904268e-5
8.19937440757567e-5
8.176837900307394e-5
8.161121547136121e-5
8.159958845713749e-5
8.16667318086948e-5
8.174076245463369e-5
8.158003626916743e-5
8.01750549008848e-5
7.474196318635996e-5
6.345936035085621e-5
5.097236429416203e-5
4.04774118603328e-5
2.7087120965360467e-5
1.015756336291072e-5
6.051477579715822e-7
1.1474155938932564e-7
8.239626228064737e-5
8.229566056456104e-5
8.21982746209189e-5
8.210776636911614e-5
8.202864637638085e-5
8.19657440712697e-5
8.192369467014891e-5
8.190587593717655e-5
8.191412821957594e-5
8.194839542757691e-5
8.200666416072781e-5
8.208552566441053e-5
8.218034088163554e-5
8.228583962581164e-5
8.239676499777575e-5
8.250823300652955e-5
8.261618219360816e-5
8.271754950491953e-5
8.281030034334438e-5
8.289332955939027e-5
8.296630199671372e-5
8.302947653079737e-5
8.308347746910865e-5
8.312915290337281e-5
8.316745666096922e-5
8.319934346322757e-5
8.32256615571838e-5
8.324436293239066e-5
8.315577403892666e-5
8.249730409849948e-5
8.258136426075997e-5
8.261373721970167e-5
8.262250393692382e-5
8.26201599839799e-5
8.261178073647119e-5
8.259884857868021e-5
8.258486281597425e-5
8.257322337602054e-5
8.255889391485427e-5
8.253710507781773e-5
8.251464040314373e-5
8.249635005480305e-5
8.247859122940909e-5
8.245851798063643e-5
8.243405970027198e-5
8.240139359630918e-5
8.235366585749504e-5
8.227864948030133e-5
8.21574905552493e-5
8.197192607600813e-5
8.17444974429283e-5
8.158721349290496e-5
8.157863838142248e-5
8.165148929199437e-5
8.17351577893641e-5
8.1636601516027e-5
8.044293466937408e-5
7.686164324791561e-5
7.170690587451603e-5
6.7487270404152e-5
6.225605845826208e-5
4.49755125012507e-5
8.923869278768094e-6
4.797919422637027e-7
1.1268304572316986e-7
8.239615100618222e-5
8.229557414205458e-5
8.219821080450877e-5
8.210772654707667e-5
8.202862073686341e-5
8.196574226214192e-5
8.192371309577718e-5
8.190591590298832e-5
8.191418785046721e-5
8.194846778288558e-5
8.200674753595387e-5
8.208561415725718e-5
8.218043029450684e-5
8.228592733374566e-5
8.239684762727706e-5
8.250830878734707e-5
8.261625006148268e-5
8.271760891367777e-5
8.281035136427947e-5
8.289337269414411e-5
8.296633801814046e-5
8.302950631332607e-5
8.308350188190208e-5
8.312917272339167e-5
8.316747262705507e-5
8.319935624162935e-5
8.322567172504695e-5
8.324437098050472e-5
8.315577992450464e-5
8.249718191484197e-5
8.258121959939162e-5
8.261356805957841e-5
8.262231165897748e-5
8.261995509653183e-5
8.261154972084874e-5
8.259858751251269e-5
8.258453201879358e-5
8.257285324942106e-5
8.255858110813842e-5
8.253685897391267e-5
8.251449764460379e-5
8.249664651471614e-5
8.247996848011323e-5
8.246208806193596e-5
8.244187549231405e-5
8.241722360546788e-5
8.238434371295604e-5
8.233612942639493e-5
8.226036981819128e-5
8.213782530748224e-5
8.195024175512825e-5
8.172094009446133e-5
8.156391553464121e-5
8.15591458796421e-5
8.164178764622789e-5
8.177915595483766e-5
8.172831914139869e-5
8.104089404620318e-5
7.971387336836243e-5
7.877601141266521e-5
7.837998691525507e-5
7.572011604617754e-5
6.069980541631788e-5
9.34895573022904e-6
4.177447481997031e-7
1.1122050013040453e-7
8.239606409951606e-5
8.229550580882371e-5
8.219816107639495e-5
8.210769606679203e-5
8.202859985611151e-5
8.196574150746684e-5
8.192372695808688e-5
8.190594719408966e-5
8.191423497144034e-5
8.194852392572973e-5
8.200681271166161e-5
8.208568327627144e-5
8.218049998557669e-5
8.2285995915905e-5
8.239691224961418e-5
8.250836808365987e-5
8.261630316100152e-5
8.271765536105373e-5
8.281039118172026e-5
8.289340629263031e-5
8.29663660816835e-5
8.302952953476088e-5
8.308352094093021e-5
8.312918821185452e-5
8.316748509945457e-5
8.319936622271809e-5
8.322567966316244e-5
8.324437726498976e-5
8.315578452079505e-5
8.249708647661788e-5
8.25811059954018e-5
8.261343380514783e-5
8.262215653661866e-5
8.261978958556568e-5
8.261136177508851e-5
8.259837089493458e-5
8.258424966691092e-5
8.257251660537594e-5
8.255825184643649e-5
8.25365166251992e-5
8.251412220784384e-5
8.249641350572329e-5
8.248022856381636e-5
8.246344217539557e-5
8.244544674646059e-5
8.242509537312652e-5
8.240034755253501e-5
8.236719520317416e-5
8.231862888089437e-5
8.224210139146254e-5
8.211823140803229e-5
8.192875485766224e-5
8.169783988763744e-5
8.154161518957413e-5
8.154367103882847e-5
8.168362740091298e-5
8.183028080209712e-5
8.189820035081686e-5
8.178364159601605e-5
8.171508120449899e-5
8.189892252047984e-5
8.197271234699357e-5
8.0692880164466e-5
7.100153469430375e-5
1.0473635048478645e-5
3.8156720919137564e-7
1.1007305476673528e-7
8.239599614617107e-5
8.229545230688074e-5
8.219812200944031e-5
8.21076734812793e-5
8.202858251197862e-5
8.196574175862481e-5
8.192373737041178e-5
8.190597158268502e-5
8.191427248807288e-5
8.194856740874417e-5
8.200686369202499e-5
8.208573736435826e-5
8.218055436202051e-5
8.228604968257247e-5
8.239696293972938e-5
8.25084146358508e-5
8.26163448403058e-5
8.271769176545707e-5
8.281042229211569e-5
8.289343245459519e-5
8.296638793803755e-5
8.302954763978306e-5
8.308353582783153e-5
8.312920032718958e-5
8.31674948478916e-5
8.319937402173103e-5
8.322568586062839e-5
8.324438217319492e-5
8.315578811104485e-5
8.249701214873778e-5
8.258101741848559e-5
8.261332712927357e-5
8.262203251199225e-5
8.261965605820673e-5
8.261121190668005e-5
8.2598195235082e-5
8.258401738898178e-5
8.257222764688344e-5
8.255794594470991e-5
8.253616211267697e-5
8.251367487544711e-5
8.249596067446712e-5
8.24799571239075e-5
8.246366855876792e-5
8.24467753489244e-5
8.242866400199369e-5
8.240827614759759e-5
8.238336606077758e-5
8.235007846225614e-5
8.230112551559401e-5
8.222386697227066e-5
8.209875420361601e-5
8.190754778334727e-5
8.167539355062081e-5
8.152209768088656e-5
8.158585995345643e-5
8.172741730674452e-5
8.19175446642654e-5
8.211361496803859e-5
8.230069128006945e-5
8.252231584655173e-5
8.273890718128203e-5
8.281931062248736e-5
8.229607038155396e-5
7.670192870513947e-5
1.1941221731015421e-5
3.5809483658091697e-7
1.0908766770233522e-7
8.23959432379789e-5
8.229541080389151e-5
8.219809150577629e-5
8.210765709488971e-5
8.202856841474056e-5
8.196574245704741e-5
8.19237454924153e-5
8.19059903711808e-5
8.191430261716627e-5
8.194860108616041e-5
8.200690359049132e-5
8.208577982172186e-5
8.218059689510608e-5
8.228609201632231e-5
8.239700289540182e-5
8.250845139078645e-5
8.261637772893187e-5
8.271772041900993e-5
8.281044664839179e-5
8.289345281942758e-5
8.296640495422074e-5
8.302956175674973e-5
8.308354746666922e-5
8.312920981944251e-5
8.31675024741659e-5
8.319938011934397e-5
8.322569069931017e-5
8.324438600766059e-5
8.315579091649038e-5
8.249695478021151e-5
8.25809482964994e-5
8.261324293447319e-5
8.262193334667499e-5
8.261954850906795e-5
8.261109361356151e-5
8.259805533225909e-5
8.258383064725952e-5
8.257198909432498e-5
8.255767925716419e-5
8.253583523749175e-5
8.25132356633279e-5
8.24954487767621e-5
8.247946825833722e-5
8.246336140052263e-5
8.244696673417858e-5
8.242996373675355e-5
8.241184358668794e-5
8.23913463633241e-5
8.236641479575699e-5
8.233295182276133e-5
8.228363405200126e-5
8.22057018617263e-5
8.207944220881031e-5
8.188674743522422e-5
8.165480882195626e-5
8.156412611107686e-5
8.162827675592353e-5
8.180826421629221e-5
8.205452020061362e-5
8.232127243504613e-5
8.257407252396039e-5
8.279274988468083e-5
8.29544771129922e-5
8.303674303138853e-5
8.284547606635199e-5
7.962600544396123e-5
1.3556509643714914e-5
3.4159394402652006e-7
1.0819687232200439e-7
8.239590247940975e-5
8.229537832808067e-5
8.219806899425663e-5
8.210764451915759e-5
8.202855815644288e-5
8.196574266598281e-5
8.192375232468731e-5
8.19060046954402e-5
8.191432693262429e-5
8.19486273056864e-5
8.200693484196008e-5
8.208581330422808e-5
8.218063032877568e-5
8.228612557898225e-5
8.239703464129628e-5
8.250848067186436e-5
8.261640390527832e-5
8.271774312473605e-5
8.281046578114834e-5
8.289346866796913e-5
8.296641819802802e-5
8.30295727680083e-5
8.3083556580888e-5
8.312921727655751e-5
8.316750844912182e-5
8.319938489131506e-5
8.322569447734606e-5
8.3244389004742e-5
8.315579310998883e-5
8.24969115279106e-5
8.258089367219047e-5
8.261317760460706e-5
8.26218530976804e-5
8.26194621829654e-5
8.261099968495943e-5
8.25979456691499e-5
8.258368196344555e-5
8.257179782399614e-5
8.255745520971168e-5
8.253555159640875e-5
8.251284074002979e-5
8.249495629814319e-5
8.247892487506476e-5
8.246283866915619e-5
8.244662383965102e-5
8.243011716162413e-5
8.241311609526956e-5
8.239490887461333e-5
8.237444633665936e-5
8.234945058345048e-5
8.231582410163441e-5
8.226618496717062e-5
8.218763335406687e-5
8.20603717205514e-5
8.186714354092046e-5
8.16940893922403e-5
8.16050123627071e-5
8.1711114075752e-5
8.194663761422144e-5
8.223165518897204e-5
8.250891028671409e-5
8.274448822716075e-5
8.292301526480642e-5
8.30459265051347e-5
8.311972777748072e-5
8.30569210138895e-5
8.112638141229871e-5
1.5153536675400521e-5
3.293239667142615e-7
1.0737201477709439e-7
8.239587124326533e-5
8.229535267773338e-5
8.219805413634433e-5
8.210763380967459e-5
8.202855210725024e-5
8.196574192730039e-5
8.192375824503116e-5
8.190601587192732e-5
8.191434645508976e-5
8.194864799861817e-5
8.200695940371232e-5
8.208583986486038e-5
8.218065683858372e-5
8.228615248721767e-5
8.239706017189995e-5
8.250850432625284e-5
8.261642501861906e-5
8.27177613073838e-5
8.281048089266551e-5
8.289348100177473e-5
8.296642850516364e-5
8.302958136470588e-5
8.308356373820986e-5
8.312922316041858e-5
8.31675131417131e-5
8.319938863157275e-5
8.322569742749687e-5
8.32443913491765e-5
8.315579482665181e-5
8.249687964258981e-5
8.258085101488954e-5
8.261312693471785e-5
8.262178807436779e-5
8.261939226814954e-5
8.26109236018705e-5
8.259786027692065e-5
8.25835632525385e-5
8.257164741957117e-5
8.255727147291862e-5
8.25353137252296e-5
8.251250311658004e-5
8.249451704515799e-5
8.247840644831415e-5
8.246226474570841e-5
8.244606868695188e-5
8.242973604348283e-5
8.241323309929496e-5
8.239615162987305e-5
8.237800371140266e-5
8.235753258379975e-5
8.233247776534036e-5
8.229872417497608e-5
8.224879364349239e-5
8.216970484861684e-5
8.204205747600975e-5
8.190188298346232e-5
8.17301936782054e-5
8.168864216052508e-5
8.185858432355635e-5
8.213621878543977e-5
8.242564661673777e-5
8.267827008847899e-5
8.287350060020089e-5
8.301098683175393e-5
8.310467229687535e-5
8.316519676986576e-5
8.31506038902779e-5
8.192537032631646e-5
1.6565941678110345e-5
3.198307128511947e-7
1.0660852429288404e-7
8.239584740141118e-5
8.229533352030486e-5
8.219804507618234e-5
8.210762526254277e-5
8.202854906857459e-5
8.196574113781486e-5
8.192376281397305e-5
8.190602544735528e-5
8.19143619242816e-5
8.19486646457352e-5
8.20069789231739e-5
8.208586107383739e-5
8.218067815500981e-5
8.228617443465767e-5
8.239708108044794e-5
8.250852382844974e-5
8.26164423883974e-5
8.271777609899296e-5
8.281049292947935e-5
8.289349060657977e-5
8.296643653171101e-5
8.302958809041903e-5
8.308356938570017e-5
8.312922783527895e-5
8.316751684167995e-5
8.319939157023326e-5
8.322569973148633e-5
8.324439318545077e-5
8.315579617213434e-5
8.24968558654196e-5
8.258082011577465e-5
8.261308640332132e-5
8.262173694820978e-5
8.261933389753925e-5
8.2610860644367e-5
8.259779235883953e-5
8.258346750836956e-5
8.257152935242898e-5
8.255712361022884e-5
8.253511747810508e-5
8.251222391953111e-5
8.24941414447662e-5
8.247794700559259e-5
8.246171957441303e-5
8.244546705612484e-5
8.242914674698046e-5
8.241281483470554e-5
8.23962308325784e-5
8.237921629135873e-5
8.236108520106135e-5
8.23406059786449e-5
8.231552533213103e-5
8.228166139538146e-5
8.223148391922891e-5
8.2152261121638e-5
8.207291068442732e-5
8.193110593969457e-5
8.180517876052679e-5
8.184056361725138e-5
8.206290251372218e-5
8.234739758160994e-5
8.261042864686771e-5
8.28202048706828e-5
8.297103060814181e-5
8.30752101297711e-5
8.314687630856126e-5
8.31951362740596e-5
8.319839142723336e-5
8.236999282996613e-5
1.766901788824931e-5
3.123694874972006e-7
1.059281510204753e-7
8.239583027522932e-5
8.229532106390675e-5
8.219803930223085e-5
8.210762059079573e-5
8.202854702973792e-5
8.196574182291093e-5
8.192376563550756e-5
8.190603461974672e-5
8.191437428132418e-5
8.194867817845195e-5
8.200699483000378e-5
8.208587815908722e-5
8.21806956273924e-5
8.22861928023232e-5
8.239709865142879e-5
8.250854036458265e-5
8.261645707911053e-5
8.271778840407849e-5
8.281050264052766e-5
8.289349810189012e-5
8.296644279644994e-5
8.302959337557945e-5
8.308357387776304e-5
8.312923158996839e-5
8.316751977730672e-5
8.319939388767003e-5
8.322570153118276e-5
8.324439462667039e-5
8.315579722913518e-5
8.249683893151462e-5
8.258079910390555e-5
8.261305496578083e-5
8.262169768582123e-5
8.261928440434678e-5
8.26108075521563e-5
8.259773524025247e-5
8.25833891492579e-5
8.2571434373338e-5
8.255700634327088e-5
8.253495613407608e-5
8.25119980982981e-5
8.249382862102262e-5
8.247755631999826e-5
8.24612375236375e-5
8.244489876397874e-5
8.24285170119459e-5
8.241219161754095e-5
8.239577512852758e-5
8.237925682025615e-5
8.236226844974572e-5
8.234415155057146e-5
8.232369624145395e-5
8.22986000032057e-5
8.226464871339475e-5
8.221449762850452e-5
8.218066565213744e-5
8.209621813601577e-5
8.199074984361936e-5
8.194289428437338e-5
8.205053786942261e-5
8.228939379462176e-5
8.254815452627084e-5
8.27667555932275e-5
8.292910811053496e-5
8.3043120154563e-5
8.312246604120048e-5
8.317792571242855e-5
8.321644685631655e-5
8.322576024022589e-5
8.262925879883307e-5
1.8406739761240566e-5
3.065444110852879e-7
1.0536644791983613e-7
8.239581955240818e-5
8.229531410109039e-5
8.219803665308717e-5
8.210761939722077e-5
8.202854618408415e-5
8.196574392881855e-5
8.192376789197483e-5
8.190604351502428e-5
8.191438497150128e-5
8.194868906662698e-5
8.200700827713217e-5
8.208589215635622e-5
8.21807102835647e-5
8.228620872066048e-5
8.239711394239628e-5
8.250855489531114e-5
8.2616469954172e-5
8.271779895135824e-5
8.281051062179257e-5
8.289350398148385e-5
8.296644771459727e-5
8.302959756575447e-5
8.308357749835108e-5
8.312923465528026e-5
8.316752212935491e-5
8.319939572544264e-5
8.322570293731376e-5
8.324439576151933e-5
8.31557980624264e-5
8.249683006594352e-5
8.25807843880741e-5
8.261303423484562e-5
8.262166769221885e-5
8.261924386466799e-5
8.261076183660197e-5
8.259768457430722e-5
8.258332292413769e-5
8.257135473207869e-5
8.255691315681611e-5
8.25348232277355e-5
8.251181714623712e-5
8.249357297968472e-5
8.247723176360656e-5
8.246082897351546e-5
8.244439725814596e-5
8.24279272950152e-5
8.241153281405674e-5
8.239511864793566e-5
8.237876232404151e-5
8.236227117993168e-5
8.234530439606659e-5
8.232723330713559e-5
8.230680942403776e-5
8.228170923167738e-5
8.224786539749593e-5
8.224157696332635e-5
8.219991963829808e-5
8.214213074586184e-5
8.210155895544902e-5
8.213358859418044e-5
8.228043943468587e-5
8.250250338173036e-5
8.271757821323894e-5
8.288704782778566e-5
8.300950930394749e-5
8.309612002918823e-5
8.315738701500907e-5
8.320103850888151e-5
8.323207539035086e-5
8.324288939482972e-5
8.27857536279389e-5
1.8816857140944868e-5
3.021656695934981e-7
1.0494120760742747e-7
8.239581333702987e-5
8.229531162039696e-5
8.219803837670074e-5
8.21076195561066e-5
8.202854896868822e-5
8.196574606046275e-5
8.19237720845187e-5
8.190605178021331e-5
8.191439539438646e-5
8.194869781220899e-5
8.200701990982992e-5
8.208590404645317e-5
8.218072289269322e-5
8.228622309691265e-5
8.239712784848556e-5
8.250856820356153e-5
8.261648171527089e-5
8.271780833098769e-5
8.281051735273985e-5
8.289350864588955e-5
8.296645162633346e-5
8.302960094490519e-5
8.308358047885638e-5
8.312923721757373e-5
8.316752404193062e-5
8.319939719473456e-5
8.322570403630292e-5
8.324439665965112e-5
8.315579872276695e-5
8.249682655336482e-5
8.258077676891424e-5
8.261302180761286e-5
8.262164764161856e-5
8.261921291224536e-5
8.261072216542152e-5
8.259763972351453e-5
8.258326340416719e-5
8.257128591172383e-5
8.255683617196614e-5
8.253471379773065e-5
8.251167096780264e-5
8.249336718020396e-5
8.247696518680476e-5
8.246049195843743e-5
8.24439719018783e-5
8.242741077556543e-5
8.241091946711283e-5
8.239443207176962e-5
8.237807085060375e-5
8.2361738508114e-5
8.234526900426657e-5
8.232835529444263e-5
8.231033680290157e-5
8.22899505021545e-5
8.226499280092444e-5
8.22743020423779e-5
8.225820805897746e-5
8.223620842129988e-5
8.222856011625591e-5
8.225744812553177e-5
8.234223271146393e-5
8.249428652435214e-5
8.268105986878731e-5
8.284816605926157e-5
8.29757367007411e-5
8.306848271854133e-5
8.313524404608561e-5
8.318340318630614e-5
8.321831972735801e-5
8.324369711089699e-5
8.325419414996997e-5
8.28824897966814e-5
1.899828560215928e-5
2.992118219101846e-7
1.0467755779138234e-7
8.239581123647581e-5
8.229531364348538e-5
8.21980433604886e-5
8.210762248692516e-5
8.202855518161858e-5
8.196574971628328e-5
8.192377903962453e-5
8.190606059036344e-5
8.191440569624385e-5
8.19487054324689e-5
8.200702976759213e-5
8.208591470282124e-5
8.21807340970636e-5
8.228623660827577e-5
8.239714114301851e-5
8.250858093893765e-5
8.261649292517894e-5
8.27178170215274e-5
8.281052322500996e-5
8.289351243093103e-5
8.296645482093285e-5
8.302960375511656e-5
8.30835830127408e-5
8.312923942922212e-5
8.316752563086031e-5
8.319939838285134e-5
8.322570489558413e-5
8.324439737587517e-5
8.315579924993505e-5
8.249682417471534e-5
8.258077631703691e-5
8.261301506902054e-5
8.262163731405862e-5
8.261919295474494e-5
8.261068907742923e-5
8.259760239978549e-5
8.258320757522279e-5
8.257122575162187e-5
8.255676860526568e-5
8.253462343967298e-5
8.251155040382463e-5
8.249320269639638e-5
8.247674721218598e-5
8.246021821758512e-5
8.244362037327654e-5
8.242697573656458e-5
8.241038501638049e-5
8.239379646306615e-5
8.237735460608041e-5
8.236101224400177e-5
8.23446982632791e-5
8.232828179357552e-5
8.231142818577298e-5
8.229346623535065e-5
8.227323272181682e-5
8.229116461253147e-5
8.22891873180631e-5
8.228807081517463e-5
8.230528757719771e-5
8.235328566085214e-5
8.243116091034546e-5
8.253707627240201e-5
8.26723420733077e-5
8.281881815335539e-5
8.294441294401124e-5
8.304064809100863e-5
8.311196892009968e-5
8.316437737402749e-5
8.320285608143412e-5
8.323128664979779e-5
8.32523185060458e-5
8.326184985452527e-5
8.294236520839393e-5
1.905198717240237e-5
2.976400599063338e-7
1.0459445965810246e-7
8.239581498161018e-5
8.229531885657176e-5
8.21980509769978e-5
8.210763135183502e-5
8.20285625760966e-5
8.196575924403278e-5
8.192378749098443e-5
8.190607241038098e-5
8.191441489017898e-5
8.194871287469932e-5
8.20070377435914e-5
8.208592459804419e-5
8.218074458604754e-5
8.228624971484844e-5
8.239715448441421e-5
8.250859365681863e-5
8.261650402190434e-5
8.271782540424421e-5
8.281052856821355e-5
8.289351563338344e-5
8.296645755802503e-5
8.302960621367795e-5
8.308358526742166e-5
8.312924141630194e-5
8.316752699005878e-5
8.319939935806608e-5
8.322570556778969e-5
8.324439795337267e-5
8.315579967504055e-5
8.24968267927277e-5
8.258077622518124e-5
8.261301507548023e-5
8.26216330934087e-5
8.26191839365438e-5
8.261066589055222e-5
8.259757359191523e-5
8.258315832411236e-5
8.257117201278218e-5
8.255670872196058e-5
8.253454660984736e-5
8.251144978307286e-5
8.249306979358687e-5
8.24765695896593e-5
8.245999660412276e-5
8.244333520231265e-5
8.24266181175356e-5
8.240993791989682e-5
8.23932447600645e-5
8.237669487748513e-5
8.236026609435562e-5
8.234393746063562e-5
8.232767319332415e-5
8.231131741605692e-5
8.229452740051185e-5
8.227671550761835e-5
8.229933753085254e-5
8.23048100500286e-5
8.231460299795335e-5
8.234527949393323e-5
8.240776361404358e-5
8.249637407809506e-5
8.259742847357667e-5
8.270045329483853e-5
8.281023946395514e-5
8.292047846832977e-5
8.301472971936928e-5
8.308846583846214e-5
8.314433988307359e-5
8.318615744743814e-5
8.321745311383279e-5
8.324094931795811e-5
8.32586315242806e-5
8.326700508276854e-5
8.297675932891093e-5
1.906943666065831e-5
2.975125841138849e-7
1.0470683481118044e-7
8.239582135044153e-5
8.229532825852314e-5
8.219806323448908e-5
8.210764463905743e-5
8.202857405327437e-5
8.196577455743626e-5
8.192379896653437e-5
8.190608679493433e-5
8.191442312878356e-5
8.194871946869576e-5
8.200704441329867e-5
8.208593363300202e-5
8.218075514131268e-5
8.228626278653777e-5
8.239716837489022e-5
8.250860684619931e-5
8.261651532803591e-5
8.271783376952841e-5
8.281053367313078e-5
8.289351853650602e-5
8.296646008689736e-5
8.30296085273246e-5
8.308358739344473e-5
8.312924328391574e-5
8.316752819593755e-5
8.319940017315117e-5
8.322570609409964e-5
8.324439842607168e-5
8.315580002227748e-5
8.24968338878885e-5
8.258077834878316e-5
8.261301645596944e-5
8.262163436626592e-5
8.261918171785301e-5
8.261065485264814e-5
8.259755391856989e-5
8.258312191765221e-5
8.25711232798001e-5
8.255665963317229e-5
8.253447813804347e-5
8.251136667257368e-5
8.249295923471971e-5
8.247642534036989e-5
8.245981576234875e-5
8.244310671981016e-5
8.242632864696462e-5
8.24095739881651e-5
8.23927849694432e-5
8.237612407087834e-5
8.235958174655687e-5
8.234316149886499e-5
8.232687812244e-5
8.231067194558852e-5
8.229438081132221e-5
8.227773159648139e-5
8.230285137541303e-5
8.23120376524832e-5
8.232695232759235e-5
8.236334734643853e-5
8.243230158492384e-5
8.252897262386451e-5
8.263837922767047e-5
8.274010572898427e-5
8.28288025513089e-5
8.291254743709126e-5
8.299468940611314e-5
8.306648051243719e-5
8.312405478960575e-5
8.316854166304604e-5
8.320250006372768e-5
8.322833225484462e-5
8.324804230300101e-5
8.326310974946104e-5
8.32702090604101e-5
8.299244694229767e-5
1.9099890445697576e-5
2.9896399905688273e-7
1.0502241584580152e-7
8.239583067909913e-5
8.229534368009285e-5
8.219808005374034e-5
8.210766119407434e-5
8.20285932027039e-5
8.196579291993456e-5
8.19238166727643e-5
8.190610022753908e-5
8.191443169465634e-5
8.194872344729931e-5
8.200705086368886e-5
8.20859417917754e-5
8.218076636375901e-5
8.228627633482117e-5
8.239718311406017e-5
8.250862091004666e-5
8.261652706923736e-5
8.27178423198662e-5
8.28105388144976e-5
8.28935214375295e-5
8.296646266345103e-5
8.302961090221501e-5
8.308358953074427e-5
8.312924511887119e-5
8.316752930995719e-5
8.319940086785207e-5
8.322570650696729e-5
8.32443988202835e-5
8.3155800310233e-5
8.249684427467614e-5
8.258078475342153e-5
8.261302007833711e-5
8.262163575968171e-5
8.261918543068726e-5
8.261065137400054e-5
8.259754462760802e-5
8.258310100268176e-5
8.257108297703623e-5
8.255662321430495e-5
8.2534418551842e-5
8.251129832303741e-5
8.24928659267138e-5
8.247630732632072e-5
8.245966661126031e-5
8.244292406249874e-5
8.242609685448487e-5
8.24092830009347e-5
8.239241288887614e-5
8.237564920897863e-5
8.235899149654486e-5
8.234245213921445e-5
8.232607258666118e-5
8.230984355733389e-5
8.229370032287175e-5
8.227753796317855e-5
8.230394194921972e-5
8.231478475963153e-5
8.233161908670601e-5
8.2369285186021e-5
8.243907266986766e-5
8.253809308831364e-5
8.265394173299768e-5
8.276412058549546e-5
8.285508596959153e-5
8.292538452152589e-5
8.298737016239066e-5
8.30492712172408e-5
8.310499266715316e-5
8.315066426592264e-5
8.318670324571143e-5
8.32146809225158e-5
8.323631750218596e-5
8.325308191784571e-5
8.326599571524299e-5
8.327183128637689e-5
8.299140225722722e-5
1.9145853965745225e-5
3.0208700201306067e-7
1.05533341660727e-7
8.239584671038617e-5
8.229536295698746e-5
8.219810027984321e-5
8.21076838474783e-5
8.202861768163297e-5
8.196581738435487e-5
8.192383759296567e-5
8.190611269633222e-5
8.191443913108905e-5
8.194872556575363e-5
8.20070573534529e-5
8.20859502973542e-5
8.218077835839194e-5
8.228629108356103e-5
8.239719884636509e-5
8.250863607270429e-5
8.261653940094494e-5
8.27178511875815e-5
8.281054427480985e-5
8.289352467582963e-5
8.296646556262605e-5
8.30296135473067e-5
8.308359181012619e-5
8.312924698970882e-5
8.31675303792528e-5
8.319940147052848e-5
8.322570683239484e-5
8.324439915562373e-5
8.315580055288532e-5
8.249686105392044e-5
8.258079511381677e-5
8.261302774361138e-5
8.262163935814357e-5
8.261918904733046e-5
8.261065386219546e-5
8.259754213455007e-5
8.258309291897468e-5
8.257105755872313e-5
8.255659722190885e-5
8.253437481359697e-5
8.251124079740352e-5
8.249279029648175e-5
8.247620826168028e-5
8.245954340845806e-5
8.2442776093174e-5
8.242591279807195e-5
8.240905246796021e-5
8.239211872811723e-5
8.237526496539827e-5
8.235850195584596e-5
8.234184131892696e-5
8.232533827806582e-5
8.23090093264971e-5
8.229284052675611e-5
8.227681342389254e-5
8.23038374112768e-5
8.231522386105265e-5
8.233226140070445e-5
8.236882270964648e-5
8.243618937882924e-5
8.253328773548923e-5
8.265110568856323e-5
8.276830380660373e-5
8.286845784643995e-5
8.294369526454213e-5
8.299656408872896e-5
8.30424418118021e-5
8.308989298014944e-5
8.313379298922789e-5
8.31706363111771e-5
8.3200241115131e-5
8.322362222152269e-5
8.324199078138755e-5
8.325633210658428e-5
8.326750317900248e-5
8.327196095723442e-5
8.297203936709675e-5
1.9156838561394494e-5
3.0719673059893996e-7
1.0622924744093577e-7
8.23958666036807e-5
8.229538496994814e-5
8.219812626689045e-5
8.210771278384691e-5
8.202864973257812e-5
8.196584849638141e-5
8.192385846700124e-5
8.190612585372197e-5
8.191444358686462e-5
8.194872933875193e-5
8.200706406739407e-5
8.208596112224699e-5
8.218079116203046e-5
8.228630751993728e-5
8.239721574429064e-5
8.250865225567561e-5
8.261655242306452e-5
8.271786049424164e-5
8.281055036962722e-5
8.289352865311545e-5
8.296646908204682e-5
8.302961666568745e-5
8.308359434797851e-5
8.31292489441627e-5
8.31675314352642e-5
8.319940199932929e-5
8.322570709176481e-5
8.324439944526535e-5
8.315580076039083e-5
8.249688072457093e-5
8.258081300954757e-5
8.261303754003529e-5
8.262164969629574e-5
8.261919225012264e-5
8.261065882746448e-5
8.259754351755814e-5
8.258309151585841e-5
8.257104730371203e-5
8.255658077047848e-5
8.253435088689776e-5
8.251119443145945e-5
8.249273398590029e-5
8.247612434881431e-5
8.24594422863753e-5
8.244265356295746e-5
8.242576701464845e-5
8.240887011415098e-5
8.239189026052368e-5
8.237496076692098e-5
8.235810705831374e-5
8.234133527093271e-5
8.23247065000511e-5
8.230825094999924e-5
8.229197940517133e-5
8.227591466523565e-5
8.230320214664713e-5
8.231454947079552e-5
8.233090786852957e-5
8.236518561513499e-5
8.242845103576683e-5
8.252103336955807e-5
8.26371484856593e-5
8.275793667980622e-5
8.286579960613825e-5
8.295120020962851e-5
8.300996506121087e-5
8.30491717626237e-5
8.308346379083784e-5
8.31202809883812e-5
8.315541307623308e-5
8.318552826116257e-5
8.321018007730727e-5
8.322997539971801e-5
8.324564972116095e-5
8.32580301622645e-5
8.326767204520471e-5
8.327048747317551e-5
8.292949141215032e-5
1.8992328345040614e-5
3.147643236904319e-7
1.0710625353902504e-7
8.239588991363325e-5
8.229541335220607e-5
8.219816019184974e-5
8.21077519891175e-5
8.202869210783687e-5
8.196588246880355e-5
8.192388175786271e-5
8.190613792191438e-5
8.191444952097184e-5
8.194873661177897e-5
8.200707373954011e-5
8.208597457328923e-5
8.218080548845315e-5
8.228632529064017e-5
8.239723403990565e-5
8.250866909413404e-5
8.261656615374035e-5
8.271787046294975e-5
8.281055747473374e-5
8.289353382601598e-5
8.296647352518824e-5
8.302962042922799e-5
8.308359723220269e-5
8.312925100472758e-5
8.316753249091329e-5
8.319940246343121e-5
8.322570730293682e-5
8.324439969563677e-5
8.315580112682034e-5
8.249690514105125e-5
8.258083353723607e-5
8.261305545605283e-5
8.262166139313389e-5
8.261920271568978e-5
8.261066424963686e-5
8.259754646755123e-5
8.258309381274573e-5
8.257104318870553e-5
8.255657470314936e-5
8.253434182320775e-5
8.251116495017584e-5
8.249269568784164e-5
8.247605832558884e-5
8.245935940610891e-5
8.244255160910551e-5
8.24256499965263e-5
8.24087255495192e-5
8.239171429429342e-5
8.237472446484596e-5
8.23577950979875e-5
8.234092771243148e-5
8.232418267493692e-5
8.230759920880422e-5
8.229119862495972e-5
8.227502018769064e-5
8.230238590673778e-5
8.23134069860822e-5
8.23286706163228e-5
8.236015563286452e-5
8.241857854520386e-5
8.250525659496652e-5
8.261713700994401e-5
8.273851344397118e-5
8.285118689609602e-5
8.294535688674371e-5
8.301429551716585e-5
8.305935878380259e-5
8.308848450684835e-5
8.311417698517096e-5
8.31430979039297e-5
8.317153640360938e-5
8.319646198813717e-5
8.321724413990268e-5
8.323407338611088e-5
8.324756071964279e-5
8.325821883506274e-5
8.326641055850127e-5
8.326716906179045e-5
8.28494570283632e-5
1.8430425964092532e-5
3.258298624806966e-7
1.0822078411002668e-7
8.23959208205923e-5
8.229545219408533e-5
8.21982065541114e-5
8.210780492252118e-5
8.202874062635162e-5
8.196592069050042e-5
8.1923906607103e-5
8.190615182231104e-5
8.191446186068096e-5
8.19487486512957e-5
8.200708855247047e-5
8.20859891302057e-5
8.218082165464294e-5
8.228634357239257e-5
8.239725353947279e-5
8.25086862243201e-5
8.261658051653179e-5
8.27178815349098e-5
8.281056604921976e-5
8.289354063571986e-5
8.296647914853022e-5
8.3029624935983e-5
8.30836005000665e-5
8.312925316514229e-5
8.316753353808727e-5
8.319940286514161e-5
8.322570747982179e-5
8.324440024574303e-5
8.249693893072265e-5
8.25808590719673e-5
8.261307799121896e-5
8.262167873966207e-5
8.2619216720768e-5
8.261067525904399e-5
8.25975523896613e-5
8.258309682536876e-5
8.257104161897027e-5
8.255657200698162e-5
8.253434110151774e-5
8.251115349081699e-5
8.249267348309931e-5
8.247601575251675e-5
8.24592924660496e-5
8.2442469750361e-5
8.242555330500937e-5
8.240861062703952e-5
8.239157797309726e-5
8.237454380448362e-5
8.235755261241913e-5
8.234060678921578e-5
8.232375984165444e-5
8.230705873484594e-5
8.229052853567096e-5
8.227421137216653e-5
8.230156496919417e-5
8.231213535676579e-5
8.232614611359435e-5
8.235469888509646e-5
8.24080732726119e-5
8.248823644147644e-5
8.25942711480236e-5
8.271393511450027e-5
8.282888118615886e-5
8.292930975971387e-5
8.300735503361346e-5
8.306185935600862e-5
8.309650385179681e-5
8.311799543161968e-5
8.31372501445589e-5
8.316011495649472e-5
8.318337448899738e-5
8.320423212952616e-5
8.322180108107995e-5
8.323621327634517e-5
8.324777135847882e-5
8.325679415942867e-5
8.326357538055226e-5
8.326123609918617e-5
8.270164326092974e-5
1.722078394247604e-5
3.4314227766701366e-7
1.0979262902436506e-7
8.239596319880514e-5
8.229550439919384e-5
8.219826724555749e-5
8.210786607170015e-5
8.202879481119559e-5
8.196596204815367e-5
8.192393381806055e-5
8.190617304148022e-5
8.191448069837936e-5
8.194876680536762e-5
8.200710494050541e-5
8.208600345228323e-5
8.218083789465396e-5
8.228636209161904e-5
8.23972732178046e-5
8.250870359319424e-5
8.261659554160974e-5
8.27178943671085e-5
8.28105766013146e-5
8.28935493470271e-5
8.296648606046895e-5
8.302963016281658e-5
8.308360411815527e-5
8.312925539368729e-5
8.316753454948502e-5
8.319940320368913e-5
8.322570781845033e-5
8.249698339053673e-5
8.258089497358233e-5
8.261310617186744e-5
8.262170144219691e-5
8.261923558019823e-5
8.261068940702422e-5
8.259756669904195e-5
8.258310155211943e-5
8.257104427240129e-5
8.255656680346986e-5
8.253434217953516e-5
8.251115280393296e-5
8.249266582872626e-5
8.247599814355895e-5
8.245924377062632e-5
8.24424088108439e-5
8.242547274555257e-5
8.240851843256925e-5
8.239147058324722e-5
8.237440663554958e-5
8.23573665282344e-5
8.234035860168332e-5
8.23234258579562e-5
8.230662163950281e-5
8.228997321322649e-5
8.227351792832111e-5
8.230081977391483e-5
8.231094671517743e-5
8.232364319991965e-5
8.234932144396085e-5
8.239773738824151e-5
8.247125268115248e-5
8.257050639135739e-5
8.268674937620425e-5
8.280196453371467e-5
8.29063972303827e-5
8.299158667472621e-5
8.305470400206824e-5
8.309791547689253e-5
8.312453843801475e-5
8.314020725258736e-5
8.315446221757625e-5
8.317260897630669e-5
8.319178752352077e-5
8.32092449161534e-5
8.322417884933248e-5
8.323644780304791e-5
8.324616459173271e-5
8.32535989803861e-5
8.325870242326451e-5
8.3251208545763e-5
8.241113842969773e-5
1.521354122007226e-5
3.7476292866132985e-7
1.1292433093070104e-7
8.239601814175527e-5
8.22955691182837e-5
8.219833681547414e-5
8.210793401301232e-5
8.202885346399011e-5
8.196600587035355e-5
8.192396770415784e-5
8.190620123982848e-5
8.19145050997352e-5
8.194878600612642e-5
8.20071177546787e-5
8.208601573771505e-5
8.218085266630139e-5
8.228638073191594e-5
8.239729213389378e-5
8.250872142315084e-5
8.261661181523362e-5
8.271790958506437e-5
8.281058946714593e-5
8.289355981971379e-5
8.296649409609743e-5
8.302963595252973e-5
8.308360799031459e-5
8.312925765229321e-5
8.31675354907952e-5
8.31994036721569e-5
8.249703810846871e-5
8.258094098791649e-5
8.261314428539731e-5
8.262173229104977e-5
8.261925798438071e-5
8.261070943650756e-5
8.259758344052484e-5
8.25831167325497e-5
8.257105101960379e-5
8.255656453453723e-5
8.253433898614714e-5
8.251115399493597e-5
8.249266738830339e-5
8.247600040870863e-5
8.24592185399217e-5
8.244236839246394e-5
8.242541030666223e-5
8.240844271312713e-5
8.239138503525692e-5
8.237430107189366e-5
8.235722512342871e-5
8.23401690055608e-5
8.23231670165758e-5
8.230627485276828e-5
8.228952418122239e-5
8.227294321160042e-5
8.230018042992042e-5
8.231021126445863e-5
8.23213287761549e-5
8.23442726356509e-5
8.238797540519023e-5
8.245499274400227e-5
8.254700988403095e-5
8.265859159162942e-5
8.277250948242367e-5
8.287907945666625e-5
8.296962564327492e-5
8.303983996408795e-5
8.309090577200068e-5
8.312531293461598e-5
8.314573215969223e-5
8.315679638396033e-5
8.316709758880054e-5
8.318148709184523e-5
8.31972144382191e-5
8.32118601344691e-5
8.322443694913393e-5
8.32346448080413e-5
8.324256062214513e-5
8.32481131889371e-5
8.325108619620747e-5
8.323350412548382e-5
8.175755721038848e-5
1.2559840885364912e-5
4.5842458949936517e-7
1.2791283239681902e-7
8.239608386570416e-5
8.229564298453597e-5
8.219841515851804e-5
8.210800833233562e-5
8.202891532464428e-5
8.196605552132786e-5
8.192400856868611e-5
8.190623495628533e-5
8.191452948882112e-5
8.194879890892664e-5
8.200712538972652e-5
8.208602542713484e-5
8.21808673021588e-5
8.228639890212858e-5
8.239731071401266e-5
8.250874027375979e-5
8.261663048098618e-5
8.271792728698646e-5
8.28106043034442e-5
8.289357135327764e-5
8.296650278972678e-5
8.302964210089095e-5
8.30836120308795e-5
8.312925993631269e-5
8.31675365195757e-5
8.249710297887538e-5
8.258099545940515e-5
8.26131928529882e-5
8.262177361290062e-5
8.261928979834788e-5
8.2610732777854e-5
8.259760422633964e-5
8.258313701495853e-5
8.257106710404113e-5
8.2556571170359e-5
8.253433443675855e-5
8.251115200507237e-5
8.249266954778997e-5
8.247601241506656e-5
8.245921782202283e-5
8.244234752044089e-5
8.242537097621055e-5
8.240837997576533e-5
8.239131739437217e-5
8.237421688838186e-5
8.23571178989595e-5
8.234002482655486e-5
8.232296954520289e-5
8.230600400783888e-5
8.228916771461437e-5
8.227247812692076e-5
8.229965147028342e-5
8.23098484663458e-5
8.231938296612116e-5
8.233966832864266e-5
8.237896941383002e-5
8.243979547290437e-5
8.252445824269157e-5
8.263050759720502e-5
8.27419001033865e-5
8.284905948122257e-5
8.294342914414118e-5
8.301939909036853e-5
8.307707079460029e-5
8.311860547458075e-5
8.314614754557449e-5
8.31616188092402e-5
8.316898234924428e-5
8.317607407041537e-5
8.318721285500363e-5
8.320004426565255e-5
8.32121426131751e-5
8.322242905151531e-5
8.32306028070616e-5
8.323637412705281e-5
8.323955498731397e-5
8.323941130205267e-5
8.319719135626098e-5
7.995376982795316e-5
9.816586641721797e-6
1.1249753303427967e-6
9.107417422696299e-8
8.239615951670814e-5
8.22957281972002e-5
8.21985020004856e-5
8.210808717038665e-5
8.202898261967723e-5
8.196611262066455e-5
8.192405596982834e-5
8.190626890061816e-5
8.191454638178814e-5
8.19488049845133e-5
8.200713098226394e-5
8.208603647437816e-5
8.21808833327364e-5
8.228641688887137e-5
8.23973304307844e-5
8.250876140110679e-5
8.261665195014109e-5
8.271794640731161e-5
8.281061964515862e-5
8.289358290114598e-5
8.29665116617996e-5
8.302964858491012e-5
8.308361630603281e-5
8.312926247799546e-5
8.249717931565309e-5
8.258105989466983e-5
8.261325049338793e-5
8.262182562876018e-5
8.261933435528416e-5
8.261076538299339e-5
8.25976284681087e-5
8.2583160069103e-5
8.257108881503194e-5
8.255659021303411e-5
8.25343372825539e-5
8.251114927488715e-5
8.249266687289298e-5
8.247602327541095e-5
8.245923300787633e-5
8.244234538735483e-5
8.242535624455732e-5
8.240833245411612e-5
8.239126482832387e-5
8.237414794440493e-5
8.23570349797049e-5
8.233991486510864e-5
8.232282011541986e-5
8.230579530021092e-5
8.228888866497975e-5
8.22721085212811e-5
8.22992244978447e-5
8.230956571660893e-5
8.231777780636022e-5
8.233558300865064e-5
8.237078241553472e-5
8.242579973868455e-5
8.25032198541738e-5
8.260316290108677e-5
8.27110733725985e-5
8.281752396521195e-5
8.291437013433331e-5
8.299495976847262e-5
8.305818936536072e-5
8.31057545802708e-5
8.313979721043019e-5
8.316184673501237e-5
8.317332294747714e-5
8.317764394686245e-5
8.318186135368634e-5
8.319019645106056e-5
8.320034685864149e-5
8.32099299021469e-5
8.321792841137955e-5
8.322366462769427e-5
8.322672410312682e-5
8.322650318394206e-5
8.322093259779851e-5
8.309697201660794e-5
7.304665483461269e-5
7.963074987455591e-6
2.952757295109521e-7
6.692972225283558e-8
8.239624830298692e-5
8.229582346729027e-5
8.219859420716259e-5
8.21081713538353e-5
8.202905780177943e-5
8.196617731656548e-5
8.192410398793562e-5
8.190629489804336e-5
8.19145560706075e-5
8.194881081150936e-5
8.200714119294112e-5
8.208605157769168e-5
8.218090055116271e-5
8.228643634138733e-5
8.239735295999667e-5
8.250878533491064e-5
8.261667416656248e-5
8.271796444663879e-5
8.281063356658335e-5
8.289359391520531e-5
8.29665208573562e-5
8.30296558046046e-5
8.308362126931348e-5
8.249726930764794e-5
8.258113715858606e-5
8.261331834457031e-5
8.26218876228919e-5
8.26193905734101e-5
8.261081196272828e-5
8.259766222351349e-5
8.25831854446856e-5
8.257111358474658e-5
8.255661532193142e-5
8.253435475002534e-5
8.251115253684041e-5
8.249266278729637e-5
8.247602640187399e-5
8.245924997502334e-5
8.244235759141403e-5
8.24253613117345e-5
8.24083060418667e-5
8.239122507126187e-5
8.237409311319944e-5
8.235696757565065e-5
8.233983030244136e-5
8.23227063274225e-5
8.230563611482492e-5
8.228867240679811e-5
8.22718189844623e-5
8.229888608105283e-5
8.230935668118765e-5
8.231638500370095e-5
8.233199100210856e-5
8.236342138644894e-5
8.241303650944222e-5
8.248346619733512e-5
8.257697932878121e-5
8.268066854058085e-5
8.278532303859391e-5
8.288343393806187e-5
8.296762611066985e-5
8.303557107897432e-5
8.308828750284388e-5
8.312782836657365e-5
8.315585142212149e-5
8.317346539319781e-5
8.318166594844e-5
8.31832327928631e-5
8.31848750338431e-5
8.319051222904455e-5
8.31979464969981e-5
8.320497253752145e-5
8.321020572883072e-5
8.321284339244039e-5
8.321200115133584e-5
8.320612366387424e-5
8.318936857045781e-5
8.259077901883442e-5
3.754600060390018e-5
7.513958851241172e-7
2.2405677847640134e-7
6.222716059706769e-8
8.239634772725824e-5
8.229592420819637e-5
8.219869176631162e-5
8.21082634121484e-5
8.202914057547472e-5
8.196624181367231e-5
8.192414292551463e-5
8.190631298616896e-5
8.191456654068294e-5
8.194882324748937e-5
8.200715661138398e-5
8.208606797813575e-5
8.218091907213944e-5
8.228645897101281e-5
8.239737811750056e-5
8.250880880298618e-5
8.261669305756159e-5
8.271797911984635e-5
8.281064584943792e-5
8.289360535027827e-5
8.296653145203322e-5
8.302966459888574e-5
8.249736946199438e-5
8.258122807871584e-5
8.261339951516561e-5
8.262195987485073e-5
8.261945668237157e-5
8.261087091711482e-5
8.259770975148304e-5
8.258321943887723e-5
8.257114062646155e-5
8.255664217710503e-5
8.253438213633021e-5
8.251116762438407e-5
8.249266626359164e-5
8.247602318173044e-5
8.24592595608084e-5
8.244237323675832e-5
8.242537752706153e-5
8.2408302465542e-5
8.239119826242273e-5
8.237405365565023e-5
8.235691038158789e-5
8.23397640600309e-5
8.232261778731446e-5
8.2305514902042e-5
8.228850585855065e-5
8.227159462210737e-5
8.229862193722355e-5
8.23092107477911e-5
8.231518643263912e-5
8.232881856719572e-5
8.235684059405627e-5
8.240148011071717e-5
8.246524966188283e-5
8.255221322653828e-5
8.265112667463442e-5
8.275308244178906e-5
8.285135875825217e-5
8.293819378133841e-5
8.30101221376588e-5
8.306732459638246e-5
8.311158501956586e-5
8.314463716844842e-5
8.316778980439194e-5
8.31817849933178e-5
8.318707216213312e-5
8.318615161971873e-5
8.318519418518243e-5
8.318797524491987e-5
8.319257368233652e-5
8.319646880751715e-5
8.319816406602216e-5
8.319633417333041e-5
8.31890065430746e-5
8.317294919063388e-5
8.311634623340494e-5
7.353991535705032e-5
1.7407621494424914e-6
5.361527676057287e-7
2.0771552434217225e-7
6.029451513447404e-8
8.239645251546308e-5
8.229603016516704e-5
8.219879679899354e-5
8.210836189167855e-5
8.20292213285258e-5
8.196629559674876e-5
8.192417280950536e-5
8.190633124566375e-5
8.191458276997358e-5
8.194883883353415e-5
8.20071709468378e-5
8.208608401760166e-5
8.21809400385951e-5
8.228648317293273e-5
8.239740065270375e-5
8.250882647686918e-5
8.261670693527105e-5
8.271799180650151e-5
8.281065899792328e-5
8.28936190109178e-5
8.296654453481893e-5
8.249747501527354e-5
8.258132872065024e-5
8.261349487243058e-5
8.262204545740132e-5
8.261953288313855e-5
8.261093967778007e-5
8.259776957500829e-5
8.258326633937879e-5
8.25711754061288e-5
8.255667039723561e-5
8.253441262996047e-5
8.251119290287435e-5
8.249268226006692e-5
8.247602397144793e-5
8.245926146228881e-5
8.244238268665193e-5
8.242539468433118e-5
8.240831452213684e-5
8.23911864758989e-5
8.237402935877888e-5
8.235686360673744e-5
8.233971003690851e-5
8.232254729284321e-5
8.23054210264893e-5
8.22883778814057e-5
8.227142186562423e-5
8.229841832218168e-5
8.230911579303525e-5
8.231416072369661e-5
8.23260281450598e-5
8.235096963258966e-5
8.239106328127374e-5
8.244856559745899e-5
8.252899145706455e-5
8.262276252594666e-5
8.272127092966142e-5
8.281872244310135e-5
8.290727320034102e-5
8.298248911700478e-5
8.304363177763108e-5
8.309205120556858e-5
8.312941475824497e-5
8.315719291985101e-5
8.317637795164672e-5
8.318720903993958e-5
8.318992304747077e-5
8.3186479845094e-5
8.318263142256093e-5
8.318230067879354e-5
8.318335816789952e-5
8.31832114252495e-5
8.31797941308282e-5
8.317054056597267e-5
8.315155574324151e-5
8.311395521102855e-5
8.212882191123869e-5
3.863615595270069e-6
1.1281823716560465e-6
4.914989318174161e-7
2.0082892375573951e-7
5.927056787599732e-8
8.239656225924998e-5
8.229614287787652e-5
8.219890639348936e-5
8.210845629242933e-5
8.202928994507813e-5
8.196633924584815e-5
8.192420110108249e-5
8.19063523481494e-5
8.191459835693952e-5
8.194885018850817e-5
8.200718304647582e-5
8.208610115685068e-5
8.218096047746482e-5
8.228650203268183e-5
8.239741549739676e-5
8.250883906841368e-5
8.261672000914062e-5
8.271800637357631e-5
8.281067454611103e-5
8.289363474541093e-5
8.249758550633891e-5
8.258143528490575e-5
8.261360098134436e-5
8.262214608099005e-5
8.261962306253225e-5
8.261101943365827e-5
8.259784014088389e-5
8.258332621949909e-5
8.257122248322808e-5
8.255670677700536e-5
8.253444341177327e-5
8.251122457000602e-5
8.249270741975764e-5
8.247603875007125e-5
8.245926370072242e-5
8.244238596222263e-5
8.242540500297554e-5
8.240833013098155e-5
8.239118863594709e-5
8.237401762561757e-5
8.235683078705744e-5
8.233966401053247e-5
8.232249077975325e-5
8.230534545672619e-5
8.22882790650924e-5
8.227128893171701e-5
8.229826310014467e-5
8.230905981514066e-5
8.231328625847948e-5
8.232358024791964e-5
8.234574658232157e-5
8.23816987045762e-5
8.243336822105043e-5
8.250736122972426e-5
8.259579412546854e-5
8.269024615988783e-5
8.278599448167362e-5
8.287536166680482e-5
8.295316659741358e-5
8.301774798753886e-5
8.306989404750998e-5
8.311107112826751e-5
8.314278991917507e-5
8.316626269185215e-5
8.318200871602572e-5
8.319010475290723e-5
8.319029874006924e-5
8.318404436830526e-5
8.317690071606332e-5
8.317257254881639e-5
8.316899627307944e-5
8.316299157934617e-5
8.315109321854781e-5
8.312847403534824e-5
8.308534157700359e-5
8.303275928690794e-5
8.385942565784052e-6
2.2237234535391558e-6
1.0146481645315644e-6
4.7360856897053894e-7
1.9711996383874066e-7
5.867937878428373e-8
8.239667788509177e-5
8.229625834450433e-5
8.219901017168771e-5
8.210853763059738e-5
8.202934736162788e-5
8.196637874203979e-5
8.192422835142094e-5
8.190636910717753e-5
8.191460777078153e-5
8.194885869846368e-5
8.200719543500951e-5
8.208611586547376e-5
8.218097384105694e-5
8.228651342932373e-5
8.239742734269994e-5
8.25088529882823e-5
8.261673529105265e-5
8.271802184102818e-5
8.281069020178998e-5
8.249770114372495e-5
8.258154712964893e-5
8.261371428236474e-5
8.26222587397112e-5
8.261972897231809e-5
8.261111424054793e-5
8.259792341920412e-5
8.258339871611326e-5
8.257128366134042e-5
8.255675657908106e-5
8.25344816696815e-5
8.25112592182228e-5
8.249273884911959e-5
8.247606635888654e-5
8.245927722910522e-5
8.244239176381957e-5
8.242540914476158e-5
8.240834110112943e-5
8.239119766548579e-5
8.237401495970965e-5
8.235681318522301e-5
8.23396255983559e-5
8.232244565137846e-5
8.230528240283199e-5
8.228820111722182e-5
8.227118617895576e-5
8.229814563427237e-5
8.23090330067544e-5
8.231254283394404e-5
8.232143767087619e-5
8.234110925268569e-5
8.237330043295169e-5
8.241957779020655e-5
8.248733576781236e-5
8.257034410158009e-5
8.266029211716925e-5
8.275356331237369e-5
8.284288678042774e-5
8.292256491880689e-5
8.29900799393621e-5
8.304557433842461e-5
8.309020178773769e-5
8.312539986925968e-5
8.315248897974858e-5
8.317223815201797e-5
8.318504645813741e-5
8.319055186503285e-5
8.318804081365326e-5
8.317857778684077e-5
8.316708168462467e-5
8.315741680365454e-5
8.314709743265574e-5
8.313140516603977e-5
8.310424091251e-5
8.30536783123867e-5
8.306411325735116e-5
1.679858410711636e-5
4.212802229265897e-6
1.947810575561999e-6
9.720753986190137e-7
4.641578959294018e-7
1.9494414118499968e-7
5.833070853442422e-8
8.239679500155314e-5
8.229636697715945e-5
8.219910051394999e-5
8.210860664974055e-5
8.202939758329785e-5
8.196641301496223e-5
8.19242481362565e-5
8.190637886266701e-5
8.191461455042356e-5
8.194886720433887e-5
8.200720459428742e-5
8.20861240650371e-5
8.218098250237048e-5
8.228652504967433e-5
8.239744154035166e-5
8.250886721272111e-5
8.261674848598696e-5
8.271803588820531e-5
8.249781735192595e-5
8.258166349881496e-5
8.261383333396698e-5
8.262237952894962e-5
8.261984722247934e-5
8.261122447198737e-5
8.259802189809502e-5
8.258348477013912e-5
8.257135855147644e-5
8.25568212676281e-5
8.253453386227857e-5
8.251130113876453e-5
8.24927754417286e-5
8.247610127358991e-5
8.245930548876288e-5
8.244240934345809e-5
8.24254174647642e-5
8.240834826526803e-5
8.239120673160292e-5
8.237401744030443e-5
8.235680704969354e-5
8.23395975436557e-5
8.232240942046001e-5
8.230523023705221e-5
8.228813684578441e-5
8.227110611102509e-5
8.22980563708785e-5
8.230902784085592e-5
8.231191435327115e-5
8.231956710531628e-5
8.233699868288607e-5
8.236578200635704e-5
8.240710172503192e-5
8.246889302034696e-5
8.254647681757504e-5
8.26316269302297e-5
8.272175245244949e-5
8.281022954170729e-5
8.289104892559527e-5
8.296096353764573e-5
8.30194354929e-5
8.306721309045649e-5
8.310556737009165e-5
8.313582933087159e-5
8.315890662147098e-5
8.31754876756253e-5
8.318557089949743e-5
8.318839947099493e-5
8.318290717234193e-5
8.316920584073691e-5
8.315179762732872e-5
8.313431983612595e-5
8.311290016084961e-5
8.307981005140271e-5
8.30205056223801e-5
8.30112876531266e-5
2.917881744035306e-5
7.779869131306607e-6
3.5709403885997526e-6
1.8511278801795528e-6
9.501219658974195e-7
4.586562533869043e-7
1.93638966389193e-7
5.8140645816595434e-8
8.239690492590578e-5
8.229646224814188e-5
8.219917756114148e-5
8.21086655065525e-5
8.202943869678488e-5
8.196643717105353e-5
8.192426025775629e-5
8.190638588508586e-5
8.191462086160472e-5
8.194887250415269e-5
8.200720938525981e-5
8.208613112984772e-5
8.218099359500255e-5
8.228653776808126e-5
8.239745257787546e-5
8.25088768542398e-5
8.261676071972865e-5
8.249792617489595e-5
8.25817794255675e-5
8.26139562260047e-5
8.262250627044814e-5
8.261997390922034e-5
8.261134659795989e-5
8.259813475906798e-5
8.258358509826136e-5
8.257144657631516e-5
8.255689927476819e-5
8.253460131701897e-5
8.25113555235528e-5
8.249282111270898e-5
8.247614032359384e-5
8.245934484795053e-5
8.244244037230093e-5
8.242544121853587e-5
8.240836051006061e-5
8.2391217151482e-5
8.237402232742739e-5
8.235680676142998e-5
8.233958139665447e-5
8.232238036930287e-5
8.23051897696187e-5
8.228808154481281e-5
8.227104282459287e-5
8.229798747081137e-5
8.230903800241284e-5
8.231143701327548e-5
8.231794052120339e-5
8.233336278353467e-5
8.235906122440838e-5
8.239584107717436e-5
8.245197696051187e-5
8.2524221021766e-5
8.260440039756833e-5
8.269083696567626e-5
8.277773081231634e-5
8.28589594762126e-5
8.293070385441578e-5
8.299175746044063e-5
8.304240117445357e-5
8.308366044519454e-5
8.311679483143626e-5
8.314275818206193e-5
8.31624192067278e-5
8.317609116210982e-5
8.318343035933364e-5
8.318342285255288e-5
8.317409150327874e-5
8.315463973867935e-5
8.312853475062823e-5
8.309827948323724e-5
8.30570208390048e-5
8.298716406410758e-5
8.294651406660413e-5
4.5002337453329196e-5
1.3490498940028024e-5
6.355518429328146e-6
3.3597279473791303e-6
1.8025075877495272e-6
9.374545955821861e-7
4.5536062668254864e-7
1.9290917036684974e-7
5.806109211420009e-8
8.239700175257633e-5
8.229654352662654e-5
8.219924203004132e-5
8.210871210560912e-5
8.202946744465538e-5
8.196645266247946e-5
8.192426880591708e-5
8.190639152679014e-5
8.191462413876991e-5
8.194887550697692e-5
8.200721538215463e-5
8.208614080986037e-5
8.218100336126274e-5
8.228654479396706e-5
8.23974588329146e-5
8.250888732890339e-5
8.249802230315171e-5
8.25818876948601e-5
8.261407759738859e-5
8.262263614870034e-5
8.26201065922798e-5
8.261147734343168e-5
8.259825931466079e-5
8.258369917425764e-5
8.257154820816667e-5
8.255698976461638e-5
8.253468198136311e-5
8.2511424501344e-5
8.249287945645853e-5
8.247618800602575e-5
8.24593896979918e-5
8.244248211653176e-5
8.242548062188425e-5
8.240838863909085e-5
8.239123680561688e-5
8.237403266130034e-5
8.235680988120245e-5
8.233957518795079e-5
8.232235847233736e-5
8.230516098598677e-5
8.228803455568252e-5
8.227099144166115e-5
8.229793315202023e-5
8.230905696540952e-5
8.231143062346936e-5
8.231655593774769e-5
8.233015834858042e-5
8.235306522757542e-5
8.238569704594767e-5
8.243651265933036e-5
8.250356594935519e-5
8.257870887568909e-5
8.266104038195279e-5
8.274569735044018e-5
8.28266212723111e-5
8.289959295840963e-5
8.296279616238372e-5
8.301600655968551e-5
8.305994205565876e-5
8.309572608564415e-5
8.312428339398329e-5
8.314657216413331e-5
8.316310701325846e-5
8.317389323509273e-5
8.31784082928704e-5
8.317486016331927e-5
8.316042362651768e-5
8.313253978591974e-5
8.309231614942029e-5
8.303941018770775e-5
8.295624221964663e-5
8.287791517122979e-5
5.9659206785091436e-5
2.1542328391213187e-5
1.0932006413210117e-5
5.905776711844518e-6
3.256121638915304e-6
1.7746698907378815e-6
9.298713561323329e-7
4.5350723472138134e-7
1.9258519365135922e-7
5.8064773987198564e-8
8.239708425095196e-5
8.229661056626813e-5
8.219929197367155e-5
8.210874450675776e-5
8.202948618689528e-5
8.196646318731341e-5
8.192427476545485e-5
8.190639408792767e-5
8.191462622619947e-5
8.194888032186313e-5
8.2007222913036e-5
8.208614738878698e-5
8.218100722873914e-5
8.228654882439066e-5
8.239746748944261e-5
8.249810422575796e-5
8.258198372935405e-5
8.261419096489044e-5
8.262276373482124e-5
8.262024186281392e-5
8.261161398767827e-5
8.259839265459613e-5
8.258382513079649e-5
8.25716637338152e-5
8.25570939860263e-5
8.253477520687468e-5
8.251150710651184e-5
8.249295201354856e-5
8.247624956369516e-5
8.245944155537751e-5
8.244253127626766e-5
8.242552867251684e-5
8.240843488793771e-5
8.239127233657752e-5
8.237405721786538e-5
8.235681988178319e-5
8.233957706504325e-5
8.232234466290628e-5
8.23051417982729e-5
8.228799831286653e-5
8.22709485661621e-5
8.229789019588092e-5
8.230907848411718e-5
8.231174645200114e-5
8.23155294540441e-5
8.232735742540176e-5
8.234773295237193e-5
8.23765790564533e-5
8.242241643628525e-5
8.248447190992142e-5
8.255460514454826e-5
8.263253356749575e-5
8.271439774471819e-5
8.27943428829159e-5
8.286792106245881e-5
8.293280081727049e-5
8.298824766680675e-5
8.303462431047955e-5
8.307286525264623e-5
8.310380769067525e-5
8.312842874759452e-5
8.314735203690734e-5
8.31608069675424e-5
8.316867516180347e-5
8.316975443247625e-5
8.316162421322425e-5
8.31398004929886e-5
8.309833050367591e-5
8.303333858807575e-5
8.293289711327817e-5
8.28107065335529e-5
6.959821753387236e-5
3.00347720190015e-5
1.739269488762217e-5
1.0141350297611825e-5
5.68981781923113e-6
3.197168002479134e-6
1.7579912033685463e-6
9.255650697774885e-7
4.5266592958520066e-7
1.9256940408591367e-7
5.814040030031931e-8
8.239715163416696e-5
8.229666172195747e-5
8.219932644943208e-5
8.210876556399839e-5
8.202949843549188e-5
8.19664698719963e-5
8.192427733089562e-5
8.190639561213227e-5
8.191462962152381e-5
8.194888547895726e-5
8.200722693867115e-5
8.208614954546374e-5
8.218101023685067e-5
8.228655566231983e-5
8.249817077309442e-5
8.258206565776677e-5
8.261429193996029e-5
8.262288304875899e-5
8.262037438755643e-5
8.26117527146865e-5
8.25985314895309e-5
8.25839596455466e-5
8.25717911684483e-5
8.255721227130222e-5
8.2534882188255e-5
8.251160265610504e-5
8.249303788449e-5
8.247632669391109e-5
8.245950585405984e-5
8.244258895448225e-5
8.242558116396415e-5
8.240849188748715e-5
8.239132331500619e-5
8.23741017450407e-5
8.235684485579062e-5
8.233958961495288e-5
8.2322340772754e-5
8.230513001157025e-5
8.228797469635475e-5
8.227091346876146e-5
8.229785767567747e-5
8.230909859120799e-5
8.23120309450941e-5
8.231478340657862e-5
8.232497806998913e-5
8.234301635577748e-5
8.236840967944116e-5
8.240960655387618e-5
8.246688231071378e-5
8.253210200660487e-5
8.26054391095234e-5
8.268405867089819e-5
8.276241159696119e-5
8.283597568971277e-5
8.290202542448226e-5
8.295933945930614e-5
8.300789805400281e-5
8.304840366585559e-5
8.308155980130371e-5
8.310830762626462e-5
8.312931134531266e-5
8.31449253548054e-5
8.315529467807095e-5
8.315967603611323e-5
8.315641591348447e-5
8.31417787732368e-5
8.310818440199035e-5
8.304315731642746e-5
8.292684178537282e-5
8.27548748480799e-5
7.756151103376569e-5
3.719352853331439e-5
2.3139140710372837e-5
1.6288175437181425e-5
9.76455017685157e-6
5.567130067305291e-6
3.161778277381836e-6
1.7484094469761807e-6
9.235418762770861e-7
4.5259016762151834e-7
1.9282391883179435e-7
5.8276505814535957e-8
8.239720262440023e-5
8.229669689921963e-5
8.21993487053486e-5
8.210877891162995e-5
8.202950578655941e-5
8.196647269728192e-5
8.192427843160036e-5
8.190639756063354e-5
8.191463261956343e-5
8.194888774042324e-5
8.200722842844726e-5
8.208615219679462e-5
8.218101540699264e-5
8.249822100972529e-5
8.258213194909705e-5
8.261437790034247e-5
8.262298930539087e-5
8.262049821930753e-5
8.261188827805953e-5
8.259867184972938e-5
8.258409895527745e-5
8.257192656870871e-5
8.255734202003031e-5
8.253500264610073e-5
8.251171143647718e-5
8.249313615328604e-5
8.247641721120395e-5
8.245958588420326e-5
8.244265837040471e-5
8.242564173469117e-5
8.24085517875949e-5
8.239138429272761e-5
8.237416140309343e-5
8.235689126865688e-5
8.233961817762594e-5
8.232235141121124e-5
8.230512610365023e-5
8.228796287648007e-5
8.227088765364502e-5
8.229783593990451e-5
8.23091178222048e-5
8.231228125703072e-5
8.231415597780524e-5
8.232296392435393e-5
8.233888163090849e-5
8.236112667334496e-5
8.239800778963151e-5
8.245073794623919e-5
8.25111845642238e-5
8.257983596883318e-5
8.265486197804065e-5
8.273108606146867e-5
8.280403774637572e-5
8.287072841576751e-5
8.292950444134276e-5
8.297995290447827e-5
8.302251322367274e-5
8.305771888703397e-5
8.308643145674067e-5
8.310930486258546e-5
8.312674694118873e-5
8.313905829307896e-5
8.314578379562578e-5
8.314584301858423e-5
8.31365326586516e-5
8.311167194461734e-5
8.305798167535788e-5
8.294493955488647e-5
8.273222561651048e-5
8.257321013795529e-5
5.502006960058341e-5
2.7571614646071843e-5
2.122871983362617e-5
1.5860999813310096e-5
9.540914010457315e-6
5.493095737290232e-6
3.141199112739771e-6
1.7437390144053694e-6
9.232376695167438e-7
4.5318472163728166e-7
1.9330671317752655e-7
5.847627752542414e-8
8.23972377996802e-5
8.229671959635802e-5
8.219936255952868e-5
8.210878665244634e-5
8.202950884379256e-5
8.196647345282928e-5
8.192427914032175e-5
8.19063988442895e-5
8.19146337152895e-5
8.194888899239564e-5
8.200723087621897e-5
8.20861559544263e-5
8.249825589378362e-5
8.258218201220788e-5
8.261444717560444e-5
8.262307931536711e-5
8.262060808053335e-5
8.261201455534918e-5
8.259880855660598e-5
8.2584239181143e-5
8.257206601643454e-5
8.25574791389794e-5
8.253513379812925e-5
8.251183277123818e-5
8.249324684118283e-5
8.247651914591163e-5
8.245968002206976e-5
8.244274173766714e-5
8.242571535522846e-5
8.240861582091557e-5
8.239144993292735e-5
8.23742265416845e-5
8.235695604941603e-5
8.233966544030695e-5
8.232238258238185e-5
8.230513467192844e-5
8.228796166336993e-5
8.227087246417683e-5
8.229782490242119e-5
8.230914132711788e-5
8.23124997935024e-5
8.231363410549788e-5
8.232122551017466e-5
8.233527107215136e-5
8.235467552832828e-5
8.238755199299841e-5
8.243598663176673e-5
8.249182492867937e-5
8.255576901775904e-5
8.262694634880689e-5
8.2700589782795e-5
8.277237312403408e-5
8.283917162234312e-5
8.289897406380422e-5
8.295098635440927e-5
8.299536516252774e-5
8.303244454122017e-5
8.306297477416618e-5
8.308755730382836e-5
8.31066040849781e-5
8.312049328472313e-5
8.312893321481728e-5
8.313119961939628e-5
8.312532131466894e-5
8.310663541312274e-5
8.306461295511004e-5
8.297078601443632e-5
8.276154560006556e-5
8.264752195737803e-5
8.148925226585226e-5
4.478404148340341e-5
2.4206189950126593e-5
2.0480550811632745e-5
1.5639947536767094e-5
9.405737261547603e-6
5.449455346669113e-6
3.1308209469416462e-6
1.7427434993394146e-6
9.244347102808972e-7
4.5435017241878175e-7
1.9402787796812827e-7
5.874783065646684e-8
8.239726056207526e-5
8.229673357480737e-5
8.219937042830868e-5
8.210878983590257e-5
8.202950933828464e-5
8.196647325001973e-5
8.192427920240989e-5
8.190639915254542e-5
8.191463477166686e-5
8.19488911449489e-5
8.200723350570441e-5
8.249827845896106e-5
8.25822169490244e-5
8.261449954468854e-5
8.262315164844657e-5
8.262070072848312e-5
8.26121261061685e-5
8.259893541541617e-5
8.258437523068431e-5
8.257220569412766e-5
8.255761974838757e-5
8.253527184457244e-5
8.25119642236234e-5
8.249336954612554e-5
8.247663247669596e-5
8.245978578351553e-5
8.244283833943363e-5
8.242580339204726e-5
8.24086908218126e-5
8.239151996293877e-5
8.237429320670541e-5
8.23570278725355e-5
8.233972839104676e-5
8.232243494973836e-5
8.230516303378369e-5
8.228797303263426e-5
8.227086872721912e-5
8.229782326412204e-5
8.230917390520305e-5
8.231269584681254e-5
8.23132118705272e-5
8.231973413722972e-5
8.233211516929943e-5
8.234898119997884e-5
8.237818513156171e-5
8.242256600533332e-5
8.247400287424655e-5
8.253326213437485e-5
8.260041507969924e-5
8.26711100827751e-5
8.274122541713628e-5
8.280761150353595e-5
8.286798758600994e-5
8.292120762841606e-5
8.296713841539042e-5
8.300589640917189e-5
8.303809086498474e-5
8.306424316858462e-5
8.308472952855838e-5
8.309995362437424e-5
8.310969947784756e-5
8.311344459027398e-5
8.310965720976657e-5
8.309468470692893e-5
8.306047682653527e-5
8.29848396847198e-5
8.28097960255455e-5
8.268108569138365e-5
8.231164685581229e-5
8.111793833150454e-5
3.99807445778313e-5
2.2581436323759478e-5
2.01096308671991e-5
1.551784063303987e-5
9.325710141125296e-6
5.426744326880158e-6
3.1280421338929927e-6
1.7449524947382573e-6
9.269194522655825e-7
4.561098820583988e-7
1.9501845710079025e-7
5.910510485127607e-8
8.239727442394194e-5
8.229674139450665e-5
8.21993736613422e-5
8.210879016236759e-5
8.202950854073335e-5
8.1966472505927e-5
8.1924278944381e-5
8.190639991831617e-5
8.19146365018011e-5
8.194889290861118e-5
8.249829203379803e-5
8.258223946421654e-5
8.26145361791075e-5
8.262320635833717e-5
8.262077507248035e-5
8.261221991307935e-5
8.259904711315932e-5
8.258450103274448e-5
8.2572340575622e-5
8.255775983607961e-5
8.253541286344483e-5
8.251210211649104e-5
8.249350212367216e-5
8.247675723655276e-5
8.245990246983725e-5
8.244294685048324e-5
8.2425903894074e-5
8.240878123904603e-5
8.239159851605916e-5
8.237436550610487e-5
8.235709856734939e-5
8.23398002504319e-5
8.232250062434507e-5
8.230521516543105e-5
8.228800156480907e-5
8.227087977123673e-5
8.22978305233065e-5
8.230921501082711e-5
8.231287977422226e-5
8.231289083624773e-5
8.231847438274867e-5
8.232936717839978e-5
8.234395792447461e-5
8.2369831732692e-5
8.241040331254195e-5
8.245769809096143e-5
8.251233058089924e-5
8.257534867284127e-5
8.264280262931193e-5
8.271081275883818e-5
8.277629348460112e-5
8.283678652889677e-5
8.2890835468465e-5
8.293802475754993e-5
8.297824075900479e-5
8.301193301604495e-5
8.303951665576768e-5
8.306130563693466e-5
8.307768917098278e-5
8.30884696037111e-5
8.309322507443427e-5
8.309065764840381e-5
8.307769059352798e-5
8.304781700676443e-5
8.298364718374575e-5
8.283691553234149e-5
8.273178740858555e-5
8.266185270853361e-5
8.215162748965009e-5
8.126770025532014e-5
3.733219799114629e-5
2.1667645702081966e-5
1.990937439977969e-5
1.5451462257301368e-5
9.283629028938926e-6
5.419603486782387e-6
3.131877937920411e-6
1.7499371923242853e-6
9.307429404868688e-7
4.585424319188029e-7
1.9632225681976897e-7
5.9567418105251336e-8
8.239728207434158e-5
8.229674461401117e-5
8.219937387458195e-5
8.21087889846777e-5
8.20295072728528e-5
8.19664718143176e-5
8.192427933554924e-5
8.190640115619749e-5
8.191463761823272e-5
8.249829944095105e-5
8.258225288870653e-5
8.261455971852594e-5
8.262324464224347e-5
8.262083127464883e-5
8.261229507405951e-5
8.259914083733836e-5
8.25846114996389e-5
8.257246484023792e-5
8.255789432511998e-5
8.253555251436493e-5
8.251224215448577e-5
8.249364058636726e-5
8.247689139068405e-5
8.246002971423394e-5
8.244306654427912e-5
8.242601537701939e-5
8.240888589446824e-5
8.239169034398486e-5
8.237444883539006e-5
8.23571714582142e-5
8.23398752917891e-5
8.232257056596882e-5
8.230528499942116e-5
8.228804978255439e-5
8.227091100919794e-5
8.229785091326688e-5
8.230926158021222e-5
8.231305584184151e-5
8.231267139744789e-5
8.231744109784495e-5
8.232699969616801e-5
8.233953806514048e-5
8.236239296971072e-5
8.239942907075883e-5
8.244284670994759e-5
8.249299608603476e-5
8.255181074015055e-5
8.261579980457884e-5
8.268132883971746e-5
8.274544813511133e-5
8.280560850664234e-5
8.286009492685392e-5
8.290822727608533e-5
8.294965734794682e-5
8.298466096684657e-5
8.301352997318038e-5
8.303649277388876e-5
8.305389755303455e-5
8.306552317129659e-5
8.307098347996218e-5
8.306908277897808e-5
8.305703420272239e-5
8.30291503414629e-5
8.297084798514162e-5
8.283751560084463e-5
8.277452627405426e-5
8.281622610796299e-5
8.265042708657532e-5
8.222184237082556e-5
8.146954101584378e-5
3.5738647274980836e-5
2.1117021956194202e-5
1.9799587491948e-5
1.5420263821601563e-5
9.269802041117898e-6
5.426024812860816e-6
3.141496905552496e-6
1.7577993801960883e-6
9.36090850299564e-7
4.6176133699342094e-7
1.9800767456239728e-7
6.016676649498003e-8
8.239728521117593e-5
8.229674471980937e-5
8.219937243348834e-5
8.210878736639766e-5
8.202950625131323e-5
8.196647182194266e-5
8.192428008926258e-5
8.19064017973334e-5
8.249830244618041e-5
8.25822601373172e-5
8.261457368260825e-5
8.262326919591621e-5
8.262087055740933e-5
8.261235179478071e-5
8.259921575486879e-5
8.25847039467091e-5
8.257257362268274e-5
8.255801767785845e-5
8.253568572597513e-5
8.251237976302863e-5
8.249378009463139e-5
8.247703064290899e-5
8.246016530516666e-5
8.244319625767782e-5
8.24261373618785e-5
8.240900184428715e-5
8.239179676481991e-5
8.23745454422104e-5
8.23572557600327e-5
8.23399534688097e-5
8.232264348881033e-5
8.230535973406188e-5
8.228811434504157e-5
8.227096226242085e-5
8.229789330391206e-5
8.230931505854153e-5
8.231322252222257e-5
8.231273735613186e-5
8.231662531150505e-5
8.232499978561428e-5
8.23356789837304e-5
8.235578491562773e-5
8.238956136534229e-5
8.242936107833498e-5
8.247525602366753e-5
8.252984866053868e-5
8.259021801694333e-5
8.265294868966779e-5
8.271529132843617e-5
8.277468497395384e-5
8.282921295928191e-5
8.287795684844074e-5
8.292033667138497e-5
8.295644782558534e-5
8.298644188414018e-5
8.301044818894107e-5
8.302875196304994e-5
8.30410818933989e-5
8.304704185371817e-5
8.304546164798372e-5
8.303366153012758e-5
8.300633487438462e-5
8.29503517650976e-5
8.282039008686966e-5
8.279045134634731e-5
8.288609456053122e-5
8.288507995989048e-5
8.270619961517181e-5
8.232631261939863e-5
8.162149180284173e-5
3.4737452303337365e-5
2.0783984641449526e-5
1.9744217721131372e-5
1.5413899237542952e-5
9.28066011178546e-6
5.4444223445113035e-6
3.157093690953238e-6
1.7689556590854441e-6
9.43229058482876e-7
4.65945399106677e-7
2.001857909298189e-7
6.095347947528266e-8
8.239728521743035e-5
8.229674310979173e-5
8.219937059451026e-5
8.210878611751448e-5
8.202950593756227e-5
8.196647216029237e-5
8.192428038558764e-5
8.24983023933651e-5
8.258226303148382e-5
8.261458112250933e-5
8.262328370010724e-5
8.262089569431608e-5
8.261239135298176e-5
8.25992721573985e-5
8.258477761788666e-5
8.257266434188403e-5
8.255812526506627e-5
8.253580732546632e-5
8.251251014831529e-5
8.249391595269593e-5
8.247716981165685e-5
8.246030488701709e-5
8.244333319405047e-5
8.242626865912534e-5
8.24091270491952e-5
8.239191598426594e-5
8.237465477877782e-5
8.235735647242852e-5
8.234004024525032e-5
8.232272465508784e-5
8.230543317120102e-5
8.228818766197e-5
8.227102386085617e-5
8.229796186858435e-5
8.230938321475856e-5
8.23133828520385e-5
8.231308969856861e-5
8.2316083286869e-5
8.232334909091235e-5
8.233235770006024e-5
8.234995294301182e-5
8.238071142865376e-5
8.241714998724512e-5
8.245904606465367e-5
8.250949102715e-5
8.256614862431882e-5
8.262583161490067e-5
8.268602688632291e-5
8.274424048226846e-5
8.279841668676832e-5
8.284742971204098e-5
8.289048029358519e-5
8.292747619209596e-5
8.295842316177782e-5
8.298333496684936e-5
8.30024209938099e-5
8.301533954491355e-5
8.302165931735835e-5
8.302018128112375e-5
8.30082375129013e-5
8.298064838785554e-5
8.292500056172343e-5
8.279388181632723e-5
8.27811692620291e-5
8.291351169968743e-5
8.298513221971516e-5
8.294627801059603e-5
8.276837124176939e-5
8.240711784969616e-5
8.173015680327409e-5
3.4117631143821666e-5
2.059648225316992e-5
1.9725122891287995e-5
1.5428250388767214e-5
9.3134373602961e-6
5.475160760980755e-6
3.1795577810525386e-6
1.7839937947047995e-6
9.525877915048312e-7
4.713878992375952e-7
2.0302453847232828e-7
6.200082769278517e-8
8.239728355596762e-5
8.22967411774771e-5
8.219936921175239e-5
8.210878556621384e-5
8.20295059526479e-5
8.196647220834687e-5
8.249830079059849e-5
8.258226295428284e-5
8.261458402062826e-5
8.262329132841285e-5
8.262091045940712e-5
8.261241657773585e-5
8.259931138807242e-5
8.25848329514399e-5
8.257273637446376e-5
8.255821462886094e-5
8.253591297027175e-5
8.251262860497908e-5
8.249404373406883e-5
8.247730413428407e-5
8.246044322051939e-5
8.24434728616832e-5
8.242640626943583e-5
8.240925981675908e-5
8.239204480347116e-5
8.237477569720205e-5
8.235747152816165e-5
8.234014173195019e-5
8.232281804311932e-5
8.230551223921038e-5
8.228826420933088e-5
8.227108685858854e-5
8.229804686282854e-5
8.230947250947111e-5
8.231354745685732e-5
8.231349048338153e-5
8.231579412434877e-5
8.232203742641096e-5
8.232954424706672e-5
8.234486403704849e-5
8.23728226030582e-5
8.240612115161536e-5
8.244426619422138e-5
8.249071779882997e-5
8.254364514152543e-5
8.260011268575498e-5
8.265784582932786e-5
8.271449417385942e-5
8.276793257087438e-5
8.281686622059981e-5
8.286029594115269e-5
8.289794119343364e-5
8.292965518347418e-5
8.295532692165172e-5
8.297507844007042e-5
8.298848411203682e-5
8.299506136514636e-5
8.299355484381482e-5
8.298125510109172e-5
8.295298624963226e-5
8.289672583002851e-5
8.27634074776903e-5
8.275571749724586e-5
8.291528485097198e-5
8.30176504746399e-5
8.304772038102182e-5
8.299133993172387e-5
8.281437488022617e-5
8.246515800370969e-5
8.18046773239335e-5
3.3763559858532725e-5
2.0514487476892007e-5
1.9734295280951106e-5
1.5460207787821557e-5
9.368775515595415e-6
5.520074550227828e-6
3.210136264094875e-6
1.8038902200913871e-6
9.648703062614921e-7
4.785388830605619e-7
2.067738896763196e-7
6.341731234016144e-8
8.239728164755168e-5
8.229673973229454e-5
8.219936848512523e-5
8.210878533849077e-5
8.20295058227427e-5
8.249829898555419e-5
8.258226143727545e-5
8.26145839073535e-5
8.262329423179622e-5
8.262091813279756e-5
8.261243128355137e-5
8.259933628564203e-5
8.258487133211554e-5
8.257279034926646e-5
8.255828529844602e-5
8.253600036195834e-5
8.251273107525175e-5
8.249415918547829e-5
8.247742943642083e-5
8.246057551297051e-5
8.244360998563933e-5
8.242654550484838e-5
8.240939734623251e-5
8.239217976733308e-5
8.237490601651314e-5
8.235759668650618e-5
8.234025920360716e-5
8.232292393958291e-5
8.230560677594801e-5
8.22883454755335e-5
8.227115414245905e-5
8.22981326707849e-5
8.230957888297849e-5
8.231372091606966e-5
8.2313869111736e-5
8.231564966127741e-5
8.232102312519534e-5
8.232719216546189e-5
8.234047354465507e-5
8.236586116360022e-5
8.239621585170819e-5
8.243083039294334e-5
8.247346113283936e-5
8.252271532769739e-5
8.257588370514712e-5
8.263091545452513e-5
8.268565621614226e-5
8.273798565801683e-5
8.278649115035437e-5
8.282999784033779e-5
8.28680452736669e-5
8.290032920301009e-5
8.292660860061486e-5
8.294690576875732e-5
8.296070610848123e-5
8.296746248998711e-5
8.296585443649648e-5
8.295310686934404e-5
8.292401298668929e-5
8.28668308381087e-5
8.273210469827774e-5
8.272247993231839e-5
8.290110818134965e-5
8.302254851764922e-5
8.308118824354053e-5
8.308710691788172e-5
8.302153158592556e-5
8.284688949721613e-5
8.250501837803031e-5
8.185111507006414e-5
3.360849444348888e-5
2.0522216133499357e-5
1.9767146261093615e-5
1.551046793554902e-5
9.446575593730528e-6
5.581692912924037e-6
3.2509365106869553e-6
1.8302539763040552e-6
9.811704877367222e-7
4.880688359740923e-7
2.1179271712797435e-7
6.53755889245827e-8
8.239728019318681e-5
8.229673886945297e-5
8.219936807173367e-5
8.210878508196857e-5
8.249829756570897e-5
8.258225973282356e-5
8.261458238371591e-5
8.262329407048111e-5
8.262092099405144e-5
8.261243883775589e-5
8.259935066322945e-5
8.25848955520697e-5
8.257282768335747e-5
8.25583381067318e-5
8.253606918300485e-5
8.25128154391547e-5
8.249425852369648e-5
8.247754186444928e-5
8.246069775954836e-5
8.2443739725865e-5
8.242668086481795e-5
8.240953515920721e-5
8.239231723068696e-5
8.237504184501527e-5
8.235772833691827e-5
8.234038862799882e-5
8.232304163167762e-5
8.230571769021019e-5
8.228843766702703e-5
8.227123406974811e-5
8.2298217917425e-5
8.230969072353753e-5
8.231389506924402e-5
8.231423703507654e-5
8.23156212922358e-5
8.232024874612294e-5
8.232524118257446e-5
8.233671412674108e-5
8.235977270150253e-5
8.23874001993207e-5
8.241868360931656e-5
8.245765593371396e-5
8.250332744448104e-5
8.255318255918163e-5
8.260536140155313e-5
8.265791540068172e-5
8.270879659058331e-5
8.275652975230712e-5
8.279980722144228e-5
8.283799840005853e-5
8.2870645554299e-5
8.289737273844683e-5
8.291809466359875e-5
8.293220174385748e-5
8.293907771515769e-5
8.293733327773823e-5
8.29241295518685e-5
8.289424259147175e-5
8.28362372741147e-5
8.270164241275295e-5
8.268714403311138e-5
8.287588793046414e-5
8.301331248574683e-5
8.308749462402239e-5
8.311938387030173e-5
8.311196288829878e-5
8.304213999127748e-5
8.286918362989626e-5
8.252981902707977e-5
8.187467831919214e-5
3.362786412911462e-5
2.0610203838678535e-5
1.982409526486087e-5
1.5578930635260273e-5
9.548780713158461e-6
5.6644310300936145e-6
3.305416712651882e-6
1.8655489893769474e-6
1.0031548011278959e-6
5.009885682058638e-7
2.186405379865547e-7
6.813566013142724e-8
8.23972792329134e-5
8.229673831434067e-5
8.219936772717808e-5
8.24982965576883e-5
8.258225835029617e-5
8.261458066816534e-5
8.262329249613621e-5
8.26209207774296e-5
8.261244160016795e-5
8.259935795112915e-5
8.258490937430185e-5
8.257285110324727e-5
8.255837451921243e-5
8.253612044863941e-5
8.251288155664223e-5
8.249433983419365e-5
8.247763797665091e-5
8.246080651186662e-5
8.244385824340902e-5
8.242680735521789e-5
8.240966770804593e-5
8.23924528359247e-5
8.237517843261387e-5
8.235786276869321e-5
8.23405232880994e-5
8.232316986876163e-5
8.230583885558708e-5
8.228854452915043e-5
8.227132733642588e-5
8.229831726878934e-5
8.230980354874049e-5
8.231406288161301e-5
8.231458387324413e-5
8.231570803886383e-5
8.23196976078611e-5
8.232364632475537e-5
8.233350595472363e-5
8.235447113011507e-5
8.237961455302745e-5
8.240779174694798e-5
8.244326382647768e-5
8.248544181527539e-5
8.253200724682826e-5
8.25812546800147e-5
8.263142034668903e-5
8.26805669052705e-5
8.272720587672921e-5
8.276994773452616e-5
8.280801743086382e-5
8.284081238315189e-5
8.286782012868796e-5
8.288884419885908e-5
8.290317375667282e-5
8.291012347582077e-5
8.290823619916015e-5
8.289462888301174e-5
8.286409376411577e-5
8.280559763246683e-5
8.267283568050963e-5
8.26529165968946e-5
8.284375803070009e-5
8.299467957019096e-5
8.30805599812024e-5
8.312626185031723e-5
8.314330022418705e-5
8.312841058594116e-5
8.305599995453604e-5
8.288302014310244e-5
8.254227561813999e-5
8.187754142959352e-5
3.380561752134579e-5
2.077961543182245e-5
1.990695126466489e-5
1.5668216409536795e-5
9.685752446196035e-6
5.775447496029785e-6
3.378880010257846e-6
1.9136454933255016e-6
1.0334031468610902e-6
5.189268510186796e-7
2.2815056602401373e-7
7.209558865380125e-8
8.239727857982566e-5
8.229673791217176e-5
8.249829585275454e-5
8.258225732143603e-5
8.261457924367598e-5
8.262329072060769e-5
8.262091914518186e-5
8.261244132811271e-5
8.259936055403044e-5
8.258491625666498e-5
8.257286429221963e-5
8.255839722246783e-5
8.253615566326766e-5
8.251293061945427e-5
8.249440317367758e-5
8.247771612776647e-5
8.24608987695484e-5
8.244396257082056e-5
8.242692131007268e-5
8.24097898924197e-5
8.239258140075196e-5
8.237531098078745e-5
8.23579957817852e-5
8.234065672408748e-5
8.232330372434978e-5
8.230596528962343e-5
8.228866360151176e-5
8.227142846463062e-5
8.229843860427321e-5
8.230992587382708e-5
8.231423109039772e-5
8.231489666574315e-5
8.231588345312476e-5
8.23193547599966e-5
8.232238996058329e-5
8.233079385487612e-5
8.234986382268346e-5
8.237274680636736e-5
8.239809736906262e-5
8.243025835536852e-5
8.246904042146626e-5
8.251234637644346e-5
8.255862398038928e-5
8.260626930716941e-5
8.265345999202937e-5
8.269872641499475e-5
8.274064231581582e-5
8.277832309424884e-5
8.281104280728128e-5
8.283815751493895e-5
8.285935775143175e-5
8.28738296797541e-5
8.288081705479458e-5
8.287880394866543e-5
8.28648839444786e-5
8.283392425879546e-5
8.277538283855963e-5
8.264600202418936e-5
8.262133075662694e-5
8.280805123347071e-5
8.296910339617958e-5
8.306578322169192e-5
8.312063238392637e-5
8.315038111058335e-5
8.315875773851597e-5
8.313904950724259e-5
8.306441912654154e-5
8.28899138029988e-5
8.25435168952417e-5
8.186150583703623e-5
3.414514212995246e-5
2.1041273504113184e-5
2.0021597214544586e-5
1.57890894480828e-5
9.868562624310274e-6
5.925645083767709e-6
3.4797632189179647e-6
1.9806659204107114e-6
1.0762019705257778e-6
5.444261024764926e-7
2.4158076575615636e-7
7.790771212775198e-8
8.239727814511819e-5
8.249829540654093e-5
8.258225659069654e-5
8.261457815539028e-5
8.262328922697683e-5
8.262091729890208e-5
8.261243965270762e-5
8.25993602201385e-5
8.258491862902439e-5
8.257287071524912e-5
8.255840983230411e-5
8.253617746646073e-5
8.251296417014529e-5
8.24944499288796e-5
8.247777656526206e-5
8.24609732296414e-5
8.244405027090252e-5
8.242702034045483e-5
8.24098982308169e-5
8.239269804670351e-5
8.237543452522771e-5
8.235812305168387e-5
8.234078454363614e-5
8.23234350170404e-5
8.23060930975853e-5
8.228878850806568e-5
8.227153558063714e-5
8.229857285706695e-5
8.231006606882077e-5
8.231441010411108e-5
8.231518663990882e-5
8.231611706239812e-5
8.231918286140646e-5
8.232143967619625e-5
8.232855480788207e-5
8.234588934874748e-5
8.236669103520342e-5
8.238948291833259e-5
8.241858382994494e-5
8.245410963477151e-5
8.249420391041956e-5
8.253748555021132e-5
8.258252060930662e-5
8.26275918836312e-5
8.267126511526655e-5
8.271209703967266e-5
8.274913584279875e-5
8.278155279657744e-5
8.280859575788574e-5
8.282984204499763e-5
8.284437683870257e-5
8.285137595220487e-5
8.284926868354462e-5
8.283515643820172e-5
8.280403631996814e-5
8.274594048717878e-5
8.262118412227504e-5
8.259291982874389e-5
8.277122065486069e-5
8.293851670254873e-5
8.304521993414051e-5
8.310810125636688e-5
8.314556918411647e-5
8.316592205198448e-5
8.316860058201027e-5
8.31452689680116e-5
8.306846362228807e-5
8.289045799896852e-5
8.25344908915667e-5
8.18274331907346e-5
3.466997640641309e-5
2.1411361486612994e-5
2.0182710180594438e-5
1.5954728209778255e-5
1.011342215561987e-5
6.132517077875243e-6
3.6215841917302857e-6
2.0769687823956845e-6
1.1385714203992455e-6
5.815999971364794e-7
2.609714628310484e-7
8.647285338029989e-8
8.258225614107374e-5
8.261457737884797e-5
8.262328807627713e-5
8.26209157298453e-5
8.26124377447867e-5
8.259935851634592e-5
8.258491821919383e-5
8.257287283001978e-5
8.255841582995957e-5
8.253618938506535e-5
8.251298478463055e-5
8.249448172440433e-5
8.247782086831922e-5
8.246103032205567e-5
8.244412045591002e-5
8.242710270027628e-5
8.240999096500013e-5
8.239279958436459e-5
8.237554448395167e-5
8.235823988486422e-5
8.234090393975535e-5
8.232355717519185e-5
8.230621612145315e-5
8.228891084397904e-5
8.227164945565741e-5
8.229871034619884e-5
8.231022123206511e-5
8.231459924595293e-5
8.231547700604976e-5
8.23164030261139e-5
8.231914669637407e-5
8.232073623422065e-5
8.232674601757962e-5
8.234251557317974e-5
8.236139593805257e-5
8.238182470187756e-5
8.240814073651386e-5
8.244059334769506e-5
8.247758067480631e-5
8.251786493360022e-5
8.256021863297541e-5
8.260304166608927e-5
8.264495152284637e-5
8.268448754571983e-5
8.272065949465979e-5
8.275255737986298e-5
8.277934651640588e-5
8.280050455876922e-5
8.28150218978302e-5
8.28220102762475e-5
8.281985403793845e-5
8.280568601677487e-5
8.277468610829614e-5
8.271751439408252e-5
8.259829576215569e-5
8.256766983161073e-5
8.273491260236771e-5
8.290457987629278e-5
8.302003448535624e-5
8.309062355374882e-5
8.313443295047677e-5
8.316165648645889e-5
8.31758314424379e-5
8.317428818717441e-5
8.314804188251238e-5
8.306851625588724e-5
8.288516781836201e-5
8.251564250128295e-5
8.177303057270763e-5
3.541111161797316e-5
2.1921228138814764e-5
2.0411269002543705e-5
1.618609231263529e-5
1.044585308602954e-5
6.424157670935632e-6
3.827544681199388e-6
2.2201874119082807e-6
1.2325573258058398e-6
6.376398535208054e-7
2.891015595962707e-7
9.88322478168639e-8
8.261457690978452e-5
8.262328725895603e-5
8.262091452081314e-5
8.261243610263446e-5
8.259935655814216e-5
8.25849165022939e-5
8.257287235332194e-5
8.255841770806184e-5
8.25361948851344e-5
8.251299584116479e-5
8.249450110933808e-5
8.247785077791938e-5
8.246107180151181e-5
8.244417372633968e-5
8.24271679805687e-5
8.241006712995064e-5
8.23928849369772e-5
8.237563803323044e-5
8.23583417284531e-5
8.234101153413145e-5
8.232366742656431e-5
8.230632830072103e-5
8.228902214987298e-5
8.227176322895768e-5
8.229885036129348e-5
8.231038125255066e-5
8.231479156719603e-5
8.231576974614752e-5
8.231674991841518e-5
8.231923119127932e-5
8.232023338537863e-5
8.232528828981061e-5
8.233968974245321e-5
8.235682642890016e-5
8.237505795808856e-5
8.239881002844354e-5
8.242839331258888e-5
8.246243008900676e-5
8.249977831054553e-5
8.253940906586045e-5
8.257987556476984e-5
8.261987947048536e-5
8.265795021110294e-5
8.269306756800309e-5
8.272425529557822e-5
8.275061668048533e-5
8.277155070215677e-5
8.278596691606477e-5
8.279292263740033e-5
8.279076670667751e-5
8.277668662875541e-5
8.274608616844712e-5
8.269027373698196e-5
8.257718964683111e-5
8.254531534310298e-5
8.270014712476108e-5
8.286870414429205e-5
8.299115258733667e-5
8.306908717245396e-5
8.311885785298851e-5
8.315144369247538e-5
8.317194699187694e-5
8.318160509411692e-5
8.31767906268991e-5
8.314770690738268e-5
8.30648793023938e-5
8.287424979688408e-5
8.24858191381217e-5
8.169733436628572e-5
3.6424845513272686e-5
2.261957320630294e-5
2.074195273921094e-5
1.6517673690110464e-5
1.0905881084745944e-5
6.849264465362184e-6
4.141261962271625e-6
2.441822273934845e-6
1.3805785774446276e-6
7.237864933403682e-7
3.2915030134036864e-7
1.154502329593918e-7
8.262328677152853e-5
8.262091367164518e-5
8.261243483910293e-5
8.259935484540404e-5
8.25849145074207e-5
8.257287065118272e-5
8.255841717812023e-5
8.253619647329161e-5
8.251300072019516e-5
8.249451129237262e-5
8.247786885534083e-5
8.246109954311859e-5
8.24442119902688e-5
8.242721692546434e-5
8.241012683386892e-5
8.239295399479056e-5
8.237571487216142e-5
8.235842594350132e-5
8.234110313084434e-5
8.23237637373802e-5
8.230642684369366e-5
8.228911813690267e-5
8.227186309720217e-5
8.229899020016094e-5
8.231053962653133e-5
8.231498430794637e-5
8.231604924585147e-5
8.231714690399382e-5
8.231942446355188e-5
8.23199157740653e-5
8.232411211587115e-5
8.233732516829459e-5
8.23529128056958e-5
8.236914194405125e-5
8.239050253769637e-5
8.241740645188632e-5
8.244865125463317e-5
8.248319396659308e-5
8.252012052299458e-5
8.255815821343198e-5
8.259612775195804e-5
8.263259075974141e-5
8.266649508218143e-5
8.269681652408415e-5
8.272259473934477e-5
8.274317824358268e-5
8.275740670473393e-5
8.276430464994123e-5
8.276219658738512e-5
8.274834359795018e-5
8.271840200716389e-5
8.266432231076172e-5
8.255770859539723e-5
8.252549349470249e-5
8.26675067299955e-5
8.283206211003207e-5
8.295944388421721e-5
8.304413103787762e-5
8.309961152485792e-5
8.313710957723418e-5
8.316236379146116e-5
8.317797977564489e-5
8.318422539776262e-5
8.317644302152729e-5
8.314449369332888e-5
8.305762377568443e-5
8.28569699571258e-5
8.244450161315786e-5
8.160166112741897e-5
3.779995240962197e-5
2.357900126781586e-5
2.123208141103719e-5
1.700736811717139e-5
1.1561257015034507e-5
7.498988943238344e-6
4.640172385271641e-6
2.803373977008081e-6
1.621662328151117e-6
8.560609120941025e-7
3.8245116694509965e-7
1.317100150853249e-7
8.2620913171361e-5
8.261243396485066e-5
8.259935352813546e-5
8.258491272663857e-5
8.257286864049158e-5
8.255841549798337e-5
8.253619584756105e-5
8.251300192357068e-5
8.249451553249826e-5
8.247787813019106e-5
8.246111613944638e-5
8.244423727301117e-5
8.242725156556622e-5
8.24101709227892e-5
8.239300740836341e-5
8.237577585648805e-5
8.235849302358866e-5
8.234117622270435e-5
8.232384283300176e-5
8.230650995760129e-5
8.228919925529531e-5
8.227194143136998e-5
8.229911858353483e-5
8.231069267823139e-5
8.231517577987734e-5
8.231631180846917e-5
8.231756105986433e-5
8.231969869136711e-5
8.231976481379988e-5
8.232318875752809e-5
8.233534328605172e-5
8.234955331270629e-5
8.236399796890598e-5
8.238316097144844e-5
8.240755672498558e-5
8.243614353183401e-5
8.246802725967928e-5
8.250233125108796e-5
8.253793269100299e-5
8.257376993950607e-5
8.260849927245578e-5
8.264104868458314e-5
8.267037414753203e-5
8.269544075765221e-5
8.271556384812536e-5
8.272952376440031e-5
8.273633441280402e-5
8.273431376491922e-5
8.272081313971136e-5
8.269175749954039e-5
8.263971124234072e-5
8.253969784706471e-5
8.250783923470182e-5
8.26372604933908e-5
8.279559713576748e-5
8.29257148237123e-5
8.301633989927408e-5
8.307724078806023e-5
8.311933485438505e-5
8.314886301698059e-5
8.316880020915321e-5
8.31807680374341e-5
8.318403620151212e-5
8.317346181666438e-5
8.313840847752496e-5
8.304593307003428e-5
8.283282662027118e-5
8.239221486379297e-5
8.148717360431907e-5
3.9657391800108684e-5
2.491541379410786e-5
2.197790470509274e-5
1.775659502465135e-5
1.2536167278957967e-5
8.53881955800946e-6
5.4805159121869076e-6
3.4189904546158227e-6
2.0206519821070536e-6
1.0494295167359543e-6
4.4043193457499805e-7
1.4224757544859094e-7
8.261243345671447e-5
8.25993526315499e-5
8.25849113551943e-5
8.25728667993342e-5
8.255841347515828e-5
8.253619415797431e-5
8.251300114914316e-5
8.249451632618205e-5
8.247788171518135e-5
8.246112441233057e-5
8.244425221337658e-5
8.242727408962536e-5
8.241020151514237e-5
8.239304607898787e-5
8.237582221426896e-5
8.235854488360862e-5
8.234123205998912e-5
8.232390273997489e-5
8.230657462452747e-5
8.22892652902416e-5
8.227200113968818e-5
8.22992266118722e-5
8.231083278204156e-5
8.23153572296297e-5
8.231656486096065e-5
8.23179682644292e-5
8.232001711235216e-5
8.231973308035863e-5
8.232249633591357e-5
8.233369854052044e-5
8.234666602639146e-5
8.235950898832687e-5
8.237670105686429e-5
8.239878281677583e-5
8.242484635330525e-5
8.245418598659836e-5
8.248597140885293e-5
8.251918952469367e-5
8.255285666968719e-5
8.258575571586941e-5
8.261682166401067e-5
8.26450313105169e-5
8.26692807899236e-5
8.268885207042265e-5
8.270247868723289e-5
8.270917127781162e-5
8.270726834274232e-5
8.269422252934085e-5
8.266623859450193e-5
8.26164532857321e-5
8.252301600982569e-5
8.24920189370972e-5
8.260947448627203e-5
8.27600307396105e-5
8.289072089799306e-5
8.298619516154646e-5
8.305223934638271e-5
8.309862269562137e-5
8.313206122317203e-5
8.315582625599396e-5
8.31718140167292e-5
8.318066868237393e-5
8.318125559862849e-5
8.316783861261274e-5
8.312884500969952e-5
8.302918437493917e-5
8.280180611898006e-5
8.232954482598144e-5
8.135759082094855e-5
4.2176142057836595e-5
2.681224702573335e-5
2.3147621712573137e-5
1.895377590461143e-5
1.4050070740997505e-5
1.0305941291860416e-5
6.94362094028632e-6
4.497327678628362e-6
2.661771523865211e-6
1.2835942576294553e-6
4.848044671336929e-7
1.4703426284391972e-7
8.259935211800851e-5
8.258491043836072e-5
8.257286537761644e-5
8.255841157713167e-5
8.253619210375053e-5
8.251299943311832e-5
8.249451539325566e-5
8.24778820863528e-5
8.246112728617266e-5
8.244425938974539e-5
8.242728719392697e-5
8.241022097415776e-5
8.239307218180178e-5
8.237585486190976e-5
8.235858334970079e-5
8.23412736172604e-5
8.232394565210732e-5
8.230661941083437e-5
8.22893129200122e-5
8.227204563922326e-5
8.229931581667662e-5
8.231095306635636e-5
8.231551684590513e-5
8.231680304480808e-5
8.231836242819845e-5
8.232035087195352e-5
8.231977073462045e-5
8.232198003102988e-5
8.233235132748483e-5
8.234420431294365e-5
8.235557768602438e-5
8.237100379314428e-5
8.239098836413401e-5
8.241470645635785e-5
8.24416078421267e-5
8.247096723306927e-5
8.250186895257518e-5
8.253339086621501e-5
8.256441112048769e-5
8.25938985700751e-5
8.262087528061402e-5
8.264421409916096e-5
8.266315197069723e-5
8.267639862159304e-5
8.268294758690404e-5
8.26811873196572e-5
8.26686735018541e-5
8.264189931960449e-5
8.259453355929346e-5
8.250754154301597e-5
8.247774877748784e-5
8.258407828459997e-5
8.272588615264599e-5
8.285517418234512e-5
8.295416024844618e-5
8.302492621058407e-5
8.30754485567423e-5
8.311243216254959e-5
8.31396310135212e-5
8.315912243916153e-5
8.317178389091085e-5
8.317791015245967e-5
8.317587693258242e-5
8.315925731068981e-5
8.311535572341361e-5
8.30073238364608e-5
8.276397182408915e-5
8.225832166670359e-5
8.12211097439102e-5
4.5602587430751416e-5
2.9571414753784958e-5
2.50447682960604e-5
2.0929983912826358e-5
1.653382418314062e-5
1.2815084491952795e-5
9.582703576975574e-6
6.392188442358201e-6
3.529013092486241e-6
1.4835332838841645e-6
5.047327698080137e-7
1.4860450202766613e-7
8.258490992187585e-5
8.257286444585255e-5
8.255841010878555e-5
8.253619013907713e-5
8.251299734078903e-5
8.249451365573097e-5
8.247788098480243e-5
8.246112719440072e-5
8.244426149076978e-5
8.242729317473521e-5
8.24102320584061e-5
8.239308826377874e-5
8.237587601036582e-5
8.235860931416675e-5
8.234130326891628e-5
8.232397561495408e-5
8.230664771456508e-5
8.228934053618237e-5
8.227207269709769e-5
8.229938978409857e-5
8.23110535393127e-5
8.23156505010957e-5
8.231701046362917e-5
8.231873272505377e-5
8.232068054713207e-5
8.231985072496344e-5
8.232157440044095e-5
8.233124038341427e-5
8.234211434265471e-5
8.235215114149141e-5
8.236596439383415e-5
8.238405022848869e-5
8.240562840451551e-5
8.24302357061975e-5
8.245726590317876e-5
8.248590455400133e-5
8.251533104440581e-5
8.254446826161651e-5
8.257233513224969e-5
8.259798194673491e-5
8.262032266951385e-5
8.263854795034758e-5
8.265137375926133e-5
8.265776329097892e-5
8.265616559510228e-5
8.264424178783977e-5
8.261877146205831e-5
8.257392031489215e-5
8.249317373491069e-5
8.246480343830727e-5
8.25609196225821e-5
8.269350677194803e-5
8.281971586968525e-5
8.292075797691413e-5
8.299557609783671e-5
8.30500601305745e-5
8.30904510037122e-5
8.312067536525759e-5
8.314324411246329e-5
8.315915606335454e-5
8.316895385332898e-5
8.317249296659536e-5
8.31675840864782e-5
8.314739869674685e-5
8.30976343829132e-5
8.297991786044351e-5
8.27197312269965e-5
8.218249516294562e-5
8.10948609632062e-5
5.024805074956652e-5
3.368340996230208e-5
2.8194817196513897e-5
2.430001776072058e-5
2.031498488923524e-5
1.679782082275542e-5
1.3812387627220878e-5
9.171101568803861e-6
4.376266592897349e-6
1.5826007287611154e-6
5.070623839644417e-7
1.486235430667027e-7
8.257286393119975e-5
8.255840916412045e-5
8.253618861817185e-5
8.251299529979512e-5
8.249451152957244e-5
8.247787921756535e-5
8.246112589710365e-5
8.244426088772151e-5
8.242729443792516e-5
8.241023673982901e-5
8.239309714069118e-5
8.237588839692042e-5
8.235862501430317e-5
8.234132182626742e-5
8.23239954504621e-5
8.230666475631699e-5
8.22893525527561e-5
8.227208063095886e-5
8.229944826448404e-5
8.231113751831727e-5
8.231576230306742e-5
8.231719207759042e-5
8.231905656739292e-5
8.232098540864128e-5
8.231995255821798e-5
8.232124262895203e-5
8.23302971512463e-5
8.23403184860103e-5
8.234917489828834e-5
8.236151373287436e-5
8.237786860283389e-5
8.239748444400527e-5
8.241997830931894e-5
8.244480793016621e-5
8.247125124224442e-5
8.249862360664065e-5
8.252589340190549e-5
8.25521371244099e-5
8.25764021658442e-5
8.259767306093806e-5
8.261511109298489e-5
8.26274672970813e-5
8.263368518056671e-5
8.263226277741355e-5
8.262097450773669e-5
8.259686472373922e-5
8.255457406659184e-5
8.247983267917719e-5
8.245301443802557e-5
8.25398123583918e-5
8.266308485857334e-5
8.278488039656626e-5
8.288652429487612e-5
8.296455693803989e-5
8.302263663946213e-5
8.306632296729252e-5
8.309944281909393e-5
8.312464225296479e-5
8.314333612243876e-5
8.315619266468019e-5
8.316333384022382e-5
8.316410139935513e-5
8.315604990049694e-5
8.313161316457714e-5
8.307490694779411e-5
8.294642608082998e-5
8.267009974362972e-5
8.211012215849623e-5
8.100734428188289e-5
5.6386400779789224e-5
3.9876771069003144e-5
3.35017985740903e-5
2.979353036540077e-5
2.644122642589878e-5
2.327670925101343e-5
1.8695051460851507e-5
1.2274025066147982e-5
4.865829974402164e-6
1.5911719159520413e-6
5.081115135063905e-7
1.4843789876176997e-7
8.255840865198172e-5
8.253618765513789e-5
8.251299371758855e-5
8.249450941069951e-5
8.247787705271321e-5
8.246112408435336e-5
8.244425936256728e-5
8.242729327309877e-5
8.241023709671886e-5
8.239310041361439e-5
8.237589487545984e-5
8.235863337878056e-5
8.234133155190173e-5
8.232400581865199e-5
8.23066737282986e-5
8.228935533950118e-5
8.227207457216286e-5
8.229949234333229e-5
8.231120634729729e-5
8.2315856956397e-5
8.231740031345551e-5
8.231932540501327e-5
8.232124279192314e-5
8.232004537544765e-5
8.232096568653757e-5
8.23294743977802e-5
8.233874681795257e-5
8.234656258631559e-5
8.235758727322473e-5
8.237237082154096e-5
8.239017040310786e-5
8.241071804887968e-5
8.243349690906784e-5
8.245786003070362e-5
8.248322254978416e-5
8.250864876317403e-5
8.253327080027011e-5
8.255614594191223e-5
8.257630275376107e-5
8.259289808814279e-5
8.26047289397547e-5
8.261075516517575e-5
8.260950933419355e-5
8.259888769226469e-5
8.257616897687054e-5
8.25364455666452e-5
8.246745467003148e-5
8.244226189004232e-5
8.252057193926921e-5
8.263469919425681e-5
8.275109156002876e-5
8.285196195071092e-5
8.293226660029693e-5
8.299347504995654e-5
8.304016306668794e-5
8.307610953881408e-5
8.310381399899907e-5
8.312480280470887e-5
8.314019649271531e-5
8.315025373602552e-5
8.315460731122678e-5
8.315241060219232e-5
8.314061957953786e-5
8.311105316581788e-5
8.304624461642471e-5
8.290624123572998e-5
8.261750641679316e-5
8.205367120932779e-5
8.101067740352268e-5
6.390704471206545e-5
4.899535989460243e-5
4.201824459964315e-5
3.862188802490837e-5
3.6082992028373664e-5
3.217666102844378e-5
2.4504231829279225e-5
1.4414768557063241e-5
4.937248876476989e-6
1.5973571143950996e-6
5.087877720797088e-7
1.482182743007083e-7
8.25361871406632e-5
8.251299273248134e-5
8.24945077658724e-5
8.247787485574861e-5
8.246112187379594e-5
8.244425748772367e-5
8.242729148529566e-5
8.241023531823832e-5
8.239309979238033e-5
8.237589662460507e-5
8.235863726254197e-5
8.234133555787028e-5
8.232400901591037e-5
8.230667508782784e-5
8.228935237467613e-5
8.227206176518922e-5
8.229952879946441e-5
8.231126228074684e-5
8.23159354355554e-5
8.231761306730269e-5
8.231956222033586e-5
8.232144209825327e-5
8.232010062971684e-5
8.23207133833447e-5
8.232874332644281e-5
8.23373545317246e-5
8.234423202842368e-5
8.23541001467174e-5
8.236747547352904e-5
8.238361750721309e-5
8.240235005029016e-5
8.242322275884858e-5
8.244564010877972e-5
8.246907720953012e-5
8.24926995532977e-5
8.251569829502099e-5
8.253718870603479e-5
8.255621125600013e-5
8.257193742445606e-5
8.258319697872904e-5
8.258900103367243e-5
8.258791855307018e-5
8.257797302247975e-5
8.255665534409834e-5
8.251947543023083e-5
8.245597937501328e-5
8.243245451674893e-5
8.250303781320831e-5
8.260835094729732e-5
8.27186680305378e-5
8.28175389030618e-5
8.289908518348881e-5
8.296290574368166e-5
8.301223325647744e-5
8.305074311909539e-5
8.308091853575185e-5
8.310407089368701e-5
8.312147571001941e-5
8.313386216788277e-5
8.314101917809799e-5
8.314245114782686e-5
8.313676649083937e-5
8.312043156092283e-5
8.30846592119696e-5
8.301040728178529e-5
8.285904335299924e-5
8.256530199935739e-5
8.203406042908647e-5
8.114361541368852e-5
7.175152928760326e-5
6.0776911364264114e-5
5.42173263684525e-5
5.11235240294601e-5
4.85767012738144e-5
4.2473177518739066e-5
2.9203412920264846e-5
1.4943080249519265e-5
4.971929257919541e-6
1.6030308547834282e-6
5.094072960185652e-7
1.4799075885927875e-7
8.251299221455567e-5
8.24945067603956e-5
8.247787315097076e-5
8.246111959789586e-5
8.244425522534852e-5
8.242728952869296e-5
8.241023323109503e-5
8.239309734813339e-5
8.237589495037051e-5
8.235863736513181e-5
8.234133664264546e-5
8.232400831806815e-5
8.230667118891115e-5
8.228934388838359e-5
8.227204580034258e-5
8.229956540609647e-5
8.231131310854196e-5
8.23160000865385e-5
8.231777922445886e-5
8.23197617631534e-5
8.232159231050796e-5
8.232010829761325e-5
8.232045126572669e-5
8.232807276978133e-5
8.233610471159193e-5
8.23421367755405e-5
8.235096635200103e-5
8.236308843081783e-5
8.237774500626676e-5
8.239479568341102e-5
8.241389433397592e-5
8.243448036173382e-5
8.245611039813147e-5
8.247799108313989e-5
8.249939249011433e-5
8.251949438171168e-5
8.253737551315215e-5
8.255221911970829e-5
8.256288728706717e-5
8.2568436764457e-5
8.25674970585446e-5
8.255821353135723e-5
8.253828466156391e-5
8.250359981940246e-5
8.244533942541592e-5
8.242350262292614e-5
8.248707713672733e-5
8.258399377370728e-5
8.268783839536561e-5
8.278367626570291e-5
8.286539593899666e-5
8.293122790219367e-5
8.298283934534969e-5
8.302357823371557e-5
8.305599347276693e-5
8.308129069387017e-5
8.310056190423558e-5
8.311471576915162e-5
8.312401148089374e-5
8.312816965442368e-5
8.312620841735751e-5
8.311631112297486e-5
8.309439725310276e-5
8.305096657223249e-5
8.296604124771007e-5
8.280428859462486e-5
8.251932054293473e-5
8.206058726574017e-5
8.13997441968037e-5
7.771616704868374e-5
7.210219506030518e-5
6.74623949533747e-5
6.438293921023595e-5
6.0701961895615175e-5
5.067715193946884e-5
3.095001419055838e-5
1.5145506781382853e-5
5.002815314439641e-6
1.6087196182479182e-6
5.100338430457749e-7
1.4775978932829395e-7
8.24945062414203e-5
8.247787212710051e-5
8.246111783487575e-5
8.244425287016978e-5
8.242728720697251e-5
8.241023117021423e-5
8.239309492412406e-5
8.237589178951909e-5
8.235863456044306e-5
8.234133496664907e-5
8.232400638936121e-5
8.23066654376598e-5
8.228933232710907e-5
8.22720266622925e-5
8.229960651602113e-5
8.231136731208374e-5
8.231606216867313e-5
8.231790465917252e-5
8.231990602248894e-5
8.232169446842576e-5
8.232007403452371e-5
8.232016512971497e-5
8.232742983580936e-5
8.233495606642694e-5
8.234024367221297e-5
8.234812661962026e-5
8.23591300681043e-5
8.237244760938881e-5
8.238797779838535e-5
8.240542989192576e-5
8.242429619805085e-5
8.244422380788473e-5
8.246444534340948e-5
8.248430855100813e-5
8.250303003956303e-5
8.251976742792453e-5
8.253371269884324e-5
8.254378452757292e-5
8.254905705500921e-5
8.254824001325501e-5
8.253959412507247e-5
8.252101673013307e-5
8.248876426438393e-5
8.243546182133681e-5
8.241530166556251e-5
8.247256464918737e-5
8.256155501060805e-5
8.265875913060155e-5
8.275074321374202e-5
8.283158668814295e-5
8.289874065006633e-5
8.29522496882152e-5
8.299490342332494e-5
8.302925740629071e-5
8.305648788525097e-5
8.307760313284193e-5
8.30933632726068e-5
8.310420270218592e-5
8.311033072041314e-5
8.311104330164291e-5
8.310502525986283e-5
8.308997312528e-5
8.306104029840686e-5
8.300827792198438e-5
8.291130527539462e-5
8.27428029910484e-5
8.247811032790949e-5
8.211406994321116e-5
8.167411463424032e-5
8.062399384788562e-5
7.879324736819185e-5
7.652284041782723e-5
7.385360859290833e-5
6.877782614771756e-5
5.431613012923044e-5
3.1654700109907716e-5
1.5290818618063955e-5
5.034149359691975e-6
1.6145703326650042e-6
5.106792613966647e-7
1.4752443704846565e-7
8.247787160750013e-5
8.246111679351557e-5
8.244425105057265e-5
8.242728477285273e-5
8.241022878021684e-5
8.239309273399626e-5
8.237588899163313e-5
8.235863063522579e-5
8.234133095210127e-5
8.232400279161056e-5
8.230666026896246e-5
8.228932117325697e-5
8.227200691798318e-5
8.229965378877245e-5
8.231142987903548e-5
8.231614740293994e-5
8.231800364796217e-5
8.232000340002585e-5
8.23217452842905e-5
8.232000078924048e-5
8.231985997678955e-5
8.232679703672999e-5
8.233387446112409e-5
8.233850913101396e-5
8.234554253746282e-5
8.235554184732618e-5
8.236763856959642e-5
8.238180160212471e-5
8.239773930456168e-5
8.241502080269202e-5
8.243332786419986e-5
8.245198325836344e-5
8.247036810298748e-5
8.248775549028514e-5
8.25033511203375e-5
8.25163925469686e-5
8.252585293596692e-5
8.253083764949932e-5
8.253012252240571e-5
8.252209487198406e-5
8.250481502623771e-5
8.247493308944437e-5
8.242628205818361e-5
8.240774556218175e-5
8.245935866793582e-5
8.254093325530666e-5
8.26315255173556e-5
8.271905509719877e-5
8.279804560677247e-5
8.28657568963072e-5
8.292073089663454e-5
8.296496698941314e-5
8.300098645630005e-5
8.302987832797418e-5
8.305262949846338e-5
8.306995636249105e-5
8.308215991557574e-5
8.308963355429975e-5
8.309215684011796e-5
8.308879213588027e-5
8.307784744208263e-5
8.305631185100841e-5
8.301869296116745e-5
8.295441532533789e-5
8.284481060253488e-5
8.267029904682237e-5
8.242482150426562e-5
8.213482358725888e-5
8.184797892955564e-5
8.152524213946128e-5
8.106054809752854e-5
8.021915408355491e-5
7.827566940492071e-5
7.217007814642665e-5
5.571281382298066e-5
3.2052903185480674e-5
1.543003226527933e-5
5.066540719696982e-6
1.6206077330830128e-6
5.113464526830928e-7
1.4728611126192878e-7
8.246111627288078e-5
8.244424999263065e-5
8.242728289943408e-5
8.241022626826067e-5
8.239309026546384e-5
8.237588664542175e-5
8.235862742852256e-5
8.234132621984233e-5
8.232399748664442e-5
8.230665459356145e-5
8.228931252360252e-5
8.227199003824605e-5
8.229971162972048e-5
8.231150330718402e-5
8.231624932527877e-5
8.231809720732533e-5
8.2320070061181e-5
8.232175529466518e-5
8.231989038501827e-5
8.231953925334813e-5
8.232617496075161e-5
8.233284322989655e-5
8.233689374168832e-5
8.234317453968508e-5
8.23522717341514e-5
8.23632658541887e-5
8.237617449928129e-5
8.239073555939259e-5
8.2406564324238e-5
8.242335451007495e-5
8.244053079489932e-5
8.245749200136268e-5
8.247360827950827e-5
8.248807669131338e-5
8.250023211878169e-5
8.250905714835333e-5
8.25137461036991e-5
8.251310732414501e-5
8.250567865572944e-5
8.248964242609697e-5
8.246207312792009e-5
8.24177567726772e-5
8.240076109367602e-5
8.244729939941323e-5
8.25219953264164e-5
8.260616211057079e-5
8.268886875876879e-5
8.276515293663089e-5
8.283260644211447e-5
8.288856411327497e-5
8.293401823443007e-5
8.297141080827363e-5
8.300173473540632e-5
8.302586669509384e-5
8.304454435711681e-5
8.30580450933456e-5
8.306666386308312e-5
8.307034780401045e-5
8.306865457854208e-5
8.306038142598104e-5
8.304327518176444e-5
8.301373987782189e-5
8.29653228216859e-5
8.288713387500655e-5
8.276267212798962e-5
8.257685005710156e-5
8.233236526684329e-5
8.207490105723565e-5
8.186801738711923e-5
8.172282748665813e-5
8.160365145600761e-5
8.127356561446394e-5
7.962618569072209e-5
7.328656211972485e-5
5.6334872766439055e-5
3.2387316052010186e-5
1.557383291215805e-5
5.1001388058074695e-6
1.6268506153939636e-6
5.12035967050033e-7
1.4704293908290432e-7
8.244424947071733e-5
8.24272818261447e-5
8.241022434495663e-5
8.239308767762091e-5
8.237588408693038e-5
8.235862489825495e-5
8.234132257312472e-5
8.232399191183054e-5
8.230664791746051e-5
8.228930459984602e-5
8.227197766347139e-5
8.229978478273435e-5
8.231159276544302e-5
8.2316351201609e-5
8.231819049456673e-5
8.232012486896282e-5
8.232174167018584e-5
8.231975406714184e-5
8.231920469998518e-5
8.232556668682429e-5
8.233185612320882e-5
8.23353789462642e-5
8.23409845250804e-5
8.234927082321008e-5
8.235928143416279e-5
8.237103257241955e-5
8.238434475210252e-5
8.239882682687215e-5
8.241423352215067e-5
8.243000863380113e-5
8.24456268105465e-5
8.246050962718112e-5
8.2473891748886e-5
8.248518055661192e-5
8.249336663328345e-5
8.249774787324252e-5
8.249716245081945e-5
8.249029501845753e-5
8.247545826184008e-5
8.24501280976688e-5
8.240985642570012e-5
8.239432380991834e-5
8.243623994338848e-5
8.250458649764065e-5
8.258261089526102e-5
8.266036501150964e-5
8.273326436007056e-5
8.27996365359892e-5
8.28560450887103e-5
8.290232948425984e-5
8.294076283669438e-5
8.297227611850754e-5
8.299759042747069e-5
8.301737329769947e-5
8.303194351041033e-5
8.304160454756372e-5
8.304622371187199e-5
8.304553281590553e-5
8.303882724922366e-5
8.3024468600047e-5
8.299981586706975e-5
8.2960392960454e-5
8.289906385759982e-5
8.280470903814845e-5
8.266155283319463e-5
8.245605102640927e-5
8.219619557173284e-5
8.19451445246544e-5
8.178977794299382e-5
8.173563230854224e-5
8.17342034888663e-5
8.150269649879173e-5
7.997326692412869e-5
7.367083493590637e-5
5.676184759574222e-5
3.271740356462222e-5
1.572303015856852e-5
5.134949532874766e-6
1.6332926417384255e-6
5.127480068266299e-7
1.4679642243984262e-7
8.242728130253904e-5
8.241022325788637e-5
8.239308570960645e-5
8.237588142607317e-5
8.235862223745102e-5
8.234131983054416e-5
8.23239877993009e-5
8.230664147368623e-5
8.228929647213464e-5
8.227196731314554e-5
8.229987555929174e-5
8.231170584148494e-5
8.231646193302334e-5
8.231828229825501e-5
8.232017755565772e-5
8.232172129070516e-5
8.231960867200441e-5
8.231886659517546e-5
8.232497480433361e-5
8.233091568892623e-5
8.233395760928874e-5
8.233895128091959e-5
8.234650146800524e-5
8.235562993303888e-5
8.236633059692537e-5
8.237850090582228e-5
8.239173787828102e-5
8.240587650657902e-5
8.242034059854916e-5
8.24347127140295e-5
8.244839376724289e-5
8.246074859036233e-5
8.247116964316133e-5
8.247874526933567e-5
8.248279867438718e-5
8.248226358754346e-5
8.247589902208997e-5
8.246222538320504e-5
8.2439017317061e-5
8.240254272562346e-5
8.238842448357928e-5
8.242608936818999e-5
8.248856173137753e-5
8.256074680544092e-5
8.263361971604306e-5
8.270268027158334e-5
8.276720106062268e-5
8.28234864597346e-5
8.287019237827544e-5
8.290930356298242e-5
8.294172486014233e-5
8.29680198183074e-5
8.298872756601137e-5
8.300413144184078e-5
8.3014594637317e-5
8.302000330166126e-5
8.30200590339209e-5
8.301423519330526e-5
8.300139926210873e-5
8.297967663986472e-5
8.294577035216762e-5
8.289468728677501e-5
8.281885902267755e-5
8.270657210683073e-5
8.254325390196916e-5
8.231669561595754e-5
8.204036189789074e-5
8.180109833122658e-5
8.170103388640269e-5
8.171577147428733e-5
8.173258051485734e-5
8.155590822006029e-5
8.00775650414704e-5
7.390339723931504e-5
5.7174954032508e-5
3.3057997120246125e-5
1.5878091003514413e-5
5.170947134967495e-6
1.6399491937659757e-6
5.134843791785278e-7
1.4654400602663706e-7
8.241022273197326e-5
8.239308461063928e-5
8.237587941978745e-5
8.235861950743576e-5
8.234131705446338e-5
8.232398481678519e-5
8.230663687639854e-5
8.228928914315396e-5
8.22719576603989e-5
8.22999828901841e-5
8.231184404610843e-5
8.231659048746351e-5
8.231838255294643e-5
8.232023294703515e-5
8.232170477046128e-5
8.231946960310964e-5
8.23185403966392e-5
8.232440771268826e-5
8.233002776233409e-5
8.23326271106977e-5
8.233706909289797e-5
8.234394137696997e-5
8.235226713771722e-5
8.236202198609827e-5
8.237314439423662e-5
8.238524888910971e-5
8.239820053671429e-5
8.241146321139873e-5
8.242466235965395e-5
8.243721550085689e-5
8.244858635888417e-5
8.245815431257056e-5
8.246513932545513e-5
8.246885260630021e-5
8.246836894208211e-5
8.246246238559575e-5
8.244990880491392e-5
8.242867314601873e-5
8.239575673892005e-5
8.238301206458308e-5
8.241681160723407e-5
8.247381417986098e-5
8.254043701641931e-5
8.260860001538249e-5
8.267360952999451e-5
8.273562863017413e-5
8.279121128752307e-5
8.283791657355225e-5
8.287732099553266e-5
8.29103323800209e-5
8.29373766688882e-5
8.295883530598427e-5
8.297490788993128e-5
8.298595024921196e-5
8.299189822089197e-5
8.299251184647542e-5
8.298727776511608e-5
8.297526052514188e-5
8.295512993555284e-5
8.292450000313329e-5
8.287982836466071e-5
8.281596183684333e-5
8.27249063606481e-5
8.259617990092552e-5
8.241670689182588e-5
8.217639608990806e-5
8.189849429288732e-5
8.168846932792558e-5
8.164397172137367e-5
8.166392233516473e-5
8.173238007805998e-5
8.15783406208248e-5
8.014731126660393e-5
7.41229408626334e-5
5.759363542092711e-5
3.340828070923164e-5
1.6038578080838564e-5
5.208213463675004e-6
1.646820425001563e-6
5.14237130820695e-7
1.4628427499891146e-7
8.239308408156714e-5
8.237587831109022e-5
8.235861747055388e-5
8.234131426017813e-5
8.232398191224871e-5
8.230663362786775e-5
8.228928404976718e-5
8.227194944533507e-5
8.230010732915389e-5
8.231200335257872e-5
8.231674181269438e-5
8.231850085625622e-5
8.232030166935315e-5
8.232169960833729e-5
8.231934667423773e-5
8.231823946110595e-5
8.232387817534443e-5
8.232919881552876e-5
8.233138904754057e-5
8.233532863634773e-5
8.234158018412892e-5
8.234916670864645e-5
8.235806473172002e-5
8.236822675689304e-5
8.237930515581589e-5
8.239114993643912e-5
8.240331396740918e-5
8.241539820947286e-5
8.24269198689805e-5
8.243733553536674e-5
8.24461059148258e-5
8.245249088085414e-5
8.245587525521468e-5
8.245541396408088e-5
8.244995812998777e-5
8.243846035954684e-5
8.241907063209994e-5
8.238943294302999e-5
8.237798818517429e-5
8.240836727466785e-5
8.24602683172015e-5
8.252160257495294e-5
8.258520977885543e-5
8.2646158448082e-5
8.270518299235673e-5
8.275953014969701e-5
8.280582072337718e-5
8.284512743491689e-5
8.28783788833135e-5
8.290590983097837e-5
8.292792586987373e-5
8.294451508994873e-5
8.295598948152849e-5
8.296227226267482e-5
8.296319444579235e-5
8.295832219467562e-5
8.29467937476755e-5
8.292753463300424e-5
8.289874385099875e-5
8.285794262468978e-5
8.280171910797653e-5
8.272483930013958e-5
8.262096428690565e-5
8.248170502162836e-5
8.229631822034523e-5
8.20591318808875e-5
8.179818276414753e-5
8.162523374498571e-5
8.157305674296253e-5
8.164989830763046e-5
8.174028851205355e-5
8.160574666370824e-5
8.023262082252184e-5
7.436051058360805e-5
5.802492505906336e-5
3.376782444637053e-5
1.6204846696631e-5
5.246746161592384e-6
1.6538290235169811e-6
5.149904291636693e-7
1.4601724220319493e-7
8.23758777777337e-5
8.235861635451017e-5
8.234131220152645e-5
8.232397905964356e-5
8.230663058194042e-5
8.228928051134821e-5
8.227194385583808e-5
8.230025138678886e-5
8.231218507632008e-5
8.231691601715116e-5
8.23186432990924e-5
8.232039274347157e-5
8.232171566397544e-5
8.231924649865651e-5
8.231797206939586e-5
8.232339595288527e-5
8.232843882947717e-5
8.233024804589386e-5
8.233372173119685e-5
8.233940703248825e-5
8.234631068862015e-5
8.235442893866159e-5
8.236371180380472e-5
8.237385005047385e-5
8.23846816581176e-5
8.239582734533498e-5
8.240687450369939e-5
8.241743294127317e-5
8.242694210553975e-5
8.243496975495234e-5
8.244076082219942e-5
8.244383176108646e-5
8.244334800608784e-5
8.243833929481291e-5
8.242781658790157e-5
8.241019750665031e-5
8.238352296029243e-5
8.237327476574174e-5
8.240065531897915e-5
8.244784567472229e-5
8.250420942530901e-5
8.256336760849413e-5
8.262035677640492e-5
8.267604756157906e-5
8.27287043091962e-5
8.277421144344971e-5
8.281304790623147e-5
8.284617412682876e-5
8.287389439202652e-5
8.289625345262937e-5
8.291319676169768e-5
8.292497482908935e-5
8.293146739527737e-5
8.293252053803394e-5
8.292777796705943e-5
8.291648437460044e-5
8.289772938660061e-5
8.287003185822593e-5
8.28315804989735e-5
8.278017217114697e-5
8.271252849079586e-5
8.262536391670453e-5
8.251472916322416e-5
8.237495917861453e-5
8.21990814384852e-5
8.198067288212247e-5
8.174604329500986e-5
8.155090524719494e-5
8.155577243031661e-5
8.165373154501774e-5
8.175179989348361e-5
8.16325345301447e-5
8.031714908795908e-5
7.459871587462848e-5
5.846171361492302e-5
3.413712200547895e-5
1.6376859923169473e-5
5.285410554961103e-6
1.6607831387413932e-6
5.157541426242493e-7
1.4574463628216734e-7
8.235861581542994e-5
8.234131108063954e-5
8.232397698904936e-5
8.230662767803198e-5
8.228927731175934e-5
8.227194000933571e-5
8.230041860123188e-5
8.231239336916436e-5
8.231711575529718e-5
8.231881107277286e-5
8.23205116838291e-5
8.232176078094601e-5
8.231917747209832e-5
8.231774367668895e-5
8.23229685153205e-5
8.232775380480293e-5
8.232921077901018e-5
8.233224962447154e-5
8.233741231130445e-5
8.234368760817725e-5
8.235109113593118e-5
8.235957209260704e-5
8.236884161470376e-5
8.237875105033208e-5
8.238894592482202e-5
8.239904826585592e-5
8.240869014377133e-5
8.241736428472353e-5
8.242467318677874e-5
8.242991677218304e-5
8.243266983131055e-5
8.243215530812304e-5
8.24275420766687e-5
8.241792614044857e-5
8.240199389837576e-5
8.237800445647797e-5
8.236886040662471e-5
8.239353982113565e-5
8.243644190982107e-5
8.248819102192976e-5
8.254304499319054e-5
8.259620310223984e-5
8.264835423933623e-5
8.26989251286455e-5
8.274335017780928e-5
8.278139630200462e-5
8.281404621029897e-5
8.284163531072348e-5
8.286409532867707e-5
8.28812177095316e-5
8.289316911229077e-5
8.2899772119375e-5
8.29008643010204e-5
8.289611034136894e-5
8.288485662862027e-5
8.286634809857972e-5
8.283934786641665e-5
8.280246188135967e-5
8.275425731191914e-5
8.269274781812547e-5
8.261668572621355e-5
8.252518392310049e-5
8.241695078401065e-5
8.228978571536426e-5
8.213537771642282e-5
8.194203668378606e-5
8.167890761554049e-5
8.1535064382416e-5
8.156151755109424e-5
8.166554564076422e-5
8.17661757602938e-5
8.166015531077113e-5
8.040152371673464e-5
7.48368375887554e-5
5.89041392648996e-5
3.451616241198882e-5
1.6536624193647296e-5
5.321749392655597e-6
1.6678359070828873e-6
5.165414256538169e-7
1.4546724213492792e-7
8.234131053404119e-5
8.23239758658093e-5
8.230662560609778e-5
8.228927436456407e-5
8.227193664786913e-5
8.230061038921924e-5
8.231263260908216e-5
8.231734539447928e-5
8.23190072473844e-5
8.232066015833654e-5
8.232183975414351e-5
8.231914592472362e-5
8.231756082880614e-5
8.232260087109188e-5
8.232714786510288e-5
8.232828135303974e-5
8.233091439198553e-5
8.233559276719517e-5
8.234129024221251e-5
8.23480343095735e-5
8.235578271052643e-5
8.236425153707054e-5
8.237331605270573e-5
8.238262844778484e-5
8.239186343862324e-5
8.240064795008982e-5
8.240855113223612e-5
8.241516774132787e-5
8.241990631474721e-5
8.242233758432447e-5
8.242181214711403e-5
8.24175199552194e-5
8.240876041889602e-5
8.239436075951238e-5
8.237285976962837e-5
8.236474776564031e-5
8.238694603904664e-5
8.242594471836613e-5
8.247340593031811e-5
8.252421548158246e-5
8.257368318490894e-5
8.262222316187525e-5
8.267033492419717e-5
8.271343569338125e-5
8.275044028638128e-5
8.27823164090828e-5
8.280945716918052e-5
8.283175537992064e-5
8.284886314654349e-5
8.286085016870057e-5
8.28674713321508e-5
8.286853584387165e-5
8.286372515454508e-5
8.285242512662151e-5
8.283402247998113e-5
8.280748339078688e-5
8.2771745807554e-5
8.272590337377808e-5
8.266879602729203e-5
8.260045648361282e-5
8.252185428276801e-5
8.2434427440341e-5
8.233978510575028e-5
8.223442302943865e-5
8.210515888656524e-5
8.188544584468126e-5
8.166636555138838e-5
8.154335830299176e-5
8.157654443710169e-5
8.168152538437149e-5
8.178258369958846e-5
8.168854261728397e-5
8.048562762747007e-5
7.507460266740403e-5
5.9351700617291066e-5
3.489564999681484e-5
1.6649356242486163e-5
5.358057108548787e-6
1.6750974121540907e-6
5.173546109014235e-7
1.4518509067329537e-7
8.232397530950403e-5
8.230662448281055e-5
8.228927230235342e-5
8.227193366942222e-5
8.230082860895064e-5
8.23129059546798e-5
8.231760988430147e-5
8.23192360834927e-5
8.232084101477866e-5
8.232195391796796e-5
8.23191553208858e-5
8.23174270880468e-5
8.232229715651484e-5
8.23266233030001e-5
8.232745806416223e-5
8.232971560512703e-5
8.23339453435706e-5
8.233911123673236e-5
8.234524731547742e-5
8.235232117858691e-5
8.236005496442883e-5
8.236834126776704e-5
8.23768430739759e-5
8.238526875593319e-5
8.239326652250831e-5
8.24004451200422e-5
8.240642397273966e-5
8.241066965832507e-5
8.241280075561481e-5
8.241225449182298e-5
8.240825663593414e-5
8.240028375914834e-5
8.23872429485857e-5
8.236804224799003e-5
8.236088753573675e-5
8.238088136130473e-5
8.241626837870058e-5
8.24597144771352e-5
8.250677418895059e-5
8.255275407577501e-5
8.25977506566437e-5
8.26430770059583e-5
8.268461621336225e-5
8.272038902122704e-5
8.275126016931245e-5
8.277768188035472e-5
8.279955215725501e-5
8.281643969172188e-5
8.282831062613494e-5
8.283485715956766e-5
8.283584805154461e-5
8.283095425463823e-5
8.281961235376903e-5
8.28012991000953e-5
8.277515068198159e-5
8.274036527119988e-5
8.269644942249376e-5
8.264281527638878e-5
8.258028117259103e-5
8.25108648517344e-5
8.243745672842393e-5
8.236374732274161e-5
8.228999680685391e-5
8.220882705195761e-5
8.205629802850926e-5
8.187630618960823e-5
8.167611448811834e-5
8.156089991436262e-5
8.15959171001739e-5
8.169979200193206e-5
8.180013965426093e-5
8.171745361706443e-5
8.05690992315796e-5
7.531153247350284e-5
5.980116923695075e-5
3.5254614892224524e-5
1.6754342195656155e-5
5.395432410432105e-6
1.6825980683359642e-6
5.181974071181904e-7
1.4489924430004908e-7
8.230662391417882e-5
8.228927118093608e-5
8.227193163142531e-5
8.23010766068503e-5
8.231321680620555e-5
8.23179126863269e-5
8.231950207182966e-5
8.232105811205166e-5
8.23221054547818e-5
8.231920570455222e-5
8.231734407300782e-5
8.232205864263532e-5
8.232618102603041e-5
8.232673756545566e-5
8.232864948666385e-5
8.233246354984504e-5
8.233714219674218e-5
8.234271933491278e-5
8.234917052477957e-5
8.235622798459845e-5
8.236379637804372e-5
8.237155654423301e-5
8.237922906434832e-5
8.238650224373733e-5
8.239299939097806e-5
8.239839775363896e-5
8.240216601912022e-5
8.240402427284638e-5
8.240342073531328e-5
8.239972475290173e-5
8.239244265639803e-5
8.238065162696981e-5
8.236348877946043e-5
8.23572155396136e-5
8.237532150877546e-5
8.240736784474533e-5
8.24470627796189e-5
8.249056147242376e-5
8.253332750399933e-5
8.257495136980561e-5
8.261730759557907e-5
8.265702443579204e-5
8.269141303436967e-5
8.272109161803375e-5
8.274659173839691e-5
8.27677987599978e-5
8.278426356245051e-5
8.279585901008748e-5
8.280222783883371e-5
8.280310088760579e-5
8.279812667141628e-5
8.278677294885103e-5
8.276860829839975e-5
8.274289541681848e-5
8.270905297540341e-5
8.266689836149954e-5
8.261625791653772e-5
8.25584513854995e-5
8.249604138379348e-5
8.243258551424127e-5
8.237265390761343e-5
8.231853016205771e-5
8.226750030326284e-5
8.216440759467236e-5
8.204938808881026e-5
8.188641943138034e-5
8.169412180988434e-5
8.158249333906927e-5
8.161758812948422e-5
8.171908986725465e-5
8.181859977554938e-5
8.174661588799353e-5
8.065161660085975e-5
7.554683490058637e-5
6.02443116296138e-5
3.561020434335473e-5
1.686214407592762e-5
5.43413592393289e-6
1.6903654443403238e-6
5.190722744540266e-7
1.446097909920321e-7
8.228927059690412e-5
8.227193051688745e-5
8.230135863648451e-5
8.231356978078493e-5
8.231825753652975e-5
8.231980880341183e-5
8.23213155410285e-5
8.232229725676147e-5
8.231929817451935e-5
8.231731084137036e-5
8.232188463569704e-5
8.232581992357139e-5
8.23261180156655e-5
8.232771018365486e-5
8.233114116224358e-5
8.233537219909434e-5
8.234043723286164e-5
8.234631565539886e-5
8.235275008861355e-5
8.235965620363902e-5
8.236673413506717e-5
8.237371477043424e-5
8.238031556697555e-5
8.238617973827008e-5
8.239103400815529e-5
8.23943642338518e-5
8.239596025851286e-5
8.239528763880076e-5
8.239186311195279e-5
8.238519749616495e-5
8.23745770145158e-5
8.235918477434384e-5
8.235371493024904e-5
8.237015122344432e-5
8.239920683849327e-5
8.243543159046072e-5
8.247548423030242e-5
8.251528302512453e-5
8.255374773359915e-5
8.259313348820945e-5
8.263079333580434e-5
8.266367036201544e-5
8.269198654807535e-5
8.271641062804384e-5
8.273677264256141e-5
8.275263831328862e-5
8.276380844286863e-5
8.276988874628974e-5
8.277059391778768e-5
8.27655449621961e-5
8.275423402015017e-5
8.273630518784513e-5
8.271113657291403e-5
8.267832381571064e-5
8.263793535544525e-5
8.259009210655148e-5
8.25364177814634e-5
8.247972712176598e-5
8.242378280831712e-5
8.237335471166167e-5
8.233160545374975e-5
8.229862784406789e-5
8.222561460377044e-5
8.215864907092671e-5
8.205936680064095e-5
8.19034204116077e-5
8.171552270431339e-5
8.16063377830424e-5
8.164004595243264e-5
8.173911175454356e-5
8.183779844292069e-5
8.17756979541499e-5
8.073302125170285e-5
7.577842571672289e-5
6.068498680897711e-5
3.597317974489289e-5
1.6973682842664186e-5
5.474353240978303e-6
1.6984146119263551e-6
5.199803400055406e-7
1.4431682629328313e-7
8.227192991811812e-5
8.230167919879428e-5
8.23139709215196e-5
8.231865007470498e-5
8.232016029077032e-5
8.232161636906497e-5
8.232253283172915e-5
8.231943465028957e-5
8.23173274259233e-5
8.232177268124458e-5
8.232553658564076e-5
8.23255944984441e-5
8.232689234281728e-5
8.232997111766342e-5
8.233379060224476e-5
8.233838555724674e-5
8.234373919220561e-5
8.234960181175964e-5
8.235589834115347e-5
8.236234582906648e-5
8.236869227731193e-5
8.237467184429766e-5
8.237995372064971e-5
8.238429181081374e-5
8.238722268029678e-5
8.238856238282355e-5
8.238783643185162e-5
8.238462044563671e-5
8.237852728581727e-5
8.236895208777646e-5
8.235516627130343e-5
8.23503930193317e-5
8.236528352461236e-5
8.239170427391141e-5
8.242474076783693e-5
8.246154728395381e-5
8.249850877038278e-5
8.253404503465449e-5
8.257054856409861e-5
8.260603283395794e-5
8.263729729561826e-5
8.266411973294976e-5
8.268731681614381e-5
8.270670248180662e-5
8.2721826568643e-5
8.273245404842819e-5
8.273814148840746e-5
8.273862455290593e-5
8.273350062301487e-5
8.272228678627939e-5
8.270469371942312e-5
8.268019722389602e-5
8.264854378636583e-5
8.260999757735428e-5
8.256489694580111e-5
8.251503566248558e-5
8.246328661718594e-5
8.241336742062136e-5
8.236987936601697e-5
8.23362448528384e-5
8.231412599090645e-5
8.225837801282219e-5
8.222047384116063e-5
8.216840017232371e-5
8.207519361369062e-5
8.192300676275482e-5
8.173907479804335e-5
8.163080912576467e-5
8.166280565077768e-5
8.175992468429227e-5
8.185731418141394e-5
8.18046864858451e-5
8.081287669838091e-5
7.600653761206411e-5
6.112773602401817e-5
3.6345447905815266e-5
1.7090241769625798e-5
5.5161596729109704e-6
1.7067566879900642e-6
5.20920681002727e-7
1.4401927703842254e-7
8.230204265611479e-5
8.231442632017767e-5
8.231909672011985e-5
8.232056207049893e-5
8.23219646545895e-5
8.232281478266467e-5
8.231961713379975e-5
8.231739397124086e-5
8.232172103482631e-5
8.232532595805392e-5
8.232516147160247e-5
8.232618745909584e-5
8.232894388417374e-5
8.233238572463254e-5
8.233654942221789e-5
8.234142122042387e-5
8.234676107908069e-5
8.235249935105516e-5
8.235836680885907e-5
8.236412857722962e-5
8.236953731645519e-5
8.23742847309638e-5
8.237814304461819e-5
8.238069737417271e-5
8.238179427105593e-5
8.238102203497777e-5
8.237797976634304e-5
8.237240430420591e-5
8.23637315407913e-5
8.23514330091196e-5
8.23472459215306e-5
8.236073858706181e-5
8.238475078693503e-5
8.241488080318603e-5
8.244871842892327e-5
8.248294414191402e-5
8.251578415658775e-5
8.254947503753429e-5
8.258278575754496e-5
8.261237372579093e-5
8.263765534714084e-5
8.265947637480631e-5
8.267777737793363e-5
8.269204178739337e-5
8.270204393593431e-5
8.270726421227029e-5
8.270747201802852e-5
8.27022726821215e-5
8.2691195036059e-5
8.267402995809507e-5
8.265033448217772e-5
8.261996876060758e-5
8.258336314109547e-5
8.25410041860754e-5
8.249476405463049e-5
8.244745849857327e-5
8.240262257037914e-5
8.236451951577881e-5
8.233648296228634e-5
8.232107417436561e-5
8.227508419152689e-5
8.2253661839502e-5
8.22300820072408e-5
8.218342612964067e-5
8.209294222951807e-5
8.194461116672232e-5
8.176325141925478e-5
8.165507544510404e-5
8.168628064083501e-5
8.178104955182843e-5
8.187712095179986e-5
8.183346031729891e-5
8.089111706248904e-5
7.623192324507602e-5
6.157355598232404e-5
3.672881348689347e-5
1.7211555818351737e-5
5.55961160040274e-6
1.7153883159079244e-6
5.2189516300455e-7
1.437163461920034e-7
8.231494281877907e-5
8.231960427893041e-5
8.232102061421911e-5
8.232236596281779e-5
8.232314699464e-5
8.231984755424553e-5
8.23175108820555e-5
8.2321728563768e-5
8.232518522010299e-5
8.232481212131149e-5
8.232558647358506e-5
8.232804681560851e-5
8.233114416965379e-5
8.233491275950928e-5
8.233934283597025e-5
8.234420392524103e-5
8.234943280991967e-5
8.23547706509747e-5
8.23599951349183e-5
8.236487892031329e-5
8.236913502827217e-5
8.237255536106225e-5
8.23747554325206e-5
8.237562333367238e-5
8.237479514125114e-5
8.237191971574424e-5
8.236679638437432e-5
8.235892493000402e-5
8.234794001049722e-5
8.234427167855041e-5
8.235653302528707e-5
8.237829766798706e-5
8.24057836298043e-5
8.243686631802579e-5
8.246855537095242e-5
8.249890318018194e-5
8.252987503785832e-5
8.256102032875619e-5
8.2588920607148e-5
8.261268845237231e-5
8.263304899149624e-5
8.265016308909536e-5
8.266346823695948e-5
8.267277053149778e-5
8.267748636352478e-5
8.267738481232913e-5
8.267211022029273e-5
8.266120510438726e-5
8.264453690977871e-5
8.262174708781859e-5
8.259278678750759e-5
8.255820635150043e-5
8.251859304685176e-5
8.247583244583946e-5
8.243261348857377e-5
8.239222215964706e-5
8.235851729158351e-5
8.233458563122364e-5
8.232348965408933e-5
8.228300743548782e-5
8.227071696035173e-5
8.226323132800083e-5
8.224468108629386e-5
8.219992263422182e-5
8.211258753361345e-5
8.196700178769403e-5
8.17867142885195e-5
8.167991031123457e-5
8.171006419535085e-5
8.180235977338238e-5
8.189715697672705e-5
8.186203213222118e-5
8.09675854509289e-5
7.645483802974241e-5
6.202324366639183e-5
3.7123383758093307e-5
1.7337510619341985e-5
5.604696104674613e-6
1.724330775411333e-6
5.229072386351381e-7
1.434101220533277e-7
8.232018036270716e-5
8.232154282611984e-5
8.232282666042119e-5
8.23235347818256e-5
8.23201289452254e-5
8.231767901819874e-5
8.232179474427931e-5
8.232511163836318e-5
8.232454123296347e-5
8.232508070272319e-5
8.232726787003083e-5
8.233004939967611e-5
8.233345804184135e-5
8.233748449058752e-5
8.23419078764195e-5
8.23466712006007e-5
8.235152752505411e-5
8.235626288020413e-5
8.23606658754449e-5
8.236447021646497e-5
8.236749023103607e-5
8.236936607802928e-5
8.237001836702039e-5
8.236912478330523e-5
8.236639816848777e-5
8.236167663060221e-5
8.235453643256524e-5
8.234468016765352e-5
8.23414765018873e-5
8.235261249690816e-5
8.237235652021643e-5
8.23974009203902e-5
8.242588990645682e-5
8.245525743628081e-5
8.248330495103798e-5
8.25117513719102e-5
8.254069383530829e-5
8.25669349532289e-5
8.25892202232746e-5
8.260814937549082e-5
8.262399825707304e-5
8.263627745792868e-5
8.264479330259117e-5
8.264898369242485e-5
8.264855629353127e-5
8.264321843818907e-5
8.26325183133532e-5
8.261640150392745e-5
8.259459790367498e-5
8.256712313074206e-5
8.253462315476116e-5
8.249774317533726e-5
8.245832996155653e-5
8.24189134401433e-5
8.238250404944592e-5
8.235253020266924e-5
8.233178641859097e-5
8.232361375397043e-5
8.228625162230809e-5
8.227894785783553e-5
8.22803156866684e-5
8.227765207032151e-5
8.226045714862038e-5
8.221821335535906e-5
8.213331069174427e-5
8.19882235668664e-5
8.18104915411633e-5
8.170518876191612e-5
8.173383488538912e-5
8.182382065812387e-5
8.191748110928816e-5
8.189014465891582e-5
8.104235260503057e-5
7.667545962439104e-5
6.247684534944676e-5
3.752913560464088e-5
1.746772246807268e-5
5.6515675578042605e-6
1.7336123224295713e-6
5.239536862979059e-7
1.4309673752378702e-7
8.232213685082949e-5
8.23233540595886e-5
8.232398421832987e-5
8.232046567518698e-5
8.231790061827468e-5
8.23219192681218e-5
8.232510272870077e-5
8.232434360232843e-5
8.232466308938773e-5
8.232659539303099e-5
8.23290858022939e-5
8.233216508956593e-5
8.233582480023182e-5
8.233984999341865e-5
8.234418892700805e-5
8.234860671376387e-5
8.235289925161093e-5
8.235686653477671e-5
8.236025864961033e-5
8.236291114250611e-5
8.236449242149189e-5
8.236494721021444e-5
8.236398788578912e-5
8.236138057199736e-5
8.235701756643691e-5
8.235053689407241e-5
8.234168392212148e-5
8.233886799604984e-5
8.234894244579669e-5
8.236689791881072e-5
8.238968183590451e-5
8.241577532671569e-5
8.244292860577034e-5
8.246889116838663e-5
8.249503730205125e-5
8.252180549770528e-5
8.254640633040561e-5
8.256722466066789e-5
8.258480462458805e-5
8.259937615824278e-5
8.26106073188923e-5
8.26182639659889e-5
8.262189307116614e-5
8.262113591260204e-5
8.261574918824593e-5
8.260529531264633e-5
8.258976858186637e-5
8.256900180414242e-5
8.25430621014164e-5
8.251265565731181e-5
8.247846882981001e-5
8.244226981902996e-5
8.240640359921695e-5
8.237360318757216e-5
8.23468895337909e-5
8.232873939499508e-5
8.232267032705382e-5
8.228709661066227e-5
8.228246688296748e-5
8.228860849449872e-5
8.229469755433136e-5
8.229306059604255e-5
8.227793243178745e-5
8.223795061526403e-5
8.215251086301526e-5
8.200937675836852e-5
8.183497330829032e-5
8.173031660311915e-5
8.175754983844753e-5
8.184555332941171e-5
8.193787499745502e-5
8.191782575051626e-5
8.11154096561468e-5
7.689386585798433e-5
6.293409247625433e-5
3.794541511780141e-5
1.7603545377081902e-5
5.700464808074652e-6
1.7432071548951578e-6
5.250406312217129e-7
1.4278032035439182e-7
8.232395574242885e-5
8.232450211839835e-5
8.232086330932214e-5
8.231817914571381e-5
8.232210364208687e-5
8.232515708062684e-5
8.23242149118153e-5
8.232432591948384e-5
8.23260191795004e-5
8.23282389374346e-5
8.233101500674251e-5
8.233433993156895e-5
8.233800511418174e-5
8.234195969477766e-5
8.234597957873804e-5
8.234987103060141e-5
8.235344588863488e-5
8.23564667874121e-5
8.235878526208013e-5
8.236009712573232e-5
8.236037313643611e-5
8.235935463632042e-5
8.23568469952947e-5
8.23527953853196e-5
8.23468962723411e-5
8.233895353090176e-5
8.233645764972647e-5
8.234554687489583e-5
8.236185118162923e-5
8.23825886011285e-5
8.240648462180148e-5
8.243151666375582e-5
8.245557125991805e-5
8.247960203380883e-5
8.250433994783592e-5
8.252730696919117e-5
8.254670913360948e-5
8.25629789401236e-5
8.257633516683804e-5
8.25865260932382e-5
8.259331425206762e-5
8.259633190428222e-5
8.259524229798658e-5
8.258980758045289e-5
8.257964159758577e-5
8.256474175052711e-5
8.254503987592417e-5
8.252065099410635e-5
8.249232026491425e-5
8.246074827983399e-5
8.242761253602357e-5
8.239506278072447e-5
8.236555587673779e-5
8.234173767971633e-5
8.232578105720071e-5
8.232131638283127e-5
8.228678891453096e-5
8.22835545045266e-5
8.229219817838033e-5
8.230301947636937e-5
8.230994668131591e-5
8.231007097653021e-5
8.2297237663939e-5
8.225593248315542e-5
8.217114625906856e-5
8.203156286121288e-5
8.185928349544789e-5
8.175516388978581e-5
8.178141660451279e-5
8.186740729142644e-5
8.195834015573214e-5
8.194505489806492e-5
8.11868550210402e-5
7.710996433579202e-5
6.339404390966457e-5
3.837357198754636e-5
1.7747715153041012e-5
5.75121131541448e-6
1.7531811629248353e-6
5.26170828098935e-7
1.369008944154104e-7
8.232509635547677e-5
8.232132743663744e-5
8.23185188955255e-5
8.23223509848747e-5
8.23252753746143e-5
8.232415199926111e-5
8.232406199298466e-5
8.232552913285192e-5
8.232749629204983e-5
8.232999081248017e-5
8.233300773011718e-5
8.233634609187043e-5
8.233995556379916e-5
8.234361730276131e-5
8.234714724335244e-5
8.235036867723977e-5
8.235305827061887e-5
8.235507829228508e-5
8.23561468710397e-5
8.235625987664764e-5
8.235518886642321e-5
8.23527725615298e-5
8.234899378159611e-5
8.234360264102667e-5
8.233646775021721e-5
8.233425050036309e-5
8.234244124774778e-5
8.235719461803487e-5
8.237607908402808e-5
8.239793412543737e-5
8.242101381174242e-5
8.244326111879004e-5
8.246535416632825e-5
8.248820089277757e-5
8.250959507920216e-5
8.252766604976262e-5
8.254264996403043e-5
8.255486640074525e-5
8.256404177611842e-5
8.257001072022171e-5
8.257239461662462e-5
8.257096585087136e-5
8.256547576199307e-5
8.255561072383272e-5
8.254137113051552e-5
8.252274892547896e-5
8.249990894804286e-5
8.24736028024201e-5
8.244454343514275e-5
8.241430346756419e-5
8.238483464380165e-5
8.235834092677882e-5
8.23371233502879e-5
8.232334289368082e-5
8.231989023662318e-5
8.228599783078312e-5
8.228345839628282e-5
8.229335203813282e-5
8.230666575722591e-5
8.231822455684989e-5
8.232669889202133e-5
8.232926323460884e-5
8.231466186778326e-5
8.227277547975195e-5
8.219114744509288e-5
8.205370002471618e-5
8.188308983306628e-5
8.178003536766285e-5
8.180535953540815e-5
8.188935976293044e-5
8.197883650944149e-5
8.197189653952924e-5
8.125673509581971e-5
7.73233735394294e-5
6.385680740937293e-5
3.881644779869393e-5
1.7897477941346505e-5
5.804252070046339e-6
1.7635283164318904e-6
5.284074448983224e-7
9.71756881540273e-7
8.232186511283194e-5
8.231892474678474e-5
8.232266502198232e-5
8.232545957984314e-5
8.232415351752892e-5
8.232386579194484e-5
8.232511567103314e-5
8.23268444235175e-5
8.23290770636899e-5
8.23318084070789e-5
8.233484866314126e-5
8.233814646653119e-5
8.234148935621494e-5
8.234469699363389e-5
8.23476025495192e-5
8.234999620027393e-5
8.235175263529103e-5
8.235260742340528e-5
8.235257473232231e-5
8.23514556431048e-5
8.234912323401711e-5
8.23455912062873e-5
8.234064977895335e-5
8.233422124646729e-5
8.233223990780647e-5
8.233960877039402e-5
8.235294070200211e-5
8.237010917685659e-5
8.239007144807244e-5
8.241135498331443e-5
8.243190757496556e-5
8.245223836653952e-5
8.247327806536877e-5
8.249320934102201e-5
8.251002408247495e-5
8.252381692328245e-5
8.253493526103235e-5
8.254314878200603e-5
8.254834211736231e-5
8.255013108575542e-5
8.254836231943809e-5
8.254281570572905e-5
8.253324232801038e-5
8.251967441306322e-5
8.250212654890935e-5
8.248081061507625e-5
8.245646397454308e-5
8.242979353372099e-5
8.240227157398353e-5
8.237565524580809e-5
8.235191067149063e-5
8.233303738887177e-5
8.232148508833417e-5
8.231866844287479e-5
8.228507121335415e-5
8.228284983747041e-5
8.229331227288133e-5
8.230788235547734e-5
8.232188755926629e-5
8.233483768274281e-5
8.234593300806231e-5
8.234652915692474e-5
8.233034032121982e-5
8.229126976150942e-5
8.221135361542857e-5
8.207512325555632e-5
8.190679448361956e-5
8.180493995587644e-5
8.182934321683059e-5
8.191137007675171e-5
8.199937277221853e-5
8.199838124540232e-5
8.132497310949642e-5
7.75339474905495e-5
6.43231508438163e-5
3.927089232449212e-5
1.8057208520649366e-5
5.859561236367019e-6
1.807498118277204e-6
1.938530625817453e-6
3.7461022565766644e-6
8.231940286317278e-5
8.232305008819786e-5
8.232571231608567e-5
8.232421960311204e-5
8.232373433547809e-5
8.232477072524611e-5
8.232627103581133e-5
8.232825763983647e-5
8.233072429912069e-5
8.233349051882303e-5
8.233650546653658e-5
8.233956373967855e-5
8.23424878583713e-5
8.234511505358153e-5
8.234724719668137e-5
8.234877114345438e-5
8.234944096628251e-5
8.234928379579855e-5
8.234812387364718e-5
8.234586663568138e-5
8.234255767888649e-5
8.233802116224059e-5
8.233221754289434e-5
8.233042557113773e-5
8.233703130045274e-5
8.23490732310257e-5
8.236465405156195e-5
8.238287292991117e-5
8.24024561180658e-5
8.242146321363242e-5
8.244017371841586e-5
8.245952351087891e-5
8.247806079408407e-5
8.249369796372432e-5
8.250642839278384e-5
8.25165064347054e-5
8.25238334286366e-5
8.252827245059004e-5
8.252953222804908e-5
8.25274398129342e-5
8.252185986739174e-5
8.251255759809663e-5
8.249964765445766e-5
8.248314844601978e-5
8.246330710191169e-5
8.244084206733513e-5
8.241642599884264e-5
8.239143650669104e-5
8.236744874105312e-5
8.23462104851271e-5
8.232944887147465e-5
8.231993736355957e-5
8.231772250063083e-5
8.228422280649557e-5
8.228208007554458e-5
8.229274950248887e-5
8.230790240721969e-5
8.23231498680508e-5
8.233842964109151e-5
8.235417585900197e-5
8.236324916380376e-5
8.236145395170733e-5
8.234788451990494e-5
8.231031737278185e-5
8.223065975363156e-5
8.209632374731605e-5
8.193049740914157e-5
8.182983383714693e-5
8.185333750512338e-5
8.19334310053853e-5
8.201995737937727e-5
8.202449898365561e-5
8.139149370677999e-5
7.774164769541436e-5
6.479091509187224e-5
3.974152625992611e-5
1.8225761169215686e-5
6.057827111864073e-6
4.5990224366922106e-6
6.207055089735963e-6
1.565280688277675e-5
8.232351221187427e-5
8.232603712159643e-5
8.232435114839433e-5
8.232366574164807e-5
8.232448905616176e-5
8.232576607416769e-5
8.232751738528177e-5
8.232973629654395e-5
8.233225073926537e-5
8.233500822399507e-5
8.233781119083521e-5
8.234048569207579e-5
8.234287211153565e-5
8.23447782976601e-5
8.234610016374214e-5
8.234661050107027e-5
8.234634981174798e-5
8.234516103500201e-5
8.234297465300017e-5
8.233986493804118e-5
8.233569180914575e-5
8.233044800464798e-5
8.232881251446614e-5
8.233470534725586e-5
8.23455612495069e-5
8.235968862158475e-5
8.237630418034119e-5
8.239428098914583e-5
8.241185800263329e-5
8.242907554484889e-5
8.244688672252736e-5
8.24640709886181e-5
8.247862447733938e-5
8.249037431991765e-5
8.249953535592426e-5
8.250604335708569e-5
8.250978459626122e-5
8.251054827193293e-5
8.250817463184729e-5
8.250258091818392e-5
8.2493558478453e-5
8.248126925140202e-5
8.24657814688964e-5
8.244734186930506e-5
8.242666138181959e-5
8.240436095251452e-5
8.238171626014497e-5
8.23601386304899e-5
8.234117799316211e-5
8.232631823600276e-5
8.231862933463883e-5
8.23169568741471e-5
8.228352817501086e-5
8.228133723000496e-5
8.229201544863509e-5
8.230739272223102e-5
8.232322713652266e-5
8.23396594203995e-5
8.235788625695993e-5
8.237163541573996e-5
8.237767241600736e-5
8.237838737563309e-5
8.236638339334751e-5
8.232830971295025e-5
8.224962479031576e-5
8.211749714421426e-5
8.195415308915275e-5
8.185469614194798e-5
8.187733005191518e-5
8.195553889122161e-5
8.204056419201424e-5
8.205022094135737e-5
8.145615979593873e-5
7.794585842362991e-5
6.526192543792486e-5
4.0227768412292806e-5
1.8826371777502077e-5
1.1557361422389016e-5
1.134210747078621e-5
2.231914256508627e-5
4.80417746673239e-5
8.232643906872824e-5
8.232454972890829e-5
8.232365851962382e-5
8.232426649332093e-5
8.232532172150065e-5
8.232684350375865e-5
8.232882633366798e-5
8.23311080698429e-5
8.23336317740553e-5
8.233620566341138e-5
8.233866022199842e-5
8.234083908856949e-5
8.234255497015878e-5
8.234370663771532e-5
8.234408286958489e-5
8.234373680440347e-5
8.23425314997075e-5
8.23404168585732e-5
8.233748906200854e-5
8.233363983876782e-5
8.232889531203568e-5
8.232739517470774e-5
8.233263094992388e-5
8.234238867552254e-5
8.235517999719101e-5
8.237031895908217e-5
8.238680612910973e-5
8.240303069690117e-5
8.241888413191401e-5
8.243527377559194e-5
8.245118942177869e-5
8.246472884377788e-5
8.247556794008861e-5
8.248393314483193e-5
8.24896984797974e-5
8.249284248922194e-5
8.249312828828562e-5
8.249052517237838e-5
8.248492139864397e-5
8.247620258847201e-5
8.246450402916185e-5
8.244998001035383e-5
8.243285581372012e-5
8.24138406824443e-5
8.239351052886892e-5
8.23730237596281e-5
8.235365081699298e-5
8.233674943110857e-5
8.232360200682723e-5
8.231753839825137e-5
8.231634211006841e-5
8.228296806666555e-5
8.228069892322637e-5
8.229129542850078e-5
8.230670247906656e-5
8.232277610958989e-5
8.233972459874509e-5
8.235922641465019e-5
8.237551781122865e-5
8.238571198936695e-5
8.239418747183836e-5
8.239669262462976e-5
8.238370577304369e-5
8.234584178750771e-5
8.22685481529901e-5
8.213860397071512e-5
8.197774763021257e-5
8.187951547394084e-5
8.190131184460449e-5
8.197765185451177e-5
8.206117420419561e-5
8.207542978829351e-5
8.151893295644309e-5
7.81469344917595e-5
6.57361256745543e-5
4.138761882126647e-5
2.5079868880965378e-5
2.13432570917102e-5
3.119943864076553e-5
5.5776602211437404e-5
7.522210009782298e-5
8.232481841332528e-5
8.232371213228916e-5
8.232409922970278e-5
8.232493123945134e-5
8.232622607431421e-5
8.232797926168034e-5
8.23300421901408e-5
8.233235232629e-5
8.233472267157845e-5
8.233698434267197e-5
8.233898493882044e-5
8.234054194703357e-5
8.23415562556819e-5
8.234182577252565e-5
8.234141346554686e-5
8.234020109205677e-5
8.233815999767315e-5
8.233540310007168e-5
8.233184620094571e-5
8.232754508020078e-5
8.232616014539912e-5
8.233079731322196e-5
8.23395467783843e-5
8.235110336232587e-5
8.236487608193547e-5
8.237998508820771e-5
8.239494024814936e-5
8.240954359191508e-5
8.242460393171164e-5
8.243935155133711e-5
8.24519285457059e-5
8.246195200709894e-5
8.246959021969277e-5
8.247471949111343e-5
8.24773496270798e-5
8.247722631654142e-5
8.247442641446631e-5
8.246883031601603e-5
8.246041180085804e-5
8.244929336178874e-5
8.243567383013903e-5
8.241978590804189e-5
8.240230322679842e-5
8.238379343382919e-5
8.236527633744222e-5
8.234790899313696e-5
8.233286775009232e-5
8.232125602592149e-5
8.231663574260991e-5
8.231586162079639e-5
8.228253250253631e-5
8.228017746525711e-5
8.229066845767699e-5
8.230601146733349e-5
8.232214130265563e-5
8.233927110613232e-5
8.23593844407942e-5
8.23770244315925e-5
8.238934466359987e-5
8.240191998496085e-5
8.241247920913092e-5
8.241373302916383e-5
8.24004491662209e-5
8.236332360031439e-5
8.22873969742496e-5
8.215963551149609e-5
8.20012721265036e-5
8.190428009610353e-5
8.192523143299648e-5
8.19997642572081e-5
8.208170334952634e-5
8.210014512994805e-5
8.157984206773702e-5
7.83450949144282e-5
6.663228110221854e-5
4.771213960739578e-5
3.774762874297545e-5
4.3289440928750344e-5
6.237979364554004e-5
7.779550162914437e-5
8.215615472084055e-5
8.232382750793136e-5
8.232398430128229e-5
8.232458817578892e-5
8.232565544086643e-5
8.232718241730277e-5
8.23290353717018e-5
8.23311473954361e-5
8.233333626103048e-5
8.233543179681153e-5
8.233728163225382e-5
8.233870831060701e-5
8.2339614118603e-5
8.233980603332883e-5
8.233934895844615e-5
8.233814105902677e-5
8.233617345067405e-5
8.233357708555096e-5
8.233028835954545e-5
8.232638457666473e-5
8.23250963664414e-5
8.232918737021468e-5
8.233701828840895e-5
8.234743972285302e-5
8.235994676128791e-5
8.237376956581866e-5
8.238754266123746e-5
8.240099255041703e-5
8.2414825004912e-5
8.242847331636862e-5
8.244015622881277e-5
8.244944436188835e-5
8.245642625187223e-5
8.246101586825653e-5
8.24631963021041e-5
8.246276413133713e-5
8.245979408859327e-5
8.245424993460172e-5
8.244610289796332e-5
8.243555853240282e-5
8.242277673982214e-5
8.240805279399131e-5
8.239197532763352e-5
8.237512825143783e-5
8.235840255118673e-5
8.23428423295334e-5
8.2329475673891e-5
8.231923676003506e-5
8.231589669366779e-5
8.231549741405573e-5
8.22822082098792e-5
8.227977082242407e-5
8.229015277019724e-5
8.230540004574321e-5
8.232147610796019e-5
8.233863982925198e-5
8.235900339221354e-5
8.237732771481698e-5
8.239066345009058e-5
8.240531424341733e-5
8.242027895141314e-5
8.242944628699676e-5
8.243008064569625e-5
8.241713698779016e-5
8.238072651867516e-5
8.230616701521997e-5
8.218058221938595e-5
8.20247143388659e-5
8.192893270961408e-5
8.194909335138525e-5
8.202183401075464e-5
8.210211456216906e-5
8.212437967751207e-5
8.163901952087618e-5
7.865961700163241e-5
6.93839380785146e-5
5.795478188097343e-5
5.7191956178219314e-5
6.819299933606618e-5
7.891499971698928e-5
8.243283209773369e-5
8.293802123049707e-5
8.232391970696546e-5
8.23242867238296e-5
8.232512231240976e-5
8.23264234857439e-5
8.232807251994139e-5
8.232999739684306e-5
8.233202233131233e-5
8.233397570835966e-5
8.233570249875801e-5
8.233702615748772e-5
8.233785004096944e-5
8.233799005393535e-5
8.233751147013669e-5
8.233632297252869e-5
8.233443139017037e-5
8.233198447481824e-5
8.232894137219636e-5
8.23253965755568e-5
8.232419357764665e-5
8.232778689765446e-5
8.233478046227382e-5
8.234416429448846e-5
8.23555047723792e-5
8.236812575606059e-5
8.238079130512411e-5
8.239317336704082e-5
8.240587986133568e-5
8.241848651659751e-5
8.242934406803957e-5
8.243795118388545e-5
8.244437008284974e-5
8.244848539013906e-5
8.245029894267418e-5
8.244962578485584e-5
8.244654311699652e-5
8.24410870012363e-5
8.243320764413691e-5
8.242320994348928e-5
8.241120864859849e-5
8.23975601147513e-5
8.23827782793211e-5
8.236743552043663e-5
8.23523342013205e-5
8.233839243792746e-5
8.23265227868211e-5
8.231750708297621e-5
8.231529817930431e-5
8.231522916206762e-5
8.228197965320117e-5
8.227946809275479e-5
8.228974819852004e-5
8.230489419704597e-5
8.232085919428528e-5
8.233798896514988e-5
8.235842398166552e-5
8.237706529512526e-5
8.239081937154926e-5
8.240644064747098e-5
8.242376885722201e-5
8.243727605260949e-5
8.244561541507711e-5
8.244636943064751e-5
8.243374218182739e-5
8.239805031888742e-5
8.232484639801435e-5
8.220143345689566e-5
8.204801917888028e-5
8.195348033695406e-5
8.197289000225814e-5
8.204377909351607e-5
8.212246390701318e-5
8.214816832294171e-5
8.172093420595781e-5
7.940427635002084e-5
7.331885415913432e-5
6.970967653887804e-5
7.39327389481005e-5
8.016947084025018e-5
8.261994737366258e-5
8.301881686548211e-5
8.30033110966027e-5
8.232402230133162e-5
8.232461801388454e-5
8.232569026297094e-5
8.232713915815467e-5
8.232888518293135e-5
8.233075977288864e-5
8.233259087551533e-5
8.23342198291862e-5
8.233546835359953e-5
8.233623675905678e-5
8.233634883727679e-5
8.233586937851634e-5
8.233471690035321e-5
8.233290845707906e-5
8.233060365047115e-5
8.232778354305828e-5
8.232456207452784e-5
8.232343677043901e-5
8.232658160492648e-5
8.233281306376955e-5
8.234124872615936e-5
8.235151833047056e-5
8.236302346642752e-5
8.237464794628865e-5
8.238603688436696e-5
8.239770379750303e-5
8.240933561549173e-5
8.241941826559055e-5
8.242739973241593e-5
8.243332706567064e-5
8.243703815297177e-5
8.243856624298939e-5
8.243770422707377e-5
8.243457696547642e-5
8.242923068964772e-5
8.242164847812262e-5
8.241215429440693e-5
8.240089438920233e-5
8.238821734499036e-5
8.237462937680547e-5
8.236063904935582e-5
8.234700375326444e-5
8.233450399937197e-5
8.232396459042547e-5
8.231619590419364e-5
8.23148204478793e-5
8.23150398650309e-5
8.228182980798148e-5
8.227925574037343e-5
8.228944510690039e-5
8.230449627753714e-5
8.232033975723986e-5
8.233739411238235e-5
8.235784333414034e-5
8.237657543774235e-5
8.239043714285917e-5
8.24064375476974e-5
8.242499347031352e-5
8.244084113948522e-5
8.245338112154725e-5
8.246172395939349e-5
8.246257208193086e-5
8.245026803900043e-5
8.241528054837121e-5
8.234342570760723e-5
8.222214244045558e-5
8.207119169397862e-5
8.197793825464312e-5
8.199651133710806e-5
8.206570679847532e-5
8.214273210361025e-5
8.217859173376733e-5
8.206410082974842e-5
8.024867502233106e-5
7.767529977278897e-5
7.814485332795806e-5
8.097145110850886e-5
8.261546116674228e-5
8.299214982260812e-5
8.304722143472432e-5
8.300007642941378e-5
8.232413494243366e-5
8.232497128972337e-5
8.232622013073457e-5
8.23277935383035e-5
8.232952945545603e-5
8.233125493934884e-5
8.233280788982661e-5
8.233400731705477e-5
8.233474797747414e-5
8.233485670136599e-5
8.233439633123038e-5
8.233329465619688e-5
8.233157812020233e-5
8.232941292633367e-5
8.232679816475606e-5
8.232386587785878e-5
8.232280964159921e-5
8.23255532535269e-5
8.233109622404826e-5
8.233866710546818e-5
8.234795438386018e-5
8.235842758524748e-5
8.236907830665842e-5
8.237954136646323e-5
8.239024122014758e-5
8.24009616858231e-5
8.241031189606124e-5
8.241772334453464e-5
8.242320477584838e-5
8.242658948077572e-5
8.242788938276667e-5
8.242691124498684e-5
8.242378478881001e-5
8.241858342705176e-5
8.241131553425783e-5
8.240230368478006e-5
8.239174420628376e-5
8.237994628392785e-5
8.236744251381725e-5
8.235466790353629e-5
8.234234095893542e-5
8.233112903928602e-5
8.232176070157449e-5
8.231545890878885e-5
8.231451160802999e-5
8.231491390716061e-5
8.228174229703399e-5
8.227911800587481e-5
8.228922948562577e-5
8.230419694400761e-5
8.231992558378183e-5
8.233689310743572e-5
8.23573412638768e-5
8.237604612314396e-5
8.238984739522377e-5
8.240592189970402e-5
8.242507955383044e-5
8.244215515926584e-5
8.245693945338856e-5
8.246942491979335e-5
8.247774329277599e-5
8.24786950455014e-5
8.246669800680879e-5
8.243240840062579e-5
8.236186694216257e-5
8.224271239962306e-5
8.209425718244195e-5
8.200218761146268e-5
8.202010335440913e-5
8.208757970131805e-5
8.216778768785583e-5
8.24794091102435e-5
8.22583995126939e-5
8.135884039143413e-5
8.10317547790156e-5
8.195109426972204e-5
8.272455798775526e-5
8.295349956839172e-5
8.301889542087498e-5
8.304393520878399e-5
8.299533826566463e-5
8.232425551658655e-5
8.232530082800856e-5
8.232670510317398e-5
8.232831257835024e-5
8.23299479591388e-5
8.233144394481389e-5
8.233261784415772e-5
8.233335669079158e-5
8.233348867527968e-5
8.233306836257167e-5
8.233203249368955e-5
8.233041512433995e-5
8.232838961246848e-5
8.232596771598782e-5
8.232329652531337e-5
8.232229999600466e-5
8.232468317757839e-5
8.23296066903371e-5
8.233639362028564e-5
8.234478200048242e-5
8.235430171495103e-5
8.236404499206942e-5
8.237364663464659e-5
8.23834467161027e-5
8.23933088858852e-5
8.240196586185596e-5
8.240884933711344e-5
8.241392963089571e-5
8.241704552474713e-5
8.241817271324808e-5
8.241714550590619e-5
8.241406151950302e-5
8.240904765126403e-5
8.240209636055348e-5
8.239356767159984e-5
8.238365657068064e-5
8.237267329078747e-5
8.236113901704288e-5
8.234945923130594e-5
8.233828590613228e-5
8.232821979919022e-5
8.23198783843341e-5
8.231505048072046e-5
8.231443132742152e-5
8.231486486035319e-5
8.228170237370407e-5
8.22790394733242e-5
8.22890863078187e-5
8.23039816047146e-5
8.231960800120755e-5
8.233649117465801e-5
8.235692205088934e-5
8.237556170549684e-5
8.238920613663325e-5
8.240522004689228e-5
8.242463982606075e-5
8.244232928462391e-5
8.245827305464894e-5
8.247297649959998e-5
8.248537696529272e-5
8.249368256810063e-5
8.24947201594613e-5
8.248302317578713e-5
8.244940234470989e-5
8.23801728989885e-5
8.226316869369398e-5
8.211711066452416e-5
8.202640334440995e-5
8.204364888600983e-5
8.211392990293508e-5
8.247035040474256e-5
8.259515613429186e-5
8.247641208526507e-5
8.22642840458296e-5
8.239674043300987e-5
8.271415215761208e-5
8.288373918318005e-5
8.296021054056719e-5
8.301361172120159e-5
8.303959986046068e-5
8.299153817943216e-5
8.232436787901893e-5
8.232560312986079e-5
8.232709016503437e-5
8.232864997407268e-5
8.233010765992296e-5
8.233127792024604e-5
8.233203865989333e-5
8.233221942341974e-5
8.233186223980283e-5
8.233090880664595e-5
8.232939946138462e-5
8.232751245191093e-5
8.232527398135847e-5
8.232284126414112e-5
8.232189845740693e-5
8.232395626182914e-5
8.232832127093695e-5
8.233439974104e-5
8.234197020537973e-5
8.2350612124861e-5
8.235951054117611e-5
8.236831127403366e-5
8.237727675759987e-5
8.238633001189127e-5
8.239432778036768e-5
8.240071202026905e-5
8.240543074446578e-5
8.240831602800956e-5
8.240932897423655e-5
8.240829733415263e-5
8.240531387867906e-5
8.24005124904462e-5
8.239389808261547e-5
8.238584149591058e-5
8.237654113655123e-5
8.236631240017716e-5
8.23556489063516e-5
8.234494865452078e-5
8.233479069553668e-5
8.232573284594542e-5
8.231828793059466e-5
8.231472652043032e-5
8.231447502138994e-5
8.231491330394373e-5
8.228170705578253e-5
8.227900660906612e-5
8.228900149718193e-5
8.230383533570074e-5
8.231937357717889e-5
8.233618060209935e-5
8.235658591781852e-5
8.237514385225503e-5
8.238859337575586e-5
8.240449029743132e-5
8.242400009058372e-5
8.244196915540134e-5
8.245847673067627e-5
8.247433010711146e-5
8.248891980833752e-5
8.25012485957265e-5
8.250952242146018e-5
8.251063786710088e-5
8.24992163854058e-5
8.246626543801698e-5
8.239836455480616e-5
8.228342596970508e-5
8.213994544634943e-5
8.205072533843633e-5
8.207126228056025e-5
8.24201600399515e-5
8.257862975841062e-5
8.26390351365275e-5
8.265924587210694e-5
8.26927075050668e-5
8.275350140097873e-5
8.282014377315822e-5
8.288722728322374e-5
8.295308275082521e-5
8.300876321244313e-5
8.303623916333684e-5
8.298856534770894e-5
8.232447119415137e-5
8.232584329996249e-5
8.232734041364454e-5
8.232877858876123e-5
8.232996711476493e-5
8.233077282328945e-5
8.233102624464067e-5
8.233075497374383e-5
8.232990311643612e-5
8.232851286116988e-5
8.232676489651039e-5
8.232470061706333e-5
8.232248681908281e-5
8.232159418549707e-5
8.232336027812655e-5
8.232722045352917e-5
8.233265799054581e-5
8.233948622070603e-5
8.234732483823745e-5
8.23554396768547e-5
8.236349583041597e-5
8.237168755589057e-5
8.237998138579547e-5
8.238735100950617e-5
8.239325869831552e-5
8.239764062243118e-5
8.24003237915041e-5
8.240126545288821e-5
8.240026973517641e-5
8.239743905115382e-5
8.239287516040939e-5
8.238662331526063e-5
8.237902244631169e-5
8.23703111623126e-5
8.23607748857771e-5
8.235090412255443e-5
8.234107381404182e-5
8.233181087078722e-5
8.232363044808538e-5
8.231696370995102e-5
8.231448007551108e-5
8.231453695622395e-5
8.231501411014018e-5
8.228175747390976e-5
8.227901271666612e-5
8.228896172058722e-5
8.230374440722556e-5
8.231920706390229e-5
8.233594915423027e-5
8.235632709810316e-5
8.237479935037853e-5
8.238805551985332e-5
8.240380970777631e-5
8.242332688375439e-5
8.24413980027752e-5
8.245814780886774e-5
8.247456396856817e-5
8.24902919746342e-5
8.250478236881739e-5
8.251701959940704e-5
8.252525238901029e-5
8.252642394751085e-5
8.251528088508359e-5
8.24830131118403e-5
8.241637001991073e-5
8.230367119531173e-5
8.216314942737695e-5
8.207788493048469e-5
8.237853274273808e-5
8.25284694590898e-5
8.258846348434859e-5
8.261290730299162e-5
8.263643661884287e-5
8.267735146536855e-5
8.273481994380087e-5
8.280276693504226e-5
8.287587549799262e-5
8.294647185263612e-5
8.30049383859621e-5
8.303363490733718e-5
8.298622218817622e-5
8.232455332631416e-5
8.232599915230974e-5
8.23274357959522e-5
8.232866499754554e-5
8.232953967578773e-5
8.232988977405277e-5
8.23297262497217e-5
8.23289949100903e-5
8.232773758237807e-5
8.232613233838672e-5
8.232423503112798e-5
8.232222136481827e-5
8.232137610496611e-5
8.23228815293607e-5
8.232628727779404e-5
8.233114444687892e-5
8.233729878457586e-5
8.2344404257062e-5
8.235179689991362e-5
8.235916302093042e-5
8.23666371239505e-5
8.237421914051687e-5
8.238099151056458e-5
8.238644369056669e-5
8.23905038564728e-5
8.239300324177779e-5
8.239389604053627e-5
8.239297361922079e-5
8.239032820570231e-5
8.238604187378323e-5
8.238016595164149e-5
8.237302484251415e-5
8.2364875107437e-5
8.235598275616762e-5
8.234683517629421e-5
8.233777817831381e-5
8.232930325545019e-5
8.232188088807944e-5
8.231588388444773e-5
8.231430539692017e-5
8.23146146409949e-5
8.231512247381156e-5
8.22818352565057e-5
8.227905452198216e-5
8.228895676388805e-5
8.230369615125069e-5
8.23190943024414e-5
8.233578301684971e-5
8.235613485540074e-5
8.237452484139621e-5
8.238760365397964e-5
8.240321587555401e-5
8.242269933690069e-5
8.244078214602056e-5
8.245760562205038e-5
8.247426693835323e-5
8.249055509038315e-5
8.250617278247036e-5
8.25205433981242e-5
8.253267858354412e-5
8.254085030480925e-5
8.254208174323358e-5
8.253122717316624e-5
8.249958125720156e-5
8.243435736655303e-5
8.232436922940166e-5
8.218925728036896e-5
8.236575613776018e-5
8.24864153233938e-5
8.253599436809925e-5
8.255220061815428e-5
8.25667713852158e-5
8.259600215404805e-5
8.264495376048994e-5
8.271060078628911e-5
8.278703840820975e-5
8.286655106069878e-5
8.29412406686495e-5
8.300193630323712e-5
8.303159759341381e-5
8.298437472578694e-5
8.232460660124861e-5
8.232605859878542e-5
8.232735125279768e-5
8.232832021289048e-5
8.232879294666811e-5
8.232875929161986e-5
8.232816711855737e-5
8.232705652817258e-5
8.232560065054008e-5
8.232386623381918e-5
8.23220370350219e-5
8.232123433938546e-5
8.232250684018937e-5
8.23255036210798e-5
8.232983672429768e-5
8.233537922132515e-5
8.234181623045359e-5
8.234854581494682e-5
8.23552754911283e-5
8.236208608174322e-5
8.236900173646226e-5
8.237520686747543e-5
8.238022308786954e-5
8.238397392360576e-5
8.238629883729837e-5
8.238715233739234e-5
8.238632341205787e-5
8.238388600700352e-5
8.237991304337342e-5
8.237442583062113e-5
8.236775930038615e-5
8.236014292467025e-5
8.235186406654992e-5
8.234336917381436e-5
8.233500845055264e-5
8.232722481170491e-5
8.232045790465817e-5
8.231503295366012e-5
8.231419571030835e-5
8.231470994617508e-5
8.231523336702578e-5
8.228192267188053e-5
8.227911729397029e-5
8.228897899402662e-5
8.2303668238362e-5
8.231902342513794e-5
8.233566865681707e-5
8.235599813708409e-5
8.23743117910045e-5
8.238723371404381e-5
8.240271669383437e-5
8.242214964844239e-5
8.244020167131564e-5
8.245701495989114e-5
8.247375429993564e-5
8.249028950270056e-5
8.250646486027235e-5
8.252195137351063e-5
8.253619069394681e-5
8.254820486751658e-5
8.255631941754188e-5
8.255761746868788e-5
8.254699517487354e-5
8.251612030614704e-5
8.245272418691828e-5
8.234928915768642e-5
8.240872628375651e-5
8.246225929185307e-5
8.249089303142364e-5
8.249406770315646e-5
8.249654073064787e-5
8.25142407029068e-5
8.255327533044629e-5
8.261330626266732e-5
8.268943174970707e-5
8.277400146187431e-5
8.285910979620669e-5
8.293710304875626e-5
8.299956512819756e-5
8.303000335507668e-5
8.298290453705889e-5
8.232462692993388e-5
8.232600582156107e-5
8.232709545810853e-5
8.232771821077575e-5
8.23278390036217e-5
8.232740594601018e-5
8.232645583624575e-5
8.232515627494442e-5
8.232358343873126e-5
8.232192637012307e-5
8.232116292330638e-5
8.232222495248476e-5
8.232485241569629e-5
8.232871204373093e-5
8.233370048825734e-5
8.233952873122352e-5
8.23456509856385e-5
8.235179570026387e-5
8.235799593545062e-5
8.236429035384219e-5
8.236995756262642e-5
8.23745551402301e-5
8.237800712689223e-5
8.238016197556882e-5
8.238097888019124e-5
8.238024744806869e-5
8.237803081277126e-5
8.237438806533786e-5
8.236931077013324e-5
8.236312550211521e-5
8.235603570930657e-5
8.23483380684198e-5
8.23404426993604e-5
8.233271166433292e-5
8.232553512061578e-5
8.231933476430121e-5
8.231461975971069e-5
8.231414728058113e-5
8.231482083286087e-5
8.231534815592476e-5
8.228201355389692e-5
8.227918966017056e-5
8.228901702153153e-5
8.230363851065159e-5
8.231897885237731e-5
8.23355943506868e-5
8.235590601183526e-5
8.237415024612203e-5
8.23869366311893e-5
8.24023069669788e-5
8.242168576123975e-5
8.243969015219116e-5
8.245645562233714e-5
8.247318916517386e-5
8.248980639785363e-5
8.250623045153685e-5
8.252227185206932e-5
8.253761491609824e-5
8.255170469092496e-5
8.256360134663342e-5
8.257166233946152e-5
8.25729731297725e-5
8.256272221891683e-5
8.253293034435248e-5
8.247564554262253e-5
8.248135936906201e-5
8.246871903249744e-5
8.245821371040896e-5
8.244320538121077e-5
8.243083371550718e-5
8.243509357448244e-5
8.24623368564754e-5
8.251370720973683e-5
8.258576607336007e-5
8.267169077989568e-5
8.276349861816108e-5
8.28531924724693e-5
8.293381708423179e-5
8.299769418239106e-5
8.302874073416433e-5
8.298172869451757e-5
8.232460895753675e-5
8.232584637590657e-5
8.232664838637669e-5
8.23269506949521e-5
8.232669919161918e-5
8.232592494315308e-5
8.232478877352248e-5
8.232337670389343e-5
8.23218821850263e-5
8.232115571786784e-5
8.232202740604353e-5
8.232431879567945e-5
8.232774916524224e-5
8.233223546557327e-5
8.233751100760981e-5
8.234307844149928e-5
8.234868704649323e-5
8.235432803203733e-5
8.236004697498028e-5
8.236520661792695e-5
8.236940256620488e-5
8.237256309967612e-5
8.237454886794814e-5
8.237532709974667e-5
8.237468922712861e-5
8.237269304848983e-5
8.236938239949314e-5
8.236472961385185e-5
8.23590326970705e-5
8.235247437309664e-5
8.234532803273377e-5
8.233799883400152e-5
8.233083113350502e-5
8.232419653231727e-5
8.231848438787132e-5
8.231460098413056e-5
8.231425144247096e-5
8.231494443098002e-5
8.231547220778927e-5
8.228210424447653e-5
8.227926905287353e-5
8.228906281015487e-5
8.230361486787505e-5
8.231894527971364e-5
8.233556567531284e-5
8.235584842727712e-5
8.237403077328092e-5
8.238670117159547e-5
8.2401976545644e-5
8.242130384632785e-5
8.243925688256337e-5
8.245596151904408e-5
8.247265089327035e-5
8.248926714236302e-5
8.250577668068266e-5
8.252206811562938e-5
8.253796283919202e-5
8.255314476241281e-5
8.256708769602374e-5
8.257886768770747e-5
8.258682211629144e-5
8.25882767923722e-5
8.257862452587852e-5
8.255375468823581e-5
8.254096842455792e-5
8.249411634959563e-5
8.244372332859979e-5
8.240237922312766e-5
8.237249408787138e-5
8.236147073067141e-5
8.237493142042888e-5
8.241487408044199e-5
8.247921359815608e-5
8.256242584215108e-5
8.265725390024332e-5
8.275509484580234e-5
8.284847781091844e-5
8.293121356575315e-5
8.299620484847956e-5
8.302773418327222e-5
8.298078517003547e-5
8.232455452874724e-5
8.232556733869833e-5
8.232607988824577e-5
8.232603507002364e-5
8.232545529515373e-5
8.23244909495171e-5
8.232323969259772e-5
8.232189823632043e-5
8.232120693921697e-5
8.232190619602772e-5
8.232389080659001e-5
8.232692936905198e-5
8.233095856010405e-5
8.233573223006336e-5
8.234079471543742e-5
8.234591427259337e-5
8.235104511130893e-5
8.235623382455287e-5
8.236091786951285e-5
8.236473059947193e-5
8.236760641636731e-5
8.236942120276402e-5
8.237015336668175e-5
8.236960001064314e-5
8.236781572393137e-5
8.236482946331245e-5
8.236059906238147e-5
8.235539465092638e-5
8.234936936811279e-5
8.234276441403556e-5
8.233597649138666e-5
8.232931806989627e-5
8.232317002413479e-5
8.231787863512713e-5
8.231470225226064e-5
8.231449710566711e-5
8.231511842834042e-5
8.231560418173813e-5
8.228219806270478e-5
8.227935015895884e-5
8.22891157074542e-5
8.230360600501075e-5
8.231892480555801e-5
8.23355916479947e-5
8.235582428968719e-5
8.237394497700345e-5
8.23865164188058e-5
8.240171392220544e-5
8.242099503264401e-5
8.243889920840346e-5
8.245554255490525e-5
8.247217358258756e-5
8.24887505506997e-5
8.25052632269391e-5
8.252164317681875e-5
8.253778909944922e-5
8.255352000363997e-5
8.25685424111451e-5
8.258233695071126e-5
8.259394755738306e-5
8.260192023139222e-5
8.260368050810138e-5
8.259773493946918e-5
8.257759146230531e-5
8.251668308530176e-5
8.244233999137575e-5
8.237411791330653e-5
8.232323334342098e-5
8.229532751306674e-5
8.229350356335012e-5
8.231982872715885e-5
8.237329393678688e-5
8.244966419105556e-5
8.254322826496756e-5
8.264562600761022e-5
8.27483726976381e-5
8.284473589046889e-5
8.292913538113086e-5
8.299501356358262e-5
8.302692825329927e-5
8.29800253849557e-5
8.232445921455124e-5
8.232521320149827e-5
8.232540271318894e-5
8.232503857022677e-5
8.232425760105317e-5
8.23231683995645e-5
8.232197145202463e-5
8.232131193994408e-5
8.232185370172005e-5
8.232355708314305e-5
8.232623684198157e-5
8.232984779394855e-5
8.233416384881322e-5
8.233876670701658e-5
8.234344203201138e-5
8.234811005332e-5
8.235281373427952e-5
8.235705578781391e-5
8.23605059053096e-5
8.236310526647109e-5
8.236474598717081e-5
8.23654206742154e-5
8.236493718871751e-5
8.236334984666918e-5
8.236067290648787e-5
8.235685375062958e-5
8.235213291794069e-5
8.234663785888098e-5
8.234057422504052e-5
8.233430754381949e-5
8.232813074348548e-5
8.23224181120391e-5
8.231749375663372e-5
8.231485847261428e-5
8.231477049037591e-5
8.231534075216023e-5
8.231575298141488e-5
8.228230086393745e-5
8.227942934608865e-5
8.228917570439396e-5
8.230360661681716e-5
8.231892067686002e-5
8.233564515524627e-5
8.23558349397661e-5
8.237387777251393e-5
8.238637256296571e-5
8.240150778071629e-5
8.242074922909931e-5
8.243860926280762e-5
8.245519674724639e-5
8.24717676484865e-5
8.248829074330168e-5
8.250476843710172e-5
8.252115501163863e-5
8.25373924984215e-5
8.255337643539685e-5
8.256894385336864e-5
8.258380306312826e-5
8.259739666679497e-5
8.260895747542163e-5
8.261706107258903e-5
8.262152101019576e-5
8.259738256071586e-5
8.252973132342262e-5
8.244316543421167e-5
8.235618873776542e-5
8.22842815111404e-5
8.223801451462412e-5
8.221997478714135e-5
8.223124154907197e-5
8.227151998869158e-5
8.233739955809852e-5
8.24251085522574e-5
8.252765361593575e-5
8.263628750981851e-5
8.274302594098786e-5
8.284174670627811e-5
8.292746979104996e-5
8.299405762738507e-5
8.30262799104031e-5
8.297941249781022e-5
8.232433838037848e-5
8.23247922988666e-5
8.232466726949155e-5
8.23240839243871e-5
8.232316078393268e-5
8.232210129536675e-5
8.232146902213339e-5
8.232186384488359e-5
8.2323306969054e-5
8.232565615307585e-5
8.232888309400447e-5
8.233278006306839e-5
8.233696413177121e-5
8.234123568711286e-5
8.23454859978771e-5
8.234974941431078e-5
8.235358501826819e-5
8.235669550115471e-5
8.235902927170533e-5
8.236049414250417e-5
8.236109890236528e-5
8.236066595731547e-5
8.235925302542775e-5
8.235686591209894e-5
8.235344048112433e-5
8.234918812607016e-5
8.234421127726396e-5
8.233868129549868e-5
8.233292714716054e-5
8.232721976955053e-5
8.232190256435934e-5
8.231730561857765e-5
8.231506197628234e-5
8.231504444699918e-5
8.2315568769734e-5
8.23159199866005e-5
8.228242010529363e-5
8.227951025227853e-5
8.228923948702912e-5
8.230361717757081e-5
8.231892590714884e-5
8.233570163237288e-5
8.23558627153766e-5
8.237381421780767e-5
8.238625722904107e-5
8.240134761402754e-5
8.242055672008239e-5
8.243837760736116e-5
8.245491679272968e-5
8.247143180348311e-5
8.248789839443843e-5
8.250432652962987e-5
8.252068152916446e-5
8.253692918649237e-5
8.255300864379417e-5
8.256882950887791e-5
8.258422779735653e-5
8.259887158832412e-5
8.261237936232624e-5
8.262396656104877e-5
8.263399655751729e-5
8.260723698486233e-5
8.253545504224836e-5
8.244176962325372e-5
8.234312814994676e-5
8.225464240680035e-5
8.219027951003603e-5
8.215562922761202e-5
8.215118823482151e-5
8.217696969134715e-5
8.222975415013207e-5
8.230732300701538e-5
8.240504486456465e-5
8.25150892090153e-5
8.262884583615415e-5
8.273874991045094e-5
8.283935019535618e-5
8.292613130353872e-5
8.29932877665538e-5
8.302575712027362e-5
8.297891769266762e-5
8.2324195019261e-5
8.23243358155344e-5
8.23239663158143e-5
8.232321566675167e-5
8.232228832771313e-5
8.2321678969142e-5
8.232193395184238e-5
8.232313184536062e-5
8.2325173164173e-5
8.232804474744013e-5
8.233155723944943e-5
8.233535859939995e-5
8.233926326380771e-5
8.234313718245247e-5
8.234700387964319e-5
8.235046965396266e-5
8.235326647308245e-5
8.235534860639567e-5
8.235663888134778e-5
8.235716260749173e-5
8.235675890440255e-5
8.23554928957785e-5
8.235337045778221e-5
8.235031384088291e-5
8.234651046281597e-5
8.23420333052612e-5
8.233702404132573e-5
8.233177533935942e-5
8.232652728575516e-5
8.23215898167724e-5
8.231729031541192e-5
8.231531417518637e-5
8.231532298586429e-5
8.231578930332744e-5
8.231609142484923e-5
8.228254919201537e-5
8.227960270578775e-5
8.228930294220955e-5
8.23036401711867e-5
8.231893572377339e-5
8.233575903559554e-5
8.235589112730132e-5
8.237375933910795e-5
8.23861593864405e-5
8.2401223907136e-5
8.2420408742081e-5
8.243819513159461e-5
8.245469354607622e-5
8.247115956499218e-5
8.248757257279285e-5
8.250394846621931e-5
8.252025714242212e-5
8.253647649938305e-5
8.255257091946209e-5
8.256848982655762e-5
8.258414006127717e-5
8.259931756515424e-5
8.261385699511531e-5
8.262732789824564e-5
8.264026735876392e-5
8.261165289584486e-5
8.253699356340487e-5
8.243844315219906e-5
8.233195452843533e-5
8.223149616537488e-5
8.215165759284084e-5
8.210104124561149e-5
8.208100809036203e-5
8.209194771083858e-5
8.213040522723453e-5
8.219462792593422e-5
8.228260257596934e-5
8.238878876006183e-5
8.250505670940781e-5
8.26228905410451e-5
8.273531949871848e-5
8.283742416978229e-5
8.292505220940941e-5
8.299266665398552e-5
8.302533508059057e-5
8.297851798134775e-5
8.232403978807603e-5
8.23239028484968e-5
8.232333268027404e-5
8.232253420420222e-5
8.232194334583993e-5
8.23220630498989e-5
8.232302601930401e-5
8.232477586830178e-5
8.232731522068576e-5
8.233047214185542e-5
8.233392314607614e-5
8.233749421141658e-5
8.234103012545084e-5
8.23445407565559e-5
8.234767348945396e-5
8.235018497750019e-5
8.235203320631251e-5
8.235315428767219e-5
8.235358892097847e-5
8.235319440300407e-5
8.235204624879815e-5
8.235015554685004e-5
8.23474352180938e-5
8.234405435311363e-5
8.234005758195002e-5
8.233555305101468e-5
8.233079840522182e-5
8.232599903660408e-5
8.23214389796459e-5
8.231741976472751e-5
8.231561836021203e-5
8.231560856106978e-5
8.231600665554855e-5
8.231625811166731e-5
8.228267802173714e-5
8.227970374717129e-5
8.228935334888114e-5
8.230367485106159e-5
8.23189514903337e-5
8.233581361848692e-5
8.235591875349951e-5
8.23737174006969e-5
8.238608004053721e-5
8.240112833765313e-5
8.242029724912919e-5
8.243805395976275e-5
8.245451779096236e-5
8.247094266337905e-5
8.248730724368355e-5
8.250363357429725e-5
8.251989328118364e-5
8.253606891835792e-5
8.255213994869066e-5
8.256807731871306e-5
8.258382613857119e-5
8.259925490627939e-5
8.261431882098608e-5
8.262878250795068e-5
8.264318614726206e-5
8.261321389104806e-5
8.253645012348444e-5
8.243431738821404e-5
8.232207353450616e-5
8.221275106395871e-5
8.21205848017454e-5
8.205591020318839e-5
8.202125118499517e-5
8.201782711039337e-5
8.204208128093185e-5
8.209141726732029e-5
8.216568333831536e-5
8.226250399343533e-5
8.237578832291935e-5
8.24970235452176e-5
8.261811255970728e-5
8.273256156187654e-5
8.283587133684713e-5
8.292418089269533e-5
8.299216512468634e-5
8.30249940943143e-5
8.297819505243353e-5
8.23238931338803e-5
8.2323513684965e-5
8.232284183825957e-5
8.232226494120233e-5
8.232225155155678e-5
8.232298588715952e-5
8.232445554448653e-5
8.232667914287869e-5
8.232950376011124e-5
8.233263209825626e-5
8.233589959022694e-5
8.233913242435478e-5
8.234232554726972e-5
8.234516103449495e-5
8.234741652277855e-5
8.234905191133326e-5
8.235001366211951e-5
8.235035559192084e-5
8.23499539104873e-5
8.234889592127447e-5
8.234719989329334e-5
8.234477807226234e-5
8.234178636616093e-5
8.233824440473854e-5
8.233422549629583e-5
8.232995161174114e-5
8.232559226826234e-5
8.232140403290526e-5
8.231766152467256e-5
8.231596601353743e-5
8.231590468982382e-5
8.231622984691018e-5
8.231641847550508e-5
8.228280570322406e-5
8.227980112349744e-5
8.228939796503034e-5
8.230370911971937e-5
8.231897861745222e-5
8.233586206975333e-5
8.235594600508764e-5
8.237368195723224e-5
8.23860204063891e-5
8.240105440801978e-5
8.242021432661246e-5
8.243794762871372e-5
8.245438117359892e-5
8.24707726411718e-5
8.248709476353842e-5
8.250337594126796e-5
8.25195897903219e-5
8.253571827340807e-5
8.255175014566166e-5
8.256766810428766e-5
8.258343677730851e-5
8.259896565622366e-5
8.26142762831781e-5
8.26292401621656e-5
8.264433209556762e-5
8.261334527733331e-5
8.253500919666686e-5
8.243016570398704e-5
8.231353459887067e-5
8.219741994015157e-5
8.209551460392166e-5
8.201916291910979e-5
8.197166743742762e-5
8.195506207543107e-5
8.196628681649911e-5
8.200104241771744e-5
8.205942891170308e-5
8.21421309663072e-5
8.224642220925187e-5
8.23653800348244e-5
8.249057930555295e-5
8.261427202569166e-5
8.273033730050846e-5
8.283461744424051e-5
8.292347687448024e-5
8.299175990630123e-5
8.302471854585229e-5
8.297793416292883e-5
8.232376208107055e-5
8.232321594782523e-5
8.232264800351482e-5
8.232250122438898e-5
8.232300926954085e-5
8.23242052881592e-5
8.232612415645038e-5
8.23286337386931e-5
8.233146187433197e-5
8.23344514188733e-5
8.23374132103402e-5
8.234032532081899e-5
8.234289840107404e-5
8.234492737159997e-5
8.234637305281767e-5
8.234718896195557e-5
8.234743990736455e-5
8.234701926340984e-5
8.234602727218676e-5
8.234449010787092e-5
8.234232529098477e-5
8.233968247321513e-5
8.233656103714864e-5
8.233300400689e-5
8.232919474959892e-5
8.23252671775436e-5
8.232144682744314e-5
8.231798258538638e-5
8.231634108990476e-5
8.23162158033107e-5
8.231645992935585e-5
8.231658296822311e-5
8.228292715922373e-5
8.227989518259705e-5
8.22894497418328e-5
8.230374471696836e-5
8.231903911179077e-5
8.233590556326266e-5
8.23559716275275e-5
8.23736501147011e-5
8.238597370982893e-5
8.24009977127173e-5
8.242015208815624e-5
8.243787053206913e-5
8.245427676054789e-5
8.247064145890374e-5
8.248692758804471e-5
8.250316791989437e-5
8.251934115268069e-5
8.253542499822884e-5
8.255141352989761e-5
8.256729658696232e-5
8.258304760661953e-5
8.259859868319372e-5
8.261400693367501e-5
8.262920214151575e-5
8.264457343572264e-5
8.261281693545982e-5
8.253329156585112e-5
8.242637308094834e-5
8.23063510302112e-5
8.218495478159214e-5
8.207532381879181e-5
8.198949059825618e-5
8.193133081372094e-5
8.190329821586274e-5
8.190332275166992e-5
8.192534592478612e-5
8.196793523681938e-5
8.20335301822813e-5
8.21233247218091e-5
8.223356426660172e-5
8.235703837286379e-5
8.248540190693836e-5
8.261117516493372e-5
8.27285406731594e-5
8.283360426709128e-5
8.292290775788262e-5
8.299143247159173e-5
8.302449587962984e-5
8.297772341820258e-5
8.232366293807167e-5
8.232309842384304e-5
8.232281492933173e-5
8.232309518141787e-5
8.232401961086284e-5
8.232563985405496e-5
8.232784625876193e-5
8.23303915332765e-5
8.233312421816224e-5
8.233584278917035e-5
8.23385076764455e-5
8.234085200673859e-5
8.234268482974602e-5
8.234396507752327e-5
8.23446518198397e-5
8.234481765197919e-5
8.234437172556866e-5
8.234342577217889e-5
8.234201580439049e-5
8.234006870870573e-5
8.233772927564623e-5
8.233498542903655e-5
8.233185750130918e-5
8.232849359279068e-5
8.232498813272501e-5
8.232153489444425e-5
8.231835130892033e-5
8.231673222741308e-5
8.231653971713365e-5
8.231669779792967e-5
8.231676274326329e-5
8.228304399207467e-5
8.227999008331585e-5
8.228950453498359e-5
8.230379377844784e-5
8.231912693344005e-5
8.233596037787155e-5
8.235599286914288e-5
8.237362289659587e-5
8.238593243919651e-5
8.240095477592747e-5
8.24201034440681e-5
8.243781670014326e-5
8.245419929545192e-5
8.247054167849428e-5
8.248679885970583e-5
8.250300201498013e-5
8.251913984132644e-5
8.253518427865636e-5
8.255113084695686e-5
8.25669749573565e-5
8.258269318437752e-5
8.25982289777744e-5
8.261365754354407e-5
8.262894062286887e-5
8.264438253956085e-5
8.261203513134483e-5
8.253160253688718e-5
8.242308610251565e-5
8.230042837254807e-5
8.217490681783475e-5
8.205915087528955e-5
8.196568877481947e-5
8.189896568287291e-5
8.186155175608709e-5
8.185251732822639e-5
8.186458725256834e-5
8.189357121174408e-5
8.194158390714923e-5
8.201300959845724e-5
8.21083491312259e-5
8.22232828456657e-5
8.235034549045833e-5
8.248122865821874e-5
8.260867390373303e-5
8.272708853337644e-5
8.283278518653686e-5
8.292244769409118e-5
8.299116790127819e-5
8.30243159707717e-5
8.297755320315924e-5
8.232362381107904e-5
8.232319776392564e-5
8.232324430969826e-5
8.232389438946786e-5
8.232521728666787e-5
8.232712747289411e-5
8.232940241462569e-5
8.233189490262036e-5
8.233439379589776e-5
8.2336841628931e-5
8.233898937074485e-5
8.234065646427723e-5
8.234179723765587e-5
8.234237388272729e-5
8.234246415187503e-5
8.234199136156871e-5
8.234107716352076e-5
8.233976833696522e-5
8.233800172622959e-5
8.23359203226918e-5
8.233350886146307e-5
8.233077015805105e-5
8.232782320843413e-5
8.232472630595775e-5
8.232163807308737e-5
8.23187395585543e-5
8.231712731180837e-5
8.231686643030344e-5
8.231694607011509e-5
8.23169572804604e-5
8.228317070847321e-5
8.228008507300538e-5
8.22895660603474e-5
8.230385244829339e-5
8.231921743542258e-5
8.233602829697337e-5
8.235599942874277e-5
8.23736017565231e-5
8.238589264786984e-5
8.240092074323981e-5
8.242006376289557e-5
8.243777872221671e-5
8.2454144757929e-5
8.247046672293812e-5
8.248670222791359e-5
8.25028718331775e-5
8.251897811141963e-5
8.253498930643019e-5
8.255089771337781e-5
8.256670410570352e-5
8.258238612749691e-5
8.259789109313677e-5
8.261330231253434e-5
8.262859964204839e-5
8.264401182967511e-5
8.261120634107822e-5
8.25300773532332e-5
8.242032591430088e-5
8.229561405595642e-5
8.21668655648983e-5
8.204626768993094e-5
8.194670890499501e-5
8.187324440295066e-5
8.182846947282377e-5
8.181254447616712e-5
8.181772190779058e-5
8.183673381163153e-5
8.186931268424008e-5
8.192111937812692e-5
8.199682729991097e-5
8.209643495672966e-5
8.221505592008753e-5
8.234495674326527e-5
8.247785882864919e-5
8.260665230079918e-5
8.272591424923028e-5
8.283212302098189e-5
8.292207583258262e-5
8.299095415535071e-5
8.30241706330945e-5
8.297741574089527e-5
8.232365628762203e-5
8.232345911477528e-5
8.23238268580692e-5
8.232484843189515e-5
8.232646451317982e-5
8.23284774501938e-5
8.233074267075899e-5
8.233304165137317e-5
8.233529914018418e-5
8.233727960027951e-5
8.23388099431764e-5
8.233983836483476e-5
8.234032639974056e-5
8.234035462866675e-5
8.23398578394694e-5
8.233896609237846e-5
8.233773772441208e-5
8.233611817673854e-5
8.233425393274411e-5
8.233212948229084e-5
8.232973560419396e-5
8.232716808439475e-5
8.232445860913868e-5
8.232172642296026e-5
8.231911872429175e-5
8.231751377559182e-5
8.231718827855946e-5
8.231720067442e-5
8.231716150156664e-5
8.228331338109118e-5
8.228018401775542e-5
8.228964098139124e-5
8.230391646946621e-5
8.231930709668774e-5
8.233609499642577e-5
8.235599764239738e-5
8.237358059115455e-5
8.238585652470284e-5
8.240088903845455e-5
8.242003116257922e-5
8.243774845727262e-5
8.245410877146249e-5
8.247041142792346e-5
8.248663131525494e-5
8.250277229363669e-5
8.251884905099252e-5
8.253483286031846e-5
8.255070794309591e-5
8.256647968825802e-5
8.258212776740263e-5
8.259759796220146e-5
8.261297571243504e-5
8.26282520461853e-5
8.264359207330632e-5
8.261042855121055e-5
8.252876243203178e-5
8.24180543719936e-5
8.229173955795595e-5
8.216046536765965e-5
8.203604998230993e-5
8.193164543265261e-5
8.185293631422068e-5
8.18025860904249e-5
8.178174800536611e-5
8.178287526266475e-5
8.179608421911871e-5
8.18174246225918e-5
8.18513710408179e-5
8.190534254577761e-5
8.198409257487906e-5
8.208695401233242e-5
8.220844739066268e-5
8.234060903793653e-5
8.24751356063221e-5
8.260501745324622e-5
8.272496468625917e-5
8.283158777824529e-5
8.292177532373919e-5
8.299078149767396e-5
8.302405324203935e-5
8.297730474001469e-5
8.232374351541784e-5
8.23238164398239e-5
8.232452721961404e-5
8.232584602424276e-5
8.23276011527901e-5
8.232964800907114e-5
8.2331763856013e-5
8.233385433940293e-5
8.233569406600967e-5
8.23371149891062e-5
8.233805753903895e-5
8.233848026672944e-5
8.233846343515134e-5
8.233795009085692e-5
8.233707784897014e-5
8.233591330437347e-5
8.233441345106482e-5
8.233273052071782e-5
8.233084824356007e-5
8.232875283197349e-5
8.232652371480797e-5
8.232417200565656e-5
8.232177912843615e-5
8.231946527932696e-5
8.231787936401396e-5
8.231750084131955e-5
8.231745402687284e-5
8.231737250899254e-5
8.228346530251078e-5
8.22802945747847e-5
8.228972910785059e-5
8.230399172117362e-5
8.231939479613618e-5
8.233615764413824e-5
8.235600395529017e-5
8.23735605022734e-5
8.238582924944189e-5
8.240085598414389e-5
8.242000386817722e-5
8.243772025036178e-5
8.245408457150489e-5
8.247037234559822e-5
8.248657955187896e-5
8.250269903435524e-5
8.251874728742843e-5
8.253470801638615e-5
8.255055518699858e-5
8.256629552022782e-5
8.258191399661558e-5
8.259735141720292e-5
8.261269097557445e-5
8.262793161336606e-5
8.26431873644475e-5
8.260974192550124e-5
8.25276599768618e-5
8.241620979138091e-5
8.228864359088794e-5
8.215539210591936e-5
8.202797292737707e-5
8.191973140294239e-5
8.183696684411411e-5
8.17825026330574e-5
8.175840594277797e-5
8.175782662751134e-5
8.176913027458948e-5
8.178443273586787e-5
8.180490142157968e-5
8.183829673484629e-5
8.189322764231348e-5
8.197407391988639e-5
8.20793747041125e-5
8.220312516213052e-5
8.233709772431301e-5
8.247293341450374e-5
8.260369538366318e-5
8.272419696407167e-5
8.283115522000874e-5
8.292153252734874e-5
8.29906420502282e-5
8.302395843537354e-5
8.297721511354613e-5
8.232386375077714e-5
8.232424909090996e-5
8.232526216004192e-5
8.232675866559504e-5
8.232859236300456e-5
8.233053918063527e-5
8.23324832653601e-5
8.233420692236444e-5
8.233554402183e-5
8.23364258210379e-5
8.233680716628472e-5
8.233676407797332e-5
8.233624593798393e-5
8.233539407875385e-5
8.233428298981316e-5
8.233288149474617e-5
8.233134790010633e-5
8.232966779653465e-5
8.232782752323548e-5
8.232589506283943e-5
8.232386337459014e-5
8.232178735590434e-5
8.231976009976181e-5
8.231821201974695e-5
8.231779729816062e-5
8.231770315292244e-5
8.231758748547602e-5
8.228362100490338e-5
8.228041559346224e-5
8.228983058479839e-5
8.230408410864559e-5
8.231948218835107e-5
8.233621939537817e-5
8.235601988723195e-5
8.237355204295733e-5
8.238581313972628e-5
8.240082569187636e-5
8.241997808069247e-5
8.243769362732525e-5
8.245406337805101e-5
8.247034648542365e-5
8.24865411465383e-5
8.25026471347773e-5
8.251866928246968e-5
8.25346085836619e-5
8.255043351475114e-5
8.256614545456547e-5
8.258173847049828e-5
8.259714798207102e-5
8.261245042516692e-5
8.262765117365996e-5
8.264282577033953e-5
8.260915683255959e-5
8.252675200680018e-5
8.241472539898158e-5
8.228618241567629e-5
8.215138302967674e-5
8.202160387092831e-5
8.191033200542136e-5
8.18244369694603e-5
8.176698758628866e-5
8.174091231556507e-5
8.174037484677957e-5
8.175290356241877e-5
8.176727310340936e-5
8.178022567927649e-5
8.179731110307084e-5
8.182888173236586e-5
8.18839400210878e-5
8.196614612854753e-5
8.207329433314144e-5
8.219883276578802e-5
8.233425926233742e-5
8.247115249144021e-5
8.260262641668155e-5
8.27235764109906e-5
8.283080572275913e-5
8.292133639675041e-5
8.299052943735316e-5
8.302388187427892e-5
8.297714274256244e-5
8.232401024074332e-5
8.232470432400189e-5
8.232593672896528e-5
8.232755874356633e-5
8.232934683311861e-5
8.233116300906954e-5
8.233279370696252e-5
8.233407134792219e-5
8.233491687819234e-5
8.23352799298725e-5
8.233523016535179e-5
8.23347220128288e-5
8.233389648575258e-5
8.233283444267584e-5
8.233151604831235e-5
8.233010428500964e-5
8.232859148169322e-5
8.232696494225851e-5
8.232528591975672e-5
8.232353560312067e-5
8.232174980360979e-5
8.231999274146909e-5
8.23185020332986e-5
8.231806945229444e-5
8.231794441985744e-5
8.231780208774441e-5
8.228377913296595e-5
8.228054082014403e-5
8.228994467260018e-5
8.230419227723349e-5
8.231957528583229e-5
8.233628341233048e-5
8.23560443353022e-5
8.237356042453418e-5
8.238580757273074e-5
8.240080655887656e-5
8.241995185001196e-5
8.243767071401918e-5
8.245403937628956e-5
8.247032847956035e-5
8.248651267295721e-5
8.250261020999036e-5
8.251861264466912e-5
8.253452972089693e-5
8.255033734562812e-5
8.256602431613001e-5
8.258159442082985e-5
8.259698197995881e-5
8.261225115806605e-5
8.262741283776135e-5
8.26425162966898e-5
8.260866920017694e-5
8.252601299960763e-5
8.24135381541824e-5
8.228423316631496e-5
8.214822223313057e-5
8.201659121154528e-5
8.190293052838714e-5
8.181461697935674e-5
8.175501841134273e-5
8.17278821016462e-5
8.172856013261968e-5
8.174450446110395e-5
8.176215379893655e-5
8.177382509860166e-5
8.178101605022856e-5
8.179316767490773e-5
8.18221727073006e-5
8.187676557158026e-5
8.195984034267044e-5
8.20684056692285e-5
8.219536615350826e-5
8.233196430589597e-5
8.246971243653529e-5
8.260176231064427e-5
8.272307494108967e-5
8.283052339232544e-5
8.292117798561822e-5
8.299043850097493e-5
8.302382004010508e-5
8.297708427729455e-5
8.23241647864562e-5
8.232512361503872e-5
8.232653144350152e-5
8.232816748006962e-5
8.232987166309337e-5
8.233143072946184e-5
8.233267281104411e-5
8.233350616851007e-5
8.23338735225284e-5
8.233383697532825e-5
8.233335473677012e-5
8.233256530503004e-5
8.23315541329822e-5
8.233030965200336e-5
8.232899820301703e-5
8.232762276189811e-5
8.232617032757625e-5
8.23247039469916e-5
8.232319685206142e-5
8.232166925695114e-5
8.232016203599601e-5
8.231875849075804e-5
8.231831116865971e-5
8.231816918230236e-5
8.231801247512596e-5
8.228393758508814e-5
8.228066823018178e-5
8.22900663515998e-5
8.230431203832967e-5
8.231967592869059e-5
8.233635115107143e-5
8.235607934396729e-5
8.237358451237353e-5
8.238581482848971e-5
8.240080167838149e-5
8.241993125498709e-5
8.243765111173729e-5
8.245401469011853e-5
8.247031022120325e-5
8.248649265338855e-5
8.250258166864278e-5
8.251857409178302e-5
8.253446865602274e-5
8.255026127675816e-5
8.256592800229637e-5
8.258147586452918e-5
8.259684707972413e-5
8.261208811118422e-5
8.262721376812119e-5
8.264225818807129e-5
8.260826881252282e-5
8.252541622550266e-5
8.24125924581762e-5
8.228269350733348e-5
8.214573456917181e-5
8.201265188832152e-5
8.189711102579525e-5
8.180692522125283e-5
8.174577993031975e-5
8.171819118259164e-5
8.1720766675526e-5
8.174142892334294e-5
8.17653168756458e-5
8.178111561925195e-5
8.178556675195788e-5
8.178489822465396e-5
8.17913536379497e-5
8.181736689399798e-5
8.187117838757239e-5
8.195480602912294e-5
8.206446638192446e-5
8.219256517155887e-5
8.23301088589178e-5
8.246854828886675e-5
8.260106398686904e-5
8.272266979382548e-5
8.283029535525344e-5
8.292105005234805e-5
8.299036505785534e-5
8.302377005389239e-5
8.232430758583989e-5
8.23254951578879e-5
8.232698340553586e-5
8.232858863141831e-5
8.233009569243654e-5
8.233132509517053e-5
8.233217046792235e-5
8.233256557087492e-5
8.233256244391719e-5
8.233212248041602e-5
8.23313803682659e-5
8.233042434772695e-5
8.232924902678196e-5
8.232802512587282e-5
8.232676195728856e-5
8.232545243473705e-5
8.23241614126589e-5
8.232285778465514e-5
8.232155197891138e-5
8.232026989780902e-5
8.231902290586359e-5
8.231852561684866e-5
8.231837299057127e-5
8.231821449922678e-5
8.228409313529024e-5
8.2280797299139e-5
8.229019258580242e-5
8.230443964560398e-5
8.231978130292556e-5
8.233642213723328e-5
8.235612619104775e-5
8.237362107728714e-5
8.238583824638933e-5
8.240080810699256e-5
8.241992591721166e-5
8.243763420385958e-5
8.245399560489024e-5
8.247028712874525e-5
8.248647785080969e-5
8.250255804209797e-5
8.251854747557374e-5
8.253442443034812e-5
8.255020055695262e-5
8.256585274949577e-5
8.258137849227576e-5
8.259673704313242e-5
8.261195562156589e-5
8.262704939489484e-5
8.264204603400605e-5
8.260794363224681e-5
8.252493671459892e-5
8.241184115022178e-5
8.228147967963077e-5
8.214377923321475e-5
8.200955960979868e-5
8.189254088957439e-5
8.180090260961865e-5
8.173863842244145e-5
8.171096869194891e-5
8.171574212535315e-5
8.174169850305553e-5
8.177353332949887e-5
8.179741930500152e-5
8.180567870888948e-5
8.18000107249805e-5
8.179050774331766e-5
8.179096357824091e-5
8.181389054289493e-5
8.186679813788843e-5
8.195077111711767e-5
8.206128882138987e-5
8.219030165722218e-5
8.232860903631594e-5
8.246760743543987e-5
8.260049977240251e-5
8.272234252576674e-5
8.283011119083423e-5
8.292094672313851e-5
8.299030568174705e-5
8.232443463888416e-5
8.232577719957142e-5
8.232729458099963e-5
8.23287675344717e-5
8.233000588858403e-5
8.233088755098036e-5
8.233133445345336e-5
8.233138599930276e-5
8.233100553527349e-5
8.23303237411147e-5
8.232942821013e-5
8.232832158473717e-5
8.232717619212462e-5
8.232600754025578e-5
8.232481638390408e-5
8.232366727550577e-5
8.232252993270197e-5
8.23214103676347e-5
8.2320323725664e-5
8.231926608307183e-5
8.23187287065208e-5
8.231855568548548e-5
8.231840284793225e-5
8.228424252313439e-5
8.228092628701999e-5
8.229032319657955e-5
8.230457310611479e-5
8.231988983980457e-5
8.233649509394718e-5
8.235618238784927e-5
8.237366949995938e-5
8.238587560955862e-5
8.240082559583666e-5
8.241993679891969e-5
8.243762605848179e-5
8.245398369453612e-5
8.247026449533486e-5
8.24864617889676e-5
8.250253991560668e-5
8.251852526009666e-5
8.253439537537759e-5
8.255015242293368e-5
8.256579406907798e-5
8.258129992165362e-5
8.259664630911538e-5
8.261184812527231e-5
8.262691501600302e-5
8.264187272971948e-5
8.26076818156385e-5
8.252455250315037e-5
8.241124520067353e-5
8.228052390437215e-5
8.214224382344546e-5
8.200713436381467e-5
8.188895542217203e-5
8.179618829868533e-5
8.173310790215977e-5
8.170556182995127e-5
8.171256584558193e-5
8.174385991419892e-5
8.178431099279092e-5
8.181866204622427e-5
8.183577596206506e-5
8.183263135936785e-5
8.181543266358355e-5
8.179680023538225e-5
8.179137827367031e-5
8.181135008774516e-5
8.186333816851325e-5
8.194752994365509e-5
8.205872420442286e-5
8.218847259440264e-5
8.232739696544982e-5
8.246684723207026e-5
8.260004399818063e-5
8.27220782023038e-5
8.28299624493435e-5
8.292086319309911e-5
8.232453102418043e-5
8.232597039454389e-5
8.232742602896745e-5
8.232869456974382e-5
8.232963628592811e-5
8.23301593411258e-5
8.233028776602895e-5
8.232998587307647e-5
8.232937692221302e-5
8.232855001544056e-5
8.232751668604257e-5
8.23264450493854e-5
8.232535918212512e-5
8.232426491083592e-5
8.232323008951727e-5
8.232222585927099e-5
8.232125872645405e-5
8.232033655996585e-5
8.231944521890204e-5
8.231890900507894e-5
8.231872130655357e-5
8.231857331962435e-5
8.228438161149322e-5
8.228105235958988e-5
8.229045735591448e-5
8.230471269652715e-5
8.232000280116688e-5
8.233657029131972e-5
8.235624472162801e-5
8.237372938606982e-5
8.238592162171909e-5
8.240085617159954e-5
8.241995774064959e-5
8.243763443319994e-5
8.245397741539355e-5
8.24702513067751e-5
8.248644176971695e-5
8.250252701576252e-5
8.251850398795974e-5
8.253437590793669e-5
8.255011663856651e-5
8.256574681124036e-5
8.258123859795936e-5
8.25965708717604e-5
8.261176040822795e-5
8.262680630200225e-5
8.264173135583571e-5
8.260747240432248e-5
8.252424503690216e-5
8.241077284004034e-5
8.227977175932656e-5
8.214103904255226e-5
8.200523356190544e-5
8.18861446468745e-5
8.179249916055075e-5
8.172881748970728e-5
8.170149139236657e-5
8.17105910897688e-5
8.174691602568223e-5
8.179589538588879e-5
8.184170744517075e-5
8.187089433807387e-5
8.187636236111416e-5
8.18597685140272e-5
8.183058939818665e-5
8.180309976208427e-5
8.179220530859107e-5
8.180946415105348e-5
8.186059119139532e-5
8.194492239604495e-5
8.20566538108542e-5
8.218699482615861e-5
8.232641766303481e-5
8.246623311442664e-5
8.259967587639271e-5
8.272186471386899e-5
8.282984223155203e-5
8.232459666871012e-5
8.232605148928274e-5
8.232737157554267e-5
8.232839675338899e-5
8.232902072793665e-5
8.232924909487837e-5
8.232904609865207e-5
8.232852524688599e-5
8.232777589608475e-5
8.232681901513388e-5
8.232582080599886e-5
8.232480909030233e-5
8.232379713079534e-5
8.232285485664549e-5
8.232195681958277e-5
8.232111189595942e-5
8.232032303677956e-5
8.231957073028058e-5
8.231904901142949e-5
8.231886369359807e-5
8.231872516769229e-5
8.228450549496323e-5
8.228117165926351e-5
8.229059149428735e-5
8.230485792892074e-5
8.232012256874358e-5
8.233665120582676e-5
8.235631318112223e-5
8.237379842336969e-5
8.238597405169946e-5
8.240089657853202e-5
8.241998704245738e-5
8.243765731531102e-5
8.245398065675414e-5
8.247024841874425e-5
8.248642517542973e-5
8.250251482119954e-5
8.25184864963321e-5
8.253435807640641e-5
8.255009271030348e-5
8.25657074058423e-5
8.258119152357201e-5
8.25965090920603e-5
8.261168788288402e-5
8.262671910715687e-5
8.264161637011204e-5
8.260730538304503e-5
8.252399913829212e-5
8.241039851050666e-5
8.22791798007411e-5
8.214009418485367e-5
8.200374461169706e-5
8.188394248561672e-5
8.178961309912954e-5
8.172548416771033e-5
8.169840907590648e-5
8.17093806612887e-5
8.175023033989207e-5
8.180716138134196e-5
8.186439383404991e-5
8.190717061989533e-5
8.192537268561526e-5
8.19163928399728e-5
8.188557317675665e-5
8.18447201356597e-5
8.180902145159109e-5
8.179318907732581e-5
8.180804596764831e-5
8.185840180405082e-5
8.194282265021174e-5
8.20549823108019e-5
8.21858010878953e-5
8.232562657751826e-5
8.246573708782154e-5
8.259937855413078e-5
8.27216921871924e-5
8.232462406007394e-5
8.232601745798479e-5
8.232715052086488e-5
8.232790085321e-5
8.23282526419843e-5
8.232816978486081e-5
8.23277542128115e-5
8.232709466713132e-5
8.232621923435487e-5
8.232529295119052e-5
8.232434995498748e-5
8.232341065268364e-5
8.232254512587734e-5
8.232173203130115e-5
8.232098287354854e-5
8.232029805790031e-5
8.231965845584547e-5
8.231915795324508e-5
8.231897960730828e-5
8.231885538272143e-5
8.228461076207252e-5
8.228127875884682e-5
8.229072030758307e-5
8.230500581697356e-5
8.232024985143309e-5
8.233674204234834e-5
8.235639149743657e-5
8.237387625277301e-5
8.238603348126458e-5
8.240094112358486e-5
8.242002620762379e-5
8.243768742513157e-5
8.245399836530162e-5
8.247025187347374e-5
8.248642057393621e-5
8.250250151020368e-5
8.251847525835871e-5
8.253433893363193e-5
8.25500757558228e-5
8.256567592952971e-5
8.258115333093471e-5
8.259646095304449e-5
8.261162736835713e-5
8.262664910725397e-5
8.264152397088408e-5
8.260717181849879e-5
8.252380257383944e-5
8.241010186977106e-5
8.227871354167909e-5
8.213935337452826e-5
8.200257883114518e-5
8.188221788655545e-5
8.178735592938679e-5
8.172289135533777e-5
8.169606218208528e-5
8.170864806185972e-5
8.175343050988736e-5
8.181746783831414e-5
8.1885399582649e-5
8.194194959277986e-5
8.197504899326977e-5
8.197867407581053e-5
8.195400217234794e-5
8.190915709823632e-5
8.185744202841838e-5
8.181435151092935e-5
8.179418801314044e-5
8.180696708871276e-5
8.185665197796605e-5
8.194113085345088e-5
8.205363287667451e-5
8.218483693262281e-5
8.23249876320182e-5
8.246533645899333e-5
8.259913830747023e-5
8.232461232586228e-5
8.232587960657823e-5
8.232678280598442e-5
8.232728271870793e-5
8.232734239472939e-5
8.232704915426498e-5
8.232649275996961e-5
8.232570578859784e-5
8.232485287628994e-5
8.23239770366648e-5
8.232310242015105e-5
8.232230112916968e-5
8.232155566060092e-5
8.232087958969151e-5
8.232027543929163e-5
8.231972312615391e-5
8.231925186033319e-5
8.231907640391363e-5
8.231896277000579e-5
8.228469374573785e-5
8.228136819674148e-5
8.229083652995437e-5
8.23051505466673e-5
8.232038298078612e-5
8.233684398057066e-5
8.235648382657751e-5
8.237396622821969e-5
8.238610178197114e-5
8.240098937489795e-5
8.242007271281316e-5
8.243772367282468e-5
8.245402728624583e-5
8.247026372520885e-5
8.24864263383764e-5
8.250249383504579e-5
8.251846728428063e-5
8.253432319550305e-5
8.255005869058225e-5
8.256565343549616e-5
8.258111946879677e-5
8.259642501339086e-5
8.261157804011307e-5
8.262659193983229e-5
8.264145138702442e-5
8.260706451609427e-5
8.252364532651218e-5
8.24098668352276e-5
8.227834586941205e-5
8.213877246648797e-5
8.200166649553886e-5
8.188086768851623e-5
8.17855910155122e-5
8.172087275620679e-5
8.16942665997519e-5
8.170821009914251e-5
8.175632452331193e-5
8.18265159937239e-5
8.190404503752286e-5
8.197364502958614e-5
8.20221941079389e-5
8.2041275551436e-5
8.202852827726115e-5
8.198812541151935e-5
8.19301217596461e-5
8.186859055699363e-5
8.181901614742256e-5
8.179512659956095e-5
8.180613835697191e-5
8.185525066745548e-5
8.193976723547071e-5
8.20525434889286e-5
8.218405830129413e-5
8.232447159050607e-5
8.246501276473873e-5
8.232456514829422e-5
8.232565013144905e-5
8.232632474678766e-5
8.232655064588732e-5
8.232639920262531e-5
8.232595948088577e-5
8.232527015947695e-5
8.232449355195769e-5
8.232368300501321e-5
8.232286664310595e-5
8.232212046505882e-5
8.232143052637086e-5
8.232081039983191e-5
8.232026692339219e-5
8.231977915797097e-5
8.231935605605883e-5
8.231916219393467e-5
8.231905458332822e-5
8.228475350529866e-5
8.228143572031177e-5
8.229093028488447e-5
8.230528408218637e-5
8.232051708875933e-5
8.233695464625509e-5
8.235659054602683e-5
8.237407186531401e-5
8.238618240706163e-5
8.240104574342423e-5
8.242012405099262e-5
8.243776830909194e-5
8.24540619480346e-5
8.247028785250877e-5
8.248643778520672e-5
8.250249790110304e-5
8.25184611476894e-5
8.253431465883479e-5
8.255004092008129e-5
8.25656367042979e-5
8.258109046536786e-5
8.259639636180775e-5
8.261154067207688e-5
8.262654439444802e-5
8.264139539510607e-5
8.260697881600252e-5
8.252351899418423e-5
8.240968060144623e-5
8.227805580867519e-5
8.21383165881348e-5
8.200095281012186e-5
8.187981089022822e-5
8.17842111845644e-5
8.171930021541425e-5
8.169288722285751e-5
8.17079517817799e-5
8.175883516518093e-5
8.183423051646428e-5
8.192009656800659e-5
8.200149584798405e-5
8.206490552922843e-5
8.210045185855072e-5
8.210314717446883e-5
8.207364829218201e-5
8.201832194072083e-5
8.194834927197287e-5
8.187817576126309e-5
8.182301843563814e-5
8.179596997355417e-5
8.180549669282074e-5
8.185412676509623e-5
8.193866783384176e-5
8.205166405996652e-5
8.218342951383057e-5
8.232405468603415e-5
8.232448660498865e-5
8.232536499939297e-5
8.232578270123196e-5
8.232579363610639e-5
8.232548551981432e-5
8.232490527229851e-5
8.23242092837099e-5
8.23234638284691e-5
8.232270098602121e-5
8.232200136876361e-5
8.232135667082074e-5
8.232077980885907e-5
8.232028092266315e-5
8.231984039812844e-5
8.231946719729787e-5
8.231925466714091e-5
8.231914038060468e-5
8.228479592071631e-5
8.228148108776389e-5
8.229099904857553e-5
8.230539737187033e-5
8.232064627517893e-5
8.233706958427647e-5
8.235670786927139e-5
8.23741930777426e-5
8.23862783681119e-5
8.240111495056189e-5
8.24201834168065e-5
8.243782108659532e-5
8.24541028445733e-5
8.247032193848989e-5
8.2486457344101e-5
8.250251120721704e-5
8.251846216531441e-5
8.253431088146028e-5
8.25500292008968e-5
8.256562053636394e-5
8.258106960382531e-5
8.259637036876294e-5
8.261151416106444e-5
8.26265059721965e-5
8.264135143949367e-5
8.260691228159158e-5
8.252341693110345e-5
8.24095325953746e-5
8.227782749450441e-5
8.213795820704087e-5
8.200039471751504e-5
8.187898400372458e-5
8.178313242057124e-5
8.17180746463878e-5
8.16918240406261e-5
8.170780192606034e-5
8.176095290241492e-5
8.184066876262541e-5
8.19336031649269e-5
8.202531282055386e-5
8.210229919918224e-5
8.21539591264435e-5
8.217358977219896e-5
8.215912278915697e-5
8.21135219950961e-5
8.204450910884497e-5
8.196394049094711e-5
8.188630022907222e-5
8.182640413192148e-5
8.179670669246738e-5
8.180499654461211e-5
8.185322428736885e-5
8.193778125643522e-5
8.205095409670879e-5
8.218292159068706e-5
8.232438933008593e-5
8.232502757046422e-5
8.232522344560038e-5
8.232506145133811e-5
8.232460077653988e-5
8.23239931991626e-5
8.232331351625303e-5
8.232260235030894e-5
8.23219436130791e-5
8.232133385706795e-5
8.232078957730391e-5
8.232032438636018e-5
8.23199155545845e-5
8.2319575290296e-5
8.231935560383548e-5
8.231923057198839e-5
8.228482884861103e-5
8.228150957403448e-5
8.229104662998612e-5
8.230548643432936e-5
8.232076721563865e-5
8.233718336511681e-5
8.235683078901984e-5
8.237432594077008e-5
8.238638951472586e-5
8.240119930619153e-5
8.242025629786353e-5
8.243788271537735e-5
8.245415265816204e-5
8.247036241194745e-5
8.248648833538405e-5
8.250253090345835e-5
8.251847418804659e-5
8.253431102847695e-5
8.255002673658648e-5
8.256560651148198e-5
8.258105601833224e-5
8.259634851718951e-5
8.261149357221859e-5
8.262647819328157e-5
8.264131506237804e-5
8.260686256822719e-5
8.252333501817982e-5
8.240941372988103e-5
8.227764901527426e-5
8.213767577007171e-5
8.199995830859033e-5
8.18783373365751e-5
8.178228892377398e-5
8.17171192022489e-5
8.169100239389483e-5
8.170771691441348e-5
8.176270431389992e-5
8.184595706819631e-5
8.194477329273139e-5
8.204526426477986e-5
8.213420290562314e-5
8.220076003769834e-5
8.223727047427734e-5
8.223979919855308e-5
8.220859249479328e-5
8.214808506403387e-5
8.20668764787844e-5
8.197711047050208e-5
8.189311339222733e-5
8.182923876569091e-5
8.179733800656077e-5
8.180460449213117e-5
8.18524989016892e-5
8.193706613353367e-5
8.205038075830068e-5
8.232427407298246e-5
8.232468088355556e-5
8.232468281466582e-5
8.232435435027046e-5
8.232384219226522e-5
8.232322819130825e-5
8.232256778813643e-5
8.232194499539567e-5
8.232136321317842e-5
8.232084370991156e-5
8.232039935176234e-5
8.232001046793797e-5
8.23196902157924e-5
8.23194626351566e-5
8.231932805691251e-5
8.228485881465684e-5
8.228152763182498e-5
8.229107787907461e-5
8.2305553034e-5
8.232087164630781e-5
8.233729089189718e-5
8.235695264189833e-5
8.237446498872349e-5
8.23865124597228e-5
8.240129797258085e-5
8.242034490715988e-5
8.243795703363809e-5
8.245421256864268e-5
8.247040999085896e-5
8.24865284444332e-5
8.250255936470659e-5
8.25184950314892e-5
8.253431983796119e-5
8.255002995488886e-5
8.256560161554012e-5
8.258104601330546e-5
8.259633569127188e-5
8.261147511673919e-5
8.26264604738358e-5
8.26412850177417e-5
8.260682520423523e-5
8.25232715606092e-5
8.240931667290569e-5
8.22775108088513e-5
8.213745288711118e-5
8.199961676009594e-5
8.187783194929068e-5
8.178162929280791e-5
8.171637409470037e-5
8.169036611977827e-5
8.170767023806886e-5
8.176413231130972e-5
8.185024917381308e-5
8.195388969778979e-5
8.206171438320739e-5
8.216088934645451e-5
8.22406724191875e-5
8.229298348352657e-5
8.231276818634061e-5
8.2298354133431e-5
8.225149162755279e-5
8.217760654911826e-5
8.208575548113575e-5
8.198812856575785e-5
8.189878099996658e-5
8.18315936724649e-5
8.179787164698311e-5
8.180429565208671e-5
8.185191535558328e-5
8.193648901964328e-5
8.232415619581097e-5
8.232434390673082e-5
8.23241628244839e-5
8.232375272393379e-5
8.232320635555671e-5
8.232259554007613e-5
8.232200341813587e-5
8.232144484253852e-5
8.232094158597989e-5
8.232050927218663e-5
8.232013073438687e-5
8.231981973582541e-5
8.231958332367016e-5
8.231943514130612e-5
8.228488885523449e-5
8.22815401160371e-5
8.229109792744647e-5
8.23056013301096e-5
8.232095391080877e-5
8.233738545640172e-5
8.23570641988991e-5
8.237460387169308e-5
8.238664214314222e-5
8.240140812844755e-5
8.242044740149544e-5
8.243804688318933e-5
8.245428412693543e-5
8.247046736355339e-5
8.248657479608163e-5
8.250259755321137e-5
8.251852289075431e-5
8.25343398169282e-5
8.255003806799926e-5
8.256560716332044e-5
8.258104099831489e-5
8.259633158993874e-5
8.261146210025949e-5
8.262644802904315e-5
8.264126363612329e-5
8.26067947385047e-5
8.25232248931136e-5
8.240923714687309e-5
8.227740395232797e-5
8.213727768503571e-5
8.199934880424135e-5
8.187743722033513e-5
8.178111345865951e-5
8.171579274393979e-5
8.168987265182103e-5
8.170764591171736e-5
8.176528452571764e-5
8.185370134242206e-5
8.196125469968267e-5
8.207511209243542e-5
8.218287233201453e-5
8.227405282461631e-5
8.2340515714693e-5
8.237665428682101e-5
8.237960207985737e-5
8.234917244202925e-5
8.228815521840164e-5
8.220253013875876e-5
8.210154302800722e-5
8.199727839346293e-5
8.190346652922656e-5
8.183353845612299e-5
8.179831813104011e-5
8.180405131051175e-5
8.185144540091115e-5
8.232404087350102e-5
8.232402294443623e-5
8.232372161637851e-5
8.232324804047772e-5
8.23226852105609e-5
8.232212002776005e-5
8.232157778373794e-5
8.232108410011834e-5
8.232065631399188e-5
8.232028145780857e-5
8.231997051844219e-5
8.231972632025811e-5
8.231955760233771e-5
8.228492170557859e-5
8.228154893047331e-5
8.229111054907586e-5
8.230563562607064e-5
8.232101706078391e-5
8.233746315045795e-5
8.235716153695746e-5
8.23747348900537e-5
8.238677342515588e-5
8.24015260388937e-5
8.242056107952392e-5
8.243815092709513e-5
8.245436969416719e-5
8.247053629440773e-5
8.248662892161431e-5
8.250264253835258e-5
8.251855839273599e-5
8.253436811934392e-5
8.25500551123653e-5
8.256561866397684e-5
8.258104546960729e-5
8.259633171479765e-5
8.26114598573036e-5
8.262643753932102e-5
8.26412519645686e-5
8.260676927550635e-5
8.252319063463962e-5
8.240917422162723e-5
8.227731982856607e-5
8.213714146269455e-5
8.199913787021416e-5
8.187712890038624e-5
8.178071020710753e-5
8.17153388758481e-5
8.168948951217818e-5
8.170763438710785e-5
8.176620701333807e-5
8.185645887621915e-5
8.196715834967693e-5
8.208592022732239e-5
8.220076627697894e-5
8.230155043389601e-5
8.238028676574916e-5
8.243120069082129e-5
8.245079984050829e-5
8.243765930312716e-5
8.239264005937583e-5
8.231912930176909e-5
8.222337953237126e-5
8.211465046634602e-5
8.20048331288576e-5
8.190732152820602e-5
8.183513704381269e-5
8.179868880337556e-5
8.18038571011467e-5
8.23239324057198e-5
8.232375051827271e-5
8.232335383241364e-5
8.232283760729413e-5
8.232229515641933e-5
8.232176461596364e-5
8.23212745801563e-5
8.2320843252561e-5
8.232046456697443e-5
8.232014765027198e-5
8.231989327950093e-5
8.231970149286203e-5
8.228496074768697e-5
8.228155609156523e-5
8.22911169660512e-5
8.230565755069211e-5
8.232106498902791e-5
8.233752590659472e-5
8.235724540842538e-5
8.237485298993713e-5
8.238690072286177e-5
8.240164748503732e-5
8.242068364677838e-5
8.243826620853154e-5
8.245446969719857e-5
8.247061794088534e-5
8.2486694443641e-5
8.250269345447724e-5
8.251860098140436e-5
8.253440178003666e-5
8.255008196605821e-5
8.256563512389067e-5
8.25810586020306e-5
8.259633558972649e-5
8.26114661586068e-5
8.262643240240985e-5
8.264124651874876e-5
8.260675184631753e-5
8.252316335235298e-5
8.24091273769928e-5
8.227725212053849e-5
8.213703640974557e-5
8.199897169424567e-5
8.187688762456605e-5
8.178039515311727e-5
8.171498432342016e-5
8.16891917511127e-5
8.170763003684661e-5
8.176694126458731e-5
8.185864995643455e-5
8.197186208100393e-5
8.209457493810363e-5
8.221519688512964e-5
8.232393579881057e-5
8.241306316136084e-5
8.24768721297308e-5
8.251164146855014e-5
8.251526833574115e-5
8.248736220358873e-5
8.242939214741924e-5
8.234505689026934e-5
8.224069551078251e-5
8.212547145027852e-5
8.201104275663109e-5
8.191048106342424e-5
8.183644624914265e-5
8.179899451251544e-5
8.232384034538685e-5
8.232352442563164e-5
8.232305428081832e-5
8.232253165294952e-5
8.232200788250941e-5
8.232151406796459e-5
8.232107427994306e-5
8.232068437878091e-5
8.232035444056822e-5
8.232008413706362e-5
8.231987003914953e-5
8.228500985077372e-5
8.228156444093355e-5
8.229111869958959e-5
8.230566918899971e-5
8.232109875195561e-5
8.233757652763344e-5
8.235731688721932e-5
8.237495680217164e-5
8.238701840903875e-5
8.240176744369475e-5
8.242081169996796e-5
8.24383909689274e-5
8.245458198725908e-5
8.247071337635853e-5
8.24867730604009e-5
8.250275440861375e-5
8.251864962100124e-5
8.253444078979544e-5
8.255011464992437e-5
8.256565910361498e-5
8.258107624372798e-5
8.259634599674004e-5
8.261147425292484e-5
8.262643633424967e-5
8.264124404233512e-5
8.260674464671013e-5
8.25231420514398e-5
8.240909303852501e-5
8.227719862288886e-5
8.213695427576794e-5
8.199884144343675e-5
8.187669803716335e-5
8.178014908068902e-5
8.171470728497952e-5
8.16889601109183e-5
8.170762959485701e-5
8.176752308593736e-5
8.186038392146006e-5
8.197559226015348e-5
8.210146544090066e-5
8.222675022011659e-5
8.234199153367005e-5
8.243975693175732e-5
8.251453379563256e-5
8.256262315386445e-5
8.258164394818646e-5
8.25705060924533e-5
8.252942067001656e-5
8.246017916857603e-5
8.236660291895805e-5
8.225499549096423e-5
8.213436512501613e-5
8.201612838088728e-5
8.191306277127398e-5
8.183751514600266e-5
8.232376372300612e-5
8.232334171074403e-5
8.232283541080808e-5
8.232230942116584e-5
8.232180577620241e-5
8.232135050358282e-5
8.232094371690327e-5
8.232059306208604e-5
8.232030252597026e-5
8.232006367701686e-5
8.228507040405025e-5
8.228157683680412e-5
8.22911184911672e-5
8.23056739837365e-5
8.232111958567958e-5
8.233761718244048e-5
8.235737707777434e-5
8.237504668837486e-5
8.238712306735865e-5
8.240188064376075e-5
8.242094020149088e-5
8.24385228548059e-5
8.245470450058624e-5
8.24708222284647e-5
8.248686503056017e-5
8.25028294979381e-5
8.251870691453414e-5
8.253448683275185e-5
8.255015075652384e-5
8.256569023685829e-5
8.258109776501135e-5
8.25963629494268e-5
8.261148259830453e-5
8.262644578102721e-5
8.26412454569538e-5
8.260674452560949e-5
8.252313044397974e-5
8.240906658594248e-5
8.227715905185837e-5
8.213688824273247e-5
8.199873963331289e-5
8.187654862430656e-5
8.177995658260186e-5
8.171449091246397e-5
8.168877971104838e-5
8.170763118904624e-5
8.176798254840163e-5
8.186175185806476e-5
8.197853968439133e-5
8.210692675123023e-5
8.223594760623511e-5
8.235644991761217e-5
8.246129598690713e-5
8.254522197544237e-5
8.260469153402786e-5
8.263730402251786e-5
8.264166878230148e-5
8.261728370699872e-5
8.25646785664477e-5
8.248577997019026e-5
8.238440510650733e-5
8.226675185394434e-5
8.214164869879376e-5
8.202028157402368e-5
8.191516703042198e-5
8.23237030560697e-5
8.232320844602776e-5
8.232267584102734e-5
8.232215568352007e-5
8.232167604291788e-5
8.232124560231679e-5
8.232086731042985e-5
8.232055259475884e-5
8.23202848633927e-5
8.228514203618593e-5
8.228159418847791e-5
8.229111926433863e-5
8.230567454737868e-5
8.232113068446626e-5
8.233764636203594e-5
8.23574271166822e-5
8.237512308990011e-5
8.23872142287639e-5
8.240198345557178e-5
8.242106365779596e-5
8.24386571123511e-5
8.245483523603446e-5
8.247094269808287e-5
8.248697056158207e-5
8.250291907296875e-5
8.251877804923845e-5
8.253454231681286e-5
8.255019331215738e-5
8.25657255871638e-5
8.258112535832476e-5
8.259638429316331e-5
8.261149506461398e-5
8.262645510010382e-5
8.264125155620214e-5
8.260674661875822e-5
8.252312957202163e-5
8.240904742935979e-5
8.227713118314619e-5
8.213683574499436e-5
8.199865859843739e-5
8.187643137947272e-5
8.177980523604964e-5
8.171432212278359e-5
8.168863909131148e-5
8.170763375497989e-5
8.176834443825662e-5
8.18628284242229e-5
8.198086203403611e-5
8.211124019658985e-5
8.224323699543782e-5
8.236796215481161e-5
8.247854969648899e-5
8.256999493174185e-5
8.263898950489515e-5
8.268326196489987e-5
8.270138295968444e-5
8.269253465203863e-5
8.26565239368395e-5
8.25940155942112e-5
8.250694404448794e-5
8.239904694297098e-5
8.227638222977101e-5
8.214759678058434e-5
8.202366532448039e-5
8.232365745169166e-5
8.232311352005655e-5
8.232256746956811e-5
8.232205674760115e-5
8.232159442899641e-5
8.23211839937994e-5
8.232083714222011e-5
8.232053730375653e-5
8.228522538571326e-5
8.228161639184007e-5
8.22911217876714e-5
8.230567401272658e-5
8.23211347973873e-5
8.233766365818884e-5
8.235746563788232e-5
8.237518503943509e-5
8.23872918401266e-5
8.240207442103336e-5
8.242117787400237e-5
8.24387879028673e-5
8.245496999510017e-5
8.24710723995991e-5
8.248708881422073e-5
8.250302227678058e-5
8.251886504771674e-5
8.253461096930196e-5
8.255024702717618e-5
8.25657662244733e-5
8.258115960066119e-5
8.259640995867993e-5
8.261151442927194e-5
8.262646499961331e-5
8.264126021716716e-5
8.260674906142706e-5
8.252313409722518e-5
8.240903752537165e-5
8.227711143124865e-5
8.213679710086498e-5
8.199859222355089e-5
8.18763401428966e-5
8.177968558064518e-5
8.171419055457472e-5
8.168852947670294e-5
8.170763669856858e-5
8.176862891160859e-5
8.186367409009823e-5
8.19826878313125e-5
8.211463771436365e-5
8.224899420278615e-5
8.237708784672106e-5
8.249229199673606e-5
8.258984655560226e-5
8.266668931501303e-5
8.272075092150489e-5
8.275071658746775e-5
8.275571603729568e-5
8.273522941316933e-5
8.268919326742022e-5
8.261828137989532e-5
8.252435901956656e-5
8.241104529046942e-5
8.228424847025716e-5
8.215244296521817e-5
8.232362710109363e-5
8.232304721039765e-5
8.232249796870581e-5
8.232199518240255e-5
8.232154632250797e-5
8.232116116832878e-5
8.232082550743899e-5
8.228532160828165e-5
8.228164309707274e-5
8.229112609412568e-5
8.230567309682702e-5
8.232113473198921e-5
8.233767197225399e-5
8.235749251065135e-5
8.23752324546964e-5
8.238735435820819e-5
8.240215249313158e-5
8.242128058551451e-5
8.243891044119253e-5
8.245510294010346e-5
8.247120730822899e-5
8.248721739145087e-5
8.250313844138256e-5
8.251896649065564e-5
8.253469542850632e-5
8.255031469069135e-5
8.256581786210174e-5
8.258120046370705e-5
8.25964423637708e-5
8.261154010192477e-5
8.262648121133577e-5
8.264127045058558e-5
8.260675343031732e-5
8.252313765896731e-5
8.240903525715417e-5
8.227709759926715e-5
8.2136771178747e-5
8.199853866139261e-5
8.187626893297628e-5
8.177959121859607e-5
8.171408781422732e-5
8.16884441642917e-5
8.170763971164678e-5
8.17688521845205e-5
8.18643374100205e-5
8.198412075818238e-5
8.21173080457631e-5
8.225352891385792e-5
8.238429660073653e-5
8.250318855213039e-5
8.260566312777737e-5
8.268889500951511e-5
8.275104114036482e-5
8.279097852921374e-5
8.280794022828218e-5
8.280134382456249e-5
8.277079254152332e-5
8.27162284622855e-5
8.263825758403791e-5
8.253863537562733e-5
8.242084866590452e-5
8.229065865795158e-5
8.232360476995112e-5
8.232300674343065e-5
8.232245489347593e-5
8.232195992625447e-5
8.23215298721977e-5
8.232115245222259e-5
8.228543209306692e-5
8.228167470079466e-5
8.229113156093871e-5
8.23056720430828e-5
8.232113202918374e-5
8.233767431925166e-5
8.235751039639972e-5
8.237526754738346e-5
8.238740102580993e-5
8.240221616257084e-5
8.242137012924673e-5
8.243902189749218e-5
8.245522889932016e-5
8.247134178170656e-5
8.248735216965237e-5
8.250326566854046e-5
8.251908090074465e-5
8.253479496959562e-5
8.255039750945064e-5
8.256588442580883e-5
8.258125137571563e-5
8.259648337560709e-5
8.261157205134924e-5
8.262650666127143e-5
8.264128564687079e-5
8.260676281923965e-5
8.25231397526924e-5
8.24090356555728e-5
8.227708786082257e-5
8.213675427925958e-5
8.199849850412287e-5
8.18762128622795e-5
8.177951779455728e-5
8.17140073532648e-5
8.168837792721507e-5
8.17076426800346e-5
8.176902719983976e-5
8.186485710461662e-5
8.198524381882053e-5
8.211940328166665e-5
8.225709307612063e-5
8.238997551732859e-5
8.251179840547267e-5
8.261820789254773e-5
8.270659300837535e-5
8.277533228836236e-5
8.282352224497096e-5
8.285057917118088e-5
8.28560155216948e-5
8.283936606712403e-5
8.2800234898195e-5
8.273849358456126e-5
8.265463972039169e-5
8.255030379383888e-5
8.242883943483401e-5
8.232359187750907e-5
8.23229823336473e-5
8.232243222919397e-5
8.232194910696823e-5
8.232152340788152e-5
8.228555812434405e-5
8.228171135223082e-5
8.22911383303838e-5
8.230567045875864e-5
8.232112770738259e-5
8.233767259901194e-5
8.235752300126671e-5
8.237529287214996e-5
8.238743348487901e-5
8.240226404308499e-5
8.242144483818658e-5
8.243912018514538e-5
8.24553445354213e-5
8.24714704416769e-5
8.248748763490577e-5
8.250339999323671e-5
8.251920663470772e-5
8.253490768638078e-5
8.255049508665485e-5
8.256596609168536e-5
8.258131661318264e-5
8.259653467749302e-5
8.261161253458895e-5
8.262653984286155e-5
8.264131002225377e-5
8.260677975466339e-5
8.252314627044547e-5
8.240903677116694e-5
8.227707991350366e-5
8.213674215284877e-5
8.19984701327637e-5
8.187616962953398e-5
8.177946153458627e-5
8.171394460168472e-5
8.168832654083142e-5
8.170764562456066e-5
8.176916422330181e-5
8.186526390656719e-5
8.198612305884222e-5
8.212104508291695e-5
8.225988969017577e-5
8.23944396295966e-5
8.251858268370331e-5
8.262812246154506e-5
8.272063398391416e-5
8.279469828261482e-5
8.284962920424432e-5
8.288505633735061e-5
8.29006686904514e-5
8.289609124781745e-5
8.287085549330944e-5
8.282449105784946e-5
8.27567590482e-5
8.266803343017744e-5
8.255981731352261e-5
8.23235846450928e-5
8.232296933694e-5
8.232242539767209e-5
8.232194457854873e-5
8.228570155549373e-5
8.228175384888766e-5
8.229114686200836e-5
8.230566886417422e-5
8.232112158002991e-5
8.233766803312709e-5
8.235753186219965e-5
8.237531205768042e-5
8.238745411773061e-5
8.240229676119963e-5
8.242150323668243e-5
8.243920330727946e-5
8.245544731881416e-5
8.247158950501368e-5
8.248761833702005e-5
8.250353598836626e-5
8.251934018201813e-5
8.253503183537438e-5
8.255060592808622e-5
8.256606184041637e-5
8.258139686496061e-5
8.25965990050717e-5
8.261166372415333e-5
8.262658049830422e-5
8.264134352429984e-5
8.260680567516034e-5
8.252316293342009e-5
8.240904290452926e-5
8.227707430873843e-5
8.213673201135886e-5
8.199844921001208e-5
8.187613759577321e-5
8.177941915214334e-5
8.17138963533453e-5
8.168828669965156e-5
8.170764860067796e-5
8.176927136713534e-5
8.186558211116858e-5
8.198681081144322e-5
8.212233019811674e-5
8.22620811337542e-5
8.239794284507945e-5
8.252391687515063e-5
8.263593647434577e-5
8.273173379347124e-5
8.281006653313534e-5
8.287044856979765e-5
8.291272242386183e-5
8.293678528061216e-5
8.29424352935229e-5
8.292929104434884e-5
8.289680589036735e-5
8.284439580384754e-5
8.277169677549804e-5
8.267895642388513e-5
8.232358008654322e-5
8.232296612643291e-5
8.232242209843566e-5
8.22858646385907e-5
8.228180280620694e-5
8.229115735351738e-5
8.230566788412418e-5
8.232111445030476e-5
8.233766087397125e-5
8.235753778020653e-5
8.237532696982789e-5
8.238746597258312e-5
8.240231637705555e-5
8.242154578612897e-5
8.24392695820874e-5
8.245553493353423e-5
8.247169605196798e-5
8.248774015422176e-5
8.250366816519539e-5
8.251947630292112e-5
8.253516433902766e-5
8.255072836633381e-5
8.256617063968077e-5
8.258149077064252e-5
8.259667756589341e-5
8.261172724605279e-5
8.262663098984091e-5
8.264138447901713e-5
8.260684048006399e-5
8.252319041935507e-5
8.240906004355108e-5
8.227707592519927e-5
8.213672501286634e-5
8.199843241843364e-5
8.18761134484343e-5
8.177938801924974e-5
8.171385977567749e-5
8.168825605615625e-5
8.170765160339052e-5
8.176935503976791e-5
8.186583085483525e-5
8.19873484024161e-5
8.212333525603558e-5
8.226379653576796e-5
8.240068831465688e-5
8.252810375512467e-5
8.26420814743676e-5
8.274048384240733e-5
8.28222182723209e-5
8.288697399656974e-5
8.293479052932709e-5
8.296577409171366e-5
8.297992869141174e-5
8.29770440280519e-5
8.295665769369591e-5
8.291810628726838e-5
8.286067820564365e-5
8.278388179516388e-5
8.232357977509054e-5
8.23229639625535e-5
8.228605026143452e-5
8.228185881099672e-5
8.229116993316468e-5
8.230566724615055e-5
8.232110656408283e-5
8.233765172860272e-5
8.235754160663654e-5
8.237533886430231e-5
8.23874711690199e-5
8.240232580087794e-5
8.242157446096326e-5
8.243931933474813e-5
8.245560546546284e-5
8.247178751194571e-5
8.24878498293837e-5
8.250379214590732e-5
8.251960947350866e-5
8.253530024226713e-5
8.255085962710607e-5
8.25662912294188e-5
8.258159744712641e-5
8.259676946898371e-5
8.261180405114436e-5
8.262669334021687e-5
8.264143422559657e-5
8.260688308514296e-5
8.252322688133732e-5
8.240908906480821e-5
8.227709010434499e-5
8.21367261125008e-5
8.199842092400074e-5
8.187609398094197e-5
8.177936540395527e-5
8.171383214670031e-5
8.168823283752156e-5
8.170765460408491e-5
8.176942028231758e-5
8.18660251812108e-5
8.198776836730874e-5
8.212412074920868e-5
8.226513817433748e-5
8.240283762784584e-5
8.253138566794223e-5
8.26469056112768e-5
8.27473663058321e-5
8.283179941461393e-5
8.29000433109327e-5
8.295231076490602e-5
8.298890205331614e-5
8.301002867053492e-5
8.301568499235965e-5
8.300557775238513e-5
8.297912523477388e-5
8.293553404264579e-5
8.28739627890306e-5
8.232357831522328e-5
8.228626131462604e-5
8.228192317118955e-5
8.229118518440964e-5
8.23056671986725e-5
8.232109813761448e-5
8.23376408480812e-5
8.235754437565024e-5
8.237534870701878e-5
8.23874715124883e-5
8.240232705397806e-5
8.242159235932604e-5
8.243935445102014e-5
8.245565900902516e-5
8.247186177273958e-5
8.248794456642488e-5
8.25039043855024e-5
8.251973510667157e-5
8.25354340024042e-5
8.255099503532347e-5
8.256642110574054e-5
8.258171609737419e-5
8.259687399715254e-5
8.261189384132816e-5
8.262676833321913e-5
8.264149522125198e-5
8.260693435816023e-5
8.252327138188117e-5
8.240912678981178e-5
8.227711746844819e-5
8.213673925820745e-5
8.19984196643741e-5
8.187607930241872e-5
8.177934890367291e-5
8.171381101857494e-5
8.16882153286903e-5
8.170765759982784e-5
8.176947102501979e-5
8.186617689631532e-5
8.1988096279358e-5
8.212473429551529e-5
8.226618679388532e-5
8.240451879614926e-5
8.25339554408372e-5
8.265068766056353e-5
8.275277037733576e-5
8.283933689115358e-5
8.291034971134506e-5
8.296616929741619e-5
8.300726691810279e-5
8.303404714921001e-5
8.304671128809982e-5
8.304516953094202e-5
8.302900739736493e-5
8.299751118492102e-5
8.294975553444331e-5
8.228650065943945e-5
8.228199671919647e-5
8.229120300878412e-5
8.230566820461316e-5
8.232108937006967e-5
8.2337629282754e-5
8.235754683917423e-5
8.23753580649307e-5
8.238746788160814e-5
8.240232199211143e-5
8.242160175298945e-5
8.24393780483137e-5
8.245569724877525e-5
8.247191868910853e-5
8.248802206803756e-5
8.250400188569102e-5
8.251984941326421e-5
8.253556084875815e-5
8.255112904735396e-5
8.256655580597944e-5
8.258184449936845e-5
8.259699069106404e-5
8.261199624513779e-5
8.262685598179096e-5
8.264156846643171e-5
8.260699680637502e-5
8.252332501154084e-5
8.24091717728906e-5
8.227715415787409e-5
8.213676362807766e-5
8.199843158124402e-5
8.187607266719888e-5
8.177933802110655e-5
8.171379463696705e-5
8.168820176503958e-5
8.170766052446524e-5
8.176951030018512e-5
8.186629525356447e-5
8.198835220181844e-5
8.212521332206923e-5
8.226700595918179e-5
8.240583289269461e-5
8.253596587171023e-5
8.265364951056394e-5
8.275700782396647e-5
8.284525622016212e-5
8.291845901100878e-5
8.297709978253792e-5
8.302179571549845e-5
8.305312176894835e-5
8.307147219248363e-5
8.307696345247367e-5
8.306938318479948e-5
8.304818346356858e-5
8.301251671296298e-5
8.22820802380562e-5
8.229122362333605e-5
8.230566991629276e-5
8.232108014510655e-5
8.233761691459392e-5
8.235755006249925e-5
8.23753681273643e-5
8.238746165941704e-5
8.240231169680875e-5
8.242160471799512e-5
8.243939260114117e-5
8.245572319330739e-5
8.247195972700202e-5
8.24880819554419e-5
8.250408217738649e-5
8.251994921351397e-5
8.253567678440671e-5
8.2551256729856e-5
8.256668978972811e-5
8.258197833331836e-5
8.259711757783805e-5
8.261211103344256e-5
8.26269563053127e-5
8.264165414236871e-5
8.260707187404811e-5
8.252339018743183e-5
8.24092257634415e-5
8.227719765168144e-5
8.213679517610809e-5
8.199845375830092e-5
8.18760759750781e-5
8.177933383685396e-5
8.171378257541283e-5
8.168819063889194e-5
8.17076631850589e-5
8.176954039292362e-5
8.186638749368143e-5
8.19885518532908e-5
8.212558719657946e-5
8.226764563528241e-5
8.240685949372802e-5
8.253753762893002e-5
8.265596703461002e-5
8.276032687506718e-5
8.284989839350453e-5
8.292482832058983e-5
8.298570134478125e-5
8.303325634440729e-5
8.306821381757466e-5
8.309113852354408e-5
8.310233965094606e-5
8.31018101647007e-5
8.308920328524525e-5
8.306383564660308e-5
8.229124754065575e-5
8.230567242039968e-5
8.232107053104224e-5
8.23376036769537e-5
8.23575543699996e-5
8.23753795780236e-5
8.238745388462137e-5
8.240229750815167e-5
8.242160270764574e-5
8.243940043115356e-5
8.24557393789623e-5
8.247198777587291e-5
8.248812548025255e-5
8.250414465869067e-5
8.252003188049647e-5
8.25357784677199e-5
8.25513739086937e-5
8.256681798428131e-5
8.258211205616571e-5
8.259725042994594e-5
8.261223640415355e-5
8.262706925087938e-5
8.264175258365171e-5
8.260715999788868e-5
8.252346864656914e-5
8.240929160508676e-5
8.227724947004186e-5
8.213683175221513e-5
8.199848058414726e-5
8.187608628158931e-5
8.177933614753027e-5
8.171377519863945e-5
8.168818113098916e-5
8.170766534563632e-5
8.176956297561892e-5
8.1866459251958e-5
8.198870754006797e-5
8.212587893487833e-5
8.226814503265257e-5
8.240766115201145e-5
8.253876573238631e-5
8.265777915443118e-5
8.276292433479771e-5
8.285353499062679e-5
8.292982407094598e-5
8.299245818742678e-5
8.304227615204488e-5
8.308011993103059e-5
8.310670009480819e-5
8.312249638363291e-5
8.312769383937966e-5
8.31221504244347e-5
8.31053826604673e-5
8.230567584824379e-5
8.23210605210733e-5
8.233758968185325e-5
8.235756020190628e-5
8.237539319769857e-5
8.23874452074385e-5
8.24022803047249e-5
8.242159738911343e-5
8.243940325674557e-5
8.24557482799123e-5
8.247200542912067e-5
8.248815540856678e-5
8.250419037545604e-5
8.252009660324696e-5
8.253586312873131e-5
8.255147709917499e-5
8.256693606568766e-5
8.258224048254972e-5
8.259738369789633e-5
8.26123681876518e-5
8.262719310171397e-5
8.264186386631644e-5
8.260726169549179e-5
8.25235611587152e-5
8.24093713010537e-5
8.227731264434809e-5
8.213687548529604e-5
8.19985094625113e-5
8.18760986601459e-5
8.177934134823913e-5
8.171377175680249e-5
8.168817284615017e-5
8.170766685355176e-5
8.176957928012084e-5
8.186651488075409e-5
8.198882888341075e-5
8.212610656589412e-5
8.22685348868102e-5
8.240828695488166e-5
8.253972488243704e-5
8.265919528348527e-5
8.276495569171015e-5
8.285638138047716e-5
8.2933738180008e-5
8.299775857337627e-5
8.304936231277453e-5
8.308949115848806e-5
8.311897749017038e-5
8.313844707879304e-5
8.314825505054845e-5
8.314845116447558e-5
8.3138755650307e-5
8.232104956480671e-5
8.233757446135577e-5
8.235756770517991e-5
8.237540956629187e-5
8.238743603471995e-5
8.240226091722514e-5
8.2421589923029e-5
8.243940297617615e-5
8.24557517942981e-5
8.247201529756459e-5
8.24881743767468e-5
8.25042219694371e-5
8.252014423385862e-5
8.253592976434746e-5
8.255156340393364e-5
8.256704042404476e-5
8.258235916459199e-5
8.259751211284118e-5
8.2612500835089e-5
8.262732372518234e-5
8.264198628854961e-5
8.260737707766433e-5
8.252366845124462e-5
8.240946590444046e-5
8.227738935597797e-5
8.213692996990698e-5
8.199854266199967e-5
8.187611151231396e-5
8.177934484636806e-5
8.171376928507924e-5
8.168816471131049e-5
8.170766750356579e-5
8.176959025229952e-5
8.186655773045464e-5
8.198892339782132e-5
8.212628420033028e-5
8.226883928015817e-5
8.24087753757208e-5
8.254047370235323e-5
8.266030144960905e-5
8.276654342946928e-5
8.285860775267147e-5
8.293680219540649e-5
8.300191188555479e-5
8.305492161071646e-5
8.309685397627192e-5
8.312864152280228e-5
8.315103215825942e-5
8.316452667906447e-5
8.31693448636594e-5
8.316539787554418e-5
8.233755764481555e-5
8.235757673829361e-5
8.237542888013873e-5
8.238742656750115e-5
8.240223954848588e-5
8.242158133326e-5
8.243940097201482e-5
8.245575194437674e-5
8.247201943937447e-5
8.248818511457672e-5
8.250424210755644e-5
8.252017729136653e-5
8.253597904747158e-5
8.255163164675206e-5
8.256712805087498e-5
8.25824643838836e-5
8.259763112747226e-5
8.261262902459936e-5
8.262745559266335e-5
8.264211574657012e-5
8.260750437561346e-5
8.252379072130887e-5
8.240957637497785e-5
8.227748099970952e-5
8.213699752275491e-5
8.199858418867786e-5
8.187612776515889e-5
8.177934562853829e-5
8.171376453404785e-5
8.168815453547744e-5
8.170766658960914e-5
8.176959658842684e-5
8.186659038182456e-5
8.198899695715266e-5
8.212642287903614e-5
8.226907707049154e-5
8.240915655208086e-5
8.25410581393766e-5
8.266116517316868e-5
8.276778386621712e-5
8.286034819388382e-5
8.293919912367716e-5
8.300516357109446e-5
8.305927825150809e-5
8.31026307374148e-5
8.31362347712564e-5
8.316093881457088e-5
8.317736549831815e-5
8.318588036122063e-5
8.318656383160189e-5
8.235758745157566e-5
8.237545147983515e-5
8.23874167065246e-5
8.240221623633503e-5
8.242157207892801e-5
8.243939837893114e-5
8.245575020202447e-5
8.247201998509305e-5
8.248818982361024e-5
8.2504253621727e-5
8.25201984624032e-5
8.253601337805045e-5
8.255168233760297e-5
8.256719761715586e-5
8.258255303742169e-5
8.259773693025702e-5
8.261274813180535e-5
8.26275833584378e-5
8.264224675857684e-5
8.260763937928925e-5
8.252392614748545e-5
8.240970308943527e-5
8.22775889831233e-5
8.21370795562199e-5
8.199863669196905e-5
8.187615152206738e-5
8.177934710352888e-5
8.171375734117818e-5
8.168814049993617e-5
8.170766289748535e-5
8.176959866291687e-5
8.186661480418875e-5
8.198905416843413e-5
8.212653124330298e-5
8.226926302406933e-5
8.240945407365491e-5
8.254151418146082e-5
8.266183937927182e-5
8.276875260756053e-5
8.286170816102637e-5
8.294107317091752e-5
8.300770765221043e-5
8.306268948277368e-5
8.310715811081421e-5
8.314219258070866e-5
8.316872297492534e-5
8.31874722080647e-5
8.319892785054787e-5
8.320331541009314e-5
8.237547757435299e-5
8.238740628208885e-5
8.240219074889455e-5
8.242156242752265e-5
8.243939581831289e-5
8.245574776101859e-5
8.247201848698947e-5
8.24881907302378e-5
8.250425884076492e-5
8.252021066510282e-5
8.253603545294841e-5
8.255171776241556e-5
8.256724948712147e-5
8.258262366430552e-5
8.259782634018264e-5
8.261285426608521e-5
8.262770233881171e-5
8.26423739783726e-5
8.260777640191889e-5
8.252407031999588e-5
8.240984425858954e-5
8.227771407972097e-5
8.213717766284122e-5
8.199870180281149e-5
8.187618495316648e-5
8.177935355481538e-5
8.171375090591437e-5
8.168812330666308e-5
8.170765568293924e-5
8.176959664999289e-5
8.186663245959814e-5
8.198909866574307e-5
8.212661605883427e-5
8.226940870843775e-5
8.240968639966922e-5
8.254186999144497e-5
8.266236552292897e-5
8.276950892144541e-5
8.286277044310011e-5
8.294253776672154e-5
8.300969703522392e-5
8.30653586812847e-5
8.31107032679374e-5
8.314686202271908e-5
8.317483075691661e-5
8.31954137475262e-5
8.320919912031551e-5
8.321653378463133e-5
8.238739503067445e-5
8.240216259530072e-5
8.242155236074806e-5
8.243939369369502e-5
8.245574528912636e-5
8.247201619005523e-5
8.248818945756262e-5
8.250426007506174e-5
8.25202163400483e-5
8.253604826157795e-5
8.255174062000805e-5
8.256728583873592e-5
8.258267650048775e-5
8.259789778534201e-5
8.26129441846023e-5
8.262780857513676e-5
8.264249267525365e-5
8.260790978074658e-5
8.252421715804534e-5
8.24099952916371e-5
8.227785466744725e-5
8.213729290591888e-5
8.199878139284275e-5
8.187622881521546e-5
8.17793669137177e-5
8.171374833577014e-5
8.168810595015247e-5
8.170764574163814e-5
8.176959102671853e-5
8.186664447513685e-5
8.198913332731927e-5
8.212668263044712e-5
8.226952318802522e-5
8.240986797519229e-5
8.254214759858477e-5
8.266277604578405e-5
8.27700992331616e-5
8.286359994604214e-5
8.294368196858112e-5
8.301125200638253e-5
8.306744614309549e-5
8.311347745324221e-5
8.31505185528424e-5
8.317961785833733e-5
8.320164512362453e-5
8.321727015216886e-5
8.322693981930378e-5
8.240213129425764e-5
8.242154165745081e-5
8.243939210205463e-5
8.245574321459201e-5
8.247201380195222e-5
8.248818729515294e-5
8.25042590096518e-5
8.252021787040267e-5
8.253605434148697e-5
8.255175395710766e-5
8.256730936556674e-5
8.258271362260228e-5
8.259795139055443e-5
8.261301622472758e-5
8.262789877680064e-5
8.26425988332518e-5
8.260803445653878e-5
8.25243604737854e-5
8.241014972659014e-5
8.227800604856729e-5
8.213742386337702e-5
8.199887684214778e-5
8.187628422834741e-5
8.177938734827127e-5
8.171374988124637e-5
8.168809080108851e-5
8.170763491656954e-5
8.176958299001742e-5
8.186665192049578e-5
8.198916046543864e-5
8.212673511925218e-5
8.226961357129702e-5
8.241001010263141e-5
8.254236423074176e-5
8.266309632340284e-5
8.277055987426023e-5
8.286424751578686e-5
8.294457560355353e-5
8.3012467015728e-5
8.30690779793164e-5
8.311564717816504e-5
8.315337998350317e-5
8.318336660447857e-5
8.320652915403117e-5
8.32236032535925e-5
8.323511689782632e-5
8.242153009897667e-5
8.243939097048932e-5
8.245574164554048e-5
8.247201177330907e-5
8.248818498610742e-5
8.250425697255239e-5
8.252021699485976e-5
8.253605613799677e-5
8.255176039416704e-5
8.256732315868492e-5
8.258273771270908e-5
8.25979891380321e-5
8.261307041654449e-5
8.262797120848669e-5
8.264268912977818e-5
8.260814614983525e-5
8.252449471821568e-5
8.241030091286883e-5
8.2278161524385e-5
8.21375658981021e-5
8.199898698461467e-5
8.187635228756605e-5
8.177941542178035e-5
8.171375403341235e-5
8.16880775030799e-5
8.170762406586574e-5
8.176957402535074e-5
8.186665597303504e-5
8.198918198792338e-5
8.212677680144384e-5
8.226968542680347e-5
8.241012162927578e-5
8.254253335578915e-5
8.266334619924739e-5
8.277091926140885e-5
8.286475294649322e-5
8.294527337705602e-5
8.301341612493617e-5
8.307035322175153e-5
8.311734345301182e-5
8.315561801459172e-5
8.318630025436976e-5
8.321035383504438e-5
8.322856709035671e-5
8.324153330488318e-5
8.243939022968479e-5
8.245574051527423e-5
8.247201022479535e-5
8.248818300121272e-5
8.250425473809472e-5
8.252021507423971e-5
8.253605543577419e-5
8.255176242866585e-5
8.256732990816217e-5
8.258275189423809e-5
8.259801369293593e-5
8.26131086547665e-5
8.262802582019708e-5
8.264276177658315e-5
8.260824134730522e-5
8.252461524550274e-5
8.241044291219241e-5
8.227831425318103e-5
8.21377124312815e-5
8.199910746212905e-5
8.187643203945009e-5
8.177945201999273e-5
8.171376013248697e-5
8.168806413211515e-5
8.170761183745853e-5
8.176956471062559e-5
8.186665765850573e-5
8.198919947530862e-5
8.212681025756846e-5
8.226974311073463e-5
8.24102094767599e-5
8.254266550304828e-5
8.266354118523834e-5
8.27711996128121e-5
8.286514736507414e-5
8.294581810699527e-5
8.301415736142279e-5
8.307134953050437e-5
8.311866916307024e-5
8.3157367745817e-5
8.318859481036192e-5
8.321334692235122e-5
8.323245431728471e-5
8.324656249492025e-5
8.2455739762901e-5
8.247200909706515e-5
8.248818147284612e-5
8.250425279503106e-5
8.252021291015597e-5
8.253605362323844e-5
8.255176188410603e-5
8.256733215423723e-5
8.258275891439121e-5
8.259802820007083e-5
8.26131335830222e-5
8.262806442571817e-5
8.264281665987084e-5
8.260831810803807e-5
8.252471825696192e-5
8.241057081010936e-5
8.227845822551163e-5
8.213785695433172e-5
8.19992322991154e-5
8.187651983947984e-5
8.177949643289909e-5
8.171376859943355e-5
8.168804956195519e-5
8.170759582091548e-5
8.176955405017092e-5
8.186665724882697e-5
8.198921408672674e-5
8.212683748943597e-5
8.226979000250116e-5
8.241027906091278e-5
8.254276889940427e-5
8.266369340894241e-5
8.277141829232895e-5
8.286545510976643e-5
8.294624328754873e-5
8.301473614647527e-5
8.307212775634274e-5
8.311970499466338e-5
8.315873527856052e-5
8.319038876306766e-5
8.321568797051516e-5
8.323549638427213e-5
8.325050093779693e-5
8.24720083364916e-5
8.248818034869633e-5
8.250425128655898e-5
8.252021100719435e-5
8.253605152558376e-5
8.255176017171142e-5
8.256733175261674e-5
8.258276134735638e-5
8.259803545211069e-5
8.261314835746312e-5
8.262808964325022e-5
8.264285552099751e-5
8.260837622879324e-5
8.252480157352774e-5
8.24106805620812e-5
8.22785885173344e-5
8.213799392176883e-5
8.199935602248464e-5
8.187661103825507e-5
8.177954583334364e-5
8.17137791399751e-5
8.168803373529004e-5
8.170757449822217e-5
8.176954018754865e-5
8.186665398225862e-5
8.198922632186132e-5
8.212685995339371e-5
8.226982867288184e-5
8.241033460404047e-5
8.254284997401745e-5
8.266381234974761e-5
8.277158886948198e-5
8.28656952018147e-5
8.294657510908614e-5
8.301518801302146e-5
8.307273553353141e-5
8.31205141727621e-5
8.315980382432651e-5
8.319179088043838e-5
8.321751826972626e-5
8.323787576449188e-5
8.325358310901247e-5
8.248817958185831e-5
8.250425016705177e-5
8.252020951846339e-5
8.253604966117315e-5
8.255175813679789e-5
8.25673301329073e-5
8.258276107488733e-5
8.259803804898525e-5
8.261315580538906e-5
8.262810463130317e-5
8.264288095090471e-5
8.260841745497783e-5
8.252486483811892e-5
8.241076972267842e-5
8.227870097765219e-5
8.213811878793095e-5
8.19994742612364e-5
8.187670199678292e-5
8.177959711598309e-5
8.171379023532922e-5
8.168801621699564e-5
8.170754752859372e-5
8.176952155919181e-5
8.186664650397391e-5
8.198923591954717e-5
8.212687851022826e-5
8.226986100258435e-5
8.24103793718818e-5
8.254291374114847e-5
8.266390542288316e-5
8.277172194481897e-5
8.286588250568776e-5
8.29468340410341e-5
8.301554074700505e-5
8.307321012839356e-5
8.312114619237043e-5
8.316063858877336e-5
8.319288646751326e-5
8.321894878934183e-5
8.323973604861725e-5
8.325599387229985e-5
8.250424939580043e-5
8.252020840465179e-5
8.253604819211241e-5
8.25517563095383e-5
8.25673281573179e-5
8.25827595408944e-5
8.259803789280025e-5
8.261315854483156e-5
8.262811224186104e-5
8.264289610320267e-5
8.260844447913375e-5
8.252490980882585e-5
8.241083768994816e-5
8.227879291020912e-5
8.213822749532273e-5
8.199958334992545e-5
8.187679019860753e-5
8.177964875014519e-5
8.171380083983052e-5
8.168799599474621e-5
8.170751471075047e-5
8.176949706442573e-5
8.186663353857424e-5
8.198924202673252e-5
8.212689342968365e-5
8.226988823926906e-5
8.24104158585857e-5
8.254296409829169e-5
8.266397842642695e-5
8.27718258038687e-5
8.286602863333972e-5
8.294703607944442e-5
8.301581606576564e-5
8.307358068388061e-5
8.312163977716647e-5
8.316129061882586e-5
8.31937423719319e-5
8.322006656250757e-5
8.324119001519681e-5
8.325787870271016e-5
8.252020763074137e-5
8.253604708502731e-5
8.255175486013302e-5
8.256732636596005e-5
8.258275762147271e-5
8.259803643801998e-5
8.26131584929718e-5
8.26281151040597e-5
8.264290384582671e-5
8.260846061331132e-5
8.252493933553942e-5
8.241088614149169e-5
8.227886336866e-5
8.213831713944474e-5
8.199967958226856e-5
8.187687329084281e-5
8.177970031815235e-5
8.171381179001465e-5
8.168797316897613e-5
8.17074759711807e-5
8.176946564558322e-5
8.186661407559909e-5
8.198924348353014e-5
8.212690449322465e-5
8.226991106977285e-5
8.241044590603957e-5
8.254300406531682e-5
8.266403589151271e-5
8.277190692046051e-5
8.286614265964391e-5
8.294719371996553e-5
8.301603094064801e-5
8.307386997910211e-5
8.312202521095238e-5
8.316179985330188e-5
8.319441092502336e-5
8.322093979197932e-5
8.324232611781645e-5
8.325935186080191e-5
8.253604631010905e-5
8.25517537607653e-5
8.256732493624783e-5
8.258275586490169e-5
8.259803457183765e-5
8.26131571113714e-5
8.262811514534204e-5
8.264290681267473e-5
8.260846889345987e-5
8.25249569891668e-5
8.241091800826286e-5
8.227891379199948e-5
8.213838634431486e-5
8.199975992494368e-5
8.187694814702258e-5
8.177975094442235e-5
8.171382473409438e-5
8.168794999863876e-5
8.170743272209482e-5
8.17694268255649e-5
8.186658738204677e-5
8.198923902303763e-5
8.212691118907075e-5
8.226992970907086e-5
8.241047081793591e-5
8.254303595445722e-5
8.266408136213486e-5
8.277197035260455e-5
8.286623167436425e-5
8.294731672684393e-5
8.301619862893515e-5
8.307409581574535e-5
8.312232616547276e-5
8.316219752698369e-5
8.319493306674652e-5
8.322162187243988e-5
8.324321367329088e-5
8.326050296375251e-5
8.255175298637982e-5
8.256732384554817e-5
8.258275445495851e-5
8.259803284903931e-5
8.261315529573583e-5
8.262811383122756e-5
8.264290693699957e-5
8.260847210552757e-5
8.2524966071093e-5
8.241093708381655e-5
8.2278947023301e-5
8.213843612822498e-5
8.199982254227667e-5
8.187701173146426e-5
8.177979823794531e-5
8.171384013932513e-5
8.168792940821671e-5
8.170738831761225e-5
8.17693820258031e-5
8.186655368125306e-5
8.198922765287633e-5
8.212691296530475e-5
8.226994404828184e-5
8.24104914610569e-5
8.254306151970673e-5
8.266411759856253e-5
8.277202005831596e-5
8.286630121645948e-5
8.29474127271906e-5
8.301632948877705e-5
8.307427210010608e-5
8.312256114060175e-5
8.316250805548695e-5
8.319534082274477e-5
8.322215458040431e-5
8.324390694915227e-5
8.326140224099323e-5
8.256732307312997e-5
8.258275337382965e-5
8.259803145895284e-5
8.2613153605802e-5
8.262811206356207e-5
8.264290568534989e-5
8.260847229881532e-5
8.252496961908424e-5
8.241094691051855e-5
8.227896694028071e-5
8.213846902086241e-5
8.199986788174233e-5
8.187706185527016e-5
8.177983938003796e-5
8.171385638595858e-5
8.168791278754563e-5
8.170734625590666e-5
8.176933461843391e-5
8.186651503137958e-5
8.198920952364732e-5
8.212690965784478e-5
8.226995388848237e-5
8.24105083968392e-5
8.254308207301172e-5
8.266414674786026e-5
8.277205913051513e-5
8.28663556191288e-5
8.29474876786793e-5
8.301643160959307e-5
8.307440969713272e-5
8.312274458852098e-5
8.316275052042573e-5
8.319565923077041e-5
8.322257058877668e-5
8.324444840539032e-5
8.32621046750168e-5
8.258275260470625e-5
8.259803038823336e-5
8.261315223567688e-5
8.262811040559391e-5
8.264290396349827e-5
8.260847102306195e-5
8.252496986989879e-5
8.241095076749806e-5
8.227897720929538e-5
8.21384887634695e-5
8.199989792214878e-5
8.187709840079629e-5
8.177987214623939e-5
8.171387117841842e-5
8.168789934640581e-5
8.170730813851768e-5
8.176928793656929e-5
8.186647481861371e-5
8.198918661297874e-5
8.212690210342159e-5
8.226995931629266e-5
8.241052205560467e-5
8.254309859906606e-5
8.266417047020178e-5
8.277208999042104e-5
8.286639826933569e-5
8.294754624008222e-5
8.301651130818089e-5
8.307451709151473e-5
8.312288780081273e-5
8.316293982878092e-5
8.31959078544585e-5
8.322289543792742e-5
8.324487124944719e-5
8.326265328551588e-5
8.259802962361905e-5
8.261315117614844e-5
8.262810905548396e-5
8.264290233684942e-5
8.260846923622024e-5
8.252496851039954e-5
8.24109510651145e-5
8.22789812563289e-5
8.213849894825807e-5
8.199991597870242e-5
8.187712266794956e-5
8.177989611317703e-5
8.171388278026314e-5
8.168788774100174e-5
8.170727359364273e-5
8.176924342975976e-5
8.186643568852907e-5
8.198916200454414e-5
8.212689238111668e-5
8.226996114953112e-5
8.241053295777278e-5
8.254311187444737e-5
8.266419004628071e-5
8.277211453133453e-5
8.286643181898977e-5
8.294759205221389e-5
8.301657352081198e-5
8.307460090789702e-5
8.312299959536668e-5
8.31630876277155e-5
8.319610197761364e-5
8.322314908872411e-5
8.324520143959659e-5
8.326308171785361e-5
8.261315041715337e-5
8.262810800783149e-5
8.264290100692986e-5
8.260846753732042e-5
8.252496658113594e-5
8.241094961866194e-5
8.227898158685351e-5
8.213850297680198e-5
8.199992528683096e-5
8.187713727561548e-5
8.177991199378292e-5
8.171389094985076e-5
8.168787733026183e-5
8.170724218466126e-5
8.176920103231452e-5
8.186639813600208e-5
8.198913791828647e-5
8.212688297023819e-5
8.22699610610337e-5
8.241054191599127e-5
8.254312259374253e-5
8.266420646734225e-5
8.27721342343699e-5
8.28664583436698e-5
8.294762796491636e-5
8.301662210211467e-5
8.30746663213362e-5
8.312308685690198e-5
8.316320301303603e-5
8.319625354206727e-5
8.322334713538374e-5
8.324545926360231e-5
8.326341627274534e-5
8.262810725544515e-5
8.264289997185159e-5
8.260846614380958e-5
8.252496473624026e-5
8.241094754328986e-5
8.227898008878335e-5
8.213850331330894e-5
8.199992896688843e-5
8.187714478975724e-5
8.177992157046282e-5
8.171389609601066e-5
8.168786859773191e-5
8.170721456264355e-5
8.176916117259786e-5
8.1866361473586e-5
8.198911455336613e-5
8.212687517691173e-5
8.226996097455035e-5
8.241055002564353e-5
8.254313147807827e-5
8.266422051032125e-5
8.27721502585042e-5
8.286647946877806e-5
8.294765620939595e-5
8.301666006519542e-5
8.307471737116717e-5
8.312315496309021e-5
8.316329308668772e-5
8.319637187401857e-5
8.32235017623694e-5
8.324566057116647e-5
8.3263677505672e-5
8.26428992270033e-5
8.260846505744704e-5
8.25249632180571e-5
8.241094554667254e-5
8.227897791510652e-5
8.213850182187033e-5
8.199992924321578e-5
8.187714774201972e-5
8.177992648700275e-5
8.171389914756141e-5
8.168786201001661e-5
8.17071922188048e-5
8.176912567731725e-5
8.186632605533062e-5
8.198909116732443e-5
8.212686845869457e-5
8.226996201337557e-5
8.241055830281051e-5
8.254313929161942e-5
8.266423279548555e-5
8.277216351059803e-5
8.286649646665338e-5
8.294767853483923e-5
8.301668976523208e-5
8.307475721212426e-5
8.312320811092515e-5
8.31633633961552e-5
8.319646425561416e-5
8.322362248547671e-5
8.324581774645209e-5
8.326388147553944e-5
8.260846427453611e-5
8.252496203231912e-5
8.241094389652842e-5
8.227897580848091e-5
8.213849963316984e-5
8.199992781754209e-5
8.187714788196403e-5
8.177992839741071e-5
8.171390064807644e-5
8.168785776379083e-5
8.170717596473338e-5
8.176909690931202e-5
8.186629401346507e-5
8.198906812073613e-5
8.212686161121096e-5
8.226996407491337e-5
8.241056718098448e-5
8.254314672359092e-5
8.266424380994831e-5
8.277217470173756e-5
8.286651033089067e-5
8.294769631413674e-5
8.301671304475764e-5
8.307478830704089e-5
8.312324957730026e-5
8.316341827118306e-5
8.319653637544294e-5
8.322371673503185e-5
8.32459404612879e-5
8.326404073000411e-5
8.252496117472588e-5
8.241094260317522e-5
8.227897405655511e-5
8.213849749239268e-5
8.199992571574124e-5
8.187714658794343e-5
8.17799283560682e-5
8.171390113214766e-5
8.168785530226087e-5
8.170716553058927e-5
8.17690760067544e-5
8.186626795391529e-5
8.198904738474373e-5
8.21268545635857e-5
8.226996663968676e-5
8.241057644181993e-5
8.25431542276295e-5
8.266425390319866e-5
8.277218438883135e-5
8.28665218352155e-5
8.294771062541483e-5
8.301673134658414e-5
8.307481257898291e-5
8.312328191931412e-5
8.316346109245127e-5
8.31965926738133e-5
8.32237903155737e-5
8.324603626790552e-5
8.326416506860278e-5
8.241094166075727e-5
8.2278972675449e-5
8.213849569656414e-5
8.199992363954875e-5
8.187714469102351e-5
8.177992727145412e-5
8.171390077939741e-5
8.168785398763517e-5
8.170715953737178e-5
8.176906245916036e-5
8.186624907901667e-5
8.19890311191594e-5
8.212684868015266e-5
8.22699699068916e-5
8.241058582556414e-5
8.25431620486356e-5
8.266426329847682e-5
8.27721930093779e-5
8.286653157933089e-5
8.294772231626633e-5
8.301674580144249e-5
8.307483152965944e-5
8.312330713219217e-5
8.316349449822727e-5
8.319663661823242e-5
8.322384775815179e-5
8.324611106613817e-5
8.326426214330399e-5
8.227897165719486e-5
8.2138494269235e-5
8.19999218790773e-5
8.187714279873786e-5
8.177992570746223e-5
8.171389990905592e-5
8.168785310115212e-5
8.17071564569719e-5
8.176905451422532e-5
8.186623681337295e-5
8.198902004627264e-5
8.212684537998632e-5
8.2269974803815e-5
8.241059568348525e-5
8.254317050030093e-5
8.266427219343593e-5
8.277220091979191e-5
8.286654002920572e-5
8.294773205311105e-5
8.301675729689645e-5
8.30748463315996e-5
8.312332677224037e-5
8.316352054722658e-5
8.319667091533672e-5
8.322389260145331e-5
8.324616946149748e-5
8.326433793186293e-5
8.213849320007055e-5
8.19999204662595e-5
8.187714117509753e-5
8.177992413503337e-5
8.171389876231056e-5
8.168785234978132e-5
8.170715492972749e-5
8.176905031156126e-5
8.186622952219973e-5
8.198901337902e-5
8.212684482975087e-5
8.226998187121314e-5
8.241060678607388e-5
8.254318016079187e-5
8.266428092835735e-5
8.27722084515882e-5
8.286654755567463e-5
8.294774036053273e-5
8.301676653049115e-5
8.307485790059511e-5
8.312334205265269e-5
8.316354084541784e-5
8.319669767790836e-5
8.322392760806958e-5
8.324621505089957e-5
8.326439710062602e-5
8.19999193877006e-5
8.187713986024714e-5
8.177992277262007e-5
8.171389763267869e-5
8.168785163591647e-5
8.170715421348996e-5
8.176904834712105e-5
8.186622563933212e-5
8.198900979483872e-5
8.212684614050127e-5
8.226999049843407e-5
8.241061942693813e-5
8.254319158954288e-5
8.266429004249087e-5
8.27722159627005e-5
8.286655447505809e-5
8.294774765167747e-5
8.301677405143603e-5
8.307486695190778e-5
8.312335391875389e-5
8.316355664484666e-5
8.319671855492848e-5
8.322395493495472e-5
8.324625064248377e-5
8.326444329402296e-5
8.187713883710085e-5
8.177992166532936e-5
8.171389666494285e-5
8.168785104034371e-5
8.170715393702481e-5
8.176904775132797e-5
8.186622405179957e-5
8.198900838674578e-5
8.212684843057424e-5
8.226999947984304e-5
8.241063295869385e-5
8.25432047604179e-5
8.266430005218403e-5
8.277222382012609e-5
8.286656107918985e-5
8.294775425188342e-5
8.301678029244098e-5
8.30748740443189e-5
8.312336310660323e-5
8.316356892118839e-5
8.319673483293436e-5
8.322397626617225e-5
8.32462784288682e-5
8.326447935728734e-5
8.177992079296953e-5
8.171389589492303e-5
8.168785059571598e-5
8.170715395728245e-5
8.176904800838508e-5
8.186622410445585e-5
8.198900874178758e-5
8.212685150329139e-5
8.227000811054973e-5
8.241064639353335e-5
8.254321893354024e-5
8.266431110388017e-5
8.277223227658214e-5
8.286656763187202e-5
8.294776041246134e-5
8.301678559419371e-5
8.307487961413653e-5
8.312337018907735e-5
8.316357843414993e-5
8.319674751553074e-5
8.322399291635567e-5
8.324630012207568e-5
8.326450751199614e-5
8.171389529788731e-5
8.168785030019872e-5
8.170715415603694e-5
8.176904876208025e-5
8.186622527235458e-5
8.198901060132615e-5
8.212685557726627e-5
8.227001658278346e-5
8.241065931911855e-5
8.254323326468656e-5
8.266432291917658e-5
8.277224133828792e-5
8.286657432282964e-5
8.294776631199502e-5
8.301679022226866e-5
8.307488400176175e-5
8.312337561196191e-5
8.316358577490439e-5
8.319675738527336e-5
8.322400591187719e-5
8.324631705869772e-5
8.326452949277557e-5
8.168785012134857e-5
8.170715446099137e-5
8.176904971584477e-5
8.1866227017661e-5
8.198901349621333e-5
8.212686068665012e-5
8.227002541036456e-5
8.241067207137627e-5
8.254324750281368e-5
8.266433518249158e-5
8.277225081362944e-5
8.286658122124274e-5
8.29477720489791e-5
8.301679437682516e-5
8.3074887471976e-5
8.31233797226561e-5
8.31635914032497e-5
8.319676505216803e-5
8.32240160540047e-5
8.324633028239198e-5
8.326454665384997e-5
8.170715483716502e-5
8.176905071071642e-5
8.186622887591835e-5
8.198901675212125e-5
8.212686635813555e-5
8.227003467672598e-5
8.241068507656674e-5
8.254326198604768e-5
8.266434794603655e-5
8.277226058085816e-5
8.286658830634342e-5
8.294777764429454e-5
8.301679819725138e-5
8.307489022954848e-5
8.312338279296095e-5
8.31635956771462e-5
8.319677099152158e-5
8.322402396836276e-5
8.324634060806964e-5
8.326456005262352e-5
8.176905173757486e-5
8.186623063426633e-5
8.19890198072206e-5
8.212687182468373e-5
8.227004381355936e-5
8.241069817950163e-5
8.25432769840964e-5
8.266436154862278e-5
8.277227081619438e-5
8.286659559386416e-5
8.294778307964052e-5
8.30168017682307e-5
8.307489243206901e-5
8.31233850374148e-5
8.316359887627472e-5
8.319677557380022e-5
8.322403014345855e-5
8.324634867214715e-5
8.326457051470748e-5
8.186623237688281e-5
8.198902249596609e-5
8.212687654554812e-5
8.227005201743253e-5
8.241071061329717e-5
8.254329214498804e-5
8.266437611675418e-5
8.277228189645614e-5
8.286660324779986e-5
8.29477883754814e-5
8.301680513723044e-5
8.30748942026047e-5
8.312338662839625e-5
8.31636012211674e-5
8.319677908814513e-5
8.322403496094903e-5
8.324635497166363e-5
8.326457868482466e-5
8.198902510300261e-5
8.212688054152649e-5
8.22700588893532e-5
8.241072157154822e-5
8.254330660110925e-5
8.266439121065821e-5
8.277229403586213e-5
8.28666115433194e-5
8.294779366220214e-5
8.301680834954106e-5
8.307489564528272e-5
8.312338770913042e-5
8.316360288906733e-5
8.319678176109482e-5
8.32240387192912e-5
8.324635989496956e-5
8.326458506642695e-5
8.212688440597499e-5
8.227006473887086e-5
8.241073085385555e-5
8.254331960049726e-5
8.266440601457845e-5
8.277230703315129e-5
8.286662069657696e-5
8.294779918497085e-5
8.301681149128893e-5
8.307489686591675e-5
8.312338840583951e-5
8.316360402728724e-5
8.319678377167772e-5
8.322404165231147e-5
8.324636374564477e-5
8.326459005276629e-5
8.227007051199317e-5
8.241073905595003e-5
8.254333109205204e-5
8.266441991222907e-5
8.27723204073716e-5
8.28666307394475e-5
8.294780523680595e-5
8.301681472081531e-5
8.307489799495923e-5
8.312338884020694e-5
8.316360476454053e-5
8.319678526369206e-5
8.322404394385214e-5
8.324636676119185e-5
8.326459395109387e-5
8.241074740178606e-5
8.254334180341807e-5
8.266443294090424e-5
8.277233380436825e-5
8.28666415841271e-5
8.294781208561172e-5
8.301681827434571e-5
8.307489920601584e-5
8.312338914185567e-5
8.316360522039476e-5
8.319678635575172e-5
8.322404573932592e-5
8.324636912767573e-5
8.326459700155584e-5
8.254335300478991e-5
8.266444577871236e-5
8.277234729464011e-5
8.286665321091113e-5
8.294781995908077e-5
8.301682244763462e-5
8.307490072121942e-5
8.312338945866482e-5
8.316360551228405e-5
8.319678714942743e-5
8.322404715480746e-5
8.32463709911569e-5
8.326459939196652e-5
8.26644594481064e-5
8.277236133601634e-5
8.286666576861013e-5
8.294782906277566e-5
8.301682755896624e-5
8.307490279604812e-5
8.312338996000805e-5
8.316360575901481e-5
8.319678773534324e-5
8.322404828415563e-5
8.324637246660412e-5
8.326460126932279e-5
8.277237645483901e-5
8.28666795005308e-5
8.294783955181685e-5
8.301683388237798e-5
8.307490567866555e-5
8.312339082594666e-5
8.316360607898366e-5
8.319678819683681e-5
8.32240492043027e-5
8.324637364484818e-5
8.32646027487612e-5
8.2866694434908e-5
8.294785145575097e-5
8.301684154800373e-5
8.307490954218424e-5
8.312339221665703e-5
8.316360658099233e-5
8.319678861042503e-5
8.322404997883833e-5
8.324637459786231e-5
8.326460392055115e-5
8.294786444952358e-5
8.301685046303496e-5
8.307491440497707e-5
8.312339422372811e-5
8.316360734672942e-5
8.319678904224839e-5
8.32240506598642e-5
8.32463753826664e-5
8.326460485545337e-5
8.30168602237021e-5
8.307492009015131e-5
8.312339682007514e-5
8.316360840784346e-5
8.319678954044213e-5
8.322405128807592e-5
8.324637604401987e-5
8.326460560881221e-5
8.307492625225675e-5
8.3123399843338e-5
8.316360972786278e-5
8.319679012531983e-5
8.322405189132488e-5
8.324637661600108e-5
8.326460622362918e-5
8.31234030908254e-5
8.316361120342848e-5
8.319679078262666e-5
8.322405248241268e-5
8.324637712266751e-5
8.32646067327889e-5
8.316361287260365e-5
8.319679146672666e-5
8.322405305771046e-5
8.32463775781363e-5
8.326460716063379e-5
8.319679228209988e-5
8.322405359890556e-5
8.324637798668596e-5
8.326460752407539e-5
8.322405441090436e-5
8.324637834367788e-5
8.326460783349803e-5
8.324637875955467e-5
8.326460809371254e-5
8.326460851127476e-5
);
boundaryField
{
	inlet
	{
		type zeroGradient;
	}

	outlet
	{
		type zeroGradient;
	}

	bump
	{
		type fixedValue;
		value uniform 0.0;
	}

	frontAndBack
	{
		type empty;
	}

	top
	{
		type zeroGradient;
	}

	symUp
	{
		type zeroGradient;
	}

	symDown
	{
		type zeroGradient;
	}

}
