FoamFile
{
    version     2.0;
    format      ascii;
    class       volScalarField;
    location    "1";
    object      omega;
}

internalField   nonuniform List<scalar>
13770
(
8206.33016210623
8205.908082183048
8262.498439422981
8206.006235071658
8262.131212744993
8218.059116100609
8206.128612522025
8262.216594255662
8217.612181545277
8124.946336420393
8206.280120304846
8262.3230765685
8217.715850324585
8124.309029806302
7999.157188152359
8206.467654000548
8262.454900870865
8217.845257617586
8124.456678771843
7998.20630963952
7844.391024052148
8206.699727600499
8262.618062830998
8218.00544704177
8124.641256915054
7998.426105556315
7842.969818209782
7660.657569748602
8206.986835912438
8262.819964779272
8218.203691761926
8124.869701822453
7998.701388745976
7843.297771847067
7658.559351404914
7447.492084327632
8207.341908240198
8263.069728006074
8218.448968118564
8125.152355488208
7999.042024497099
7843.709417892031
7659.042566098972
7444.449882085921
7205.457844703762
8207.78084323475
8263.378587911577
8218.75232848649
8125.501972300605
7999.463377832293
7844.218662736294
7659.650613348552
7445.149215774085
7201.139096541873
6936.879273868003
8208.323158661378
8263.760356306415
8219.12737741332
8125.934238577519
7999.984380498434
7844.848375913442
7660.402613999851
7446.031676827709
7202.129941203603
6930.890468958209
6646.229929616935
8208.992786217552
8264.231977948464
8219.590823160757
8126.4684377011
8000.628284210745
7845.62670541958
7661.3321680042345
7447.122714837096
7203.384098651438
6932.261674593716
6638.132987032828
6340.1128999247485
8209.81897501399
8264.814230052307
8220.16313168594
8127.128213192105
8001.42362532791
7846.588165724675
7662.480581516265
7448.470794187568
7204.934152052202
6934.00305675488
6639.982729683203
6329.455529739913
6026.850053539067
8210.837371391595
8265.532497721824
8220.869367423913
8127.942463083118
8002.405320273831
7847.775031023952
7663.898408550592
7450.135418149323
7206.848504554507
6936.154485748577
6642.340171403292
6331.884228332644
6013.2074703050075
5715.680804744333
8212.091393150875
8266.417689533595
8221.740090080259
8128.946494110157
8003.615934619651
7849.238898664908
7665.647427008233
7452.189257264803
7209.211025448167
6938.810214298003
6645.251578466312
6334.991015856531
6016.308160015756
5698.702530559301
5415.725153506613
8213.633543717779
8267.50748316979
8222.812389808354
8130.183217689497
8005.107313243269
7851.042475279086
7667.802824632644
7454.720884777483
7212.1239012028955
6942.0856427746385
6648.843491748896
6338.826290952547
6020.289642944183
5702.550413773783
5395.176867381409
5134.941058910826
8215.526880784242
8268.847444965679
8224.131363145152
8131.704500778834
8006.942222111827
7853.261851565247
7670.455654545815
7457.837751030915
7215.711318675773
6946.12101107738
6653.270623481848
6343.55534807956
6025.202689894754
5707.510178527749
5399.820287245992
5110.731362498471
4879.313428810763
8217.847357343884
8270.492184173825
8225.751280351127
8133.573126305343
8009.1961546427765
7855.988715575246
7673.715927646993
7461.669455990573
7220.123388203552
6951.08620970561
6658.720463668013
6349.3799978161815
6031.257189570999
5713.6279160268
5405.827778970828
5116.186433713752
4851.498921512188
4652.4638912257815
8220.684817600893
8272.507766395556
8227.73675074352
8135.864181217422
8011.959967739063
7859.332703517951
7677.715491241369
7466.371813261221
7225.540350644597
6957.185779271386
6665.419365459139
6356.54408945608
6038.709058502323
5721.162647462834
5413.234975273448
5123.269054525348
4857.749094234112
4621.232575703571
4455.690530909744
8224.144456332835
8274.972282982557
8230.165632499109
8138.666338309482
8015.341514948344
7863.424840683504
7682.610940769152
7472.13041616933
7232.177713135781
6964.664103366253
6673.638684439998
6365.3409560402
6047.866588458204
5730.429814473711
5422.352714387408
5131.998706596205
4865.89069320451
4628.232902787187
4421.329516204761
4288.346710909842
8228.350064302393
8277.976913098128
8233.128831839445
8142.0856322011105
8019.466943858989
7868.419275096178
7688.587902412015
7479.163996214375
7240.2904027932345
6973.811614713191
6683.70090639012
6376.1206646092305
6059.099255266861
5741.808262673457
5433.559142146729
5142.738591161975
4875.922277406661
4637.378636196763
4429.014144215342
4251.203400903789
4148.392001423555
8233.43908989997
8281.629986742535
8236.731327108748
8146.244256503935
8024.48551087442
7874.494234206402
7695.862493211552
7487.729416780741
7250.176260457591
6984.969254934842
6695.986777675442
6389.296898000439
6072.845944664672
5755.750331875476
5447.307062255066
5155.930166439224
4888.2578657916565
4648.644172304362
4439.079948474647
4259.4942194234
4108.837333642651
4032.9566859467113
8239.563722694866
8286.050720571355
8241.096544179663
8151.28123089093
8030.566591081304
7881.8578366654165
7704.6812367789
7498.122147536933
7262.18136587274
6998.531524966509
6710.939564363812
6405.354692508956
6089.622273928269
5772.7908219341025
5464.135152027213
5172.100551767671
4903.400331065823
4662.491053676975
4451.475695453192
4270.378206510275
4117.651961279016
3991.3558702353766
3938.818325869426
8246.892889768798
8291.37120293158
8246.35696531787
8157.357480364127
8037.899257731168
7890.741911344674
7715.327537047328
7510.673966945644
7276.698377559124
7014.951434237139
6729.066775603258
6424.853753133537
6110.028457292398
5793.55433379601
5484.67736198738
5191.87466737471
4921.94854810838
4679.479577180326
4466.705932752447
4283.77867910331
4129.245227302164
4000.6138805798355
3895.5110039768033
3862.7464224686482
8255.592179512592
8297.740268505906
8252.658115203687
8164.640772984375
8046.697797145401
7901.399249255889
7728.110149099095
7525.759354032358
7294.160283478096
7034.735051564139
6750.9436714240255
6448.427679864022
6134.750740255222
5818.762670170545
5509.669804782998
5215.984734897713
4944.610245500796
4700.275422963605
4485.382926596421
4300.238014891232
4143.516461287022
4012.8091258079276
3905.13805853936
3818.0355423692354
3801.7218736109207
8265.840378988214
8305.299209669363
8260.159096555417
8173.31091094382
8057.177585872287
7914.108783580391
7743.356255618291
7543.775590383049
7315.045485033983
7058.42898533156
6777.2018901470465
6476.784654663306
6164.556767377823
5849.233353309846
5539.957067947989
5245.276261510169
4972.2112938217615
4725.663025931435
4508.232580208483
4320.414207921388
4161.040537836468
4027.819236839704
3917.835444239331
3827.965636533537
3755.869373133779
3753.051889067602
8277.774999552841
8314.209635435102
8269.002659218359
8183.5574099673595
8069.560876322732
7929.138047081502
7761.415045378598
7565.1292384108065
7339.845667205186
7086.6224773345475
6808.507896223361
6510.687680527637
6200.29189692734
5885.869748632106
5576.486812444597
5280.712703445636
5005.700413593397
4756.554392148108
4536.108174168722
4345.085966229808
4182.514746790522
4046.2464660292035
3933.461789466025
3841.0760784474205
3766.045634612872
3706.2789759148127
3714.4134522479344
8291.511623851842
8324.585186090651
8279.352193860219
8195.53726525509
8084.070310044151
7946.749214164244
7782.601494823197
7590.236506362459
7369.042910709035
7119.898596697019
6845.560128619282
6550.921111049039
6242.848535456618
5929.651498733006
5620.293445332731
5323.365307312273
5046.151768426394
4793.992283374511
4569.998520199421
4375.166717321104
4208.76303245907
4068.8212214174364
3952.6420529038032
3857.209272596565
3779.492088611102
3716.6535024055374
3666.9036230547463
3683.8498694732534
8307.209099067648
8336.527509291707
8291.300559100659
8209.42569708234
8100.868875363341
7967.186600697241
7807.2029009248445
7619.442746725375
7403.105195468287
7158.799398790856
6889.019020952304
6598.280967386763
6293.118212453848
5981.590749674224
5672.481450368457
5374.389493129627
5094.749472266685
4839.150498156605
4611.029514505815
4411.711977448956
4240.750203333811
4096.405466408749
3976.134118272982
3877.0087778623147
3796.037561012502
3730.3708928399556
3677.436758502303
3635.7532612222876
3659.7425091920604
8705.116724292571
8350.210861911444
8304.936549279531
8225.29068250667
8120.129132525233
7990.59419839346
7835.4586812447305
7653.030948596254
7442.3765458263615
7203.815422780874
6939.458529892681
6653.479971311313
6351.973662812728
6042.668092699898
5734.166962605791
5435.000335908725
5152.756336833753
4893.312775241451
4660.462044865913
4455.919297127861
4279.588452761959
4130.007105766525
4004.83141273384
3901.254986653679
3816.340701167913
3747.2487839199975
3691.37109676626
3646.412608795774
3611.180677023988
3640.770086816805
8519.886123643117
5.241227527022768e6
8320.3774114275
8243.192667517716
8141.864032795909
8017.10954124501
7867.452426526073
7691.193028003274
7487.090819040942
7255.243110846764
6997.349516625209
6717.085398603071
6420.146467846509
6113.805813063918
5806.397134478117
5506.398836605602
5221.4813167983975
4957.8340801750655
4719.665317163521
4509.123878369396
4326.53583131938
4170.785638313804
4039.7774612510048
3930.8670471216874
3841.2001559797045
3767.957978869673
3708.5151656742273
3660.5197172528206
3621.940037924849
3591.840646807268
3625.86501813818
8391.329341227276
1.4537734169340094e6
5.241227527022768e6
8263.198277345047
8166.06945411493
8046.643325739948
7903.238429382238
7733.895789400604
7537.335049227026
7313.209406962398
7062.883701804087
6789.497525793056
6498.153162919192
6195.7175707784045
5890.114800172481
5589.675579339223
5302.190750344471
5034.100327848779
4790.071309625197
4572.766598737595
4382.989747915388
4220.0493741305145
4082.1706837883266
3966.9175837990115
3871.555899187557
3793.3118089741056
3729.5495048594785
3677.8757689434105
3636.1841467302866
3602.6790004614486
3576.645869890316
3614.1714863859916
8303.262146518764
374139.63124014606
1.6819650285979726e6
5.241227527022768e6
8192.725116205434
8079.078077016804
7942.5653426035105
7781.049499083216
7592.891696605688
7377.629133450278
7136.016266619397
6870.742300400287
6586.270918725315
6288.82635050653
5985.98140032487
5685.767616061279
5395.998205663671
5123.425630187296
4873.127413776963
4648.342572164681
4450.450142704157
4279.247019148675
4133.360630866055
4010.636676685446
3908.5041096497634
3824.266987035803
3755.2991785625727
3699.169074341372
3653.708305427048
3617.0313828834824
3587.5464526942596
3564.7244946741084
3605.0073240480724
8228.975829328723
91036.51890602187
500888.6964324121
1.7218147186303225e6
5.241227527022768e6
8114.254985009941
7985.145788795621
7832.173891709886
7653.458912051696
7448.028598560835
7216.420153416495
6960.539462879812
6684.303441349099
6393.239741356516
6094.291088612579
5795.257113279134
5503.8144424582515
5226.930735060054
4970.181212611284
4737.34745590129
4530.463230798527
4349.926552812524
4194.8378169711505
4063.4074145312925
3953.300389193929
3861.938618304226
3786.7342825763435
3725.2340174343763
3675.207012501316
3634.6884148726067
3601.984183324669
3575.674000374889
3555.3814314733527
3597.83146756534
8156.527999317701
24482.9392848344
140042.32422890738
537093.6318252443
1.7332878533948e6
5.241227527022768e6
8030.62655893483
7886.752490166083
7718.260392089485
7523.825934069082
7303.297883365618
7058.256880241184
6791.680778949671
6508.494822797431
6214.947338427574
5918.285548747478
5626.124918492115
5345.486545269514
5082.349881982425
4841.151498268135
4624.562143311521
4433.675214399353
4268.18890705718
4126.754066029177
4007.3549345050615
3907.602730093021
3824.985038751518
3757.0513561072257
3701.52201398123
3656.349517110266
3619.745971553233
3590.1788720861396
3566.3693372621065
3548.065281381844
3592.2162314306424
8082.706006323749
11026.536693115058
38060.345291071266
159922.95315671497
549074.5288699499
1.740173552703638e6
5.241227527022768e6
7944.184852799334
7786.494983298004
7603.889338968057
7395.728030168392
7162.718160020166
6907.416741861581
6633.693322074364
6347.192854097617
6054.532421147526
5762.906900414484
5479.473889347599
5210.45724878686
4960.861900647539
4734.132032111606
4532.054976559762
4355.033892329479
4202.294195897081
4072.2190403917057
3962.691346318019
3871.3437250056577
3795.763323686242
3733.642546021866
3682.8622191038967
3641.5351533128214
3608.0230864631403
3580.9269452744584
3559.0832890696684
3542.3401365649033
3587.824473638955
8007.910166224199
8580.703113472699
14129.02674797481
45644.49970604941
167900.23339888256
555167.4701783336
1.7461637882306399e6
5.241227527022768e6
7857.27254697908
7687.088108062791
7492.17935231439
7272.618728262049
7029.919931419831
6767.465446642171
6489.781120303836
6202.936072096922
5913.610422062694
5628.705142493362
5354.77940830486
5097.253079278728
4860.266942616325
4646.460484606481
4456.956726027702
4291.673830012754
4149.534773398765
4028.7772294935803
3927.2599069786174
3842.6750631894047
3772.7203413233674
3715.2224962423143
3668.203774539151
3629.913096450233
3598.8359185294576
3573.6822696893805
3553.381716892247
3537.8623411045246
3584.390982279484
7933.738667303301
8144.250951502695
9195.274310279974
16370.29710059342
49433.718992414375
171841.2811830288
559832.7294261107
1.7518612000060754e6
5.241227527022768e6
7772.217489004256
7591.164519270025
7386.005870672468
7157.480499740916
6907.791420986758
6640.950638229221
6361.9006000763575
6076.875634135096
5792.40748864057
5514.971484609161
5250.501905279048
5003.692893856476
4777.971623820297
4575.357854517553
4396.49346105609
4240.96878213612
4107.521742934057
3994.323261986684
3899.2502343576234
3820.0706844521083
3754.589559806518
3700.7531732780717
3656.7044516232836
3620.8051954913926
3591.6420633658418
3568.013125616564
3548.922365677592
3534.361539259834
3581.7075227346777
7862.023991840126
8030.97176243971
8268.372018134769
9745.67817420574
17756.33319138179
51431.92713568538
174487.41159989237
564071.2959260243
1.7574100619843684e6
5.241227527022768e6
7691.162280121656
7501.031358956642
7287.727372815021
7052.557550288143
6798.262747516233
6529.284920658352
6250.772529944692
5968.94194929454
5690.053413210356
5420.119546191143
5164.496618741907
4927.2691367998905
4711.303400235364
4518.156883425411
4348.133806598014
4200.607835121728
4074.210255365948
3967.0917294733945
3877.1685729284773
3802.2866593938907
3740.348421656219
3689.4027675057096
3647.6930234892116
3613.6735950039356
3586.0127673589495
3563.5791744356047
3545.435985671261
3531.62544559445
3579.6107686859405
7794.434524951503
7965.080917621687
8078.356978494126
8389.642272403913
10162.295686206986
18578.53427713346
52693.420486286464
176741.40293644508
568179.0019609856
1.7628301374667361e6
5.241227527022768e6
7615.8798322197945
7418.470690216728
7199.001250559164
6959.222746422505
6702.260410935257
6432.808794226702
6156.072076316645
5878.134965024401
5604.940001789542
5342.061882160413
5094.360612345895
4865.433137331025
4657.717709137878
4472.435427457079
4309.657140319499
4168.616713901472
4047.8877666072485
3945.627131006381
3859.7979357885015
3788.319004759871
3729.1776876103067
3680.5084418527376
3640.6371713545113
3608.0931588523317
3581.6100414240764
3560.112679658515
3542.7111622468583
3529.4875492011815
3577.972749448236
7732.283374423777
7908.396873713156
8006.835632572598
8110.1098511796345
8496.729362926188
10434.766113698868
19066.589831274378
53651.322777160145
178866.84577233435
572201.4439063953
1.7681183755509509e6
5.241227527022768e6
7547.643364153875
7344.629333393498
7120.721181483988
6877.989846953039
6619.808122867069
6350.993232490305
6076.708440816319
5802.854319557775
5535.06075419771
5278.5202205159985
5037.687107715148
4815.779559240918
4614.916453459828
4436.076090338024
4279.1705773671365
4143.344364100296
4027.1436781314806
3928.744359384411
3846.1564630570674
3777.3635648362024
3720.424642165406
3673.5445842848767
3635.1161634481705
3603.7287629502407
3578.1680043791293
3557.4034183525164
3540.582069060355
3527.8173797207573
3576.693300926313
7676.441427781693
7857.205504574522
7955.014523737488
8022.197035627421
8129.233089284661
8564.469370698538
10598.22761351967
19421.297963551988
54536.4004907596
180952.97503689514
576143.3078530643
1.773295500544319e6
5.241227527022768e6
7487.1766959461875
7280.010713222107
7053.070874520024
6808.637454061802
6550.23016098854
6282.70043371613
6011.121597620474
5741.199098936417
5478.282343763577
5227.247401002269
4992.226171379547
4776.14918660904
4580.898554828162
4407.278613798742
4255.093791417862
4123.432324972835
4010.830267297293
3915.487719762278
3835.45795403765
3768.779768153877
3713.571764782524
3668.095796990847
3630.7983652468647
3600.316788156082
3575.477894377227
3555.2865010202695
3538.91877298649
3526.5128137630536
3575.6940448492323
7627.325988413284
7811.460359058684
7910.308199865334
7970.979408715085
8023.18392064915
8129.605154862619
8585.793052342602
10688.724626247578
19719.998088696757
55396.15513650749
183006.23052083518
580019.1533863425
1.7783421634542823e6
5.241227527022768e6
7434.683451699219
7224.553294498779
6995.65666226716
6750.402041512172
6492.385930596938
6226.443000287263
5957.540046304951
5691.1995447002155
5432.533477935924
5186.1637319059155
4955.971331080958
4744.670051492543
4553.967567306509
4384.54290229365
4236.128178335006
4107.77622476317
3998.0225016857466
3905.092240459333
3827.0762864076214
3762.0598022424047
3708.210093559189
3663.834670671514
3627.4229138428736
3597.6502539880667
3573.3759706945084
3553.632729978779
3537.6195738367323
3525.4939382475777
3574.9136904234556
7584.948127126944
7769.739966652009
7870.761419837439
7929.66914068979
7972.4736266449045
8018.077825968199
8128.2131737961345
8604.706823034525
10776.086610054028
20015.858464428646
56248.254182647914
185035.05377997045
583815.6809011769
1.783273358713522e6
5.241227527022768e6
7389.9353991056505
7177.759434639296
6947.681458015593
6702.181097572579
6444.889364306597
6180.599278898508
5914.173067000085
5650.973230865636
5395.917102123155
5153.427444005577
4927.191234384711
4719.760237157841
4532.712953159557
4366.638081738668
4221.219060814496
4095.486548887796
3987.980274336447
3896.9488795148072
3820.515194407816
3756.802426864463
3704.0173179819076
3660.503679311939
3624.785000125805
3595.566820383896
3571.7339375197434
3552.340979463701
3536.604891814509
3524.6982611783806
3574.304330054819
7548.99818907434
7729.290043648186
7833.686134170025
7893.408349297143
7932.494777975356
7966.436193095193
8010.472894518547
8125.00150281762
8622.288638394293
10862.31907293467
20310.36343709794
57095.31035212785
187032.75750824853
587541.1192330192
1.7880876747796312e6
5.241227527022768e6
7352.388776724255
7138.844718729161
6908.1141453484815
6662.712837188854
6406.283419193855
6143.568083945089
5879.335823778847
5618.814202013826
5366.765296455206
5127.457212497941
4904.427837149941
4700.107562814925
4515.97920772363
4352.565595553698
4209.517589698483
4085.851966889025
3980.1145397883374
3890.5750184963845
3815.382619557423
3752.691448863783
3700.7399392867874
3657.9006424149347
3622.7239918646455
3593.939291343432
3570.4513761411445
3551.3321179582736
3535.8124905152536
3524.0769354205713
3573.828520438963
7518.944359311624
7692.487017518293
7795.028694252358
7858.8411981214795
7897.655084078982
7926.521106474184
7957.25760878805
8001.007868262857
8121.272623711884
8639.563466926047
10948.500374074929
20605.130983834162
57934.65626405668
189002.97038877886
591194.0257535256
1.7927866182180014e6
5.241227527022768e6
7321.306842563558
7106.874020340625
6875.831991272775
6630.7131845996
6375.160670383608
6113.865501445457
5851.51738759131
5593.233542823801
5343.653384561736
5106.926173667362
4886.4748006650625
4684.639015113876
4502.830074818276
4341.522446448352
4200.3453480629305
4078.3065586655894
3973.9586506498954
3885.5894495994025
3811.369641676324
3749.478201097034
3698.1789497582804
3655.866995214341
3621.114034373325
3592.6681106932338
3569.4497090746054
3550.5442650801224
3535.1937210873602
3523.591782981348
3573.4570081307957
7494.129559337167
7662.458075193545
7758.474900060609
7821.140754264492
7864.1515429084875
7891.922993099244
7916.705213112696
7945.802851771547
7991.005309716243
8117.331744119882
8656.828762541409
11035.574208581482
20899.30255467927
58767.74994337485
190944.26880585347
594774.2994243897
1.7973752779226422e6
5.241227527022768e6
7295.865186142719
7080.870672483368
6849.72477031368
6604.966649909106
6350.235467690369
6090.174425413305
5829.40871272622
5572.966148640615
5325.390434935171
5090.739472047988
4872.347547140056
4672.486346722456
4492.513363531043
4332.86728187692
4193.162842937355
4072.402135710985
3969.1440926552114
3881.6918464780356
3808.23333764609
3746.9674821836124
3696.178280307706
3654.278506895257
3619.856623550105
3591.6753771223184
3568.6674898653637
3549.929052080408
3534.710563184669
3523.2129762056693
3573.1669415430943
7473.850880874759
7638.997312079564
7728.952356075685
7784.6308568957265
7826.681833453917
7858.534574889074
7881.675386140985
7904.146535784954
7933.622894038873
7980.686148100116
8113.242654518159
8674.785148445677
11123.192132738168
21193.33797988455
59593.63650658722
192856.0732918363
598284.78412008
1.8018487684127865e6
5.241227527022768e6
7275.23259122605
7059.89303720618
6828.7608608728515
6584.37792084325
6330.378023963101
6071.361993698978
5811.9033780723985
5556.9585265509495
5310.996484015623
5078.005312063842
4861.250533743318
4662.952716141775
4484.428732335595
4326.090338241218
4187.542964440295
4067.784847493188
3965.3805894168836
3878.6460722953407
3805.783031482645
3745.006216784079
3694.6156604112966
3653.037947274488
3618.8746828456233
3590.90017389307
3568.0566893945743
3549.4486751505747
3534.3333123344564
3522.9172148254556
3572.940471202268
7457.418267464932
7620.747195553795
7706.595794491857
7755.277011740445
7789.897713630756
7820.74827060468
7847.842069670505
7868.227990229831
7890.625998348542
7920.963833189369
7969.994435938419
8109.600123255119
8693.075901661745
11211.563671170816
21486.877359117032
60411.834500035555
194738.8748173244
601720.3284974719
1.8062176197289953e6
5.241227527022768e6
7258.625345431181
7043.080763998731
6812.0224057847945
6567.993629594428
6314.623488993976
6056.475703069492
5798.0835750648575
5544.346260156251
5299.6749732551425
5068.004207253121
4852.545964449433
4655.482388997147
4478.099277184004
4320.78819835125
4183.148595759287
4064.176022884889
3962.4399375241455
3876.2667967982707
3803.8692077014002
3743.474485639069
3693.3953977794035
3652.0692387212466
3618.107941601361
3590.294886718394
3567.5797695506053
3549.073599116722
3534.038764504132
3522.6862988219355
3572.763657843948
7444.192294573682
7606.484618347678
7689.768700525782
7733.454441084582
7760.3773078623
7783.396441590838
7809.388385551548
7833.560568303874
7853.5769459060275
7876.481678698603
7907.758674379867
7959.5777998033955
8105.992525055326
8711.896093969304
11300.580028469627
21779.670935199654
61222.025903252186
196589.69201705788
605088.3163652624
1.8104756921741995e6
5.241227527022768e6
7245.33817104511
7029.6773740124145
6798.7177306742
6555.005177677987
6302.164821349026
6044.728454415673
5787.1983655742715
5534.428200645205
5290.784252429445
5060.159995688666
4845.725613744011
4649.634156684951
4473.1477467080385
4316.642541093453
4179.714301149182
4061.356616750598
3960.143054049323
3874.4087089369878
3802.3747435746545
3742.2784408404905
3692.4426206669596
3651.3128933393964
3617.5092913859917
3589.822302321757
3567.207402991091
3548.780752289291
3533.8087948404172
3522.5060151350926
3572.6256155253186
7433.604317869639
7595.290161875935
7676.9805157532455
7717.377059641958
7738.653497848638
7753.435944448492
7771.261068041404
7794.175500234888
7817.85702956308
7838.162120094821
7861.650174229553
7894.721693390791
7948.9800963848165
8102.651212543597
8731.210401951254
11390.139464677066
22071.55113076711
62022.78625112556
198411.7639164445
608383.619920331
1.8146301478416333e6
5.241227527022768e6
7234.757566483553
7019.03595796059
6788.1798320549
6544.739622578054
6292.33767794947
6035.478086651026
5778.63994348397
5526.640453313107
5283.811093846669
5054.0139630384
4840.386242829694
4645.059161986433
4469.276564793204
4313.402788080573
4177.031474067351
4059.1547561820717
3958.349539715411
3872.957988171346
3801.207985664775
3741.3446565877366
3691.698786087494
3650.7224158522567
3617.0419149217932
3589.4533476635124
3566.916680566441
3548.552113253604
3533.6292489770894
3522.365263978979
3572.5178447350545
7425.163776166753
7586.479843653229
7667.162045283965
7705.394864600005
7722.849983874991
7731.50121677128
7740.672622349869
7755.101764756614
7777.380858623955
7801.261761237443
7821.934998556761
7846.9002145645445
7881.367888874223
7938.477635908987
8099.558070478662
8750.978082832413
11480.240570741173
22361.8447179368
62815.232752729564
200201.93475624485
611610.202388718
1.818681997094945e6
5.241227527022768e6
7226.362972248422
7010.614922152672
6779.856358110264
6536.645067830894
6284.601604290368
6028.205943119077
5771.920267406022
5520.532526904556
5278.347250782523
5049.202392576979
4836.209168233214
4641.482320327043
4466.251543737217
4310.872044388988
4174.936454813408
4057.43570935555
3956.9494302859866
3871.8255717205457
3800.297229257887
3740.615722679453
3691.118138891974
3650.261469226237
3616.677049079214
3589.1653126873844
3566.6897079825203
3548.373608476788
3533.4890729552726
3522.255378864518
3572.4337074740824
7418.456833723793
7579.535229331521
7659.564904329146
7696.345176351009
7711.212836662904
7715.65356079246
7718.32433422809
7723.73809761793
7737.249755255529
7759.596577820352
7783.7469315257185
7805.703787275791
7831.7264022951
7868.01993270481
7928.05260426215
8096.6891553827945
8771.278466369879
11570.548347622847
22650.956570164348
63597.69029995085
201961.87929302765
614768.1610456691
1.8226329965108777e6
5.241227527022768e6
7219.721094204987
7003.967869701117
6773.2960231919515
6530.273766745171
6278.521037585133
6022.496230648425
5766.649914966828
5515.7464049463215
5274.069237343345
5045.437978913145
4832.9431878005125
4638.68720065675
4463.888704474158
4308.895860807349
4173.300963839981
4056.0939607454693
3955.856687205085
3870.9417860534786
3799.586413127806
3740.0467710535277
3690.664921679756
3649.9016664193314
3616.392226316484
3588.9404589723035
3566.512511109314
3548.2342471635648
3533.3796360586966
3522.169591380778
3572.3680214542164
7413.140391139215
7574.056417562479
7653.6542055000755
7689.436876279559
7702.514651739581
7704.064078883253
7702.227792781599
7700.830253417081
7705.013818738157
7718.336136694701
7740.809211646629
7766.149239790343
7788.941905228043
7816.501629879854
7854.6585783654255
7917.682772628577
8094.159129163721
8791.89432426294
11661.28345420132
22938.174657685362
64370.75475880965
203690.86062842308
617857.9933085607
1.8264848723584386e6
5.241227527022768e6
7214.476388440107
6998.731320327218
6768.133799149479
6525.265590352437
6273.747378603964
6018.017574787862
5762.519683044042
5511.998596893256
5270.721653899875
5042.494338488538
4830.390713302322
4636.50380628614
4462.043752647468
4307.353190292922
4172.02454738443
4055.0469599879843
3955.0040069598845
3870.252161380473
3799.031726168715
3739.602738822058
3690.311201277359
3649.620834426445
3616.169897988286
3588.764934432079
3566.3741768863592
3548.125447945913
3533.294197806029
3522.1026174274075
3572.3167412401617
7408.93363039999
7569.731494805332
7649.037703169803
7684.12153519816
7695.931666334467
7695.45542905772
7690.494208770808
7684.34559717301
7681.450504306885
7685.164157234851
7698.354323284941
7721.872481706474
7747.9177305249705
7772.073264344627
7801.209170057007
7841.257222411311
7907.499776304587
8091.772791982783
8813.026889045588
11752.135110879586
23223.634248192244
65133.62218748506
205388.3351427746
620879.8124485036
1.8302384249691493e6
5.241227527022768e6
7210.340440564105
6994.611933274697
6764.076832465296
6521.3327152949005
6270.003158511315
6014.507102117568
5759.2848979623095
5509.065395240381
5268.103330188382
5040.1934545812455
4828.396578110172
4634.798828873776
4460.603613700034
4306.149250604104
4171.028621472721
4054.2301366243973
3954.338775792944
3869.714132965457
3798.5989333809857
3739.25623646628
3690.035160080116
3649.4016552925923
3615.996360523185
3588.627921568366
3566.266184734318
3548.040508899705
3533.227495893155
3522.0503320910893
3572.276707224675
7405.609087498891
7566.315573462802
7645.421927367786
7680.0081964046
7690.9022088882075
7688.975438777162
7681.804205415863
7672.34308810883
7664.485780497807
7660.884369962867
7664.191192878098
7678.168602775444
7702.213852017789
7729.521309683969
7755.088983899825
7785.8177889249455
7827.956635245268
7897.294216399047
8089.753740085088
8834.483670918074
11843.156207145226
23506.972392824362
65885.54232891001
207053.32060059346
623832.800440037
1.8335922973581231e6
5.241227919519742e6
7207.081364465237
6991.374640962402
6760.891622410252
6518.246260756494
6267.068476873037
6011.756944392155
5756.752578989686
5506.770658823472
5266.056117040927
5038.395558843162
4826.839121120875
4633.467813552066
4459.479756009424
4305.20990030061
4170.251721463871
4053.5930166676244
3953.819881787441
3869.2944414614785
3798.2612935625493
3738.9858719309486
3689.819758443522
3649.2306061887393
3615.860912654006
3588.5209746453156
3566.1818802672897
3547.9741978354305
3533.1754224145952
3522.009513692865
3572.245453391408
7402.983996305846
7563.615836322646
7642.5842593074
7676.811172779691
7687.032777128479
7684.0474278567945
7675.279553708055
7663.464978742661
7652.130522682811
7643.382952694563
7639.147188137376
7642.968595409524
7657.190026487175
7682.336032817168
7710.9635750000925
7737.953727779551
7770.476122451321
7814.521885277205
7887.319452006423
8087.921472740507
8856.338367192257
11934.240120225048
23787.817701125143
66625.40045588795
208684.24090591999
626546.8827071828
1.8201106835565055e6
5.241234509154464e6
7204.514163103278
6988.8320296822185
6758.392924677182
6515.8249466664165
6264.769555989264
6009.603242027386
5754.770833280138
5504.975952035394
5264.455866813643
5036.9910809188905
4825.62302298117
4632.428982954105
4458.602933261285
4304.4771521256
4169.645803461462
4053.0961625529435
3953.4152021020273
3868.967109097599
3797.9979222287875
3738.7749386582054
3689.6516915502916
3649.097127481392
3615.755199649554
3588.4374978765445
3566.1160684669558
3547.9224303651354
3533.1347689712247
3521.9776477721844
3572.2210540423666
7400.912536195361
7561.480293688919
7640.354444476272
7674.317609947741
7684.0406359157405
7680.27054952449
7670.327850199922
7656.807592768206
7642.99049777361
7630.624660879981
7621.068261183758
7617.120328620795
7620.892626704997
7635.94442602759
7662.255360560059
7692.20565981783
7720.823270729437
7754.923321072395
7801.233301679462
7877.374147150365
8086.380415867499
8878.58718828465
12025.28022166803
24065.64883029706
67351.73335101875
210205.75259974477
617203.2509555852
1.782609909836673e6
5.241266550297425e6
7202.492125040735
6986.835301655428
6756.4343287353495
6513.925605908621
6262.9694356788705
6007.9170855361735
5753.220316287858
5503.572621371721
5263.20526628064
5035.894184369472
4824.673663422333
4631.618377450066
4457.918988928518
4303.90568224691
4169.173330292653
4052.7087605572133
3953.099647643925
3868.711848441668
3797.7925099759404
3738.610392628808
3689.5205705619483
3648.992975530936
3615.6726969648935
3588.372342120081
3566.06469401455
3547.8820164480585
3533.103031462433
3521.9527708036057
3572.2020059383894
7399.278957754681
7559.789183950861
7638.601494338262
7672.36683088904
7681.718233674786
7677.359030999369
7666.538631581823
7651.7619481735
7636.1365152949675
7621.179853003263
7607.872841835664
7598.428673904491
7594.186475829703
7598.506487133202
7614.459142625779
7641.930521293063
7673.409249682476
7703.413145812587
7739.464367181169
7787.86017325682
7867.586573713013
8085.159936885886
8901.241545354631
12116.141469598871
24339.760725538268
68033.36176279295
205682.19747957253
591742.7948430192
1.6631648515243952e6
5.241361584372067e6
7200.899348690256
6985.266786770024
6754.900286046629
6512.435549131094
6261.560317799858
6006.597235145976
5752.007384626452
5502.475507265333
5262.228085448965
5035.0376789074235
4823.932684712445
4630.985976124186
4457.385594354066
4303.460080240672
4168.804973435778
4052.4067444294624
3952.8536253789553
3868.512816538775
3797.632323426703
3738.482049178392
3689.418285780136
3648.91171291286
3615.6083112651067
3588.3214879816896
3566.024589581555
3547.85046630558
3533.0782544521626
3521.9333500198736
3572.187135448309
7397.991633572465
7558.448200821512
7637.223841817486
7670.836675911727
7679.910402935781
7675.104872743111
7663.619894062942
7647.906781770029
7630.941764600866
7614.094121208398
7598.095448880759
7584.765518702962
7574.835536973201
7570.903307150089
7575.848590187326
7592.691519411938
7621.527438203832
7654.269623003069
7686.050265267848
7723.840734502924
7774.546295262235
7857.9930838282535
8084.311033981248
8924.33407292898
12206.61036184245
24600.226470648275
66288.35317878032
193461.8772619984
515574.25262285
1.4241064407935562e6
5.2415717106405115e6
7199.6442769188525
6984.033847989161
6753.699559209315
6511.266351052914
6260.457429310654
6005.56428354256
5751.0586750669645
5501.6179016269925
5261.464653443534
5034.369023445644
4823.354449344852
4630.492683367342
4456.969679394118
4303.112679584084
4168.517826810743
4052.1713194218346
3952.661834261583
3868.357644059155
3797.507420494063
3738.3819586307436
3689.3385047757265
3648.8483147152165
3615.558066923756
3588.281796185427
3565.9932831418055
3547.8258356593924
3533.0589114883724
3521.918188737357
3572.175526265667
7396.977974356408
7557.383257219786
7636.141507489445
7669.634252051779
7678.499056160234
7673.354352749593
7661.359124383507
7644.943058571465
7626.972350479746
7608.722584867875
7590.7559212184715
7574.6288497595215
7560.665718969641
7550.858002440507
7547.32112733322
7552.875486437632
7570.8104388568345
7600.725853504391
7635.132147138435
7668.452028043247
7708.207772349597
7761.324734034546
7848.653395637344
8083.921176165419
8947.871292126396
12294.549061202659
24053.11389395839
61603.854415359434
158650.36091465058
382230.53350997216
1.0849652392234302e6
5.241966713182032e6
7198.654228079355
6983.06410855163
6752.75982711926
6510.348889767885
6259.594149862997
6004.756020212979
5750.316767272983
5500.947585439553
5260.868305757364
5033.847133950905
4822.903291532584
4630.107955732337
4456.645404385151
4302.841872751884
4168.294001417265
4051.9878063244505
3952.5123273519566
3868.236672252465
3797.4100407736414
3738.303913842853
3689.2762850682884
3648.798859180365
3615.518858933994
3588.250816619662
3565.968844260373
3547.806606735183
3533.04381082098
3521.906352650668
3572.1664630843934
7396.180223673559
7556.536581292357
7635.290086391672
7668.6893061111505
7677.39283101093
7671.992486465848
7659.598954074946
7642.653641195309
7623.920251484156
7604.618081455621
7585.190853971837
7567.0116824652105
7550.138499847633
7536.15056555151
7526.558631144453
7523.396040304451
7529.758359948723
7548.4841149572085
7579.885537637508
7615.694677834098
7650.782746667144
7692.593092913731
7748.251069678204
7839.664340952821
8084.069539378779
8972.05713114372
12153.996599193444
22566.437816632482
49134.16399782474
103110.75467035896
232824.90218898354
760889.2255098245
5.242618672863232e6
7197.871243512905
6982.301551465578
6752.0235460144695
6509.629305799715
6258.918243337272
6004.123692604038
5749.736780157453
5500.423723762859
5260.402544791018
5033.439908598807
4822.551353440067
4629.807928092506
4456.392586459242
4302.630785037705
4168.119524505798
4051.844741570012
3952.395774009119
3868.142360719049
3797.334124000946
3738.2430705900897
3689.2277697893305
3648.7602836232663
3615.488264128032
3588.2266358672114
3565.9497659465223
3547.7915945089007
3533.03202200334
3521.897112401678
3572.159387426983
7395.552277774132
7555.863784800047
7634.616929513607
7667.948955244523
7676.520449771964
7670.9321996864865
7658.221565267661
7640.877868232417
7621.562088966075
7601.46258892593
7580.939545206269
7561.230911113333
7542.219608141482
7525.205883708515
7511.294617204499
7501.893509797092
7499.300974405011
7506.156445571175
7526.0835267349075
7558.690429230375
7596.128079563629
7633.06500581788
7677.045299201344
7735.413607729327
7831.114080880385
8085.500635874731
8950.030545695623
11745.996731172987
18785.349339461543
31361.342860343528
53866.1357523358
124210.39649581545
571046.3775670272
5.243605384521981e6
7197.249369406757
6981.703075489043
6751.445109952517
6509.065586303702
6258.388956512853
6003.629043369496
5749.283694359154
5500.014392998397
5260.0388386949235
5033.122279013993
4822.276876652901
4629.573961309707
4456.1954603725835
4302.466235523358
4167.983483287439
4051.733168493329
3952.3048879674807
3868.0688185835616
3797.2749394851126
3738.1956492494664
3689.189947174351
3648.7301983817124
3615.4643902140424
3588.2077600939265
3565.9348715409706
3547.77987371786
3533.0228186991717
3521.889898538393
3572.1538632844786
7395.057375584304
7555.331172022374
7634.079873262894
7667.37265697227
7675.8272378946685
7670.106261593641
7657.1386071682155
7639.49495975677
7619.733184649935
7599.02499954613
7577.673893132416
7556.811191802214
7536.205497619016
7516.962154510878
7499.916772142767
7486.0543477324645
7477.036680942816
7474.688146592708
7482.449720553481
7503.283175080067
7537.315707680644
7576.450702193004
7615.340925924384
7661.640031633346
7722.883605729719
7823.77914897415
8094.277478250089
8859.87845518631
10737.171479228806
13765.317092204219
17630.861740185013
26303.21814662959
75092.52436972191
436646.49981018656
5.245005562482345e6
7196.753211656665
6981.235030073848
6750.98919734921
6508.624522060381
6257.974809714355
6003.241995952426
5748.930179980416
5499.694681792103
5259.754889654063
5032.874668614901
4822.062880485283
4629.391498762392
4456.041707322173
4302.337929524747
4167.877349822174
4051.646088914007
3952.2339731411303
3868.0114445237195
3797.2287948567873
3738.1586984634177
3689.16046785248
3648.7067376186933
3615.4457599870457
3588.193022693774
3565.923242226183
3547.7707219866725
3533.0156338308907
3521.884266479072
3572.1495502244234
7394.6664794432645
7554.912267662314
7633.647932681652
7666.926971650649
7675.273707577882
7669.4612491235575
7656.284345677372
7638.413060295661
7618.310545747275
7597.134601499537
7575.15508969294
7553.4134527296865
7531.605324009197
7510.695021104713
7491.335216916794
7474.228409883769
7460.604279964354
7451.6351611264945
7449.944770669488
7458.305833580836
7480.2611718076205
7515.776470491623
7556.6992415980485
7597.674308140219
7646.424256245775
7711.348018844629
7840.5136099937645
8088.524269510726
8637.115476829273
9466.261300347542
10248.27714098398
11246.153571539962
15894.527453573242
48086.837734419576
341523.84462689416
5.246899050913342e6
7196.356763338823
6980.869823732843
6750.6296298305715
6508.279209408989
6257.651736133375
6002.938908892491
5748.654856408112
5499.44521415209
5259.533271525717
5032.681796978375
4821.896121027348
4629.249171007317
4455.9217011442715
4302.237820720843
4167.794459832376
4051.5780259501453
3952.1785760108514
3867.9666437520473
3797.1928042563013
3738.1299165524742
3689.1374977254854
3648.6884451833075
3615.431219919573
3588.181512378779
3565.914160542902
3547.7635752162814
3533.0100246908823
3521.8798690899675
3572.1461824638864
7394.357137903854
7554.583878865252
7633.301552872397
7666.581444474832
7674.833921846524
7668.953763125459
7655.610313918052
7637.562088494097
7617.201255232839
7595.663856447043
7573.206277156995
7550.790656535002
7528.068156572476
7505.897690335261
7484.804329754106
7465.297118419953
7448.315182100359
7434.587950686924
7426.081766289241
7424.733496384703
7433.905239687569
7457.030549898851
7494.105382362345
7536.927767933588
7580.088315482552
7631.98136844036
7730.893906632925
7855.631220899405
8070.622820628209
8381.860359070624
8659.564285530072
8852.12356952583
9289.967297935025
11770.124730602272
32711.668599531688
273774.5875923167
5.249370537711715e6
7196.041228111443
6980.583713370422
6750.347636263676
6508.007656233902
6257.40115203849
6002.701459446109
5748.440864201457
5499.25098448113
5259.360394795108
5032.531731558538
4821.766274535616
4629.138103480902
4455.827912426248
4302.159619738032
4167.729595588192
4051.524691087112
3952.135212021597
3867.9316012904974
3797.1647147019194
3738.107506727698
3689.1196058157966
3648.6741843292184
3615.419869002507
3588.1725171517246
3565.907066062893
3547.757992881174
3533.0056456373395
3521.876435345861
3572.143552460904
7394.112553109811
7554.324438344909
7633.029189148267
7666.308664099368
7674.490969683632
7668.54962786327
7655.080103290367
7636.889393951001
7616.3341617380265
7594.516924562073
7571.694684769231
7548.759794082462
7525.337864440974
7502.206858200143
7479.801022216774
7458.493011491766
7439.021527815448
7421.818741565471
7408.402224785494
7400.035860340027
7399.23664151053
7409.259817847669
7433.6214446497015
7472.349386946494
7517.13869418687
7563.077352730223
7653.053579245514
7751.193751426178
7887.378820870241
8073.745461643425
8265.894513609202
8411.485468035804
8532.104462998082
8763.820606679792
10061.862717621601
23834.16223963182
225249.75027515003
5.252457371197897e6
7195.791642581931
6980.357331281404
6750.128641070611
6507.792994014288
6257.2078728010565
6002.516001721112
5748.274755380107
5499.100413728036
5259.225720197301
5032.415138673821
4821.665301908691
4629.051370916494
4455.754452362124
4302.098398153202
4167.678670014929
4051.482722290354
3952.1011444487476
3867.904114143804
3797.1427637782317
3738.0900673727137
3689.105675299802
3648.663067443894
3615.4110033167362
3588.1654802826106
3565.901520905679
3547.753630861631
3533.0022268473767
3521.8737535964483
3572.141498136136
7393.919873550723
7554.11745231257
7632.819419070458
7666.089923161749
7674.229337695859
7668.225784212551
7654.664152834705
7636.357150547341
7615.653980974506
7593.621617783321
7570.519767211426
7547.183457787984
7523.224539742354
7499.35668802396
7475.949395456967
7453.276191561534
7431.933453955464
7412.1497119651285
7395.13856092294
7381.704754340298
7373.681087138282
7373.46553525654
7384.398416256772
7410.076639792498
7450.4944001774065
7497.758602409665
7585.2747337113615
7674.723840200679
7794.184615101731
7953.262432196395
8131.375302057025
8289.758174040495
8411.037914017243
8505.472783983201
8630.576650797471
9324.52183668632
18688.75553203842
190136.3725353364
5.256162109927365e6
7195.594294379346
6980.178229944952
6749.958486203388
6507.624569845013
6257.058416576727
6002.372920634782
5748.145844183881
5498.984482403732
5259.1211726922775
5032.3247080436195
4821.586936403276
4628.983584190246
4455.696705686266
4302.050289901233
4167.638478047722
4051.4494704508643
3952.07422344909
3867.8824516821014
3797.125572871081
3738.0765045656317
3689.0948342454612
3648.654401321889
3615.40407240473
3588.159966057654
3565.8971827169453
3547.750220301369
3532.9995576602214
3521.8716585338134
3572.1398928958606
7393.767135496865
7553.956161702368
7632.654711474166
7665.920020127519
7674.029679566663
7667.971384804807
7654.336492257777
7635.939872652328
7615.117681833837
7592.923349331564
7569.605211487083
7545.9573834876355
7521.585705757487
7497.149580558343
7472.973809943184
7449.257730446498
7426.493706458438
7404.768016000124
7385.0823988669845
7367.931980102854
7354.679987920513
7347.028544543621
7347.448430058843
7359.361891658472
7386.370426328958
7428.921215406161
7521.146958273462
7607.341945300048
7720.052644516028
7874.329082422764
8054.084894510453
8224.589075611817
8361.383733078448
8460.129183886469
8529.931939644417
8602.433149495548
8994.655739561837
15629.860913441398
164403.44446969064
5.260486243914548e6
7195.437333571459
6980.040700863147
6749.822546441738
6507.497080043129
6256.941004310738
6002.265250454504
5748.046098327233
5498.895897457462
5259.040683433568
5032.254724582926
4821.526282073609
4628.9305564309425
4455.651061220569
4302.012255228755
4167.606490804645
4051.4228482704193
3952.0527493274076
3867.8652522943694
3797.1120615699365
3738.0659639879377
3689.086401665003
3648.6476439141406
3615.3986453217076
3588.1556328875395
3565.8937836320047
3547.7475510237573
3532.997473607649
3521.8700210152338
3572.1386378308653
7393.642349660109
7553.83820462747
7632.517514330846
7665.7991005198855
7673.873721169871
7667.782729972472
7654.076147548465
7635.620338642373
7614.693236254439
7592.380170342598
7568.893545044147
7545.001768875627
7520.313597961111
7495.436930956611
7470.6689691950505
7446.151869493417
7422.299783110911
7399.098572638855
7377.397393877482
7357.477880510838
7340.383775437273
7327.338956429523
7320.10629811248
7321.225729179777
7334.117110133509
7362.855608829652
7453.737788594941
7543.178116704419
7652.876260074519
7804.24364244099
7987.862769051235
8168.916613608918
8319.068664011582
8429.302307044485
8504.743237740548
8556.116349828488
8602.389382929407
8839.446828966351
13749.297935498864
145436.23349469635
5.2653414132029805e6
7195.313178629485
6979.939338284807
6749.710358929245
6507.405522009643
6256.8479007904025
6002.186403577778
5747.970311134706
5498.8284686054485
5258.979721315329
5032.200812011086
4821.479477295128
4628.8890538048645
4455.614705797092
4301.981882323582
4167.580712366448
4051.401199153085
3952.035373723227
3867.8514399392025
3797.1013813223553
3738.057777897683
3689.079844608471
3648.642370604778
3615.394383871425
3588.1522123686073
3565.8911137375717
3547.74545861781
3532.995846290536
3521.8687401030375
3572.137655631481
7393.539450119869
7553.750109193561
7632.405928573218
7665.714257502616
7673.755885573247
7667.652494148151
7653.872264139355
7635.38390354622
7614.359870560546
7591.958762264108
7568.342209952608
7544.255272955855
7519.326152240063
7494.106171510168
7468.8801114717635
7443.745482034692
7419.055241310682
7394.7249390448715
7371.490198136865
7349.481974401775
7329.520802293113
7312.504989038111
7299.709721078312
7292.955127205056
7294.759595461086
7308.99858311557
7389.080002310293
7475.63657899071
7587.809217643932
7737.910274100557
7923.58007935348
8113.38543686362
8275.662970132264
8397.410023375736
8481.741015844018
8538.480979437734
8576.90652019554
8608.964276130615
8762.28171910627
12559.829536047717
131385.42057015368
5.270966325294528e6
7195.217224404751
6979.863298908984
6749.620842628697
6507.340036889704
6256.777395539485
6002.128778449503
5747.915628956676
5498.777086059978
5258.934719724013
5032.159796504568
4821.443462846418
4628.856583701427
4455.585453859
4301.957255810497
4167.5595495847
4051.383205931518
3952.0210196192593
3867.8401599446734
3797.0928642475455
3738.051422601423
3689.074744602358
3648.638247340111
3615.391021698819
3588.1494927664844
3565.889008168042
3547.743814360222
3532.9945754667187
3521.8677368526514
3572.1368858438927
7393.461220422271
7553.668405019268
7632.329889549342
7665.6403403717
7673.681147115794
7667.565291569735
7653.72493806142
7635.214903172324
7614.106950754765
7591.632239545937
7567.9199325119935
7543.671071972414
7518.560383792628
7493.071753573832
7467.48958520735
7441.877788953265
7416.538539125797
7391.339702048399
7366.930072084113
7343.332115070635
7321.205826040693
7301.222254992367
7284.323730602372
7271.833893644437
7265.534210932211
7268.370682351095
7336.411386283372
7410.8303379925355
7519.22413890606
7671.760630451108
7859.859776762265
8056.572814295163
8229.882842578756
8363.014971435328
8456.718434447328
8520.323477669182
8563.199817756347
8592.565114688918
8616.174358490329
8722.067388182339
11786.624235665728
121062.03673263034
5.27714559573319e6
7195.14310489032
6979.802317075503
6749.557211849772
6507.289739636355
6256.730207446493
6002.085955697667
5747.879496082102
5498.738483674526
5258.902455987025
5032.129599706549
4821.415864566705
4628.831181230591
4455.561641853115
4301.936839134644
4167.541720784895
4051.3678159571527
3952.008821768558
3867.8307304338314
3797.0859820654005
3738.0464851447105
3689.0707705326677
3648.6350093970386
3615.3883475861157
3588.147306119731
3565.8873370009387
3547.7425173476286
3532.993582882533
3521.866949466642
3572.1362811508607
7393.403354236646
7553.589734236825
7632.278129179644
7665.569342833137
7673.642118990265
7667.508176465853
7653.634469808945
7635.099601262483
7613.928403892869
7591.380587981014
7567.602640172605
7543.214431208751
7517.967410982763
7492.268699238855
7466.407489564397
7440.426527127508
7414.582315037146
7388.712635920483
7363.398371407064
7338.582834950382
7314.807360146557
7292.580118410192
7272.610383953686
7255.882679409242
7243.668753601822
7238.151873779372
7296.709933347149
7357.801858498949
7453.30927263445
7601.770372900175
7794.147225456951
7997.9396353006405
8181.489602862237
8325.862007937316
8429.286621554802
8500.279386126542
8548.420000211669
8581.33505179927
8604.292213416627
8622.445818957256
8700.165889323727
11276.922056908654
113607.35675004903
5.283517647884113e6
7195.085846384993
6979.755584296695
6749.514685322327
6507.253345624966
6256.701697315455
6002.056889474081
5747.857316100235
5498.711770555016
5258.879915051202
5032.108905105622
4821.394999008223
4628.811245874106
4455.542008572411
4301.91940915064
4167.526177858221
4051.354184381027
3951.998084491217
3867.8226041066027
3797.0803145021728
3738.0426359581106
3689.0676569715624
3648.632443896794
3615.3861921898715
3588.145518147523
3565.885997329641
3547.741488386413
3532.992807464895
3521.8663294913076
3572.1358044924727
7393.349704702084
7553.532317143829
7632.220163081483
7665.512562526285
7673.612011413233
7667.4789962122695
7653.587530646278
7635.032328908692
7613.814256946945
7591.192358874492
7567.36946137419
7542.860881555079
7517.50892486593
7491.647701227641
7465.565131128851
7439.298167498024
7413.059271907631
7386.669458492362
7360.656025966075
7334.9039230256685
7309.864741634178
7285.927232378751
7263.632965461944
7243.729027238261
7227.137858923759
7215.510314414988
7267.201192473633
7317.505127218777
7398.638406673951
7534.083852825683
7724.088941200619
7935.628236408434
8129.952301831985
8285.694132689085
8399.225757440674
8478.11820263866
8532.001853074504
8568.990779535643
8594.776968074544
8613.076403028528
8627.513428567696
8687.867257255715
10939.54402650916
108423.717470114
5.290266541070887e6
7195.048609026331
6979.724702017636
6749.483848801806
6507.23638434573
6256.683229908072
6002.043970802945
5747.8438782706935
5498.696913518388
5258.865193804698
5032.096501138489
4821.379973690628
4628.7954211601445
4455.525579361554
4301.904012128258
4167.512050231429
4051.3416303952217
3951.9882506598833
3867.8153413007394
3797.0755233281216
3738.0396067169686
3689.0651857808916
3648.630375386633
3615.384417343109
3588.1440203654893
3565.8849070815804
3547.7406652778263
3532.992201550127
3521.8658388707017
3572.135426826875
7393.309622502642
7553.486932255768
7632.160991459655
7665.462007989859
7673.570788867552
7667.474411263022
7653.559028177565
7635.0120988272665
7613.747711168031
7591.062659418222
7567.201182529732
7542.5934046654365
7517.155300007674
7491.171027410123
7464.910421096431
7438.420888332793
7411.8722020681225
7385.077328301284
7358.521758776946
7332.047236579742
7306.035783496738
7280.787327894495
7256.719710838259
7234.4093831914515
7214.533316603664
7198.372473403086
7245.1080543927055
7287.242458766294
7356.149398548652
7476.422913341374
7655.425033096166
7868.441113602094
8073.849628395974
8241.937072753155
8366.21342955591
8453.603064511586
8513.752018115702
8555.228363794144
8584.22365233766
8604.799254275078
8619.674595785313
8631.449302130684
8680.805825521615
10719.951750846689
105218.30882991858
5.297211305669062e6
7195.027842578593
6979.707473361809
6749.465940444383
6507.234150999355
6256.675335960373
6002.043733602234
5747.838809390862
5498.69184648464
5258.8587279522435
5032.0909144662355
4821.370519461398
4628.782657257582
4455.511508278194
4301.889932484315
4167.498614808215
4051.329597705073
3951.978882654267
3867.808590791904
3797.071331736328
3738.0371705870566
3689.0631704856596
3648.6286535901763
3615.3829072978397
3588.1427240463627
3565.884000258893
3547.739999189501
3532.9917279512083
3521.865447658962
3572.135125394091
7393.304247938064
7553.441190688998
7632.119861397618
7665.407949831347
7673.513151672563
7667.477145494785
7653.53013048734
7635.025646859177
7613.7130851864595
7590.98387313671
7567.082711133839
7542.397677675762
7516.885026095913
7490.808991722937
7464.404441552614
7437.73949943482
7410.9467669767855
7383.834624027062
7356.857142451583
7329.824405089894
7303.062896984467
7276.80592431442
7251.378300290353
7227.230952699457
7204.863767323639
7185.293202500094
7228.399177960181
7264.313167068158
7323.364587130414
7429.754386388407
7594.716193251346
7801.306576955501
8012.534326847611
8193.428715938695
8329.676021368927
8426.396081144654
8493.437308932664
8539.87406388165
8572.429183931563
8595.575273285203
8612.30960145794
8624.599583830197
8634.406771608541
8676.740533403357
10589.70195546364
103736.16859368722
5.304536368181895e6
7195.011349040317
6979.705236002026
6749.464829714147
6507.236930851027
6256.685613338699
6002.04804992979
5747.846154340532
5498.693595293416
5258.862383500844
5032.09121282734
4821.366313378763
4628.77238691548
4455.498937740663
4301.876631965693
4167.485291309191
4051.3176250037013
3951.969647720178
3867.802079374598
3797.067505587299
3738.0351241475837
3689.0614424547357
3648.6271428397167
3615.3815616181228
3588.1415558020035
3565.8832233299927
3547.7394519542113
3532.99135764692
3521.86513226214
3572.1348823917106
7393.30560092622
7553.4303476546065
7632.084144455102
7665.366545061939
7673.446913944529
7667.459893891931
7653.499589709845
7635.038756652892
7613.703098639267
7590.936255735585
7567.005569904117
7542.25729618671
7516.6838028004895
7490.537320617844
7464.018406886931
7437.211843305127
7410.226079339458
7382.86364645133
7355.556005374576
7328.091485483684
7300.750267012831
7273.715740035757
7247.241619340236
7221.684873726586
7197.4146194683435
7175.252702458269
7215.65933568376
7246.73967251919
7297.784912819321
7392.056965392712
7543.000556147404
7739.5214365282745
7949.923481137393
8139.701235345903
8288.620821077073
8395.9545265441
8470.734243370538
8522.71009422712
8559.235268369
8585.249705561653
8604.080105242014
8617.908658008639
8628.21529388728
8636.536610904785
8674.559605197557
10529.726573668868
103959.65361706527
5.3116931014992e6
7195.012530510304
6979.71203091703
6749.476730820577
6507.250567824506
6256.709414340303
6002.0597003725725
5747.864848036457
5498.70451066663
5258.876113870823
5032.098383140042
4821.366188385829
4628.76446466121
4455.48701584667
4301.863614956341
4167.471663869738
4051.3053323721624
3951.9603051443364
3867.795604730354
3797.063836387577
3738.033269270676
3689.0598383619435
3648.625713401976
3615.380289738242
3588.140454560137
3565.8825327490777
3547.7389941039683
3532.9910679325303
3521.8648741393645
3572.134683971227
7393.309610634543
7553.441349107508
7632.074779192932
7665.335490055693
7673.39716552911
7667.41290951953
7653.467970264834
7635.020063647912
7613.7092284328055
7590.893042517115
7566.962368834562
7542.153766195054
7516.540580371288
7490.336223344488
7463.730209812966
7436.8063654936195
7409.66649478022
7382.105275466167
7354.536848193233
7326.738026346351
7298.948108999258
7271.313302150913
7244.0324503549255
7217.391006661155
7191.6598488369345
7167.514235657176
7205.890421288778
7233.142297897043
7277.566718417415
7361.242179756824
7498.9035945332
7684.161202792411
7890.124046081007
8083.714929113168
8242.618876814084
8361.412742539906
8445.147519881824
8503.437639304062
8544.44268963353
8573.676542375093
8594.856578996514
8610.421537546905
8622.016626430903
8630.782664966482
8637.915164189038
8673.64181975738
10535.209230950464
106032.98778456525
5.3183120330725685e6
7195.029714878581
6979.725558056375
6749.501771496372
6507.283259064168
6256.7391288044055
6002.087761814162
5747.890737327069
5498.731151443282
5258.898229772121
5032.114000702666
4821.368552243268
4628.75844486936
4455.475154427975
4301.850284460429
4167.457487723241
4051.29244595017
3951.9506865324856
3867.7890262556666
3797.060124417293
3738.0313940935166
3689.0581893257186
3648.624235716611
3615.379007360092
3588.13937009809
3565.881893551229
3547.73860349576
3532.9908409136624
3521.8646589077025
3572.1345194880496
7393.326940049549
7553.455493662592
7632.083360960147
7665.335406146348
7673.360077797259
7667.369171991755
7653.427059862674
7634.9692949410755
7613.709964549097
7590.838649045199
7566.934810959058
7542.0724442651435
7516.440463810743
7490.190812502382
7463.520637050915
7436.500134898862
7409.234454743781
7381.514841735065
7353.737372884208
7325.679155259997
7297.54143689868
7269.442752029044
7241.539505859882
7214.061894970105
7187.205777458836
7161.534401703597
7198.371269568795
7222.544926813883
7261.410971263303
7335.744586192562
7460.938473323176
7634.485570574279
7834.138531494451
8028.569265697513
8193.871575656252
8322.349210909186
8415.917569027557
8481.61155803547
8527.778459626843
8560.672952890636
8584.504323439141
8602.021790581177
8615.074036049184
8624.933531815903
8632.43096031568
8638.624648755609
8673.78648402826
10612.097144804882
110204.6600627704
5.324758973674687e6
7195.048846696193
6979.7579780119395
6749.5447078295965
6507.330082138521
6256.782167183
6002.128672604771
5747.930512947442
5498.7735967666185
5258.930399359458
5032.1361024919925
4821.372823403888
4628.752795878171
4455.4632427370525
4301.835997679221
4167.442627109167
4051.2788599566293
3951.9406733751757
3867.7822402183865
3797.05616082296
3738.029255083399
3689.0563134637805
3648.622579116023
3615.3776358703963
3588.1382631209653
3565.881279060858
3547.7382643984693
3532.990662245882
3521.8644758373757
3572.134380930228
7393.345414199774
7553.482172538623
7632.0936368314
7665.35399448515
7673.3519928681435
7667.338411099451
7653.3933617942685
7634.907403080682
7613.685487934226
7590.776915645125
7566.8935969142285
7542.005838217534
7516.36085447543
7490.08985357611
7463.370778024773
7436.276207985254
7408.904321006565
7381.058718971295
7353.110487970759
7324.849755605405
7296.441930610682
7267.984254684335
7239.600765379713
7211.478222532392
7183.754278361956
7156.905825008429
7192.570055753749
7214.240134818583
7248.388922210095
7314.439623986361
7427.972716889876
7589.638027406648
7781.667224563855
7975.086051683154
8144.703421509071
8280.408294246634
8382.631835967602
8456.564176443062
8508.843261307164
8545.990930805247
8572.854390118644
8592.585631977176
8607.280463074276
8618.378216083735
8626.806893536284
8633.274722374988
8638.671538448205
8675.100912749822
10775.458784440114
117205.27397124848
5.33066358335439e6
7195.087382590777
6979.81074455349
6749.602521872415
6507.39058755863
6256.838425026639
6002.182322132207
5747.99128516582
5498.828533827458
5258.974412930428
5032.159880998097
4821.378693854906
4628.745852635029
4455.451265539246
4301.820483713526
4167.426931665825
4051.264686708193
3951.930184097867
3867.7751250062247
3797.0517085497067
3738.0265676212784
3689.054015164412
3648.6206184090906
3615.37610599702
3588.1371067925566
3565.8806717362095
3547.737966827466
3532.990520116251
3521.864317713803
3572.1342624687813
7393.386010811213
7553.5047762625745
7632.127013463039
7665.36081924729
7673.373506685611
7667.3241875781405
7653.378276177204
7634.8648986606395
7613.641033893875
7590.7198319158415
7566.821292302528
7541.946292498533
7516.2785640277
7490.019660378253
7463.262509114471
7436.1193893106665
7408.657069292525
7380.711228476076
7352.6213250913515
7324.200126917656
7295.58191313729
7266.845608145799
7238.0914826975
7209.471696022347
7181.077637152117
7153.319563294601
7188.088155683759
7207.704042896997
7237.818744594649
7296.503279307368
7399.176537324713
7548.980767376344
7732.33515625918
7923.165064442539
8095.72159382343
8237.351399479512
8346.540532292454
8427.897567234242
8487.045884767656
8529.269828475406
8559.679693921582
8581.956136679897
8598.519923273234
8611.01750643885
8620.502019422845
8627.767660572443
8633.329548166239
8638.005339377658
8678.017452191792
11068.626000280508
128175.38214457512
5.335838016922486e6
7195.143383498542
6979.874428739163
6749.671968912385
6507.461058508861
6256.905720906145
6002.258159538831
5748.069262511612
5498.897979710215
5259.024075875196
5032.18356210178
4821.383915586821
4628.738111558168
4455.438793351437
4301.8041956245825
4167.410256083092
4051.2501800045766
3951.9191776354137
3867.767460261968
3797.046484356638
3738.023019235654
3689.051099261357
3648.61825085458
3615.3743667595763
3588.1358892353173
3565.880064788442
3547.737705821114
3532.990404625496
3521.8641810055324
3572.1340530364187
7393.439732521663
7553.545123347432
7632.16097748416
7665.389262742054
7673.386242279769
7667.33110710469
7653.378461054648
7634.851676077624
7613.610591184597
7590.6765700282995
7566.733518532603
7541.880359986666
7516.183131557677
7489.957376582387
7463.180781718467
7436.01149599179
7408.478796221124
7380.451997535487
7352.244565784034
7323.692852050824
7294.9097390942625
7265.956078993442
7236.91544942964
7207.912676781189
7179.000972856507
7150.539347167063
7184.6232523417575
7202.541832554892
7229.188033645549
7281.313863858946
7373.9231424447535
7512.056938673439
7685.918186724526
7872.68694394802
8046.8621224638755
8193.598726514636
8309.00832889378
8396.585130676784
8462.005658914515
8509.979850454261
8544.651600382966
8569.921475747462
8588.644981425543
8602.740617176893
8613.422064480717
8621.593752042074
8627.834063077886
8632.534836553532
8636.557504139755
8683.787557284197
11573.351190735288
145319.6627874554
5.340464559317015e6
7195.20383652455
6979.944787719924
6749.750622667554
6507.541299198989
6256.995808035617
6002.355864224768
5748.165154456571
5498.978180543799
5259.073421728248
5032.2072381011
4821.387588926598
4628.731816867132
4455.4258110530245
4301.787792184262
4167.392779128296
4051.2354881266356
3951.9076260074535
3867.758865729498
3797.040153231693
3738.018327527009
3689.0474097936976
3648.6154229155454
3615.3723987835147
3588.134615218726
3565.8794634720216
3547.737480196929
3532.9903080054964
3521.8638812764984
7393.492879328845
7553.593599849905
7632.20831305684
7665.428926726928
7673.413800995947
7667.335736474122
7653.3858022182985
7634.858086135526
7613.611018609331
7590.663086423511
7566.665330532711
7541.803298055549
7516.080362188325
7489.875867212026
7463.112633295481
7435.9300666902145
7408.357241597067
7380.264258473648
7351.961483727172
7323.300486502412
7294.3862407344195
7265.261760796233
7235.998547983374
7206.701123355283
7177.389506859101
7148.38352163574
7181.944482071684
7198.452441125509
7222.10468379676
7268.390012485781
7351.719593235389
7478.520279283971
7642.307344724217
7823.668534138355
7998.07891662988
8149.056544624163
8270.315932392428
8363.719313832784
8434.500291481892
8487.756526556264
8527.289386961827
8556.179427479494
8577.456193319058
8593.406175101107
8605.46007517468
8614.661456928608
8621.674509173883
8626.937801252954
8630.797883672953
8634.109675193835
8695.235374436705
12470.148035238371
173403.51883585012
5.343984917832952e6
7195.270235038738
6980.027930816512
6749.844334897041
6507.646667417417
6257.111752358176
6002.476989829757
5748.277695516075
5499.061369499311
5259.123427250043
5032.230943585039
4821.394251694868
4628.728211082861
4455.413578847904
4301.771215884866
4167.375132636466
4051.22044424061
3951.8953538384594
3867.748845495402
3797.032380202634
3738.012354776637
3689.0428977325764
3648.612157405043
3615.370224921424
3588.1333034506406
3565.8788836137546
3547.7372903265286
3532.990123151166
7393.555681660152
7553.640871998563
7632.257944799923
7665.487498206625
7673.452322866382
7667.362752391586
7653.378457204183
7634.8715265027
7613.624743846981
7590.686983878739
7566.643997115379
7541.735370044617
7515.9841847129
7489.763055083003
7463.042159762924
7435.853494160859
7408.276082943729
7380.134171236636
7351.756520914671
7323.003631167854
7293.9819078918335
7264.72203155984
7235.283929371577
7205.759842223371
7176.139227276023
7146.711930246813
7179.8737986679835
7195.264462572739
7216.264725031204
7257.350712695066
7332.165123138698
7448.087134489904
7601.450783513102
7776.227496758488
7949.463819838011
8103.663034148813
8230.326740419932
8329.485986446738
8405.434285849116
8463.237025614895
8507.242527624503
8540.288354307919
8564.671808354025
8582.826227280335
8596.47875767553
8606.865592530266
8614.760187334154
8620.667908376834
8624.975219201719
8627.829992736635
8630.36728022769
8719.643134489364
14219.596571566937
223435.54356966622
5.346209994373397e6
7195.357277757703
6980.1348933259915
6749.965766636161
6507.779241403164
6257.255093709111
6002.621115615078
5748.398484000694
5499.146526971004
5259.175578050525
5032.259805752652
4821.407901599905
4628.727320586266
4455.402341245018
4301.7540311202865
4167.357645183599
4051.2046331444035
3951.8818070527877
3867.737012643238
3797.0230171469
3738.005252278158
3689.0376940072792
3648.608555124437
3615.3679018945295
3588.131974301238
3565.878344005163
3547.737027372201
7393.645560951009
7553.702126188291
7632.305477071546
7665.545857306208
7673.514023740727
7667.40547190258
7653.391400126129
7634.866208047359
7613.634462580587
7590.724253851238
7566.670699366149
7541.70874799744
7515.911946420619
7489.636117574407
7462.952267991702
7435.768512898922
7408.21161558522
7380.049659843599
7351.614344511941
7322.788545053007
7293.674777345797
7264.306575424015
7234.728478188059
7205.029348606507
7175.169921218592
7145.416276336224
7178.274071847634
7193.215423469337
7211.461557947262
7247.889774101095
7314.924990221476
7420.510901981019
7563.313323710139
7730.530213218378
7901.217948037374
8057.490530304254
8188.936721306442
8293.715361700775
8374.933925407844
8437.194132419065
8485.043834248176
8521.908151935862
8549.879508484531
8570.73299268423
8586.297771176974
8598.072742778277
8606.985977863598
8613.632767952871
8618.457684195228
8621.618888379697
8623.198358607046
8624.851183785797
8779.476306547325
18186.2125851319
330244.25980990025
5.347323053808577e6
7195.473600538661
6980.268038302382
6750.110279692431
6507.939112585369
6257.42553237635
6002.778059337901
5748.521770139625
5499.233079925007
5259.234021371096
5032.298181155618
4821.426227247999
4628.726961629394
4455.389722722662
4301.736150173377
4167.3395932320345
4051.1874689530723
3951.866245203699
3867.7234727403793
3797.0124374862553
3737.997528163456
3689.0321028776243
3648.6047319626077
3615.3654721102885
3588.1306259075027
3565.877748532508
7393.764181822573
7553.792193028987
7632.367289391555
7665.598685009065
7673.579291489425
7667.470031074586
7653.432404379611
7634.869271240372
7613.627135999644
7590.743637243323
7566.718642414516
7541.73144633428
7515.884371789463
7489.531149080376
7462.840989603885
7435.6723368649355
7408.138802629696
7379.996871165587
7351.519041382811
7322.643540277176
7293.448882777953
7263.9927004816345
7234.30006685931
7204.46402795656
7174.41982862224
7144.412918636747
7177.039900707017
7192.014846421644
7207.715599829393
7239.776011507969
7299.714544398597
7395.566346345719
7527.856627288843
7686.7534970017805
7853.604698975592
8010.7252010255515
8146.165742678157
8256.264764056206
8342.811288623521
8409.72031700807
8461.37385751121
8501.495192305445
8532.747967133973
8556.736206375237
8574.659562312208
8588.10581531988
8598.220826112232
8605.726741961784
8611.150086247446
8614.67598289182
8616.378865618275
8616.074717261
8616.951787033884
8960.99590510438
30128.372648572076
689388.4970086028
5.347323053808577e6
7195.6103888806
6980.417245392751
6750.27956495618
6508.128221777342
6257.611907559002
6002.936212971101
5748.642784559842
5499.323852812286
5259.301635290398
5032.340415836243
4821.441800271457
4628.722001354915
4455.374009668892
4301.717156011797
4167.319776547204
4051.168237126626
3951.8487616497887
3867.709214949882
3797.001719539475
3737.9898478170026
3689.0263917613483
3648.600675386413
3615.362880143166
3588.129110926596
7393.897323726215
7553.9081086219085
7632.456591667084
7665.6631139675765
7673.640183681969
7667.537599080728
7653.503395907474
7634.8996170649625
7613.630090856615
7590.733830360712
7566.7540646807365
7541.777288926603
7515.909212872381
7489.479786931817
7462.734471464083
7435.571006299431
7408.0455866356515
7379.95660307353
7351.455727833838
7322.554720730912
7293.292667316542
7263.76289487434
7233.975203525698
7204.029200961503
7173.841563470157
7143.637332330793
7176.089555504197
7191.135542348068
7204.800218006255
7232.903620759563
7286.29697205561
7373.042851816208
7495.025936587835
7645.059135536108
7806.917638666071
7963.631241583009
8102.142313955193
8217.09936416562
8308.897333934035
8380.619560839841
8436.305847514815
8479.664692919587
8513.676122897143
8540.511134413335
8561.188115803448
8576.713514396633
8588.2878647451
8596.817763482117
8602.94397751637
8606.899789301817
8608.774032526822
8608.315129310558
8604.773869591247
8607.660942360113
9777.836320783275
97565.95146445905
2.238929595704625e6
5.346209994368249e6
7195.7581528568935
6980.589875340587
6750.479859601162
6508.335458504872
6257.7979307412215
6003.088047450498
5748.7651850147095
5499.421888835603
5259.3700014448605
5032.374468465422
4821.447267993378
4628.710784820334
4455.3559064910205
4301.696090536316
4167.297509694233
4051.1472922623934
3951.8312812232634
3867.696050565017
3796.9920446467786
3737.9824574055483
3689.020403658412
3648.5961154693323
3615.3598374368758
7394.039998499278
7554.03603488441
7632.571497522857
7665.753239065762
7673.710644462134
7667.602453574061
7653.577854761665
7634.967847727705
7613.6586752388885
7590.732781323352
7566.757977359858
7541.816017848092
7515.963198809243
7489.491622726859
7462.672241552729
7435.481703295803
7407.9421487756135
7379.908622827257
7351.411917559177
7322.50402183464
7293.196208608847
7263.602943308031
7233.736570462498
7203.698929775345
7173.398845930165
7143.039889042218
7175.360025343769
7190.4997663151835
7202.383009437196
7227.0629203076605
7274.500268162617
7352.743653189877
7464.745809101624
7605.5784016718335
7761.450201695782
7916.523325093458
8057.081350241464
8176.284744746897
8273.114350938484
8349.708117256325
8409.643595866297
8456.479684145157
8493.2344678007
8522.414732894125
8545.563201253963
8563.527490351413
8576.937611873209
8586.727323903475
8593.704787277828
8598.177733594894
8600.270359251095
8599.69635447034
8595.501734598643
8585.771189556957
8622.489834021733
19032.248104265112
1.0040803527593778e6
2.3479550592265725e6
5.343984917832952e6
7195.9296648225145
6980.794579142333
6750.699193908054
6508.541260732283
6257.975418807191
6003.239704322252
5748.893006524312
5499.51693209646
5259.424578969019
5032.39357255651
4821.444438900404
4628.697057656273
4455.336029581206
4301.672615236603
4167.274163665664
4051.1276973261038
3951.8166675313087
3867.685230626109
3796.9833038089764
3737.9746474114954
3689.013454349928
3648.590552565315
7394.206648936955
7554.174329477383
7632.700558426737
7665.868968567743
7673.804286616854
7667.677310938505
7653.647185652053
7635.047842827478
7613.720944955528
7590.764389188616
7566.7585018836835
7541.83395500437
7516.01055599627
7489.547022026686
7462.673977065321
7435.4319603956465
7407.854755083972
7379.846216691758
7351.376815084588
7322.47264803258
7293.14706320275
7263.500816592365
7233.570261475925
7203.454224034784
7173.063945873864
7142.582463362428
7174.803120712597
7190.049984062318
7200.372392277449
7222.009019389176
7264.115033127912
7334.4910799158715
7436.9198022600185
7568.4011873498785
7717.475591600445
7869.7405670812805
8011.261456756601
8133.970132800336
8235.474310635947
8316.87954767207
8381.195750676787
8431.747937620545
8471.482101190526
8502.987996149148
8528.114807857337
8548.230285170337
8563.804046714256
8575.203281144628
8583.249971488254
8588.370761089123
8590.750203618323
8590.084235750694
8585.291097744108
8573.799706470836
8550.674840222366
9615.986960682549
464575.54752827005
1.1688591393141185e6
2.348881973057196e6
5.340464559317015e6
7196.132343187759
6981.017418826156
6750.91633526971
6508.737962155955
6258.15175319986
6003.394014034986
5749.013022937343
5499.592979873262
5259.460991082657
5032.404219821774
4821.440124376533
4628.682412255667
4455.314433062546
4301.649446722717
4167.2543177085545
4051.1129198921026
3951.8054415883034
3867.6754441917265
3796.973810572209
3737.965362065207
3689.0049672984023
7394.4014474991
7554.3352447594425
7632.841782049422
7666.000601256134
7673.922530690224
7667.774911888818
7653.724195615121
7635.125215487635
7613.796843285807
7590.829920933958
7566.7863363465785
7541.847941663227
7516.035650651716
7489.607130724743
7462.723880022075
7435.439702330883
7407.810233125356
7379.786011914823
7351.342642667802
7322.448135438829
7293.127641654441
7263.445777122599
7233.4632323633605
7203.281132328136
7172.81577282348
7142.235734731956
7174.381324892945
7189.742543846165
7198.6992369270465
7217.6286903531845
7254.92800433107
7318.09006116353
7411.431501447762
7533.572895389602
7675.228564620188
7823.623489203674
7965.0038907531725
8090.375475634969
8196.06742608333
8282.106080755304
8350.837515696063
8405.27536999831
8448.231096502977
8482.290153793994
8509.366110966384
8531.137225975464
8548.568116424985
8561.874370538808
8571.319156550177
8577.287829940116
8580.06656109016
8579.353098487692
8573.951038605017
8560.935620264796
8531.808814058117
8576.534300187268
218960.37511532148
615777.8730767363
1.188253339738772e6
2.345292080783199e6
5.3358380169275915e6
7196.350901353489
6981.237684512175
6751.124697723694
6508.9320099197885
6258.326205960788
6003.534336681909
5749.108904687476
5499.648210015412
5259.488372235804
5032.412857438207
4821.43412562327
4628.666121092676
4455.294787117095
4301.631984004801
4167.240575908238
4051.101391820651
3951.7944035225564
3867.664344476746
3796.9628540470785
3737.954808760802
7394.609498982262
7554.520283580148
7633.003191130001
7666.14601380016
7674.057591012585
7667.896834903594
7653.823609763494
7635.207822944755
7613.876040180221
7590.9051750355375
7566.85163431939
7541.877477367798
7516.057301794526
7489.642285861877
7462.78551528468
7435.490104302844
7407.8196463525655
7379.7559928800565
7351.31116515928
7322.42821906681
7293.118960117772
7263.426561721842
7233.4022909731275
7203.168118344909
7172.6385662123275
7141.977071417694
7174.065540922557
7189.542874623482
7197.310330968783
7213.8334166671075
7246.80173636668
7303.348185209721
7388.140120182327
7501.091841610681
7634.894013543317
7778.492721019647
7918.652760247345
8045.773021216484
8155.052277344799
8245.431853819222
8318.515188942833
8376.927218697687
8423.28737812798
8460.137160725742
8489.37793532644
8512.764559022933
8531.544957734375
8546.418859554264
8557.528116262029
8564.655961238117
8568.017279378468
8567.346454122033
8561.347970447398
8546.754761429456
8513.870104597407
8448.122711973081
103940.7399009179
334291.7982849671
641107.3182267824
1.1931787189797966e6
2.341492826474232e6
5.33066358335439e6
7196.567068844438
6981.449961071206
6751.328407490152
6509.118841816344
6258.480557128526
6003.646215786803
5749.181355561703
5499.691885634231
5259.509901858045
5032.416106517578
4821.42472938262
4628.652220303849
4455.2814514410575
4301.619826196172
4167.228355623065
4051.0888296321364
3951.7822450725953
3867.6529837487324
3796.951808050024
7394.815838872026
7554.716787694163
7633.185371104982
7666.31062591986
7674.207752819399
7668.036315593353
7653.948248060725
7635.310422457191
7613.964075114591
7590.982442415382
7566.932647233422
7541.935787700466
7516.095177017446
7489.662328450317
7462.828087029529
7435.5453772276105
7407.865923547019
7379.769539009104
7351.2954605614295
7322.417853455727
7293.110436194954
7263.429428385885
7233.375287246277
7203.103041346646
7172.520690705896
7141.789025955429
7173.833226741781
7189.423413639779
7196.162067634133
7210.554156381155
7239.625641258097
7290.116717261746
7366.897752089848
7470.915178347135
7596.600292260237
7734.629135059219
7872.552841887064
8000.471022948854
8112.644359910788
8206.964467343465
8284.238159033179
8346.631910554413
8396.511633930788
8436.336825364544
8467.970988140827
8493.176006648702
8513.254118053863
8529.164171748014
8541.551341905559
8550.06850628
8554.309178921829
8553.846092557973
8547.314710609262
8531.115892913916
8494.458485920659
8407.519809830079
50884.368157295154
185087.93784607126
358494.3067085112
648973.9550616653
1.1947470946392578e6
2.337948174840806e6
5.324943344187046e6
7196.776248082328
6981.655616724711
6751.520175634938
6509.281023393625
6258.60381460649
6003.732434937519
5749.238457260542
5499.723940495769
5259.520896404644
5032.412995345776
4821.416388880897
4628.642650306079
4455.270382277757
4301.606791989393
4167.215043512963
4051.077114569536
3951.7720163691083
3867.642366355547
7395.016189999999
7554.912739337934
7633.378866458973
7666.494249343269
7674.376786949152
7668.19185527211
7654.092029519529
7635.437683863917
7614.072402281547
7591.070389508682
7567.016609360025
7542.014751738874
7516.157087246519
7489.697318263153
7462.851495790436
7435.580539434975
7407.910908139005
7379.81188280706
7351.30556392055
7322.42299034341
7293.105751588155
7263.440085572215
7233.372889091579
7203.071668396001
7172.452704926083
7141.658293577131
7173.667274147093
7189.362267454773
7195.217473232626
7207.732571417853
7233.309892565986
7278.272826809092
7347.575612390578
7442.976408978622
7560.4249398708
7692.26432104555
7827.026731960883
7954.794617257487
8069.101093176072
8166.865901425156
8248.075837099504
8314.376390345027
8367.82061209714
8410.747663756705
8444.955273153013
8472.195933831043
8493.763432511432
8510.64509103889
8523.742921713085
8533.19111988473
8538.50289073007
8538.530558439861
8531.613024068574
8513.845903467463
8473.38080195026
8373.356670717014
26967.68755493589
103614.6599697534
205466.38833304215
366332.7990913408
652515.5604615405
1.1949997404487876e6
2.334548543461133e6
5.318496068854312e6
7196.977253807305
6981.8459536456085
6751.6847292674265
6509.411050785578
6258.699745879458
6003.799443705926
5749.278412806888
5499.740927099565
5259.5226299317565
5032.40856759282
4821.408984712757
4628.631972727246
4455.257236689066
4301.5944683780335
4167.205533720992
4051.0689844745093
3951.762016256298
7395.207374477097
7555.103372932624
7633.573361928854
7666.688978746855
7674.563772170027
7668.3659770194745
7654.253044766059
7635.585272205886
7614.204546680252
7591.181124960005
7567.1078913150195
7542.105435307248
7516.235149957805
7489.765282667445
7462.881711404126
7435.604618103955
7407.929463330999
7379.8518484332535
7351.332303941034
7322.443698570949
7293.115748184677
7263.450678792721
7233.388549539024
7203.060044025766
7172.424329489043
7141.574804775204
7173.555842490539
7189.343867761635
7194.512653919936
7205.313628062977
7227.775363976447
7267.7150001848095
7330.066380916809
7417.2097387355125
7526.41047573304
7651.5812686643585
7782.36438091543
7909.063103037989
8024.705359191158
8125.343785798685
8210.147271860962
8280.20044127796
8337.18670646046
8383.28047971946
8420.188832466674
8449.636920487408
8472.898778402321
8490.934147919488
8504.665991391392
8514.426190688126
8520.250197634063
8520.911264329921
8513.881736347617
8494.685405961713
8450.486219501523
8338.393773422797
16445.076383628482
59288.3720308028
119739.12013865628
212194.959873815
370059.9751799331
654242.0749876896
1.194555852297988e6
2.331131305888738e6
5.311693101494103e6
7197.1610112347325
6982.008200712522
6751.817151395175
6509.512582893098
6258.773218383747
6003.845093621254
5749.3001160365475
5499.746309148046
5259.520560504898
5032.402113137856
4821.398726284184
4628.61991892877
4455.247232050865
4301.587717785999
4167.199363238002
4051.0596996271433
7395.380623759655
7555.284034873935
7633.762555835438
7666.885378440491
7674.761500301324
7668.557107858536
7654.432414720537
7635.751330612752
7614.357187997906
7591.3176638652685
7567.21954144336
7542.205992397921
7516.324990393848
7489.854932901478
7462.94527916953
7435.642594427289
7407.938241049568
7379.868941210031
7351.355335699694
7322.468361247796
7293.1441855341
7263.463674892508
7233.417017630287
7203.059904991976
7172.422121800766
7141.530249637203
7173.489947542581
7189.35997952113
7194.490375698838
7203.2801669172395
7222.9424056759035
7258.34909678142
7314.279214336479
7393.561485825723
7494.588938251404
7612.728893301479
7738.818319237049
7863.5799223102385
7979.7471832593255
8082.633139405621
8170.616262130314
8244.192702129552
8304.629738924114
8353.896800266662
8393.579383609336
8425.35736393703
8450.475577820984
8469.859678788269
8484.400961126215
8494.384009120224
8500.028871993703
8500.61960934794
8493.557202106102
8473.21805582134
8425.514511787931
8302.055402574357
11957.613329162303
35612.16969499564
70856.87260520019
125222.38530916763
215454.5741318006
372055.0701109219
654998.0889492695
1.1936215084212471e6
2.3277986532890815e6
5.304536368176822e6
7197.3170502525145
6982.13903962161
6751.920401986422
6509.589293006646
6258.822591041365
6003.870496272006
5749.3083500228695
5499.745713899133
5259.514689291488
5032.392860167554
4821.388693703029
4628.612354379007
4455.242309632852
4301.582541855836
4167.190981946123
7395.527403018137
7555.446715194832
7633.94046324249
7667.076287002397
7674.96103967267
7668.75841420464
7654.627848813592
7635.935695082355
7614.5287843456335
7591.4764510956575
7567.358131850338
7542.324739861869
7516.428717131335
7489.952249146905
7463.041090618636
7435.710994191895
7407.97503289356
7379.875193831769
7351.368177505403
7322.480098936321
7293.180936456034
7263.484586807925
7233.453550720005
7203.071526060703
7172.431626635494
7141.515804902541
7173.4600407560965
7189.408449978343
7194.938103971751
7201.824429436423
7218.745977596909
7250.070900783372
7300.121789711426
7371.986351757907
7464.996950522227
7575.845816669394
7696.619058496659
7818.627457852189
7934.511580884981
8038.9836111085915
8129.6745407885255
8206.481829941942
8270.216509627864
8322.605680431132
8365.083677037659
8399.26515863515
8426.354114335427
8447.238041870653
8462.776776659273
8473.15588368894
8478.524160210045
8478.250038267755
8470.238938117993
8448.756891731795
8397.973276762395
8264.199025707172
10033.87079901456
24666.76888134379
43519.78756171604
74676.36570470828
127918.11152288892
217266.32967983797
373123.0792764581
655115.5957057002
1.1923953939959463e6
2.324506669758339e6
5.297211305674126e6
7197.442935566205
6982.24061146348
6751.997448896834
6509.640485731219
6258.850649988849
6003.880977401672
5749.308827077153
5499.74046098063
5259.506904306896
5032.385116293779
4821.382925647902
4628.607921822635
4455.237160938261
4301.575192476114
7395.645735518244
7555.584430576668
7634.09989828773
7667.254895018752
7675.154777203761
7668.9613590166555
7654.832751130152
7636.135256843501
7614.718240124701
7591.654739008376
7567.521942196963
7542.468926851759
7516.555206319221
7490.058356281301
7463.15324641971
7435.807586026938
7408.056693393552
7379.906670934161
7351.387523230108
7322.479220993458
7293.209454962003
7263.512078496027
7233.49268216985
7203.099296324106
7172.444264031159
7141.520993177592
7173.45416015135
7189.4855788054
7195.365013690562
7200.814396381542
7215.225596163362
7242.7721232667445
7287.477047547073
7352.423166917038
7437.6705032755035
7541.074531086916
7655.996023081357
7774.482357234846
7889.278562632244
7994.64751717196
8087.530810990006
8167.223426619778
8234.04967633566
8289.457819250036
8334.703455626066
8371.315725401122
8400.4447004216
8422.933504359617
8439.612163513786
8450.570453598346
8455.844064256866
8454.605230448256
8444.709800348126
8420.846652701115
8366.939955700132
8224.273418950266
8882.731817166805
19448.10669556068
31983.77958495927
45808.09687906167
76463.94431871346
129463.76088746494
218301.15742413816
373591.9061517197
654815.8057485913
1.1909432719106022e6
2.321283662098591e6
5.290266541070901e6
7197.540105890339
6982.315563530644
6752.048674377906
6509.670080082413
6258.862813908379
6003.88232677252
5749.304223359887
5499.73415667991
5259.501168019562
5032.380457957814
4821.378198333021
4628.602376458144
4455.230846693216
7395.736534080162
7555.695334475221
7634.234952810906
7667.414393927496
7675.335375513895
7669.158115741078
7655.038951278341
7636.343535139806
7614.921804146828
7591.849827449087
7567.706562506594
7542.638549801458
7516.709425133874
7490.187791483271
7463.274473284294
7435.925124366252
7408.168717671963
7379.989767677223
7351.437144150213
7322.494547774853
7293.224482187978
7263.5409572563585
7233.52623353017
7203.142876622582
7172.461543712604
7141.53633458822
7173.4612407383565
7189.577781687411
7195.779202989719
7199.99043941713
7212.276690767425
7236.393396179323
7276.202419936082
7334.764548367606
7412.61179753018
7508.552525393375
7617.191191027357
7731.437502228996
7844.338383396074
7949.883751812729
8044.400502525118
8126.58961802167
8196.257857421755
8254.538254454768
8302.480455750767
8341.507384154556
8372.703773012521
8396.859660631211
8414.775250736886
8426.449333071481
8431.819008843566
8429.824413926182
8417.96925107103
8390.598437505125
8331.819808833181
8180.597916473127
8262.367015652422
12929.753442071564
26411.07981530472
34610.44919664676
46586.773440723846
77477.4755273345
130386.11456933476
218836.43672243226
373659.0766722431
654200.289421977
1.1893151777260266e6
2.3183830823004595e6
5.283517647886627e6
7197.61110082913
6982.365278025405
6752.078693132036
6509.68336165103
6258.864893655369
6003.878312155117
5749.299078179141
5499.729889712599
5259.497185473916
5032.375337278379
4821.372344968737
4628.597007928316
7395.802301241185
7555.779919446399
7634.343622522144
7667.549426991423
7675.496165575271
7669.340964692188
7655.2385111116855
7636.552681249426
7615.13320259793
7592.057419966796
7567.90700680795
7542.828692788152
7516.888373396954
7490.348355691107
7463.414022423713
7436.060972643276
7408.295275843284
7380.118019068502
7351.530208224043
7322.559019226157
7293.246354439745
7263.574195220721
7233.548836044552
7203.1921215404545
7172.48918928478
7141.5577202011245
7173.477382099507
7189.665503154581
7196.175304547756
7199.354059317042
7209.754558117514
7230.828900493535
7266.171842980863
7318.853670772278
7389.751816218893
7478.3694243090395
7580.441811111165
7689.812356440396
7800.014601833258
7904.974837789408
8000.514198331204
8084.761945666164
8156.98408968215
8217.95619435337
8268.488124061316
8309.878775828674
8343.131675360963
8368.978788821543
8388.186891531073
8400.666646916263
8406.272880834736
8403.738340907388
8390.2115301178
8359.365745181183
8294.38995468646
8131.821891129754
8187.8934995594045
8629.811972111393
16058.98696699362
30029.206201325396
35675.87504600984
46919.53737598895
78085.95491845536
130903.559791781
219031.7302493457
373425.5261342901
653321.3930801312
1.187648546352022e6
2.3157224724361817e6
5.27714559573319e6
7197.65810416518
6982.39472890724
6752.0925403747315
6509.6860369802325
6258.861376564797
6003.873918512096
5749.295726135608
5499.726360123943
5259.491930419638
5032.369484730703
4821.367790396391
7395.8457719621465
7555.840682076619
7634.426008512843
7667.657926950501
7675.632085400969
7669.503254400536
7655.423379168546
7636.754649790086
7615.344929256843
7592.271710694505
7568.118335176311
7543.033447485039
7517.085370572774
7490.535282204418
7463.580003424234
7436.2183238118505
7408.436752636766
7380.26786417935
7351.664468002902
7322.6776255799605
7293.311492154273
7263.626292177971
7233.572647671655
7203.232938040102
7172.527233090041
7141.584594792663
7173.507714434297
7189.739116829269
7196.532951328234
7198.886859677008
7207.652667426568
7225.986695647795
7257.267512454662
7304.528720907269
7368.943251433059
7450.519942838421
7545.929202203224
7649.929526514343
7756.67438432316
7860.251926618104
7956.135545528208
8041.940340183572
8116.382663328144
8179.833353752009
8232.823300497588
8276.497530055693
8311.766576786913
8339.295767281634
8359.818429397199
8373.154981662014
8379.090942945999
8376.177428790203
8361.270229983085
8327.442849004674
8256.731161691898
8081.66887397929
8123.422593087627
8469.813707729336
8786.716188121502
18019.159220911
32118.327842533537
36185.42645000782
47072.98401678862
78432.61168660955
131139.53252869213
218972.690486529
372936.3971548142
652269.6998556316
1.1859033099093228e6
2.313360901786721e6
5.270966325295759e6
7197.68618982329
6982.408634654932
6752.095668840649
6509.682946525885
6258.8574094554615
6003.871041993812
5749.29252836128
5499.7212735148905
5259.486372473421
5032.365607489051
7395.871920645691
7555.880748135436
7634.484664131915
7667.739794301121
7675.741106282326
7669.640130349728
7655.586883134735
7636.941070426942
7615.548817415088
7592.485621201571
7568.335205042978
7543.247863183726
7517.294737551017
7490.739558023193
7463.770676334167
7436.397551184766
7408.601917695893
7380.425510435274
7351.828115734423
7322.829797982131
7293.439403195951
7263.7143576825265
7233.628943753858
7203.264725963466
7172.570855278867
7141.612088134339
7173.557568719093
7189.809395815102
7196.838105850953
7198.5477975700505
7205.935986091905
7221.852490099667
7249.423861307643
7291.664767971354
7350.017407622201
7424.8939159154015
7513.719421058308
7612.053245550439
7714.699952657777
7816.104690071298
7911.589195215217
7998.365356532881
8074.627558516649
8140.302838672033
8195.593263963314
8241.45353772992
8278.67658631369
8307.853951929437
8329.683660364422
8343.897495339035
8350.22064319874
8347.042116320286
8330.984170698508
8294.665438655344
8219.320939207644
8034.393952841731
8060.163610840674
8373.04402824459
8617.286619198205
8806.586477523586
19296.957644516333
33411.41491182371
36448.134472847814
47133.885462741746
78596.57762790861
131163.27604364377
218695.70925290268
372251.37046309275
651021.0467451513
1.1840843370046888e6
2.311284270398678e6
5.265341413201778e6
7197.699722383101
6982.412066934822
6752.092965356413
6509.679216200104
6258.854723351173
6003.868094477606
5749.287813968312
5499.716194244225
5259.483050845314
7395.884743051867
7555.9049775236135
7634.523138039859
7667.797694065247
7675.823047638535
7669.749708466811
7655.724389039598
7637.105271041643
7615.736200695431
7592.690873022502
7568.550855139103
7543.466873630843
7517.512293937443
7490.954708224666
7463.979275542636
7436.595695277806
7408.7919985888475
7380.59555295875
7352.007446545509
7322.998052598087
7293.612969865095
7263.847383368677
7233.741237346828
7203.313865638504
7172.622321520477
7141.634603690519
7173.619199800074
7189.895678688322
7197.106294107888
7198.30302671
7204.534258468711
7218.368530724505
7242.626461848749
7280.212604780176
7332.859053238532
7401.3449482021415
7483.754912397895
7576.320709050717
7674.417433089389
7772.948280418481
7867.270092043568
7954.34576625101
8031.937536855512
8099.5189937047235
8156.917125636782
8204.846503597284
8243.950334425834
8274.725915999821
8297.836098428463
8312.922969911708
8319.664809595884
8316.301018547894
8299.274799824456
8260.876380745161
8181.953606304938
7990.746080263744
7999.938194003303
8302.16944305479
8517.8596138308
8660.691624627914
8797.925380715242
20150.095654254925
34238.05560208531
36582.21894753323
47142.22052608914
78622.1426648055
131003.09396335343
218241.0641878505
371356.6756502107
649553.7945688198
1.182135624599472e6
2.30964073224302e6
5.260468607465163e6
7197.703310480324
6982.409729331417
6752.089397690071
6509.676573751461
6258.851966372248
6003.863841079017
5749.283287165467
5499.71332769936
7395.888349900018
7555.917083636248
7634.546500362794
7667.835505851659
7675.880695788844
7669.831800253079
7655.834257877837
7637.242899478207
7615.900464752885
7592.878558821917
7568.756868825369
7543.6837119884885
7517.733172755687
7491.176209094322
7464.199170556909
7436.80894219367
7409.001454061887
7380.786201499814
7352.196038503209
7323.180407686539
7293.799754451508
7264.020856967166
7233.900402574956
7203.4177605031255
7172.696152062028
7141.66651175444
7173.674203762987
7190.001875789727
7197.36684914543
7198.430874067091
7203.38908301913
7215.420868348703
7236.802416028955
7270.158234208374
7317.446342894797
7379.790057373458
7455.930140448069
7542.732397264745
7636.023466105038
7731.14721385873
7823.608992371066
7910.26937153015
7988.604955357148
8057.682338969122
8116.93435014543
8166.788133458899
8207.686571502123
8240.004225049419
8264.358528699127
8280.30094045513
8287.472438902045
8283.985313677123
8266.142202849727
8226.018913090978
8144.422171499753
7950.039245700229
7944.540600503142
8241.77292396245
8450.811108353562
8574.800649707271
8672.451461776742
8787.298476015418
20724.00293188887
34755.225482972324
36641.40655735397
47115.7197326042
78526.7690870183
130687.0586702177
217600.95905677826
370225.24409313366
647808.6557051017
1.1800592261357494e6
2.3084971089880643e6
5.256126569207555e6
7197.701320588018
6982.40632216562
6752.086752040144
6509.673968480734
6258.848182640146
6003.859864771062
5749.280795675696
7395.8866836177085
7555.920695907426
7634.558467854613
7667.8585314914235
7675.918185491437
7669.889295898014
7655.916338965788
7637.352655447247
7616.037618903275
7593.042196732518
7568.944173426538
7543.88979246148
7517.950525341451
7491.398844696203
7464.424073263215
7437.032272381162
7409.223886412849
7380.998741450268
7352.3949457152285
7323.380404969559
7293.985712632987
7264.218997543983
7234.0798246451795
7203.585194183909
7172.808438494033
7141.74449485777
7173.721686851036
7190.114664881283
7197.624622322431
7198.979232115562
7202.6396884538735
7212.912188955457
7231.800664141589
7261.410110017509
7303.779354916923
7360.250827402543
7430.210798413769
7511.2358756559315
7599.572810092373
7690.936333347396
7780.992007277437
7866.5664893128305
7945.006209305597
8015.0698002205645
8075.833889390753
8127.409190271601
8169.994713164135
8203.79194567718
8229.352631621763
8246.12937919073
8253.734827509836
8250.173590010683
8231.652304460942
8190.129197262904
8106.646907430324
7911.582491207682
7893.994663408334
8186.185965337443
8398.384163229224
8517.325750820917
8598.69769160719
8676.066094014921
8778.615441990569
21094.78351510089
35050.28178052023
36652.17746172992
47061.90673866611
78327.60010883157
130211.06708489345
216750.86815199937
368805.82366479066
645730.7452258443
1.177767991252513e6
2.307761439903236e6
5.252439930032686e6
7197.698104645816
6982.403686877265
6752.084280355124
6509.670622544437
6258.844715020665
6003.857685811411
7395.883697287227
7555.919295069138
7634.562294959814
7667.8705029517005
7675.941047579507
7669.926516775069
7655.973592474693
7637.434458878475
7616.146791372584
7593.1782372378
7569.106490608039
7544.075982978708
7518.155815770799
7491.6159233501985
7464.647557074138
7437.258716248518
7409.452835720013
7381.227214179173
7352.607982286096
7323.595333186001
7294.180123260873
7264.424282286496
7234.268904422429
7203.784199014751
7172.963395330892
7141.886946081276
7173.800996687032
7190.228515005139
7197.864130082616
7199.610939351893
7202.329236750758
7210.902304960313
7227.481224716483
7253.782950209683
7291.749441750376
7342.761914842933
7406.67188170402
7481.854808632392
7565.070684290906
7652.410620232821
7739.678589890131
7823.628515354913
7901.564348917863
7972.044058656939
8033.880931345866
8086.890756070281
8131.005583197335
8166.201927533926
8192.931797859672
8210.526000926511
8218.571983333573
8214.986192012713
8195.922039498979
8153.309742162353
8068.657807478823
7874.923889237778
7847.654940795572
8133.070747565613
8353.317421904634
8473.871216742778
8549.427390062774
8610.909013690558
8677.182580727242
8772.12259125677
21311.336016522822
35176.82405007281
36626.75615344287
46987.22440909854
78022.26890853864
129554.8857408338
215650.48235624025
367033.51984086604
643188.9772605248
1.1750271654684397e6
2.3073352917689285e6
5.249373229105045e6
7197.69552277672
6982.401347520175
6752.081327103708
6509.667607388263
6258.842800301958
7395.881220391283
7555.9164788278185
7634.561032917791
7667.874451927661
7675.953029897107
7669.949211584341
7656.010459977096
7637.49129538399
7616.2279996313
7593.2863221219695
7569.240775887449
7544.236262660201
7518.340048445048
7491.819462531104
7464.86321076797
7437.481223550131
7409.680903653305
7381.461855757153
7352.835267174805
7323.820014534271
7294.392981940663
7264.628939697228
7234.474356120267
7203.981051302731
7173.151294524458
7142.06486961641
7173.958232156656
7190.362830513546
7198.097167077596
7200.170513868493
7202.275478411319
7209.436880460642
7223.841340933521
7247.113030756875
7281.127016184085
7327.221135099646
7385.389000049349
7454.7255300754005
7532.6056069586675
7615.622204347514
7699.792813328793
7781.725647710444
7858.665440469682
7929.01721190825
7991.426234378568
8045.489841999316
8090.897276269727
8127.369643427024
8155.217951215788
8173.619777285399
8182.12143244065
8178.571644585022
8159.106353839648
8115.7134824266195
8030.55291378051
7839.79782926811
7804.869034710074
8081.119678401352
8310.384960612515
8438.035735660556
8512.284549387927
8567.30103438549
8617.93679816542
8677.298321627179
8767.6524128229
21405.831741017868
35156.768353951775
36572.13532953986
46889.52668448278
77597.29987424274
128688.86599908001
214242.43023811336
364780.5455250588
639930.3410216524
1.1715217698675573e6
2.3069275459513576e6
5.246901744019086e6
7197.693324876604
6982.398742315503
6752.0787077949335
6509.665919851484
7395.879177010394
7555.914081775237
7634.558137763608
7667.873194815279
7675.957018291912
7669.9611471605085
7656.032896274356
7637.527660048952
7616.28420333001
7593.366590776048
7569.347261664107
7544.368130021694
7518.497492488432
7492.000843775721
7465.063939038132
7437.693954781365
7409.901615658113
7381.6924015545665
7353.0697499297485
7324.051717155722
7294.623347331443
7264.8365375893645
7234.695619669039
7204.17598516641
7173.355847619771
7142.241757653236
7174.18273817921
7190.547119425472
7198.367800434501
7200.662940736233
7202.346013175967
7208.414618148395
7220.906685057346
7241.381288158868
7271.711280242988
7313.377500654094
7366.276853255193
7429.967989944536
7502.380782440884
7580.714671267726
7661.424899261666
7741.001675166832
7816.580226453201
7886.36498492276
7948.869357414219
8003.547284132623
8049.9230040826415
8087.476693427513
8116.354654679742
8135.548767165318
8144.531372153595
8141.09495004386
8121.382698838684
8077.524142092671
7992.471525536304
7806.046854529241
7765.149498531519
8030.151788544381
8266.709729143748
8404.690836880724
8482.27699366923
8534.32412822151
8578.194894399152
8622.041182921508
8676.985094401214
8764.8923887823
21390.32861411672
35005.79811152225
36487.40768739779
46763.08310949023
77033.88788192235
127567.40736543984
212422.8784662176
361833.97469728335
635587.6822122274
1.1666391965286988e6
2.305857429175583e6
5.2450061818558425e6
7197.691028308651
6982.396467720829
6752.077218923327
7395.877155660168
7555.9121750869335
7634.555642330934
7667.870165931538
7675.955687423631
7669.965103335156
7656.044696706662
7637.549703738432
7616.319883706838
7593.421923495765
7569.426234557219
7544.472476762079
7518.626200691848
7492.15461172156
7465.241556914712
7437.890713943765
7410.110401105572
7381.911638290679
7353.29967726147
7324.285769791823
7294.863912427128
7265.055840063807
7234.919427588074
7204.386170534858
7173.563538155017
7142.422140621659
7174.416547044556
7190.786713008604
7198.691212459877
7201.160499182346
7202.493781111849
7207.71475399934
7218.589019693712
7236.614004745633
7263.469460516926
7301.002987215805
7349.089156091903
7407.511206658508
7474.570636441436
7547.947929925258
7624.763441867576
7701.5770559406765
7775.460523418909
7844.353921173166
7906.573932799339
7961.449328197176
8008.416199405575
8046.77770952689
8076.530850532115
8096.471105430737
8105.958472900162
8102.727161568468
8082.941636468928
8038.936793718753
7954.571802130419
7773.5737474151065
7728.150846119598
7980.25841376898
8221.604086878764
8370.414386005466
8454.916409833751
8507.935434706103
8548.016706301707
8584.891359480309
8624.244332081575
8676.460015975139
8763.669556887353
21275.174250766766
34724.95888284479
36366.492426242825
46597.18750874013
76302.49243625133
126112.28609589525
210028.9463382985
357875.0090656177
629542.2662900708
1.1592681035623604e6
2.3026718587565767e6
5.243607805235569e6
7197.689054265614
6982.395155205556
7395.87544464587
7555.910383061405
7634.553776149729
7667.867552383743
7675.952499146437
7669.963651778927
7656.0485572678435
7637.561265659506
7616.34137891568
7593.456721507746
7569.480446293559
7544.5497661714435
7518.727789889263
7492.279363466207
7465.390778202283
7438.06357314687
7410.302144478057
7382.1159945105865
7353.5156812560135
7324.5120404443405
7295.103806909574
7265.290339430681
7235.140087603141
7204.612275071422
7173.768544829285
7142.62737930929
7174.632842199568
7191.05288242225
7199.0299840787575
7201.7158048320025
7202.757041117705
7207.269824327313
7216.746692341287
7232.711839736674
7256.440947490984
7290.0435825231925
7333.612294170582
7387.106529872689
7449.1384189886785
7517.542244407775
7590.1106278595225
7663.679556109558
7735.443566401325
7803.140373463745
7864.798341887253
7919.5465994123215
7966.749638706226
8005.602229160731
8036.0025197201585
8056.588881079211
8066.576236228563
8063.646960807043
8043.971898199263
8000.148581533522
7917.008611636181
7742.311784712048
7693.615256369606
7931.615896046051
8175.06467011173
8334.135862486399
8426.816084914079
8484.174148905213
8523.990156328655
8556.574771369606
8588.718334615955
8625.082469904388
8675.772211600619
8763.808640423364
21061.23014839414
34300.7155487666
36197.412750180156
46375.83880640208
75352.48422522795
124207.46463406504
206817.99276583397
352393.6078819247
620737.06888083
1.147455577354215e6
2.2943928436559997e6
5.242605158520257e6
7197.68790007791
7395.874433515328
7555.90887978154
7634.552117512735
7667.865674475085
7675.9497600036
7669.960293994664
7656.046956741488
7637.564972457565
7616.352590763925
7593.477501718726
7569.514156753961
7544.602580449623
7518.802936376216
7492.37751266644
7465.510727520923
7438.207263545632
7410.469150422256
7382.3016811031375
7353.713989742901
7324.721223168406
7295.329240004203
7265.529481027973
7235.36404978429
7204.842813771234
7173.971933944509
7142.8464894337785
7174.857580063544
7191.316565780071
7199.353818121767
7202.283076396323
7203.19547897375
7207.08264331429
7215.308536967388
7229.469562555289
7250.542067215129
7280.518747898886
7319.813368248282
7368.550530298227
7425.853070447845
7489.498260097109
7557.7157976147755
7627.648340578202
7696.778896489516
7762.876205480901
7823.69861216565
7878.088383864634
7925.258815754929
7964.3134406896515
7995.093317833365
8016.164398317861
8026.598867761591
8024.0448703481325
8004.6624310644875
7961.346536141681
7879.927661360545
7712.203635130064
7661.333650313749
7884.428170306049
8127.319824317381
8295.567038718493
8396.841150603484
8459.800867402684
8502.516129480104
8534.098579432946
8561.560722225253
8590.423504827319
8624.743683439512
8674.908950444727
8765.153716933135
20739.237537146582
33716.51323083676
35960.95298705499
46068.897588531014
74110.47580903984
121681.70654369335
202415.3748113918
344558.91315725684
607436.0025225625
1.1277316868321951e6
2.2752545235708766e6
5.241951401496595e6
7555.907977632968
7634.55071677034
7667.864067772664
7675.947842481181
7669.957427226715
7656.0434284505145
7637.563205621329
7616.356087975743
7593.488247660602
7569.534052949485
7544.634983590591
7518.854021888905
7492.449994040983
7465.604699497873
7438.3214529534225
7410.606163912883
7382.461522596184
7353.891877744651
7324.910245479739
7295.530866841721
7265.752762174399
7235.589731927003
7205.0712724487785
7174.181433889932
7143.047333865523
7175.109419821862
7191.577800051115
7199.680351603159
7202.790914605058
7203.782081607289
7207.155296817863
7214.306612257016
7226.750518919351
7245.558451319835
7272.320188156522
7307.712818832413
7351.840740739372
7404.522134101868
7463.627194788505
7527.598800542014
7593.761600465323
7659.8247071461
7723.825084584784
7783.435268454553
7837.229188137233
7884.182495834168
7923.234003019155
7954.153044965367
7975.517850123568
7986.293286954634
7984.144994542612
7965.20976091962
7922.708317929918
7843.455161367116
7683.199427485895
7631.119805828965
7838.8960412315755
8078.712930765002
8254.690068781316
8364.602755598566
8433.722884907915
8480.487498297898
8514.101526356577
8540.047299385706
8563.876681247977
8590.28813903102
8623.310759427233
8673.77734712701
8767.579100816647
20300.333950204193
32943.68167849557
35624.59516942686
45626.59706128674
72467.0291608724
118280.25553831572
196234.38713233033
333069.36190597626
586803.8274797719
1.094085517937095e6
2.235867866325349e6
5.241571969078639e6
7634.549850809401
7667.86270652643
7675.946244147061
7669.955453878202
7656.0404347273825
7637.559511514128
7616.354143553304
7593.4914802245885
7569.544216997329
7544.6538220202765
7518.884867220031
7492.498970352587
7465.673937966258
7438.4104173308115
7410.713501311149
7382.590491896755
7354.042790560179
7325.077640415287
7295.708268839455
7265.946421457844
7235.79939650237
7205.289786379345
7174.401277562646
7143.226343118824
7175.364348680114
7191.849098112384
7200.0253726627325
7203.25488767847
7204.417259623188
7207.432809909588
7213.7327732473605
7224.580635885222
7241.3151044092065
7265.226061193751
7297.162004147144
7337.0341018062445
7385.145807976075
7439.7873139721905
7499.595179295302
7562.062362428504
7624.875218865641
7686.349692894864
7744.281882463667
7797.132984275724
7843.673503053635
7882.591584518241
7913.487476306045
7934.984961697523
7945.973099293658
7944.212262073169
7925.832866808868
7884.4126544421415
7807.704941188513
7655.256576631408
7602.80876686048
7795.188254842955
8029.655154917656
8211.630039021707
8329.948125656674
8405.553516268455
8456.86437452917
8493.571722663075
8520.959648605523
8542.87370144041
8563.873997796014
8588.457670705091
8620.730683786585
8672.184278228744
8770.824249022427
19728.940006318673
31939.475592727693
35135.49918563876
44968.5946771405
70259.48223982188
113616.72082177209
187254.92281283598
315953.0553524744
554380.9905712875
1.0382179052787366e6
2.165204097763208e6
5.241361842782277e6
7667.861849482948
7675.944890148858
7669.953839441766
7656.038394701144
7637.556392978493
7616.350291957273
7593.489350341603
7569.5471308301585
7544.663286722251
7518.902461895838
7492.527982586544
7465.720379513865
7438.475754402958
7410.796531555405
7382.68974048929
7354.162077485123
7325.217367665997
7295.862614855997
7266.1110235538235
7235.977818426144
7205.4819180943305
7174.615624284396
7143.407170663579
7175.597509010035
7192.127103103767
7200.361155814901
7203.734687836704
7205.0485305658785
7207.843354747224
7213.452034936145
7222.995086130879
7237.767288987714
7259.093001865318
7287.875429603586
7324.005864125962
7367.772846502559
7418.015741463736
7473.600831260977
7532.412169040101
7591.996580601783
7650.741466626406
7706.602702020014
7758.073373681357
7803.8989535218525
7842.535430718965
7873.310765135777
7894.851668857676
7905.956019990296
7904.542205903884
7886.779096911105
7846.650975117924
7772.787901304604
7628.351169465409
7576.2568687854355
7753.44073040136
7980.583875754952
8166.620350010641
8292.827849505456
8375.109727632687
8431.281172632414
8471.515030237802
8501.345293965845
8524.26424626072
8542.989264617241
8561.742757889117
8584.90418320442
8616.773100711114
8669.846080096213
8774.479256909148
19002.25161308184
30651.61181388291
34411.72946463026
43964.50944875578
67241.52991830128
107065.82037916896
174194.75824316393
290401.68583506544
505047.98466261686
953021.0103040602
2.0601324069474922e6
5.241266740929363e6
7675.94402898149
7669.952476077355
7656.036748977012
7637.554277635599
7616.347051602359
7593.485352222529
7569.544809797348
7544.665826449262
7518.9111036006325
7492.54414131786
7465.7472621455145
7438.519172817601
7410.8572293647485
7382.765823334546
7354.2518671620455
7325.325092975306
7295.988808475541
7266.250427650576
7236.1253622207305
7205.637205528111
7174.795539340781
7143.591091823703
7175.814270345607
7192.396155246492
7200.662014178946
7204.216420289861
7205.705646306959
7208.343145277522
7213.340950676952
7221.866019100592
7234.897862919893
7253.892183819773
7279.680536073323
7312.466011912491
7352.282354163501
7398.360508246075
7449.695558564917
7504.730881642173
7561.08749658974
7617.073824980938
7670.680190963427
7720.407265622193
7765.128038233382
7803.233476195959
7833.76759409434
7855.314147492319
7866.504313179458
7865.418693274044
7848.310280932794
7809.630016812257
7738.820062438712
7602.489718031003
7551.346270252618
7713.757571380881
7931.942539341877
8119.984917227288
8253.275891263378
8342.27798548636
8403.555918654007
8447.583834849604
8480.244033127943
8505.125410129092
8524.489988235622
8540.62339738705
8557.473400976405
8579.371657610905
8611.139319631617
8666.257317940215
8777.734058042113
18099.111393394494
29013.51680485836
33329.736515664044
42409.272747596995
63027.58857138334
97885.92810264471
155472.2436992732
253905.12028657948
436542.84164412535
842100.724139628
1.9452218284941732e6
5.241234653190335e6
7669.951604899956
7656.035367370487
7637.55258967415
7616.344852924137
7593.481993729449
7569.540678093434
7544.663308321673
7518.9132082468495
7492.5518337878375
7465.761790451268
7438.543597210982
7410.897074032293
7382.821073774387
7354.319923918904
7325.403956619059
7296.082983036951
7266.360886439792
7236.246793649987
7205.760653542644
7174.9279551412765
7143.746843054917
7176.019486094166
7192.646637328342
7200.944420983779
7204.635647137082
7206.400188802374
7208.9018558719545
7213.392510974939
7220.997879041872
7232.603701678294
7249.539663990692
7272.586441410875
7302.193731010226
7338.427794155918
7380.667969919925
7427.9628003880025
7479.106767649885
7532.105919759737
7585.274598058163
7636.581911270647
7684.4109489542625
7727.694631526813
7764.9489809709485
7795.0235332858665
7816.508904399209
7827.7943230990495
7827.061827201068
7810.663327078085
7773.553332345182
7705.920425302712
7577.710303182532
7527.985831026928
7676.224520763871
7884.159830640883
8072.131227970975
8211.413488299208
8307.000094864889
8373.559507818965
8421.604118999232
8457.323731927254
8484.51861930458
8505.452754254691
8521.903146405415
8535.779958392164
8550.791527492216
8571.549245604832
8603.269904262424
8660.571668868097
8779.145989155817
16998.48678615899
26953.759569887312
31710.84228342963
39989.69923736525
57172.43970065244
85287.53431253131
130184.71409151054
206968.73745655955
355468.9950679606
732703.2967560661
1.8623758219865237e6
5.241228027546441e6
7656.0344838263845
7637.551184633734
7616.343113431605
7593.479703618019
7569.537205701535
7544.6590564564785
7518.910483837308
7492.553437602635
7465.768407831473
7438.556292434534
7410.918680139238
7382.856737029881
7354.36886383783
7325.4628684979425
7296.14939723518
7266.43946303065
7236.338822375232
7205.858975566271
7175.023543140654
7143.853024009127
7176.19740954032
7192.873141872426
7201.228692439438
7204.987032427132
7207.068321272321
7209.483206960782
7213.600754886536
7220.327154339938
7230.725274868235
7245.851266088292
7266.548603294198
7293.135699640781
7326.0380306814795
7364.669583514731
7408.273524091949
7455.626206936919
7505.153389605541
7555.3401296975035
7604.243935209787
7650.16107057439
7691.846107727086
7727.994195233913
7757.329387576232
7778.595187201082
7789.950316045024
7789.6113834856715
7774.0111298991815
7738.582560479565
7674.191985468741
7554.06508844901
7506.098958951858
7640.914712461566
7837.641357736494
8023.531619281155
8167.454283353668
8269.280482541413
8341.200806278623
8393.44409040389
8432.41694097616
8462.123991126218
8484.95166191578
8502.631915898735
8516.518793797339
8528.166195418302
8541.375778873256
8560.835856270505
8592.29180693718
8651.479375067493
8776.114652587645
15691.497865838734
24407.64217786122
29323.101856710982
36355.14582207646
49266.38738099433
69190.14382414163
100032.84636458999
154492.90044076054
282052.64507801016
657798.1868231853
1.8286958584576775e6
5.241227527022768e6
7637.55028805728
7616.3416814127995
7593.4779037284015
7569.534815736521
7544.655474367547
7518.906124581137
7492.550494371646
7465.769441399026
7438.561705481421
7410.929331840251
7382.875136166853
7354.399690516514
7325.504595051151
7296.19801706779
7266.491837091462
7236.399473122111
7205.928744828772
7175.093924214566
7143.918534662615
7176.336517299516
7193.06446866433
7201.49747765281
7205.317327433721
7207.650697580981
7210.048684479465
7213.8667361459065
7219.883861152363
7229.148017306457
7242.686956081749
7261.333975702175
7285.252118881739
7315.033859623342
7350.228413917744
7390.35658627066
7434.190095090095
7480.301206413671
7527.395163905634
7573.678619044694
7617.61396128046
7657.652426325093
7692.581610798806
7720.973347849029
7741.802203411211
7753.121470572098
7753.166438826462
7738.458489637664
7704.812065538722
7643.696912550477
7531.58500257368
7485.601926672487
7607.8763815383745
7792.758017490464
7974.71599252717
8121.709964031672
8229.193123985498
8306.433905879685
8362.99951275442
8405.393096565209
8437.779280848312
8462.673607738301
8481.888309794202
8496.690675553307
8508.023711219063
8517.448619318751
8528.591332179207
8546.330396898647
8576.96814866108
8636.79266585607
8764.226383152856
14196.44415149896
21360.020222624156
25974.037859953816
31258.786034770623
39474.908389149576
51309.37312678058
69830.84083368475
110607.5977259204
233947.19505930878
626073.3547889235
1.8337394285764522e6
5.241227527022768e6
7616.340771931033
7593.476441891167
7569.53294651305
7544.652975508204
7518.902436707481
7492.546039985704
7465.766263048462
7438.562092581107
7410.933406813419
7382.8835266388
7354.414470817959
7325.529893808407
7296.2315938993925
7266.528967062775
7236.436050288106
7205.9686012430575
7175.137130741424
7143.957479433459
7176.444577170446
7193.215022001425
7201.718005540267
7205.649641990584
7208.151513187697
7210.56634312126
7214.096104100104
7219.60528850755
7227.831105166329
7239.987903506501
7256.72153770756
7278.368505405662
7305.29037526042
7337.3262597566845
7374.0404056169655
7414.589404103307
7457.438205290228
7501.513419201461
7545.022065780446
7586.786248905548
7625.09988010843
7658.750065471781
7686.151316563725
7706.370157511103
7717.514201229854
7717.853333116715
7704.08768003303
7672.277964569264
7614.456204182514
7510.246537754526
7466.384229994299
7577.1043368050405
7749.825142867765
7926.2441028141275
8074.605115667289
8186.900570665729
8269.266009281577
8330.204175020328
8376.143579417641
8411.356526366284
8438.461844451534
8459.363670106777
8475.371061207037
8487.295583523337
8496.067284609833
8502.956721499624
8511.504744250798
8526.821673988168
8555.34550619538
8613.183179132702
8736.50056767402
12586.906060935376
17928.26718078555
21678.02205786547
24981.531262941957
29124.755437796055
34953.32301960782
46822.40062611017
83443.96995907824
212718.65892086554
626986.4607682547
1.8307684806529286e6
5.241227527022768e6
7593.475520047141
7569.531452291974
7544.651027603659
7518.899819059948
7492.542250269166
7465.761724391179
7438.558656462135
7410.933062365306
7382.886124082403
7354.420376251277
7325.540627708959
7296.250646419284
7266.553412388239
7236.46038140424
7205.987350543357
7175.152936959037
7143.970185801858
7176.530417019517
7193.334605593305
7201.8843575102255
7206.013332296106
7208.59368798644
7211.014609905856
7214.282646091127
7219.348679082035
7226.736190312451
7237.665759564334
7252.668653172842
7272.246987646069
7296.628089821283
7325.827268826142
7359.303421460818
7396.6743942432295
7436.3892646739805
7477.575470850958
7518.36377917135
7557.786151427508
7594.242973815398
7626.470032714087
7652.909656987179
7672.438684956726
7683.327156432945
7683.844937186768
7671.007739099109
7641.010835438567
7586.484469857731
7489.975107778664
7448.315409170285
7548.507428114849
7709.073383312258
7878.660648490532
8026.663322327457
8142.6798752200375
8229.776298361636
8295.034343234936
8344.593171322553
8382.746640071171
8412.190346066993
8434.904890966867
8452.254328081053
8465.04877277869
8474.079832388003
8479.937581533246
8483.71300206029
8488.91171409249
8500.45251882982
8524.664841322214
8575.696376235199
8682.017326583193
11017.238160167573
14432.148218012375
16950.705439081987
18625.552417541825
20268.331303926112
23381.37095327444
33278.29988960182
71179.99508674278
210968.31072207194
624691.5588141935
1.8271129343580732e6
5.241227527022768e6
7569.530518861091
7544.649498389028
7518.897782428292
7492.539503302134
7465.757836409215
7438.554041277594
7410.929337674772
7382.884952463553
7354.421349615743
7325.543820088732
7296.256898637413
7266.565476090345
7236.474637023118
7205.997395508899
7175.151576593821
7143.958684553302
7176.594547598417
7193.43543534338
7202.0162617206115
7206.353869588307
7208.9970226444475
7211.378727242896
7214.443348404941
7219.050653288155
7225.775008250659
7235.595407452127
7249.152743743291
7266.755120650411
7288.897038444338
7315.466440539643
7346.0794018851275
7380.358631749069
7417.080654635472
7455.389117298647
7493.6269282737485
7530.667707541968
7565.193794677234
7595.793782345385
7621.236499897256
7640.026359065876
7650.654931749828
7651.295359762649
7639.343437916957
7611.078624609801
7559.835536450701
7470.693391520379
7431.291262527158
7521.904428917991
7670.622103991273
7832.431473928283
7978.472520437502
8096.925825038298
8188.145687655244
8257.526955514259
8310.704887243857
8351.87266201258
8383.753322069631
8408.390861397605
8427.191387933646
8440.97821552707
8450.541408630266
8456.291107181502
8458.602428806042
8458.489164668417
8458.994725668226
8464.76892135393
8481.031261731589
8517.38954037411
8590.489597329151
9696.475329504021
11428.548437641184
12789.767114088178
13562.157284656694
14352.251307793143
16829.54380086558
27026.55516424217
68897.65980136237
209484.21810266556
621873.1144754329
1.823309884540596e6
5.241227527022768e6
7544.648554175591
7518.896215413993
7492.537367332054
7465.754949209479
7438.550057569225
7410.924649571999
7382.880898687031
7354.419243068369
7325.543014455316
7296.257147869795
7266.566810044396
7236.478939662871
7206.000289056706
7175.145647255189
7143.934831666105
7176.64556605104
7193.522297955971
7202.131207150647
7206.616238329872
7209.332772388476
7211.661316445431
7214.553778266755
7218.735168400681
7224.861313699799
7233.70285568067
7246.019663913803
7261.86586930488
7281.966797271429
7306.081469742943
7334.138825719345
7365.5358308302
7399.458304907217
7434.880021227154
7470.658620217482
7505.363094059195
7537.971329770163
7566.845122161901
7591.165562281606
7609.13639191875
7619.485203029877
7620.270557828371
7609.163127591677
7582.57052719955
7534.597230169339
7452.380381673142
7415.291473730943
7497.079031990899
7634.4768878241375
7787.8848723644005
7930.612563553605
8050.131380873594
8144.6694765400225
8217.809579077928
8274.493534696701
8318.694216169131
8353.075829558644
8379.720169185126
8400.067528807893
8414.94169237686
8425.14974140314
8431.063368258916
8432.840388055874
8430.785136102051
8425.443624211779
8419.43336183001
8416.421979647765
8419.429988781592
8431.913611025398
8457.114807272474
8803.420293933079
9421.812384187535
10002.600398713019
10450.18290811378
11151.423294634404
13774.47439129321
25303.599052893238
67933.21133503469
207928.28984210544
618925.507863748
1.8194026679223336e6
5.241227527022768e6
7518.8952612036
7492.5357596495
7465.752703105976
7438.547018895333
7410.92057133693
7382.876135902492
7354.414808663313
7325.539851836473
7296.254398900371
7266.5638857189015
7236.4749205569715
7205.996018143144
7175.135868771333
7143.911082582703
7176.699505620558
7193.603773067824
7202.238534596876
7206.8231017545195
7209.579645889821
7211.857946569305
7214.585572173266
7218.409284298354
7223.962887743719
7231.964516354185
7243.1128219641505
7257.505840829378
7275.70180509296
7297.639335727699
7323.24016874394
7352.069839138039
7383.340237765993
7416.058574700012
7449.351722485755
7481.792444974789
7512.461639480717
7539.6794728036575
7562.749789612139
7579.832987834647
7589.804390625622
7590.764424827716
7580.441056706326
7555.533882804379
7510.812299057718
7435.079830026543
7400.38024151552
7473.881178561092
7600.576712008002
7745.195078563754
7883.571607340727
8002.828353038794
8099.742931273007
8176.119006817506
8236.056648886528
8283.218332762986
8320.119899119582
8348.8237038134
8370.789699599007
8386.831735681433
8397.768911770512
8403.957993625187
8405.478825128994
8402.420404784347
8394.593050957797
8382.289909972716
8367.136180282712
8351.306121835627
8335.261469120154
8316.352168387984
8290.823210639172
8317.048829072424
8428.496171102859
8623.79444706479
8939.081889123405
9703.061543615599
12737.743362328789
24694.27928708224
67194.68994101987
206322.272402093
615898.3073758197
1.8153966906545653e6
5.241227527022768e6
7492.5347963428085
7465.75105196184
7438.5446518808985
7410.917369732899
7382.871962457326
7354.409962899744
7325.534973355773
7296.250045118912
7266.559018964788
7236.46859240212
7205.986212035199
7175.12216273188
7143.88719270063
7176.767901946914
7193.694291991169
7202.369965601696
7206.987991508671
7209.757937653951
7211.972402906729
7214.533487267949
7218.047974476705
7223.075197503381
7230.345996742876
7240.402851717354
7253.5258591091515
7270.003402698801
7290.03180357399
7313.3003896013715
7339.804203920929
7368.523669621112
7398.826612657193
7429.641752828852
7459.92345013442
7488.560399585384
7514.23520097082
7535.975934670734
7552.174954799416
7561.661176988491
7562.772117518963
7553.127894527286
7529.950403098238
7488.406907370676
7418.835713996676
7386.610238257134
7452.302099422217
7568.8642013919925
7704.44619893018
7837.690469771927
7955.515116975226
8053.807825775924
8132.789448451002
8195.594712070879
8245.531449257604
8284.893140732649
8315.669958204873
8339.299972260276
8356.568714156074
8368.30404728884
8374.848477635836
8376.231718559377
8372.461865511335
8363.095201043767
8347.742408950586
8326.021424285445
8298.498803983231
8265.805712837966
8226.273384805414
8175.786088074725
8113.180161027705
8054.193327264804
8034.501966028321
8103.398011537442
8351.852365598304
9178.272161338382
12389.952713768042
24364.366842052477
66485.18657189846
204678.1665889314
612803.667725316
1.811281152253359e6
5.241227527022768e6
7465.750080554095
7438.542954595088
7410.914871234812
7382.868586399867
7354.405691116333
7325.530028831853
7296.244647003144
7266.553325361071
7236.461422937533
7205.97624821412
7175.106132348646
7143.86314258556
7176.850406648021
7193.806399506202
7202.52304044254
7207.13920382713
7209.882682624146
7212.02460884584
7214.415067910897
7217.638125466592
7222.193665125266
7228.799370581761
7237.902870077354
7249.823263978167
7264.807993680038
7283.066482013668
7304.29749053128
7328.575980396947
7354.9383127502515
7382.952951563579
7411.462173095041
7439.6621732490585
7466.2752561755415
7490.413961464092
7510.789801984541
7526.124834326652
7535.102356389802
7536.301568851565
7527.248474896255
7505.783237807294
7467.23577676485
7403.6204088175755
7373.892026339905
7432.436714949272
7539.329443720603
7665.750484543592
7793.1833858138525
7908.607219140461
8007.2872100257355
8088.2053046560795
8153.398020766143
8205.816861622872
8247.483682717648
8280.273020209363
8305.577980680117
8324.111199332488
8336.69290786687
8343.659273828029
8344.987093321375
8340.645728059768
8330.065351636373
8312.607398327222
8287.299405022954
8253.291926954213
8210.251750911793
8157.788274770134
8095.3643798250605
8022.810361966309
7945.200109544983
7885.140697599462
7870.190859969633
7932.147830899516
8155.583247427398
9018.758280438566
12247.512742898432
24092.32560966379
65764.35791058114
202998.88172624886
609634.6798847192
1.8070720920966922e6
5.241227527022768e6
7438.5419760924415
7410.913125333276
7382.865946379582
7354.402129183984
7325.525652620314
7296.23957977553
7266.547320587361
7236.454228879082
7205.966580465338
7175.092295106102
7143.840445102101
7176.95072250361
7193.942523536622
7202.683306000263
7207.2899686571045
7209.982032229099
7212.029608039849
7214.2532253310255
7217.193507155426
7221.31756391327
7227.303656213398
7235.576839438354
7246.379902000841
7260.0435460322715
7276.638859152563
7296.104889444481
7318.272604346879
7342.53291384711
7368.273736264128
7394.713669336142
7420.833964972347
7445.617379659688
7468.136020846872
7487.183472769989
7501.5913037276205
7510.102264108303
7511.313032350354
7502.877708033626
7483.015066298265
7447.234767889627
7389.336764196848
7361.988127612346
7414.320135109139
7511.9761057632695
7629.322008848195
7750.246259779931
7862.450459453093
7960.548202196603
8042.7389875943945
8109.807211790213
8164.339697318902
8208.071503225316
8242.726445538645
8269.650609741087
8289.45689345201
8302.916270727817
8310.351879239384
8311.700509500644
8306.892594200905
8295.279191701855
8276.107133171372
8248.160970988396
8210.156380228607
8160.991445850446
8100.066865380322
8028.718214330928
7951.060397341304
7872.046274816511
7805.860643216078
7775.348237034348
7794.985977474332
7857.100356003339
8103.8762718445505
8969.406068155082
12155.88087981326
23827.050990748896
65031.02450726172
201285.38489086425
606404.7216876526
1.8027483816325055e6
5.241227527022768e6
7410.912140766522
7382.864149732772
7354.399338507959
7325.521893698043
7296.235089603808
7266.542098276683
7236.447520652879
7205.957716302744
7175.0799226984755
7143.8224880544985
7177.073079736494
7194.111456950667
7202.859580413755
7207.445118933691
7210.077598834168
7212.015130905249
7214.063884855121
7216.735105787277
7220.456551337089
7225.8683879550645
7233.382461461433
7243.186149439707
7255.637959337433
7270.73590905945
7288.558996100088
7308.833795691301
7331.1475625821195
7354.769289816773
7379.249145348627
7403.339496099521
7426.462599575608
7447.3384010226255
7465.149650564508
7478.543631651042
7486.59293878955
7487.7298294624425
7480.012590726771
7461.613705585624
7428.488306391761
7375.889252155743
7350.699681746227
7397.778135876293
7486.738815502948
7595.390275844846
7709.167470592979
7817.390846029619
7913.936982091364
7996.711116374508
8065.1596095100695
8121.407086725564
8166.916089092859
8203.21495476027
8231.622619521908
8252.653896327398
8266.995670436345
8274.935712738732
8276.360605455906
8271.18746195182
8258.694202119015
8238.067248015937
8207.986604531825
8166.982121305799
8113.692736361312
8047.245848739947
7969.185355960391
7885.570573220144
7805.587613606775
7742.046094866613
7707.498522768538
7715.598412130697
7739.708044754051
7836.391535117614
8092.546260662808
8944.967445091834
12069.996219557013
23556.585413120512
64284.20063311829
199544.56732632837
603100.0842540356
1.798327522556758e6
5.241227527022768e6
7382.863160137198
7354.397489481455
7325.518944549334
7296.231123106487
7266.537480795838
7236.4421026512055
7205.950200879152
7175.069214053521
7143.807196762362
7177.221666862673
7194.316043291059
7203.06384977195
7207.615849988476
7210.182593718751
7212.005769615274
7213.874233857265
7216.280226051422
7219.623976829722
7224.506753082366
7231.314798489555
7240.2157383159465
7251.548345018526
7265.318555602318
7281.588772756612
7300.182103647555
7320.633674145788
7342.391442103228
7364.932081250674
7387.173825561541
7408.6273484855865
7427.967431113071
7444.586747465743
7456.999725977319
7464.52518394623
7465.534372259578
7458.532739261476
7441.498316314736
7411.082301583801
7363.235660586024
7340.0572887852395
7382.469522346815
7463.454013593602
7563.983836774197
7670.319822037968
7773.822134263286
7867.871944066591
7950.41879006104
8019.757342904163
8077.319793249076
8124.312345347756
8162.001198549375
8191.689008604983
8213.829062158735
8229.00796810172
8237.463290713038
8239.01741346773
8233.558768588033
8220.332279966759
8198.485409964449
8166.661156583495
8123.3394351866955
8067.06103478993
7996.883843995475
7914.185835029148
7825.170140201063
7740.638221491243
7677.852498752302
7647.350282575095
7651.957360630003
7661.531798035615
7723.974742509844
7834.646807226657
8090.803352045785
8924.384913931042
11984.26673127389
23282.735976460033
63528.462714672656
197771.01537288475
599733.587032046
1.7937892366888598e6
5.241227527022768e6
7354.396495867524
7325.517042168183
7296.228009420498
7266.533296919879
7236.437340453043
7205.944539081395
7175.060784643032
7143.794472361014
7177.395609765821
7194.555369066765
7203.303565420747
7207.816264499617
7210.309533646662
7212.018038376543
7213.709031534221
7215.854772751201
7218.835243860414
7223.226269218196
7229.383387308117
7237.45478443708
7247.759046949526
7260.319614755686
7275.173613875686
7292.222384603079
7310.94549280484
7330.994589731158
7351.694958573105
7372.264087951036
7392.032532128831
7409.959540426049
7425.362619930496
7436.908494260502
7443.860934824044
7444.773836523603
7438.31776861971
7422.600464162005
7394.905920927604
7351.373471111382
7330.232646027844
7368.145873151732
7441.933621603255
7534.8242701173085
7633.978628630961
7732.13505436883
7822.892115690293
7904.233906693482
7973.893291836435
8032.350483311386
8080.540272382877
8119.381789413272
8150.116608861029
8173.195670928387
8189.109205709461
8198.04648960783
8199.763065345775
8194.105400662185
8180.2771160460115
8157.438584100262
8124.2312980624965
8079.164723737878
8020.820904313285
7948.306311189437
7862.9022307397645
7770.446180509514
7681.248512074105
7613.7146489113165
7583.672900954318
7592.700891529733
7595.512294399524
7646.1568286156225
7724.681536424512
7839.035121833521
8090.003338066323
8902.686920358065
11896.854469417616
23006.728672556754
62762.064580596656
195971.4011550208
596292.0366484014
1.7891497760545835e6
5.241227527022768e6
7325.516045486484
7296.226053532342
7266.530014832002
7236.432930452802
7205.939610614119
7175.054824696748
7143.785026868746
7177.597665326592
7194.829457474995
7203.582346243227
7208.055870272945
7210.472878020067
7212.063436836845
7213.583444132713
7215.480598827415
7218.114263451191
7222.038519073583
7227.592551576878
7234.900742871334
7244.263240285665
7255.70355492206
7269.271649952745
7284.886279373704
7302.048123137609
7320.4672796923605
7339.491030672154
7358.464331446912
7376.665530919439
7393.22761202705
7407.433348425673
7418.135549629934
7424.551231546326
7425.420256337584
7419.361223680492
7404.918895855384
7379.706306172071
7340.2875495769695
7321.2230787680355
7354.856283878998
7422.057423893555
7507.547648338296
7600.113488663822
7692.588879937595
7779.544531529968
7858.6807392264445
7927.930452057193
7986.783925987729
8035.846053253901
8075.638147102809
8107.203996768599
8131.0328713410345
8147.539793876417
8156.875042625536
8158.748741367719
8152.965196738012
8138.677443669026
8115.062875679817
8080.8186067060815
8034.5383116954845
7974.922725908069
7901.259292678079
7814.831478249596
7721.151056651209
7629.515791517191
7556.954157919071
7520.478611618742
7529.160273790112
7532.9502459952155
7579.097000695381
7647.802169567205
7732.257432290957
7846.23827556311
8090.498403803827
8881.256411252865
11809.620775899899
22728.29564175525
61988.13262535712
194139.97800216114
592787.5889745173
1.7843898698837839e6
5.241227527022768e6
7296.22505462391
7266.5280062636375
7236.42947874154
7205.934967096186
7175.04970435997
7143.778713699601
7177.83260673597
7195.14403416192
7203.901935635479
7208.339271866152
7210.681854663638
7212.155967132399
7213.506840581816
7215.169864071489
7217.478418098769
7220.963224258858
7225.9502201819605
7232.551447403282
7241.049858539217
7251.460798025882
7263.842620897882
7278.132608087082
7293.86771291468
7310.768775992624
7328.24731046237
7345.687242304636
7362.450218205944
7377.694223518387
7390.783005467128
7400.59221443079
7406.535166480189
7407.327216303853
7401.708695580063
7388.447506574927
7365.371005213527
7329.8985921356925
7312.757232146951
7342.779491859366
7403.761914381416
7482.078270608914
7568.415979229384
7655.252078272955
7738.154327382969
7814.374141095134
7882.351309537675
7941.00402894603
7990.486967432945
8031.01915449324
8063.237607585339
8087.643990120753
8104.601371444219
8114.219577663149
8116.209573013222
8110.334466366305
8095.720800266221
8071.554766419478
8036.6096495676775
7989.606110179242
7929.421693664258
7855.600383733862
7769.522517521837
7676.47163579169
7584.811919803253
7509.702062958055
7466.431131106198
7466.885635520201
7466.2865942217295
7515.317746608374
7581.001730937389
7656.884242785932
7742.741948362765
7854.755943295369
8091.376212398868
8860.398259288226
11722.12725166282
22448.791059849173
61204.61476045959
192282.94599497624
589207.9144448363
1.779517738336108e6
5.241227527022768e6
7266.527005797852
7236.427419437113
7205.931347596639
7175.044821588962
7143.77337640822
7178.103304029448
7195.505922811844
7204.269208272513
7208.668698679618
7210.941141354718
7212.304338958444
7213.492702925492
7214.929552509565
7216.934760294689
7220.012447795236
7224.471356715576
7230.410717659758
7238.108292494169
7247.5758011808
7258.865919230978
7271.932193100756
7286.342227451941
7301.850342352743
7317.893206119926
7333.900148811092
7349.289509434637
7363.2980141573435
7375.328707134728
7384.278535693695
7389.74017099357
7390.385320428745
7385.30274556643
7373.1005069666835
7352.0183005148365
7320.078015782214
7304.620348418517
7331.81620180917
7386.969326323417
7458.626925769151
7538.633798839488
7620.086789984037
7698.73216115442
7771.797915808956
7837.704467598525
7895.523142026561
7944.83054910362
7985.777571763641
8018.481199798342
8043.316200979494
8060.613114875088
8070.404619167125
8072.4399132686785
8066.495810088303
8051.653017101165
8027.146448988639
7991.82723102079
7944.5658546119585
7884.440128397142
7811.286963826706
7726.636191014212
7635.6066350658675
7545.780521791923
7470.615517183269
7423.212801074154
7414.924222597158
7401.655027978812
7447.652310403879
7517.425818010442
7591.2150792500315
7669.280675836393
7754.664098492682
7863.646214611032
8092.868894335754
8839.618780666373
11635.06743854711
22167.417945948826
60414.246190348116
190394.95607082828
585559.4581556023
1.774531004254626e6
5.241227527022768e6
7236.426417833842
7205.929240720699
7175.041039550436
7143.768255179661
7178.411514761528
7195.920662762397
7204.692681328448
7209.051618687374
7211.252363066936
7212.5121299937055
7213.54843125468
7214.771009591959
7216.487290465724
7219.187997421963
7223.160466611769
7228.487655809271
7235.437335864275
7244.030675025796
7254.319208870623
7266.25974253009
7279.440492885662
7293.653312264744
7308.369160569395
7323.051156754809
7337.139580401922
7349.975654063324
7360.978506059109
7369.164919347412
7374.102144734372
7374.605987273789
7369.978991947406
7358.781127430519
7339.705322603154
7310.779792469339
7296.895663863841
7321.557492488329
7371.557693570545
7437.221130788572
7510.856048446641
7587.064095129597
7661.203168781768
7731.109688401937
7794.4595295418085
7850.881038303157
7899.4009359269
7940.2571737520175
7973.211000496557
7998.314522625982
8015.871649808168
8025.767902739115
8027.792821733117
8021.768310270256
8006.786912913104
7982.121106754872
7946.733978833914
7899.642931897106
7840.137847988018
7768.3525790796275
7685.959296135051
7597.9515899794915
7511.237220122635
7437.818904775372
7388.861190909396
7374.586708161657
7348.41176839776
7382.3617909806235
7450.060711788832
7528.686670645676
7605.217770152147
7683.334513798223
7766.976057902888
7873.147633334869
8094.393435873681
8819.425480112723
11547.958726794928
21885.394271131503
59615.069779907964
188480.3557614965
581842.210230444
1.7694259870306482e6
5.241227527022768e6
7205.928238053154
7175.038889540306
7143.764324644694
7178.761346959029
7196.392276336158
7205.178664388117
7209.496750272692
7211.622964155602
7212.779541357614
7213.675002325846
7214.699220557228
7216.145130928755
7218.489176750319
7222.013219444368
7226.77942577081
7233.039495293495
7240.818053204728
7250.178607173095
7261.084716288872
7273.1350218315
7286.141694846036
7299.621460722831
7313.072813138988
7325.9614154814335
7337.678259071103
7347.690695567649
7355.152949122107
7359.5762748443
7359.994940883245
7355.639387368347
7345.449816880407
7328.229069909534
7302.094368323202
7289.709509714626
7311.796456742702
7357.357966822168
7417.477033563413
7485.309793624561
7556.179787664911
7625.711503499077
7692.221478209535
7752.898000240677
7807.47165630286
7854.781055439764
7894.938676955945
7927.786845569193
7952.927561611783
7970.645312335691
7980.622935642758
7982.613261874712
7976.522995284066
7961.471049835675
7936.808906596512
7901.6181039708235
7855.088737596868
7796.6957890038575
7726.85650574455
7647.368958744731
7563.086641581759
7480.3234388100245
7409.823454015941
7361.1311014783005
7343.520631923744
7307.699310065479
7328.850860059311
7385.164105626808
7462.371658686076
7544.183169347033
7621.111877625425
7697.831965203384
7779.909241420396
7882.569947440835
8096.447525984237
8799.351437569341
11461.464419026277
21601.913933023672
58809.67724325679
186539.43494453325
578054.7401561267
1.7642016508524604e6
5.241227527022768e6
7175.037885417615
7143.762143080181
7179.159213545081
7196.927085568977
7205.731796760479
7210.010804844609
7212.061657838265
7213.11305591396
7213.870687838888
7214.712443613006
7215.909964443283
7217.922298155583
7221.02462995327
7225.27443639708
7230.903705822897
7237.9336598229565
7246.430667522201
7256.377445834429
7267.388564072339
7279.2855996310645
7291.612756300122
7303.91216352772
7315.689906271844
7326.364173962137
7335.441147901299
7342.171409724087
7346.114395022192
7346.4594452516485
7342.315106112124
7333.069496745288
7317.396911286793
7294.0345633622765
7282.963425701302
7302.752636314536
7344.1818472646355
7399.057620759941
7461.856529071975
7527.430269366925
7592.528077362558
7655.147628037648
7713.131451002901
7765.498148819544
7811.400021112839
7850.37565573943
7882.669158484299
7907.539987025501
7925.219328343838
7935.2548894606
7937.224081505791
7931.107981914264
7916.079144325483
7891.565554510956
7856.807356554571
7811.171670798652
7754.309797632115
7686.885632469173
7610.788433333849
7530.7193131259255
7452.435483964536
7385.577274886704
7338.329270827953
7319.256350745474
7276.888355522373
7288.195817337943
7332.093583298994
7398.482037866493
7479.314599795087
7561.791549978648
7637.515509879359
7712.992114553544
7792.666860170404
7892.459157118736
8098.501074866697
8779.917560964916
11375.070914253894
21318.095248279016
57998.17664262469
184572.3575707378
574196.590134587
1.7588532946422244e6
5.241227527022768e6
7143.761143223729
7179.612066566417
7197.534716701919
7206.360267403099
7210.59882495611
7212.574435187771
7213.521020459435
7214.14116089462
7214.807026998314
7215.776801293169
7217.485043839777
7220.196467625634
7223.962978163966
7229.011776792403
7235.358402594191
7243.06353085208
7252.118907105352
7262.166310459301
7273.042951259601
7284.3087595070465
7295.532960891718
7306.267591553994
7315.974915866005
7324.187368567896
7330.201963785764
7333.671695566896
7333.890503160741
7330.013526443605
7321.569315011244
7307.274108824153
7286.419901465884
7276.524567696854
7294.539441838213
7331.951945379896
7382.0241217775265
7440.009298156255
7500.786049277268
7561.649359327624
7620.200347051151
7675.221265683511
7725.134487519798
7769.422259201636
7807.0339797038705
7838.341460350336
7862.637935809398
7879.968632676436
7889.95828915237
7891.924529107978
7885.840561715251
7870.954684290333
7846.7458253497925
7812.627632065123
7768.172185001978
7713.180908931752
7648.536844564336
7576.183304447926
7500.637141250659
7427.136454375184
7364.340981273928
7319.27306024843
7299.9762165465545
7253.302574253029
7257.675273762334
7291.897150543344
7346.293710411364
7416.762125518017
7498.5661988356005
7579.974527546068
7654.632995548797
7727.910297919918
7805.859106698166
7902.202242540343
8101.083480123478
8760.625154439906
11289.29391099119
21034.00259322652
57181.068269830575
182578.93994408604
570265.5187276206
1.7533853766049806e6
5.241227527022768e6
7180.125947170477
7198.225066443934
7207.074970815429
7211.269245423628
7213.16622185183
7214.008606886848
7214.493355949567
7214.986689640213
7215.738702271118
7217.167855358385
7219.522441931396
7222.842402991701
7227.348539286875
7233.0669263815425
7240.050388386534
7248.289719320523
7257.443314451203
7267.37358130112
7277.6638944298975
7287.897979503677
7297.657229813545
7306.454566519007
7313.865947933246
7319.217477442301
7322.223312700064
7322.255442773381
7318.642035805644
7310.887089592489
7297.954399686254
7279.152623460985
7270.415282309528
7286.861583320884
7320.723664992587
7366.447368616482
7419.56772309701
7476.092710007108
7532.78427749791
7587.6591112146425
7639.300200056074
7686.654862895383
7728.914565826352
7765.1724108865255
7795.195457027147
7818.699265773348
7835.372398193629
7845.0930806233955
7847.023246695086
7841.011852277586
7826.393910182212
7802.665105831926
7769.386072016638
7726.348091197206
7673.503502513445
7611.90892338476
7543.534128524316
7472.686005073649
7404.108438032788
7345.585545912143
7303.134595775514
7284.417671124018
7234.981990159593
7234.542459802333
7261.841866154431
7306.840488022429
7365.7060040237075
7437.5177305570905
7518.451591993847
7598.923213438623
7671.453002410712
7743.259714984872
7818.792070227589
7912.3843777036745
8103.634857874703
8741.833110468391
11204.095452657955
20749.910635720473
56358.28042066398
180558.48510238156
566266.0032007425
1.747786443487195e6
5.241227527022768e6
7199.008280751996
7207.887486754504
7212.0335981179
7213.845581125928
7214.580256256834
7214.931594095229
7215.256541054593
7215.797342092104
7216.961262868613
7218.988625561091
7221.900329674401
7225.905714321553
7231.03886517354
7237.3592668194815
7244.855429456804
7253.193109315416
7262.246894027208
7271.633358425321
7280.958100122783
7289.820171366896
7297.765042093663
7304.418982934932
7309.158832680867
7311.73454200321
7311.566678515361
7308.127371994373
7300.987495930437
7289.337490746178
7272.346223324193
7264.669138203587
7279.5148338122535
7310.431637029489
7352.108570236147
7400.760400201422
7453.0912827836155
7505.792431527666
7557.344103535628
7605.574543214187
7650.293468626532
7690.130103896454
7724.886571250587
7753.504823347595
7776.051082216451
7791.919488446996
7801.087034912251
7802.88570497437
7796.920467130348
7782.666452599122
7759.594061820695
7727.341648355144
7685.935967422349
7635.454128797251
7577.092121119927
7512.829113956577
7446.741138279536
7383.106941639704
7328.917469534848
7289.325015218961
7271.698233131937
7220.565056312057
7216.786084040666
7239.176301849402
7277.4122045228105
7327.169490228205
7387.725840964957
7458.956833672344
7539.152105401348
7617.526337365842
7688.703737303286
7758.2710284845725
7832.11840304742
7922.36537410807
8106.516192162241
8723.425342908344
11119.598313820663
20465.864276293276
55529.64722697372
178513.5774151179
562191.8796491761
1.7420533759573451e6
5.241227527022768e6
7208.809740812584
7212.904125736605
7214.624154407953
7215.244214064697
7215.459274566525
7215.619479218218
7215.956122017003
7216.864234557137
7218.581448456755
7221.118254700617
7224.665806919188
7229.260115397938
7234.964133601776
7241.778203951099
7249.374436275731
7257.630174313712
7266.181507427038
7274.664920904061
7282.704620625578
7289.866757574254
7295.80915943312
7299.967726019457
7302.144261370165
7301.8009491471885
7298.472237421249
7291.860475254962
7281.297697904783
7266.056576410371
7259.244900756284
7272.647782403439
7300.829613882235
7338.828424407635
7383.5827955071
7431.712459661566
7480.732576539044
7528.876689814848
7574.125101493888
7616.071097861488
7653.4744665236085
7686.2998179478955
7713.4938772012665
7734.866134622395
7749.960023327919
7758.367469764223
7759.903959522125
7753.915490716353
7740.029271026356
7717.762016465564
7686.712401032279
7647.115889915146
7599.171275682401
7544.157902789862
7484.0512036014425
7422.701608177995
7363.940922713531
7314.040334139334
7277.409593785603
7261.188114206421
7209.096797289292
7203.006388023667
7221.885514419224
7255.2835545268335
7298.478384469272
7350.203260432547
7410.466237996994
7481.256199647339
7559.468753262954
7636.555299146919
7705.548853550109
7773.66212115003
7845.119351381938
7932.553115641191
8109.562470398781
8705.466275097035
11035.87123766216
20181.83321936889
54696.30696978645
176442.5046250562
558042.0675755398
1.7362090690142112e6
5.241227527022768e6
7213.894013532171
7215.514930909641
7216.011856848681
7216.083753673289
7216.077815621131
7216.215603858141
7216.876960614218
7218.296419807491
7220.479363677665
7223.604920129819
7227.706958243881
7232.845034456525
7239.0263917857465
7245.944011579419
7253.4762739707
7261.269954785701
7268.97834695459
7276.258972753881
7282.705798018096
7287.997090065243
7291.607242571331
7293.397503274199
7292.891120288516
7289.667148201534
7283.509303784041
7273.850124401208
7260.198591205011
7254.120293058536
7266.344904292131
7291.826582790303
7326.590235248662
7367.663134412817
7412.057640722122
7457.520219858584
7502.251032086169
7544.746474968888
7583.9328533729495
7619.1137235454225
7649.69199971494
7675.369374695461
7695.333474238988
7709.649758847307
7717.26856123964
7718.426639133358
7712.373976728053
7698.7840938581285
7677.387098142172
7647.670196505288
7610.020750114487
7564.741920643699
7513.145513369172
7457.18148668682
7400.476141925541
7346.449864110209
7300.722610180755
7267.057133910609
7252.424271751571
7199.892203150868
7192.218442404441
7208.565966139641
7238.459999617796
7276.947182405864
7322.316333984077
7373.981411082363
7434.105454704188
7503.142789977306
7580.203202034174
7655.117207719332
7722.766383338588
7788.63868161483
7858.259806083697
7942.750059283881
8112.824214968179
8688.030127863403
10952.89518461168
19898.246479717578
53858.124119117194
174346.14680202433
553833.822312523
1.7302046397656894e6
5.241227527022768e6
7216.530474670283
7216.895608655126
7216.8162881550115
7216.637850954284
7216.576259041001
7216.997544874916
7218.130998702731
7219.97556647798
7222.701406863862
7226.350392749503
7230.9720215334055
7236.574018590976
7242.86459772998
7249.736621446447
7256.846199434013
7263.855386220812
7270.439254582297
7276.227655349078
7280.926564702556
7284.037727687163
7285.460267161802
7284.782280253865
7281.653351065812
7275.9092673208615
7267.0524796827685
7254.745468778673
7249.321406975852
7260.465178305086
7283.531992865382
7315.298328859071
7352.862337104889
7393.9691061373815
7435.993987814404
7477.639190210626
7517.221666744074
7553.90103697069
7586.857302444576
7615.349179583265
7639.280838464271
7657.762363343477
7671.077261967554
7678.0013300104065
7678.693350375538
7672.607807942019
7659.250076431988
7638.707120969687
7610.389598246986
7574.753264023236
7532.223174592071
7484.060508372193
7432.177038862614
7379.977601374285
7330.49749674199
7288.776694539445
7258.017313090767
7245.059470935095
7192.447283992816
7183.713021475824
7198.228426352311
7225.552598055531
7260.6132661901775
7301.424997245192
7346.9114635868045
7398.68885468933
7457.309947981603
7525.438247093732
7600.4156285808285
7674.045615834249
7739.490558105934
7803.718894553816
7871.319854881094
7953.008195204009
8116.37886224503
8671.086295544685
10870.809229931938
19615.07411567834
53016.177835843635
172232.23678710443
549536.1440049286
1.7240938450967493e6
5.241227527022768e6
7217.908389563855
7217.668172372448
7217.30948727995
7217.043272425851
7217.224542559987
7218.0803989939595
7219.600022621624
7221.9435094120145
7225.1651095186435
7229.311404769331
7234.38501376602
7240.104383042327
7246.369879509335
7252.857706752573
7259.239301266947
7265.198666633746
7270.386315081292
7274.541349801185
7277.2015460441335
7278.2929927942305
7277.445608163948
7274.3806870420485
7269.006176228957
7260.887751150598
7249.754444146263
7244.881997113912
7254.940824069133
7275.927956731475
7304.8409312719505
7339.274849448034
7377.139545511594
7416.103388173011
7454.871242937373
7491.631108476706
7525.927346526077
7556.582193483799
7583.271024134004
7605.337788071748
7622.409769634401
7634.446952428621
7640.6939328491935
7640.86906056957
7634.790165596068
7621.687103280691
7601.943141232631
7575.045557265765
7541.4234715603925
7501.645699569758
7456.893965719676
7408.984673552151
7361.113178510099
7315.965412868378
7278.051612009104
7250.471980133081
7238.829118360261
7186.384318605826
7176.967444152844
7190.159093335187
7215.582112760521
7248.111448548386
7285.603436037159
7326.664421241549
7372.458450826711
7422.944886077136
7480.914713296814
7547.161553890916
7620.991333375463
7692.409691213533
7756.285617525874
7818.664501648647
7884.359733689364
7963.410903015565
8120.183937914641
8654.677456068415
10789.511149363956
19332.751551321686
52173.167522215954
170088.76207540015
545182.2503846518
1.687193912132869e6
948056.7534018965
7218.651790126631
7218.103243226726
7217.6250139002295
7217.561006883116
7218.140241770881
7219.344155810224
7221.320332265981
7224.134261009229
7227.833408635958
7232.420707426976
7237.622861887864
7243.338778236807
7249.259220282207
7255.074431714293
7260.477669374561
7265.13176162068
7268.793791150088
7271.042202771925
7271.837126161027
7270.841832253625
7267.824061316796
7262.7617355448265
7255.301989972959
7245.235152387771
7240.827808605402
7249.841878371264
7268.890756283181
7295.200071983066
7326.810547181527
7361.5448672805305
7397.729915050504
7433.685059624963
7468.022896895156
7499.877214800129
7528.415297468181
7553.232189263796
7573.635514095214
7589.285286292443
7600.05529475925
7605.456845785081
7605.130741236283
7598.988918403211
7586.252355194707
7567.267688511713
7541.781454293932
7510.133543896163
7473.03772296904
7431.617167674805
7387.542582340146
7343.79186237921
7302.74149721248
7268.4134011996985
7244.268271574585
7233.720140276763
7181.416818910747
7171.589707166142
7183.831407758066
7207.841605436391
7238.479992779308
7273.514324930907
7311.3533798364715
7352.871012916176
7397.541327640183
7447.593854526799
7503.900441747226
7569.247831781993
7640.942807374637
7710.811120861757
7772.897979083466
7833.543914405545
7897.471611127271
7973.905397313853
8124.2503770774165
8638.648443501339
10709.118569021519
19052.34706356791
51325.46652880898
167928.9104574224
527312.2031429707
479185.03951721825
202615.60896318388
7219.030603045083
7218.330304347333
7218.013104131798
7218.311014275116
7219.20100298408
7220.818992432708
7223.242252807745
7226.516823206061
7230.647919308096
7235.376933956846
7240.597609816702
7246.009439054803
7251.3125186614825
7256.218225825512
7260.402220001758
7263.632587841951
7265.51196219257
7266.03687510759
7264.912346356124
7261.944971458525
7257.156618339739
7250.268036895985
7241.15189059349
7237.154915008145
7245.210768934266
7262.406767425968
7286.347215072113
7315.29536952157
7347.2464569766125
7380.693541807132
7414.065071932302
7446.1262233147545
7475.722749058519
7502.341316249689
7525.193225477139
7544.1445216196325
7558.308473951612
7568.028680909677
7572.429384722706
7571.635905971525
7565.310215241001
7552.98530672261
7534.779168003531
7510.670743077519
7480.964631731831
7446.430370489972
7408.2033699906115
7367.787415025148
7327.9240610608595
7290.7252806259075
7259.749560824771
7238.883268617532
7229.575956373181
7177.4205069916825
7167.282590121889
7178.850265978892
7201.809586871057
7231.0250301718515
7264.216986969484
7299.670653353906
7338.0793595483665
7378.603562651027
7423.011241855456
7471.580089512341
7527.250604681991
7590.661261614501
7660.900451593432
7728.984066373243
7789.4033312905685
7848.457749524318
7910.596339583144
7984.494046892631
8128.389258235454
8623.024717116286
10630.142093014096
18772.463883870194
50477.42970268462
161279.31773091084
208758.57973195444
121424.56042822242
45067.521509092556
7219.169504276988
7218.587822989847
7218.5965107252505
7219.168106242558
7220.42884942471
7222.472516145647
7225.341108062982
7229.040615135857
7233.328773599013
7238.09986302214
7243.057991239063
7247.907923891189
7252.36954315589
7256.138891973701
7258.994683311786
7260.558752645174
7260.845752464944
7259.604208944279
7256.6870168566775
7252.153746020874
7245.7735851037905
7237.48993582925
7233.842401254036
7241.0236922385375
7256.510356233901
7278.241554815582
7304.681803720812
7334.111405680196
7364.940422962087
7395.9786011309525
7425.733619595372
7453.412026424231
7478.13104402522
7499.284413497666
7516.711049086337
7529.536345878784
7538.223576736192
7541.750273041559
7540.430160822831
7533.923132338896
7521.901982963947
7504.520528412824
7481.72285276714
7453.9387825735785
7421.8409681627945
7386.628631715366
7349.665681463004
7313.431318113353
7279.823865745808
7251.965560348147
7234.133433272621
7226.067973963309
7174.226158432495
7163.866460824029
7174.9159655408075
7197.094887197977
7225.235126554377
7257.033656562211
7290.698206485486
7326.806325668969
7364.323278573135
7404.718319473354
7447.77854223856
7495.93264382633
7549.889024298382
7612.053467976861
7680.588552049929
7747.010553957228
7805.910037231804
7863.340804516518
7923.7352630966825
7994.961809075752
8132.60798998221
8608.15750218142
10551.746797023166
18494.848653019697
48364.91022933718
83353.94468555493
67686.02067249903
31678.54713494144
14383.952072249354
7219.293398993877
7219.001065588303
7219.245777194896
7220.143848028474
7221.810253595387
7224.28482541588
7227.573065977291
7231.448591215304
7235.804725535176
7240.355536111178
7244.807668440539
7248.883923143515
7252.290089293853
7254.8213189789985
7256.119317099922
7256.211768204736
7254.873614754454
7252.001820508949
7247.701534313296
7241.7862393743835
7234.2447375921265
7230.88648610003
7237.250955939751
7251.179370837672
7270.862459487656
7294.974469855971
7322.000681361763
7350.445543548414
7379.253811329861
7406.877475910385
7432.726252363594
7455.682105206982
7475.390022106167
7491.284070374139
7502.993655521455
7510.522598526168
7513.425403554116
7511.487392225383
7504.927039968847
7493.063954558123
7476.508186672132
7454.9409565668275
7429.006602526317
7399.250491910335
7366.846856237994
7333.120874944179
7300.248279077586
7269.952237173994
7244.979759816057
7229.935660952363
7223.051168139384
7171.598114620465
7161.165967522211
7171.823226991526
7193.400822760699
7220.727007478834
7251.4654053688155
7283.775777999435
7318.157355212633
7353.453427355833
7390.94504750052
7430.095121449658
7472.9134030934665
7519.543123824532
7572.482324839067
7633.1404977982465
7700.094439167635
7765.005843270372
7822.347553775721
7878.194330953516
7936.6522128788365
8005.319513102147
8137.236343882513
8593.304412880681
10475.106216905691
17907.004357126483
32543.909207725625
35787.55657589232
22619.497573560635
12454.82843253531
9135.71869671814
7219.530107850764
7219.435093317334
7219.960527500214
7221.245295833157
7223.329630451299
7226.219484731165
7229.706214332073
7233.678151611717
7237.859135842686
7241.960657260224
7245.706204630001
7248.806042740105
7251.060985652604
7252.136212202696
7252.073359415691
7250.669386999023
7247.848963728685
7243.7584827902465
7238.261504376979
7231.3909890636805
7228.284696710167
7233.885188000197
7246.374059229527
7264.174316011253
7286.138556815603
7310.891021295684
7337.118235260928
7363.7820104255225
7389.50634095839
7413.518284995063
7434.959873153616
7453.233433120678
7467.879731422698
7478.5065058763485
7485.004733591422
7487.291557917513
7484.831490535975
7478.2300443758195
7466.563729469465
7450.714334621572
7430.3503925697805
7406.0974828965855
7378.602076104806
7348.800310065594
7318.081313090852
7288.3129823580475
7261.043534312146
7238.719500000172
7226.2183503502165
7220.442848754983
7169.408741813112
7158.992412062054
7169.395124968518
7190.512601934889
7217.210148231843
7247.13871550194
7278.418136414977
7311.490420839225
7345.122887621309
7380.473816963233
7416.798600404642
7455.839441434271
7497.283303990955
7543.087997393701
7594.739969333227
7654.013990989957
7719.539325165429
7782.894979631963
7838.717372618565
7892.7618401944455
7949.3655906235235
8015.921316315335
8141.487118879633
8579.647920223963
10332.643546186255
15085.138723379674
19262.75002433022
16205.415433689941
11092.530995509953
8887.817877711996
8346.844927943865
7219.738298385989
7219.875829287207
7220.769772678516
7222.46072273284
7224.957080956173
7228.071295816308
7231.685688676532
7235.531005727577
7239.321640425233
7242.78408730375
7245.630823234214
7247.663154148826
7248.559617444331
7248.375709329182
7246.932846395932
7244.180202448373
7240.288334740173
7235.166259244228
7228.894694807725
7226.014514963781
7230.917404075688
7242.076099205548
7258.1346280019225
7278.112943534294
7300.759802469146
7324.884587983889
7349.533525711096
7373.451639313802
7395.770574969364
7415.799031071713
7432.727310693906
7446.327459048289
7455.92476347449
7461.65311870507
7463.2269019104115
7460.461263062676
7453.686837512629
7442.3952841941655
7427.091502575124
7407.940219766228
7385.177225975765
7359.810739104202
7332.422506574376
7304.461875675717
7277.556996148176
7253.036146182776
7233.121174921737
7222.930638168724
7218.17967097794
7167.573990996971
7157.2275835015835
7167.467664330974
7188.255159296322
7214.468744821948
7243.77060134173
7274.262526902287
7306.334534844102
7338.708094394957
7372.4562788729945
7406.701114605591
7443.018034466797
7480.802099109109
7521.570253833767
7566.27178545453
7616.757023010139
7674.800414326312
7738.844640846365
7800.679976153075
7854.744159316954
7907.0669870016645
7962.2656038572795
8025.903312732756
8146.68603399007
8555.184364109582
9855.536496955396
11978.189562255793
12082.852655889617
10068.981828030439
8723.542410259683
8372.565934614342
8256.881101254043
7219.887396705883
7220.375911819362
7221.66537597452
7223.766622392927
7226.516982210524
7229.793324990986
7233.333189634539
7236.850688523923
7240.072009550317
7242.71248850294
7244.572388526764
7245.339632401039
7245.071130168574
7243.613525732928
7240.940723423293
7237.246403705505
7232.470179081516
7226.7323315389185
7224.048572630408
7228.320974945898
7238.266724023431
7252.716311558437
7270.8473280882645
7291.541446169413
7313.696038414316
7336.458265809532
7358.625156291691
7379.40843268585
7398.04706115441
7413.8387023969135
7426.397503348711
7435.192696120057
7440.230276960139
7441.235497910787
7438.223333590423
7431.286563036098
7420.395965235695
7405.623812989602
7387.6009805030935
7366.243414991991
7342.779873032107
7317.653999825007
7292.176054023634
7267.90594843721
7245.872948806829
7228.1289520523305
7220.029808649285
7216.210918409983
7166.028296300859
7155.787803618947
7165.927958904378
7186.479000921193
7212.331769918179
7241.147918978882
7271.034422921338
7302.3381123873
7333.75272640118
7366.286685152993
7398.977202961953
7433.290937584864
7468.444168473187
7505.667156965554
7545.475436785272
7589.192211606711
7638.664397593817
7695.418170460557
7758.012500074617
7818.068952488105
7870.454807064258
7921.53545617148
7974.408427166936
8036.754255948065
8151.845190594437
8447.238723454193
9215.06139552594
9735.42476388741
9188.80322485305
8513.137983504846
8315.134565101884
8303.654057976959
8241.488216947375
7220.056920443713
7220.930963545758
7222.630402796175
7225.020214085
7227.970750263101
7231.228540161599
7234.507159604383
7237.5280938626
7240.005220730936
7241.7379801547795
7242.422023299575
7242.111474248735
7240.666475283375
7238.085660135212
7234.584030979705
7230.133450134901
7224.88023886745
7222.36822963297
7226.066209833898
7234.91164978884
7247.890192591924
7264.308661765142
7283.177210648912
7303.490852151301
7324.480511364645
7344.993610378946
7364.314317472168
7381.648256509774
7396.408094158418
7408.0088824121885
7416.1535761218165
7420.562953340952
7421.215132296361
7417.944335687712
7411.019618355568
7400.397860789509
7386.272335655682
7369.189322672912
7349.25155875976
7327.432952005619
7304.423434580229
7281.162886367585
7259.275149998022
7239.503822809707
7223.917415190436
7217.478740350238
7214.49835755409
7164.7187344096765
7154.608264726531
7164.692737286285
7185.075276812639
7210.659687832118
7239.104340497234
7268.525329843506
7299.2354284599205
7329.916923769413
7361.52275874349
7393.038935929919
7425.855488175862
7459.079987262025
7493.760185967834
7530.134017558951
7569.0985428927315
7611.983697108204
7660.378102159852
7715.869048002849
7776.73692577238
7835.090667223127
7886.308193793577
7935.1472902966725
7987.43859678711
8049.153568722414
8092.404025315394
8293.122695202364
8599.939960114942
8584.483898068704
8336.101487214564
8238.748446636055
8266.436271182696
8293.043819368375
8234.548519336007
7220.245542937088
7221.530829635361
7223.558200570481
7226.190405576849
7229.183442292583
7232.251428714019
7235.109877575322
7237.4667185926155
7239.115590970845
7239.758958603778
7239.445756987952
7238.047377255386
7235.574894156069
7232.263149112875
7228.115187925466
7223.306305716274
7220.951857512828
7224.130523525345
7231.975320030105
7243.613871015807
7258.459704264653
7275.627894409824
7294.212044087405
7313.529155873635
7332.491643525535
7350.41251190674
7366.541224605225
7380.292616739441
7391.0954832788875
7398.605611766534
7402.580341176847
7402.922774517697
7399.545519220203
7392.70142186612
7382.351209779318
7368.887029674155
7352.64161752057
7334.051172853682
7313.723137243129
7292.619983743303
7271.379773374187
7251.589771072117
7233.878193210601
7220.707504286909
7215.356030757222
7213.013740104633
7163.60358604244
7153.637667226592
7163.697950096797
7183.961464180489
7209.347925808407
7237.507794849258
7266.574029351943
7296.824382811487
7326.944358940695
7357.835733356043
7388.4580214689195
7420.141448942228
7451.9290481993285
7484.747938098455
7518.665272514983
7554.303676488263
7592.576482362991
7634.560448370222
7681.899609714971
7735.834905307241
7795.047814858415
7852.233405684008
7901.215395441606
7949.6878053101245
8002.027186701935
7992.288857458698
8007.882431972423
8104.785988129079
8169.478449512856
8132.045085370224
8130.333480022514
8189.672685987921
8254.64135995523
8287.032877874777
8229.087254056707
7220.4501472613565
7222.107820134059
7224.425320552053
7227.167435091485
7230.048225699385
7232.776580094344
7235.054289980375
7236.663231138496
7237.308471204085
7237.029461588507
7235.708992379375
7233.367391010188
7230.249220253982
7226.385103856102
7221.978762969036
7219.771050994785
7222.487104593227
7229.427182091802
7239.844343175185
7253.250722860825
7268.849014220027
7285.815254308201
7303.55000237128
7321.042243690047
7337.639639177963
7352.633483559647
7365.430042747428
7375.518530287597
7382.447132124899
7386.122742556531
7386.200261285792
7382.881289397169
7376.129447181557
7366.1798917699025
7353.289181061963
7337.9141772588755
7320.474586387715
7301.593232935664
7282.129552455031
7262.768977908467
7244.794782362847
7228.943093933679
7218.164534296745
7213.7596581335465
7211.794413383894
7162.651309221992
7152.835180802426
7162.894254568618
7183.073556248936
7208.316113722997
7236.257827070138
7265.05456002948
7294.948999055066
7324.640892652449
7354.977986301017
7384.916725526897
7415.734326922077
7446.438412170676
7477.871453544481
7509.995399622742
7543.261111659911
7578.31447917584
7615.822260480119
7656.923858763826
7702.900102748352
7755.34634830042
7813.457573667236
7868.34784663221
7917.083949831058
7965.571028516068
7942.642336284999
7908.339572815734
7906.354622802421
7941.917876642563
7976.2576104027075
8019.664524644526
8092.974021574994
8176.4477078284
8247.659189222415
8282.290459750247
8224.638847051454
7220.646917283043
7222.648210617106
7225.15024459501
7227.864833342164
7230.49216965674
7232.727633769215
7234.338903137377
7235.0303731723525
7234.823813428875
7233.611074557493
7231.421579921673
7228.506073278463
7224.915148297098
7220.876044589805
7218.799752605948
7221.1037357924215
7227.23174721092
7236.541944823084
7248.631818460922
7262.786021994328
7278.250715941205
7294.497022116553
7310.588548848211
7325.92603160543
7339.838634530479
7351.751177226175
7361.159401254767
7367.604775647827
7371.001943724028
7370.962216003103
7367.720968508054
7361.198139584211
7351.670887857344
7339.380797118398
7324.8552249382965
7308.4425253553945
7290.91265456447
7272.8863049227675
7255.226022766494
7238.858993851068
7224.634680747623
7215.956392712373
7212.504946116675
7210.890464677095
7161.870380192455
7152.167900406546
7162.243869059638
7182.36210576911
7207.501339768596
7235.277025837376
7263.870089001421
7293.487767536585
7322.856769814351
7352.761803254754
7382.1761202357975
7412.3271722741565
7442.207212248186
7472.594475839562
7503.386522959045
7534.924168226478
7567.686385004201
7602.078840526945
7638.837412581218
7678.735825244613
7723.410447725985
7774.9361358294045
7830.766749618099
7885.433377502794
7934.042614216748
7903.639069655322
7851.660259238935
7812.197707710051
7804.147923797265
7832.6677424079
7893.895329296683
7979.139101093798
8074.666435993418
8166.739750949512
8241.978908731266
8278.421159864607
8221.0134662406
7220.831605708469
7223.100440630966
7225.667871818396
7228.222732920433
7230.4505749422015
7232.103486315176
7232.884374960831
7232.791494572413
7231.71938794828
7229.703029789826
7226.99760059377
7223.675431623224
7219.977204772944
7218.0212416813465
7219.953372920291
7225.351049331755
7233.662766259958
7244.555501830271
7257.384295935397
7271.460519260014
7286.317765293042
7301.083957866553
7315.214808726779
7328.087588502177
7339.163272221514
7347.935436282361
7353.964579853753
7357.1145667345045
7357.061497454601
7353.910508287836
7347.755343037599
7338.62883951057
7327.043558780969
7313.2763439409655
7297.894329425271
7281.5258615485345
7264.847387029119
7248.634821159196
7233.7442079395105
7220.897317535759
7214.068717805289
7211.412831306527
7210.197647696288
7161.283920576141
7151.625057673551
7161.717424262149
7181.789725399588
7206.85411659821
7234.50508211934
7262.94579287426
7292.346830757595
7321.475195929376
7351.042979197304
7380.054683361292
7409.689487843828
7438.939305463431
7468.5291428342425
7498.318666050173
7528.575638403741
7559.672080659482
7591.853533661804
7625.598632450967
7661.275930780255
7700.027055491681
7743.981565620185
7793.365783974824
7849.0386637090005
7903.409640078002
7870.091405689589
7805.583927756427
7746.5020926078305
7714.723133857825
7723.098681540583
7772.473031777312
7854.3915693700355
7955.266796842196
8060.749500532262
8158.796089761558
8237.328609102235
8275.267825748559
8218.065460852273
7220.986332092068
7223.42318160446
7225.933578729785
7228.188954299114
7229.922141565623
7230.833875671443
7230.895263592065
7229.999953133321
7228.182043346985
7225.695904309213
7222.636283894329
7219.258424519475
7217.417738956344
7219.017007397082
7223.753580660978
7231.162964304146
7240.970687907536
7252.589954615938
7265.386985263709
7278.953120034117
7292.474839144513
7305.4570134812875
7317.3267712370725
7327.589897732159
7335.76179204294
7341.409709251626
7344.37602185388
7344.339839477892
7341.358377027348
7335.586877579952
7326.948565402776
7316.065113752053
7303.076435302319
7288.671707649713
7273.354523505854
7257.907862090556
7242.939755250801
7229.371543238854
7217.705360898436
7212.464650801797
7210.488659270433
7209.607161595169
7160.8429722702585
7151.206326854708
7161.298709525532
7181.329044291314
7206.335752843131
7233.894636601367
7262.223691659244
7291.453258049774
7320.406159304194
7349.709821899504
7378.413489155039
7407.646317253173
7436.412806989141
7465.38949133875
7494.416618090172
7523.711493331128
7553.574488538026
7584.152229344526
7615.764967419795
7648.521251214924
7683.167972056077
7721.364636716161
7763.344436691076
7812.761074781609
7867.869336179267
7839.699306970999
7765.920446621065
7689.162393057421
7634.074051294431
7618.231168089726
7648.572644546532
7720.357533009794
7821.052380055034
7935.178845791742
8049.169841938007
8152.261605164942
8233.528043039874
8272.704229828287
8215.671152863066
7221.096776632905
7223.588969620599
7225.908341463533
7227.762650356967
7228.847807541018
7229.102515842407
7228.420047177308
7226.829408458537
7224.577174524392
7221.776475413117
7218.697917375759
7216.968294816052
7218.273590805389
7222.41461255154
7229.004815020967
7237.8271778195
7248.345923228954
7259.972251331603
7272.343723888999
7284.702350515853
7296.599137186569
7307.507797833924
7316.978088217442
7324.563061604117
7329.84644054043
7332.671319871208
7332.68257391284
7329.941406910141
7324.548537402674
7316.48945822007
7306.260504371577
7294.136990419547
7280.603221618263
7266.3332665441685
7251.933939744727
7238.114139446987
7225.6511683187955
7215.048065537604
7211.101124181797
7209.735855759022
7209.104469677075
7160.493712489438
7150.881655497335
7160.97615933722
7180.964451306969
7205.916876799361
7233.408015894683
7261.658831377957
7290.750150084274
7319.579461139826
7348.676296321852
7377.145574965477
7406.0637956298515
7434.459652959622
7462.961630959938
7491.4042685167915
7519.968935186631
7548.905029698027
7578.297446318276
7608.367809987606
7639.062738443068
7670.876005909662
7705.094753871956
7741.455487265567
7783.6857367833
7832.271735213145
7809.380404774915
7731.40026736998
7639.496569158847
7561.925620180016
7519.91520763251
7525.935795068337
7580.732159187071
7674.820129320282
7792.565999305094
7918.333935487248
8039.5966083283665
8146.903494905668
8230.432299985512
8270.622316259864
8213.728592528572
7221.153547563546
7223.573291184778
7225.592132375479
7226.89609088362
7227.385653754283
7226.951849497671
7225.617191198816
7223.61718911344
7221.077751184954
7218.281091420578
7216.65550199883
7217.700388186575
7221.306703033124
7227.1564308144925
7235.0815971002885
7244.597343509826
7255.155135426659
7266.429103844381
7277.70745246181
7288.584018792615
7298.578120105949
7307.280693320433
7314.284722951359
7319.203841847072
7321.893187405063
7321.983737966748
7319.516551768784
7314.545490271142
7307.077465906641
7297.523791212976
7286.259513117032
7273.587671840206
7260.316028259168
7246.862032527661
7234.076613308446
7222.54117150391
7213.193334360604
7209.963284638898
7209.127644282982
7208.6925171672
7160.2168286196265
7150.628331163989
7160.722137776333
7180.6855819708435
7205.57889203785
7233.0148659196075
7261.2161325171455
7290.193263105347
7318.9395977995855
7347.875596084699
7376.168186242108
7404.8387854537095
7432.951494600173
7461.0838216217135
7489.075384742979
7517.08155973466
7545.312881285734
7573.815539949153
7602.748817507549
7631.956755185011
7661.775050461932
7693.256210626417
7725.744957320887
7762.536126185842
7803.810560456884
7780.991478277584
7700.2429026914815
7596.839031857677
7498.66088585458
7430.068460070914
7408.206792138575
7439.764973161278
7520.139546767143
7635.357851520941
7768.465998147243
7904.324367158363
8031.715959241219
8142.528074925741
8227.91403403904
8268.933204393465
8212.154020197178
7221.14837411876
7223.376219026661
7224.948352309968
7225.718869128517
7225.572654370357
7224.522976449164
7222.79334011847
7220.521132816749
7217.995572244655
7216.4682586276485
7217.278228243828
7220.401768764598
7225.583089227352
7232.69475773445
7241.2956650849455
7250.877547944521
7261.145814628097
7271.428620627768
7281.353543681437
7290.482378238445
7298.447393361236
7304.880070992656
7309.428933616153
7311.968852747605
7312.140203842319
7309.959854264276
7305.454822640991
7298.581528854272
7289.750314132661
7279.284540628934
7267.519146563814
7255.14461361552
7242.639856018664
7230.722619907992
7220.035824501178
7212.034526213039
7209.219496531888
7208.6215499832615
7208.379750626793
7159.991426919672
7150.445167706427
7160.51658883996
7180.472584232222
7205.311685084877
7232.691933582313
7260.867523214155
7289.748574874834
7318.442216231877
7347.255246830759
7375.417009790464
7403.891316821904
7431.789562602013
7459.632795829221
7487.274157997236
7514.850723199295
7542.540988073569
7570.367152844004
7598.448859433289
7626.563656780784
7654.945925533974
7684.50537386202
7714.337873924366
7747.390510892823
7783.173421178215
7757.885942799556
7672.811801048626
7560.07573395894
7444.183972816113
7350.082088668116
7298.560082455259
7301.875337018659
7361.421285647801
7466.8991203791265
7601.640653047356
7748.283132012179
7892.737599042709
8025.260932551403
8138.961598794041
8225.868413510037
8267.564052628157
8210.878538943532
7221.081148637892
7222.974243829331
7224.075808978624
7224.261397353287
7223.530248123532
7222.089097802832
7220.090484634098
7217.82790783599
7216.396967215596
7216.994649564383
7219.676848905416
7224.250667231028
7230.624145056395
7238.394760570468
7247.086134933849
7256.434158907772
7265.802636860366
7274.847109411019
7283.164043047604
7290.425188147262
7296.300578171737
7300.475534617541
7302.847496441428
7303.075179421154
7301.172834739695
7297.141272720857
7290.888511150733
7282.798295092617
7273.121697414291
7262.246734946469
7250.728970429312
7239.140207246215
7228.001251403941
7218.084800809536
7211.187307140572
7208.839130134962
7208.2859681134505
7208.148961415503
7159.811282020686
7150.319048819243
7160.361090004419
7180.305123624644
7205.105536883269
7232.423101001012
7260.58994832047
7289.390396163613
7318.051692293204
7346.773311150175
7374.841741149621
7403.158987905374
7430.897212848295
7458.513996294521
7485.8819092112335
7513.126516523293
7540.398055487757
7567.704072164864
7595.139646245711
7622.438501283685
7649.767272396076
7677.947071634984
7705.922400126675
7736.414045720543
7768.4164803108415
7740.328215354431
7650.350257892095
7528.8560859005065
7397.819056306287
7280.50324998921
7199.345882082862
7171.164872403629
7203.5798658433505
7291.609111294873
7420.915748062642
7573.1797497488515
7731.49939723925
7883.211846381832
8019.986647409082
8136.059902389862
8224.208809048268
8266.454903707012
8209.845951546513
7220.943775860668
7222.430408062006
7222.99714837707
7222.623541220435
7221.493795727951
7219.774998386454
7217.767436767797
7216.430839237383
7216.83791094099
7219.115410687071
7223.131338872989
7228.830689740584
7235.846142753878
7243.729156424192
7252.2375534864195
7260.768775622654
7269.00251812786
7276.564914806812
7283.160641048546
7288.49677788164
7292.296770431976
7294.484055204761
7294.73719615143
7293.081802304541
7289.49829685508
7283.875775484424
7276.529130241441
7267.671184894203
7257.644588684045
7246.986541108612
7236.2280217493335
7225.871141394865
7216.604370058139
7210.602358839419
7208.5973386585565
7208.131435712314
7208.00609986144
7159.682345464179
7150.226450444388
7160.260336290758
7180.172407354927
7204.951019790471
7232.198797421373
7260.363632091061
7289.10006804508
7317.739946142041
7346.39537709242
7374.402554876708
7402.592781460465
7430.214309452602
7457.65443023445
7484.80767952731
7511.794776405804
7538.739999396019
7565.641851783731
7592.581402251368
7619.263863871902
7645.8080626201745
7672.9777803231955
7699.626816230503
7728.327028507906
7757.718499317851
7727.13711341908
7632.71548989368
7503.2607506172535
7358.930384032168
7221.091337546037
7111.86918279541
7050.928837342972
7051.478255812709
7114.71129225436
7230.606452217175
7381.756782065968
7549.363407966332
7717.6416906366185
7875.405938991698
8015.687348398365
8133.702839713906
8222.86343394936
8265.556884708407
8209.010469017217
7220.7581120727045
7221.759408422052
7221.7872762955685
7220.997729636782
7219.569670868179
7217.809471317329
7216.562168942684
7216.795392188573
7218.701202677957
7222.202854548272
7227.280875009246
7233.605003025328
7240.753733593885
7248.500096354921
7256.26867817439
7263.760041774613
7270.625796801545
7276.598985814496
7281.418933031848
7284.846021535866
7286.833782275789
7287.083485613405
7285.633520552588
7282.458218615562
7277.436964641884
7270.829942620518
7262.801003066557
7253.617449145173
7243.807617542581
7233.828305184389
7224.227917413901
7215.540440293892
7210.263106056749
7208.45642117387
7208.075096711004
7207.936865493164
7159.621025492161
7150.151781354166
7160.206847371599
7180.073746186656
7204.8372707801755
7232.017725629742
7260.172075135474
7288.862852537351
7317.4865445734495
7346.092584239269
7374.067078398914
7402.154024799174
7429.692940882575
7456.997248938206
7483.981445382015
7510.767895654475
7537.457313813224
7564.041768055266
7590.5960776254515
7616.808327885091
7642.761625023069
7669.179867765951
7694.8650863803605
7722.281590512083
7749.8236285997145
7717.149240579666
7619.013301431741
7482.782803224123
7326.973392711507
7171.204081797533
7036.43903801192
6943.349385326451
6909.34067304933
6941.685197693965
7036.0980961410805
7178.1534539795375
7348.756123010094
7529.6015851410975
7706.247602855854
7869.028456486308
8012.189795947558
8131.790162494148
8221.77358496458
8264.830227408487
8208.334729986691
7220.529386486306
7221.007759209895
7220.591692382764
7219.470907167595
7217.9540986748725
7216.789576694076
7216.858975212039
7218.417737080009
7221.443236201294
7225.9458081507055
7231.632969530034
7238.110509675498
7245.165212215975
7252.244003221464
7259.0610635137255
7265.289207060422
7270.6852269493775
7275.017154739971
7278.07836874365
7279.8537288721145
7280.071805444382
7278.78596864251
7275.975037976823
7271.503760839413
7265.606754667641
7258.3898012631025
7250.0625057993875
7241.086104472199
7231.879475634544
7222.9706781403
7214.856745074501
7210.111551135874
7208.456858622016
7208.083143452634
7207.920840792563
7159.603521547192
7150.110725852821
7160.176455977055
7180.016280617984
7204.751785238726
7231.882163920696
7260.007701492009
7288.663832588605
7317.27804910693
7345.841235778934
7373.807717833189
7401.812092264705
7429.294328526885
7456.49745082401
7483.349090510213
7509.978219260098
7536.466126962096
7562.798614486095
7589.049760783611
7614.90027887549
7640.404974636148
7666.256768235138
7691.232968631362
7717.70933984188
7743.906684283115
7709.508692746736
7608.353955095417
7466.555754306643
7301.133447197092
7130.002257260166
6972.631405491723
6849.43284529555
6780.298956514515
6777.609306900273
6843.334318120844
6967.803600450279
7133.603573249674
7321.219951364481
7513.289683035411
7696.913858637116
7863.830878937547
8009.3482803336165
8130.239529958927
8220.891372162234
8264.242448640838
8207.78840930166
7220.273523972769
7220.268226752965
7219.475027213015
7218.20274111656
7217.115758248963
7217.026045483783
7218.253096881482
7220.830568479899
7224.797591636313
7229.895108418243
7235.756051653517
7242.180088183613
7248.635972167307
7254.845755714707
7260.496982051282
7265.364957544654
7269.2415078736085
7271.9503897151135
7273.504516906403
7273.663622187003
7272.501039780743
7270.006207503933
7266.0298802811885
7260.790193526973
7254.35148575846
7246.869323607351
7238.727098818446
7230.292640415352
7222.041910481769
7214.487112659904
7210.114285946291
7208.5901115852275
7208.1594060453135
7207.973975391545
7159.601280268964
7150.109742909907
7160.156253875746
7179.997803836491
7204.691409183069
7231.787572274894
7259.875397813022
7288.490448584627
7317.105048727528
7345.624348191819
7373.5997469174
7401.542459114988
7428.986830940353
7456.118443331657
7482.8684982554605
7509.37323955924
7535.701724729541
7561.832126742229
7587.840858186237
7613.4107511578795
7638.57318380435
7663.9930885355025
7688.44445955375
7714.219118504159
7739.4181610130245
7703.613062518163
7600.035907281265
7453.737101652823
7280.433572839296
7096.434084270243
6919.550379945092
6769.173522829686
6666.183218920663
6626.573379341393
6658.127078097015
6756.976620740344
6909.309559083555
7096.1990851380115
7298.3905478618435
7499.886520057553
7689.291040353113
7859.60212600359
8007.042444914429
8128.983536880341
8220.177548258856
8263.767203604246
8207.346854756324
7220.022692518889
7219.581001300573
7218.557167423402
7217.544626815843
7217.29841552964
7218.201522050135
7220.3485518001
7223.808600894618
7228.35725895345
7233.650463825888
7239.4977716296635
7245.389621269134
7251.054211535788
7256.189629961435
7260.581810644342
7264.041750139965
7266.418182301351
7267.749213779086
7267.82608415649
7266.746001234383
7264.513790436719
7260.977758463525
7256.337723937915
7250.628268683224
7243.952997421663
7236.638604544862
7228.974962955055
7221.384831620294
7214.3593360243285
7210.2583316104465
7208.8033803539865
7208.322972691894
7208.08986597234
7159.641273573095
7150.130145468449
7160.15419612024
7179.9998532519185
7204.6650090348085
7231.7220313165235
7259.785230037479
7288.3394724930495
7316.959451869675
7345.433900412199
7373.421416432751
7401.324621261401
7428.745033948182
7455.829384095241
7482.506330162929
7508.912072613144
7535.113756902693
7561.0807945563865
7586.891886606384
7612.241941917819
7637.142618342105
7662.229560914243
7686.292767237107
7711.534503257324
7735.982119100242
7699.033169786139
7593.5280337155955
7443.62436388757
7263.942112483167
7069.34998746572
6875.997289662242
6701.819187040715
6567.574839916689
6491.311991470569
6485.4650686681025
6552.083428200622
6682.356175220445
6859.865303777068
7065.035523324013
7279.567176355071
7488.91384721192
7683.078805728848
7856.166620701776
8005.1733372685585
8127.966759186359
8219.600257726315
8263.383066464756
8206.990066683438
7219.7907980673235
7219.02159621424
7218.080755979463
7217.67923179263
7218.261636612657
7219.986843127063
7222.9572211630975
7226.986526338662
7231.754212182422
7237.07359810579
7242.4552643152365
7247.6312767756435
7252.308144877573
7256.278019925014
7259.364901213348
7261.4362514725935
7262.550915629057
7262.529528975335
7261.494560800979
7259.469813822385
7256.313223517245
7252.213146608967
7247.176193156657
7241.259823699905
7234.741178017473
7227.841851804282
7220.923238926209
7214.4205000705915
7210.517212672035
7209.069458514923
7208.556510979091
7208.253308764744
7159.746471983843
7150.169878122915
7160.182495705125
7180.005086878725
7204.675462127954
7231.680788366076
7259.7373393257885
7288.222045100189
7316.8337267173265
7345.270356417498
7373.257415391609
7401.139980051974
7428.549457283032
7455.603703678974
7482.235080803238
7508.56288060833
7534.662666353144
7560.497207031509
7586.143678318983
7611.319281670618
7636.0196674208855
7660.846801870022
7684.625795695262
7709.4554802444945
7733.334437414645
7695.456457893181
7588.427111988816
7435.653336442419
7250.853376914888
7047.649220649932
6840.642753469834
6646.137384452142
6484.0385551048
6373.1254946929075
6329.000980441709
6358.9120149890405
6459.625463506558
6618.828836548857
6818.449402635449
7039.241345772978
7264.115266852427
7479.954553159356
7678.025208164519
7853.3792336238685
8003.659297578426
8127.144127617861
8219.133553025666
8263.07265357532
8206.701835637332
7219.60369072255
7218.73115422497
7218.171885152626
7218.4328507373775
7219.739344844882
7222.227925728212
7225.755979595636
7230.0295009740985
7234.863619149164
7239.784834254234
7244.525430933636
7248.796966887408
7252.396534840741
7255.15590871784
7256.955871882916
7257.869663102039
7257.743887753603
7256.723930972752
7254.855440731925
7252.015409827688
7248.386680079708
7243.957784102345
7238.747672661966
7232.981714752335
7226.8266595928335
7220.580054067801
7214.615946195137
7210.861814461615
7209.391095183217
7208.8248229634955
7208.458725219143
7159.898375319633
7150.2490906436815
7160.239429903503
7180.024959799666
7204.702605162304
7231.675254467022
7259.71747923484
7288.156351828539
7316.726856035692
7345.136693264639
7373.104513957274
7400.971369236776
7428.38574407353
7455.4193636176715
7482.030443387368
7508.300738631872
7534.317187283081
7560.044364396619
7585.551161757518
7610.58590253424
7635.132879352791
7659.754606617326
7683.330120381109
7707.83453483857
7731.285148834273
7692.650847004741
7584.424156347676
7429.3745687671135
7240.495441447812
7030.352871475863
6812.178910441793
6600.656409242454
6414.432772968854
6272.043893601527
6190.830159234447
6181.989597798928
6247.589017285768
6380.332466379509
6565.311437925443
6784.024825096825
7018.003092701827
7251.4714938239795
7472.655168203787
7673.920647026928
7851.119677866949
8002.433755281708
8126.478861721854
8218.75636474747
8262.821873749052
8206.469029477421
7219.506506617824
7218.783011313398
7218.715645982195
7219.600621837024
7221.609091713258
7224.644789835793
7228.444505381734
7232.825701673773
7237.330599215133
7241.686007566997
7245.604306730166
7248.883679500116
7251.361063034557
7252.926535773913
7253.661922227094
7253.43540841407
7252.411323469044
7250.6578110446935
7248.072376309968
7244.841024489657
7240.948765744945
7236.385155957224
7231.324143584029
7225.883040077726
7220.2974476528
7214.883507708713
7211.262325088109
7209.7630440275
7209.121461276557
7208.699227652011
7160.06874091339
7150.376857509413
7160.3149414193
7180.082586576708
7204.729645582422
7231.70926400498
7259.7178276431105
7288.144856105682
7316.653329227866
7345.031821857863
7372.972830686995
7400.807283386115
7428.242294190793
7455.260741534474
7481.869725729051
7508.105406679411
7534.0527331263165
7559.692735584457
7585.080086183274
7609.998722337323
7634.427387562484
7658.884715173099
7682.320179979025
7706.561368057067
7729.694783133467
7690.441404249418
7581.2805808184075
7424.430896714681
7232.317254049034
7016.623029630438
6789.408953078336
6563.85939665755
6357.21220931045
6187.1416244319435
6071.558648784763
6024.22252857244
6051.569070932977
6151.415851581145
6313.135817090649
6520.627603509341
6755.586886080746
7000.583038869439
7241.152686640036
7466.719366000458
7670.590512348586
7849.289582565322
8001.442264408462
8125.941055384449
8218.451602972564
8262.619308681886
8206.281017604959
7219.52268868349
7219.113346621077
7219.565970330274
7221.089098061985
7223.634970812058
7226.973034140246
7230.9241448448365
7235.047561709636
7239.063657949946
7242.678660558657
7245.687536723482
7247.928628732629
7249.29799846298
7249.882621473313
7249.566958977309
7248.529782057305
7246.861043905684
7244.476374183694
7241.572895777461
7238.13993105348
7234.150541137211
7229.737307600556
7224.972923007093
7220.029304776637
7215.166030821083
7211.686194146748
7210.167740653031
7209.455321951593
7208.9694951863385
7160.254176082601
7150.530264351513
7160.413862002772
7180.168694649353
7204.773892198174
7231.759510844462
7259.748262476296
7288.166220842795
7316.634014575861
7344.954804452598
7372.875768024904
7400.650428965024
7428.1080236547905
7455.120042565726
7481.73282402103
7507.958621319167
7533.850381180612
7559.4180698123055
7584.704248731907
7609.525571312965
7633.860979137188
7658.185806214656
7681.530731929212
7705.5530974951835
7728.458812951338
7688.695029244285
7578.810942567995
7420.539172446032
7225.871550431601
7005.758871188607
6771.284788973553
6534.310578411472
6310.679642442728
6116.886365747758
5970.589048322754
5886.8542614813
5875.251673310597
5938.0986764291665
6069.424983360006
6256.766710899345
6483.58413058722
6732.200798785323
6986.339364660349
7232.750104645359
7461.898800921727
7667.8914744605845
7847.808280997132
8000.640481600605
8125.506424595462
8218.205412115121
8262.455713633286
8206.129197624015
7219.632717298363
7219.634348712338
7220.657934407097
7222.709163402059
7225.592246632453
7229.128136321597
7232.897183817161
7236.611291896405
7239.969309884333
7242.756695707745
7244.80837165664
7246.021660701801
7246.486483040817
7246.099334451534
7245.050622170877
7243.445167431191
7241.21971080839
7238.584869178294
7235.534108974184
7232.037682322822
7228.203259662735
7224.066606260195
7219.737932968633
7215.4229425456015
7212.100840406707
7210.584868417785
7209.820547131616
7209.272331448086
7160.46742799946
7150.688751047957
7160.540531834064
7180.259478077793
7204.852352728528
7231.806903674261
7259.809415407426
7288.201545673468
7316.666419108329
7344.916285249526
7372.815698702463
7400.520391914884
7427.975635716102
7454.994844273273
7481.606446662788
7507.84169770839
7533.69557785132
7559.200372741512
7584.402852525458
7609.142912876177
7633.401491547561
7657.619730887786
7680.911612077924
7704.747861496308
7727.497166565891
7687.310057303616
7576.8702511382635
7417.4753971253
7220.798246036376
6997.183416894998
6756.914901357418
6510.721639666204
6273.162868051277
6059.451215985963
5886.493973819875
5769.6980173317315
5720.53158745128
5744.783723526174
5840.794656521517
6000.317366156981
6209.863552142064
6453.036559242015
6713.0397116403665
6974.723350847116
7225.918783961327
7457.988726514748
7665.70563838157
7846.609940161975
7999.992352022762
8125.155263591022
8218.006569623121
8262.323606591104
8206.006615506863
7219.807827527629
7220.30842209692
7221.85119707961
7224.27850874843
7227.409220579778
7230.845376458961
7234.288139401053
7237.42893476198
7240.041402100689
7241.950281367988
7243.05078917653
7243.428924786835
7242.992980189567
7241.939399203542
7240.386217855584
7238.28936469721
7235.873113298758
7233.138222269913
7230.058216098074
7226.726327018903
7223.150437213988
7219.397300618437
7215.618394782108
7212.476800124081
7210.99284083455
7210.20013597389
7209.608332571279
7160.713897302719
7150.865345261156
7160.682564196466
7180.357858307642
7204.94446253128
7231.863881383475
7259.8744921182215
7288.253535008372
7316.718013158896
7344.92962514575
7372.786096031141
7400.438019409895
7427.851858512028
7454.88227590438
7481.488392731251
7507.736186715353
7533.575429632822
7559.024267943328
7584.158173785096
7608.833565237457
7633.025416801069
7657.158230408895
7680.424272171602
7704.100370322628
7726.747201810513
7686.208989515956
7575.344430995403
7415.062802473225
7216.8091297383335
6990.427401395318
6745.556205128067
6491.9774655434685
6243.119948626421
6012.950108091898
5817.381403739397
5671.512616012968
5587.677280431075
5573.993542074584
5632.284848873186
5758.395324082463
5942.599035613779
6171.073014463127
6427.953138425506
6697.388037447568
6965.268140067292
7220.372896218499
7454.82012704119
7663.936560731664
7845.640945178465
7999.468586829031
8124.871600001613
8217.84598986666
8262.216938856453
8205.90764793476
7220.0358990663
7221.0474072376055
7223.009679422845
7225.739282479953
7228.859384467469
7232.057352532141
7235.0159548102565
7237.494485443775
7239.306214965025
7240.337530962731
7240.665973904293
7240.208013008136
7239.163041740201
7237.6592933168995
7235.670746313126
7233.431265672484
7230.956209107695
7228.223233745652
7225.317273766885
7222.2296382781105
7218.997986745613
7215.725341874681
7212.788482873351
7211.368054620062
7210.575047995094
7209.963432051309
7160.990109324628
7151.07914600586
7160.8397704440495
7180.478470992699
7205.030919715316
7231.939994934479
7259.92499253455
7288.3189873096735
7316.764780044944
7344.980515192801
7372.788092839242
7400.402831103543
7427.7603554117895
7454.778675100308
7481.384795102015
7507.630175919254
7533.475030492271
7558.87975102066
7583.9544529254545
7608.583997197101
7632.717275010367
7656.779912256959
7680.039666891045
7703.578156450082
7726.159472628019
7685.332900823652
7574.143370182483
7413.162149504312
7213.674599296912
6985.112542595727
6736.598795222168
6477.1367953156605
6219.190446593716
5975.590441150021
5761.190157858914
5590.407895823341
5475.691570852007
5426.4614021913785
5446.998281460256
5536.592756044544
5689.320734539047
5894.7228801559195
6139.148657768326
6407.428475922645
6684.631314759039
6957.584706457815
7215.8755265199125
7452.254360278242
7662.5055496470995
7844.8576850894115
7999.045425768053
8124.642495393681
8217.716326193677
8262.13081900034
8205.827754033922
7220.286730917541
7221.766583688317
7224.091352528459
7226.9066473133935
7229.883738360975
7232.691955313439
7235.0746958436885
7236.830713260472
7237.835748188007
7238.153036494795
7237.704447688207
7236.686970344017
7235.2391132483945
7233.347382543423
7231.253183813002
7228.989871000277
7226.539485265444
7223.990528632367
7221.322150716551
7218.548367983374
7215.737047647291
7213.038586184766
7211.687005773998
7210.922858792233
7210.316235512829
7161.286670592771
7151.326896377505
7161.032205942308
7180.626253218128
7205.129892509691
7232.021764700901
7259.9750296184775
7288.373896306562
7316.811134923605
7345.029681439947
7372.824946338745
7400.396759300445
7427.720174282282
7454.690389503325
7481.299205464439
7507.526127782207
7533.3773365927345
7558.760637089177
7583.779243428251
7608.381401237081
7632.468702764021
7656.4679824995765
7679.7368310505035
7703.157773316507
7725.69574132086
7684.636567336338
7573.196055329684
7411.6639165346605
7211.212330431959
6980.936059484552
6729.547636302283
6465.419881940495
6200.210108307192
5945.757358594799
5715.895353712371
5524.195835040608
5382.743288808658
5301.464831905088
5286.117195307285
5338.530907958473
5456.090401634064
5631.857011072954
5855.230111231681
6112.97961168672
6390.677046684051
6674.254272853988
6951.349100466551
7212.231730053311
7450.1780568758695
7661.348499301066
7844.2247436343
7998.703608594181
8124.45748302619
8217.611636287787
8262.061298595652
7220.531403060096
7222.439989924309
7224.95626693695
7227.732045870098
7230.420442127325
7232.743625085076
7234.4838323297845
7235.503289163581
7235.848516533948
7235.442207651142
7234.4761590608305
7233.094263877471
7231.295490207118
7229.328289408131
7227.237451858491
7225.017321672014
7222.762426073381
7220.446192966063
7218.065310930086
7215.66278856443
7213.285230852413
7211.947390781855
7211.224771180924
7210.647333838676
7161.585087502211
7151.593198770585
7161.264897877365
7180.808363927536
7205.266164942048
7232.1114560687965
7260.040080329839
7288.411385966465
7316.858459802586
7345.05907246199
7372.8763793425205
7400.410576827899
7427.719905568316
7454.63790134195
7481.227964775489
7507.437920629705
7533.2720102330195
7558.659387421361
7583.626586807946
7608.212265102882
7632.275522107046
7656.20992358885
7679.501030168146
7702.821215808634
7725.328264480264
7684.083906911209
7572.447354468639
7410.481893053898
7209.277992074834
6977.656823649197
6724.004444026257
6456.189480445063
6185.204693173164
5922.048250140597
5679.632001121674
5470.649879044357
5306.566001751289
5197.271607745495
5149.202636791279
5165.807217810557
5246.981162102758
5388.931173110879
5584.347187312249
5822.798436823921
6091.591012316625
6377.03555134647
6665.825613649493
6946.293830583447
7209.281707054599
7448.498699732159
7660.413286574952
7843.7133878509
7998.427545840539
8124.308093476203
8217.527123093963
7220.761018463083
7222.978696402094
7225.568407003954
7228.164809766023
7230.464119792039
7232.228340602802
7233.30269051775
7233.713362484641
7233.383755196421
7232.496246257376
7231.194679057642
7229.491025832696
7227.639566859399
7225.694332330472
7223.66358614343
7221.645007808906
7219.617213765212
7217.568805843701
7215.52142818371
7213.495719137146
7212.18138646174
7211.475238934446
7210.939879437077
7161.862415519908
7151.860843162893
7161.518855053584
7181.02886603868
7205.4448932520245
7232.235740726672
7260.124925068619
7288.455801252441
7316.896234648908
7345.083457079803
7372.910803554985
7400.444051808016
7427.731267673878
7454.632489690959
7481.172889102626
7507.373788477247
7533.167559412204
7558.564030465648
7583.497603947646
7608.0650610342445
7632.132080353577
7655.9992970308485
7679.320789184131
7702.553634952996
7725.038821660028
7683.644276899106
7571.855635571179
7409.54797789328
7207.757693705657
6975.083587296385
6719.650817267339
6448.93026534045
6173.372032470751
5903.276698134641
5650.754814810163
5427.671526817843
5244.768302419297
5111.577297073414
5034.645278399641
5018.257515810852
5063.96202137189
5170.404911862987
5333.28324693938
5545.262159437595
5796.253050665059
6074.153545885927
6365.945632118945
6658.987838508406
6942.199029406852
7206.894793216529
7447.140960103236
7659.65758345781
7843.300345098799
7998.20461688331
8124.187486750536
7220.944827774121
7223.360102734915
7225.889367283696
7228.199661350422
7230.028347559956
7231.198542612618
7231.712941794396
7231.494334903086
7230.712300621852
7229.509922100796
7227.913200011748
7226.172184206368
7224.356345301647
7222.481167139609
7220.652204656646
7218.853235978867
7217.077664236204
7215.3330246559235
7213.617696606952
7212.3797970964315
7211.691994092492
7211.186297415617
7162.100902755266
7152.110721798574
7161.77144107618
7181.27375783724
7205.657981259627
7232.408573475455
7260.242043008883
7288.531020798784
7316.933082797646
7345.114755768597
7372.926381583109
7400.483317619622
7427.745543104541
7454.65400487189
7481.148640265092
7507.3272880472205
7533.087119830061
7558.466684177592
7583.394389398793
7607.936521981125
7632.026270193819
7655.836605823357
7679.184899816002
7702.343021179181
7724.8159781568465
7683.290935189685
7571.390189825805
7408.808068428303
7206.561967010279
6973.0650712943225
6716.233559737879
6443.228693137795
6164.059792322592
5888.45800742032
5627.856388358552
5393.379684221618
5195.043856264034
5041.861463758418
4940.133423205569
4894.40488171415
4907.123430170509
4978.571585460407
5106.823766282524
5287.424756145774
5513.2255866454325
5774.5867620105
6059.964832404743
6356.942553724446
6653.446218930646
6938.884522924097
7204.964432975645
7446.043597158366
7659.047079159047
7842.966763947664
7998.024623923842
7221.074906969496
7223.559975673868
7225.915026997445
7227.848011736967
7229.157055092658
7229.814984496455
7229.7431812846135
7229.09515002728
7228.012443646185
7226.532892517906
7224.9061424863185
7223.207448664398
7221.466711703342
7219.791584416349
7218.173944280154
7216.614145182322
7215.116324477265
7213.666129407127
7212.518279382827
7211.875156956742
7211.398840218929
7162.294813272708
7152.326615194643
7162.006624695685
7181.519840170387
7205.891511665705
7232.6169706467
7260.403945753583
7288.644786029488
7316.9973052570695
7345.154222168835
7372.947157936063
7400.510695210418
7427.7712319904695
7454.673817586229
7481.161089137162
7507.293393558619
7533.043211166591
7558.377914963094
7583.313160579994
7607.833801425734
7631.942553198738
7655.724043457943
7679.082399206907
7702.180385892577
7724.65067542042
7683.002204658825
7571.027855773293
7408.219066207836
7205.620898221994
6971.481854025807
6713.552117744074
6438.754953667592
6156.742277486935
5876.786616953069
5609.758924492142
5366.146724841377
5155.292381081981
4985.639157164065
4863.049275237407
4791.950807396366
4775.119867496017
4813.74991670788
4907.539935366917
5054.343899907418
5249.785045379414
5487.048175478302
5756.941028519357
6048.437704084699
6349.641951428932
6648.958657646928
6936.203125292832
7203.403890759645
7445.156925187576
7658.553963164174
7842.697403135209
7221.143048568851
7223.575974622536
7225.653508549734
7227.145336059087
7227.988650181961
7228.101344964637
7227.618624979655
7226.678957172887
7225.330231484537
7223.819605869894
7222.233133800021
7220.611922271849
7219.067005779957
7217.594643697652
7216.202499951073
7214.894702572674
7213.660726652923
7212.607556018035
7212.018563728585
7211.5827609629805
7162.453010844048
7152.50249404599
7162.214124379023
7181.750054336726
7206.129704433908
7232.84019602529
7260.602989134039
7288.79624892269
7317.105182483479
7345.213390904811
7372.9873330553055
7400.531461140419
7427.805337318723
7454.6898081353465
7481.190138746347
7507.2813882758455
7533.023994730806
7558.3218257556955
7583.24903138638
7607.765134621999
7631.874277955852
7655.655022477569
7679.006329649647
7702.0580077856175
7724.532370530464
7682.763684008359
7570.749226076846
7407.747058373445
7204.88001159437
6970.23981893069
6711.448171931086
6435.247202628016
6150.998909310445
5867.610421593593
5595.492941361103
5344.599126232191
5123.676040011756
4940.613451112588
4800.758439721803
4708.205623154063
4665.678070421503
4674.718091121114
4735.949913554663
4848.825500370563
5011.214735598136
5218.996423589351
5465.709395936992
5742.594895065112
6039.084905244397
6343.727291657806
6645.32700926313
6934.034863071051
7202.142726367999
7444.440642125305
7658.155737115028
7221.1483821848615
7223.4125681901405
7225.131848097207
7226.20419631589
7226.542226395003
7226.256475788363
7225.4853204560995
7224.282512527571
7222.89520743414
7221.420711547131
7219.908820312722
7218.474330369367
7217.121147438138
7215.858315923097
7214.6958501154995
7213.625750981645
7212.6672419774595
7212.128132752926
7211.734688158313
7162.581492881919
7152.6446681880825
7162.389412433185
7181.957007085512
7206.358834789907
7233.067002833401
7260.8176519754725
7288.9791210129715
7317.249725657878
7345.309806538935
7373.047559692719
7400.56526459741
7427.836123286702
7454.71486586678
7481.213039230981
7507.29696830095
7533.013375345257
7558.308070298177
7583.206774230319
7607.727980291894
7631.8302657666
7655.611330004627
7678.955381276254
7701.966751360232
7724.448069991127
7682.568205978979
7570.5359636674775
7407.366283687911
7204.296731675355
6969.26491109783
6709.797099522693
6432.49832086366
6146.494984049594
5860.405928217866
5584.269995165618
5327.599276078456
5098.63113779153
4904.753074650045
4750.792447775849
4640.411925305826
4576.055980362187
4559.234243563046
4590.943790688054
4671.558687848337
4800.516833287056
4975.900853685936
5193.877386623444
5448.348376869892
5730.948028276143
6031.504096369044
6338.938984486687
6642.389521496333
6932.282195516573
7201.1237566399905
7443.862122598086
7221.092309851138
7223.086659221252
7224.433790099633
7225.03985075171
7224.987816578068
7224.411203285017
7223.373201829831
7222.117367391015
7220.755893911488
7219.344821688095
7218.0074400591675
7216.75310936915
7215.59332415924
7214.541346947797
7213.591083515285
7212.737526311047
7212.212150354689
7211.858755898834
7162.679796798646
7152.759111108208
7162.535399211634
7182.138787195281
7206.570631504939
7233.292267056426
7261.03509171183
7289.181138749131
7317.417682779061
7345.444692323683
7373.132817044214
7400.621936125407
7427.865655007025
7454.747263045838
7481.229527483266
7507.325364076903
7533.011351545212
7558.318882523914
7583.194809635717
7607.712029953555
7631.820094198737
7655.577541606345
7678.92708918155
7701.897167414819
7724.3839948501745
7682.412149001427
7570.370523573516
7407.058190333242
7203.837325949569
6968.499102931482
6708.5009615796625
6430.344977301802
6142.965260351887
5854.755455545861
5575.45491402286
5314.217696964557
5078.854662888365
4876.316387786495
4710.947253762146
4585.954602436708
4503.395820197652
4464.518733948768
4470.312815665574
4521.5319247271955
4618.5249856652445
4760.926544317323
4947.067078688602
5173.426854835303
5434.245826312506
5721.503363651521
6025.36462532804
6335.064783147016
6640.014530308201
6930.865868969913
7200.30065795672
7220.980601379176
7222.6516689910695
7223.570777281118
7223.790888803869
7223.438495725935
7222.587730285281
7221.474423618386
7220.228347121574
7218.91376100935
7217.660485736072
7216.488692329005
7215.410261213766
7214.4438084736685
7213.582165873673
7212.8243906135485
7212.301679755876
7211.963759003634
7162.749052957592
7152.845371849764
7162.655615439795
7182.296509625521
7206.762337839012
7233.5092725618515
7261.254733468251
7289.391635719863
7317.603347782165
7345.603523000545
7373.250860387895
7400.701303283595
7427.910016350351
7454.7768452232085
7481.24950006787
7507.346567153573
7533.0231774045915
7558.3307917062575
7583.206829551635
7607.710518025707
7631.83374912392
7655.555112943067
7678.910434561914
7701.843616349451
7724.328482827633
7682.290591665159
7570.237988981555
7406.809856629142
7203.474566770339
6967.897243735683
6707.482879656308
6428.658649163757
6140.2002422635305
5850.327363144745
5568.539546021049
5303.702978804489
5063.277151491662
4853.843809705277
4679.319807841459
4542.478900958377
4444.958750106179
4387.632576801556
4371.250529434885
4396.568509637933
4464.312338784625
4575.028066534159
4728.577984314987
4923.57736768042
5156.8056187836855
5422.804564227065
5713.851529495789
6020.395699624842
6331.931704486349
6638.094954115486
6929.721632317218
7220.831994125852
7222.113838372175
7222.646949514623
7222.547990562932
7221.90702660428
7220.952789749546
7219.826818546895
7218.607547389932
7217.431360906224
7216.325169761009
7215.310699713233
7214.410355487116
7213.613652261011
7212.921076144667
7212.4089966963365
7212.070699355409
7162.793912441726
7152.90106933835
7162.74860361804
7182.430683352315
7206.933909812054
7233.711628971066
7261.474105677806
7289.607979734834
7317.80502110708
7345.777699313808
7373.398429341433
7400.80617643784
7427.98153557168
7454.810167210554
7481.274588668899
7507.356821269207
7533.0421386195485
7558.336797204736
7583.222908959179
7607.718498619361
7631.846842914257
7655.550377103446
7678.89256531717
7701.802735520122
7724.276225976245
7682.194941643586
7570.128290999131
7406.611712539392
7203.186328552925
6967.424555399886
6706.68246227592
6427.3384654371675
6138.034812254569
5846.859340572242
5563.119576344756
5295.452383893908
5051.031058788996
4836.132261055286
4654.30697175124
4507.939140202954
4398.260738711545
4325.73368698935
4290.75249342367
4293.842874988188
4335.7316164174945
4417.350368478184
4539.465087186505
4702.209871117415
4904.4764111522245
5143.31509993992
5413.5317241191715
5707.6567082475085
6016.376333604134
6329.39892083925
6636.543912702358
7220.648070911808
7221.5402615701705
7221.728353008543
7221.32243430748
7220.543805760433
7219.542320166378
7218.419681315355
7217.314226145658
7216.263785958255
7215.298313672215
7214.443215902603
7213.690862517888
7213.044019668736
7212.535706532633
7212.193334603346
7162.828972405505
7152.92814839645
7162.810185750586
7182.53823606727
7207.084035278932
7233.896567467897
7261.684940000286
7289.828412013047
7318.019393223807
7345.970225907808
7373.565987397514
7400.940885409874
7428.081953108103
7454.869247277961
7481.306467478014
7507.368548667896
7533.055929948716
7558.34219084724
7583.229827738134
7607.726400208261
7631.84390522403
7655.55283999199
7678.870483731344
7701.767322679016
7724.230425949884
7682.115239184856
7570.036850293382
7406.4555144077885
7202.955095309688
6967.054448888608
6706.0522195366175
6426.3054050845785
6136.339112418029
5844.14445004162
5558.874689181308
5288.985376318276
5041.4186818074195
4822.202677727499
4634.582199765478
4480.60416790499
4361.132507059541
4276.228601995161
4225.891097890169
4210.297973759409
4229.943617845007
4285.772232716765
4378.93355214151
4510.462244006899
4680.7585763073785
4888.967001855042
5132.37756516094
5406.022334385076
5702.644489287172
6013.126433828559
6327.3520779765895
7220.452718410666
7220.967683880046
7220.8257339767
7220.238477282457
7219.36943055681
7218.344678718934
7217.304369500446
7216.302649465089
7215.373526552005
7214.546909271939
7213.82108600231
7213.200792669658
7212.694189874574
7212.3391654759635
7162.868269374557
7152.938586750632
7162.840904066799
7182.6140979737
7207.208338375503
7234.0617186774
7261.880937243115
7290.044892684511
7318.241004138367
7346.1812781856015
7373.752277980663
7401.101979066167
7428.21069039617
7454.965926664243
7481.360770362236
7507.3973047125255
7533.066508301847
7558.350771762716
7583.230518752855
7607.727592257853
7631.826732805671
7655.542705922495
7678.844978657695
7701.729480168362
7724.195283821217
7682.046871498362
7569.962531837061
7406.3339954572275
7202.767915710352
6966.766497438706
6705.554848379727
6425.497666517593
6135.01112999376
5842.019865950136
5555.551856274347
5283.920674738796
5033.882675655357
4811.265758240792
4619.062790430666
4459.036604233962
4331.731188358921
4236.842544331564
4173.981128988406
4142.935774825319
4143.849133195559
4177.444606860493
4244.884703841157
4347.589741827565
4486.858119247687
4663.334458094812
4876.388568930988
5123.517566792683
5399.945048329922
5698.591007351372
6010.499638765745
7220.256765505123
7220.409414675277
7220.029438393399
7219.304936189584
7218.379519970573
7217.400781384942
7216.438840452205
7215.535713293531
7214.725755379147
7214.012781809186
7213.401629563306
7212.894335232718
7212.518212391224
7162.920823299997
7152.946743319846
7162.850820545501
7182.658131746756
7207.301283134386
7234.202185631266
7262.058532452684
7290.2489260057755
7318.461125224124
7346.402912373438
7373.9586371642945
7401.284073849845
7428.366343507451
7455.094620281311
7481.453822873239
7507.455342168378
7533.093585252032
7558.364885594769
7583.236231597012
7607.726069944543
7631.807555935479
7655.516198276368
7678.810907876602
7701.688409327125
7724.165685198104
7681.9936076551985
7569.904598016476
7406.2421672408
7202.616188858129
6966.544652503876
6705.161279763337
6424.8669390115565
6133.970812467942
5840.357667960811
5552.95177603358
5279.956745409747
5027.980154017594
4802.689822232312
4606.8739573824205
4442.060249326857
4308.522177807192
4205.636759269874
4132.65877064233
4088.9947068103857
4074.3925208183255
4089.234431711745
4134.462289838187
4211.512872842875
4322.071707733531
4467.679262373043
4649.199048767574
4866.196699366246
5116.345614169239
5395.029276416694
5695.314175367674
7220.067599532182
7219.916977673476
7219.347353261219
7218.5229751173165
7217.602371903226
7216.674244825087
7215.788618136402
7214.982343036341
7214.269972442167
7213.655059234294
7213.140029522989
7212.736872497312
7162.993909255235
7152.961353665469
7162.853604672346
7182.678793872312
7207.362342131909
7234.31228507744
7262.212983258349
7290.435903752319
7318.670813518667
7346.624589849624
7374.177885888052
7401.485498823133
7428.544150155217
7455.2474127771075
7481.582110634165
7507.550419677101
7533.154816638555
7558.396087499148
7583.255876510678
7607.731749233377
7631.801069666362
7655.489239977794
7678.769748707558
7701.646846563129
7724.131917562164
7681.958431668658
7569.86126047536
7406.1778992191585
7202.494829647283
6966.3760062280135
6704.849257572788
6424.375397393638
6133.155422013251
5839.057478733405
5550.9177444872
5276.855873084045
5023.360473042193
4795.972206085598
4597.314427443468
4428.722903645858
4290.246934762861
4180.992848064683
4099.904011213046
4046.0364263920883
4018.7491698276044
4018.0390487713876
4044.5060530798646
4099.370061287629
4184.3359873831805
4301.332156004988
4452.11635216784
4637.742931164642
4857.944893031498
5110.543326552592
5391.0547482317925
7219.900845525829
7219.496817661131
7218.775846137378
7217.911286875733
7217.011055087789
7216.132818089145
7215.322771764555
7214.598706823554
7213.96821552108
7213.432236373274
7213.000471431367
7163.089768436231
7152.987502722761
7162.8572892816655
7182.688480415862
7207.398441792097
7234.391113667875
7262.338754064079
7290.601692185066
7318.865041197178
7346.837648970077
7374.398654414962
7401.700555193969
7428.7402857556335
7455.4199973023715
7481.73223540809
7507.677924678282
7533.25243509237
7558.459831807858
7583.295318068804
7607.753790765376
7631.814522482595
7655.481702872707
7678.739442562379
7701.610073191972
7724.092193339677
7681.9352462992765
7569.827975699851
7406.139456208569
7202.400669723758
6966.250097132767
6704.60221189814
6423.993254236127
6132.515920774433
5838.040586025213
5549.3267361395265
5274.4310250532235
5019.746976066106
4790.7145102101185
4589.825441944055
4418.260089989132
4275.884879266182
4161.581078603897
4074.027244190269
4011.9726789468587
3974.4188943226836
3960.9820235230827
3971.875061185704
4007.979172748789
4070.7854074146508
4162.243242790174
4284.499147717195
4439.500720529599
4628.465772762356
4851.267840410424
5105.851330859998
7219.758364921066
7219.1471340108965
7218.33520270578
7217.450687300772
7216.571378075493
7215.7473402762225
7215.003148192514
7214.3443700738035
7213.779636423585
7213.3108961679745
7163.21096462859
7153.025606856619
7162.865847781251
7182.694307426098
7207.42039047375
7234.44402749458
7262.4344462492345
7290.741082349671
7319.040298014229
7347.037261231249
7374.612598156683
7401.918764718562
7428.950066012205
7455.609706923026
7481.898407125888
7507.824022155132
7533.377299362316
7558.5573307706
7583.361848807033
7607.796468333315
7631.846532015644
7655.500807858371
7678.739111274413
7701.592050338892
7724.057111264773
7681.916578019022
7569.797034606573
7406.120701151272
7202.330227415656
6966.15820607302
6704.408087879115
6423.69686959695
6132.014109283498
5837.24530185342
5548.082277755466
5272.535284941532
5016.921870450783
4786.602137798797
4583.963709791986
4410.06198954483
4264.615575688863
4146.321600853881
4053.63811063532
3985.053927998274
3939.2566393530287
3915.5121168847054
3913.6504538272247
3934.1681668403025
3978.2202224747625
4047.5439785005474
4144.308686959111
4270.851555122195
4429.282887866953
4620.957890590512
4845.867728387742
7219.641607041459
7218.878048509438
7218.003161729444
7217.112355597404
7216.26154693188
7215.486031403205
7214.789007771729
7214.187779616583
7213.674875436958
7163.358370308447
7153.077704541268
7162.87914331968
7182.699701485602
7207.434313761398
7234.480091921139
7262.50381841988
7290.852021042316
7319.19170361971
7347.220322934565
7374.815426008841
7402.132176292745
7429.164801243137
7455.813249116261
7482.080595976892
7507.982742537363
7533.517027191068
7558.677069738697
7583.456120959816
7607.861542786958
7631.894367038972
7655.5382873071
7678.770692883918
7701.605456208816
7724.045876733801
7681.905246494461
7569.765207543406
7406.109947290414
7202.277558568391
6966.092150466095
6704.2577997608105
6423.467390518194
6131.620351567901
5836.623263197034
5547.108817254717
5271.053385809748
5014.714021387132
4783.38726941232
4579.378925393434
4403.644376312511
4255.783917701627
4134.345379112511
4037.606199986514
3963.838715497357
3911.4628936532818
3879.437262303517
3867.2390586652455
3874.983550718517
3903.4431376660577
3954.020437079158
4028.6741523494547
4129.765870787104
4259.796324755575
4421.012612640871
4614.885089220694
7219.5499347599525
7218.6784497406
7217.762284341423
7216.874007211902
7216.054465317889
7215.310986859046
7214.661395276951
7214.098012180105
7163.536037425464
7153.144540879824
7162.899277639004
7182.704591885071
7207.443376981902
7234.5044541692505
7262.55409363008
7290.936636971006
7319.3164184292855
7347.382144331414
7375.004346715814
7402.336977355037
7429.3770538812005
7456.023733655464
7482.277500931441
7508.156875431818
7533.667530593795
7558.80859478129
7583.568462866781
7607.948836166124
7631.957401570336
7655.5855530809695
7678.8179674761595
7701.646288681339
7724.069629155831
7681.9141604847055
7569.741911536557
7406.098585274211
7202.235016712775
6966.043118134532
6704.143402177596
6423.289769277042
6131.311677789079
5836.136558799233
5546.347219854871
5269.895005327357
5012.989146554617
4780.87507669873
4575.7949857514495
4398.624335631996
4248.869321762207
4124.957912022997
4025.020959986975
3947.1539694733156
3889.5535362093406
3850.9165215574403
3830.4101127591257
3827.7978364663986
3843.472446273974
3878.4548453970383
3934.3701965069095
4013.371108657225
4117.984053429821
4250.8472219456535
4414.322419286419
7219.484829345392
7218.531362484982
7217.593126572351
7216.715745708288
7215.915137864258
7215.207783279611
7214.58731486923
7163.746292488155
7153.228891902821
7162.927194687497
7182.71141697012
7207.447873962565
7234.520166909665
7262.589413538939
7291.000316425267
7319.414880151296
7347.519035213772
7375.174667550549
7402.530566075271
7429.5832288089505
7456.234224678154
7482.483516811122
7508.347288581001
7533.83383204737
7558.950813387667
7583.69112234805
7608.05223406056
7632.037011063186
7655.642605241598
7678.866708965868
7701.695883098709
7724.117638281253
7681.950241701422
7569.743964973145
7406.091106899776
7202.199665076771
6966.002653946732
6704.056851450986
6423.151960192123
6131.070108360149
5835.755510537391
5545.751228166655
5268.989402145353
5011.6420329584125
4778.912621548692
4572.994736064234
4394.699904345491
4243.45987861251
4117.6069489396195
4015.1541968611464
3934.0540769897325
3872.319845212014
3828.430376055806
3801.288530625284
3790.34854289315
3795.6526496408896
3817.8425534198996
3858.1624582551385
3918.4327190361073
4000.9721702393363
4108.445847878725
4243.6072219428825
7219.435483226121
7218.431129152817
7217.481165238784
7216.610203340157
7215.834151315618
7215.147269143786
7163.9921855572675
7153.331545036577
7162.96520220361
7182.721460013743
7207.45067323115
7234.527998980773
7262.61279910439
7291.046214302105
7319.490798595903
7347.629769536969
7375.321806119287
7402.708071253777
7429.780755472869
7456.441083356463
7482.691980368589
7508.549045182055
7534.018370251262
7559.1102230938295
7583.82580799906
7608.166654280975
7632.131855103857
7655.713960584541
7678.91896167878
7701.740928861752
7724.168080521512
7682.00136244511
7569.777975542655
7406.100629189392
7202.179299936739
6965.967097898925
6703.99088558717
6423.044237234792
6130.881267444478
5835.456909689436
5545.284676324161
5268.281210020098
5010.590299123013
4777.380027931382
4570.8076602114215
4391.633491958736
4239.230611042496
4111.855300991197
4007.426550228225
3923.782371520847
3858.786888248894
3810.7405104628215
3778.325591061741
3760.732563927465
3757.6953425281536
3769.5052474143768
3797.0276597810516
3841.7029135023486
3905.518708496943
3990.9335400228056
4100.728649502737
7219.402949646574
7218.365726489827
7217.409028399259
7216.550007566844
7215.786155005822
7164.275174040886
7153.4538465072965
7163.013551237165
7182.736948781052
7207.45343141916
7234.531259444223
7262.625511718123
7291.077358263357
7319.546524916908
7347.716539625923
7375.443004336207
7402.86401416778
7429.964473826412
7456.641640813344
7482.899036825535
7508.755428599527
7534.216319618088
7559.289823332537
7583.97968526332
7608.295271226646
7632.239671950317
7655.801618501375
7678.98416910383
7701.787255611453
7724.210562024413
7682.04867805571
7569.829970178878
7406.131926441332
7202.186367039465
6965.941172676604
6703.942092270035
6422.959178360296
6130.7334036592365
5835.2226493498365
5544.919246716299
5267.72714653097
5009.769490774908
4776.1833994727995
4569.100073554168
4389.238477021789
4235.925728811214
4107.357909536404
4001.379171458879
3915.736570335417
3848.174173271267
3796.847646968279
3760.258552482992
3737.377197597044
3727.674496223616
3731.133383952646
3748.2689395898587
3780.143307939539
3828.3650174070153
3895.062350943944
3982.810932342638
7219.382422050339
7218.323191210898
7217.367419496785
7216.513814618089
7164.599097748456
7153.595929917033
7163.0729438627
7182.758094156801
7207.458482913704
7234.531973305175
7262.631278373548
7291.095493840206
7319.5851026795435
7347.781031184384
7375.539071635636
7402.99426477546
7430.128066149887
7456.830405180529
7483.1018468486955
7508.962305827965
7534.420661048943
7559.484479321007
7584.155365092497
7608.445062460537
7632.363958606325
7655.904766278677
7679.066976191056
7701.847818385016
7724.2542216704205
7682.087471297544
7569.879547178376
7406.173284984412
7202.221933070992
6965.933435857553
6703.91229573718
6422.892680071998
6130.61702711314
5835.038671044577
5544.63271917179
5267.293391369623
5009.129229926639
4775.249246437337
4567.767246463629
4387.368511112908
4233.344258631727
4103.843093914201
3996.6497831989846
3909.439503167676
3839.860225205288
3785.951506612184
3746.0680376342398
3718.999634797353
3703.9977783879276
3700.7822287229137
3709.5595548850415
3731.0419837337977
3766.4604744310172
3817.564845092649
3886.601300018735
7219.368003800317
7218.299536610319
7217.3417287794155
7164.968841170988
7153.759439838966
7163.1430663503015
7182.785487189605
7207.466234252336
7234.532662401727
7262.632467328307
7291.104696708681
7319.608722861374
7347.826308106473
7375.611081664658
7403.09843671862
7430.266211995541
7457.000307335339
7483.294597950518
7509.166667929294
7534.6270242839
7559.686805230935
7584.347155002439
7608.617683542599
7632.510880506163
7656.026246651319
7679.167127190737
7701.927597102315
7724.312828896413
7682.129520066577
7569.921365629032
7406.20995464793
7202.269817314356
6965.945185210277
6703.903854838796
6422.844353378379
6130.525149113202
5834.894206262824
5544.407627216564
5266.953556889508
5008.63014249134
4774.52010675421
4566.727199837486
4385.908920845533
4231.328561196612
4101.097344583153
3992.9530703380924
3904.514323221536
3833.3525251058245
3777.4146731652263
3734.9374297601353
3704.563981515028
3685.3659459020364
3676.843420760838
3678.939541521341
3692.0582258258455
3717.0809528016553
3755.3804909103183
3808.8252156680346
7219.361192642349
7218.283919800756
7165.390505291737
7153.946809306015
7163.22458456632
7182.818786657454
7207.477431071697
7234.5340391614745
7262.631811074762
7291.107624964283
7319.621735444622
7347.854931542441
7375.662105573205
7403.177089183867
7430.37751288147
7457.145027551369
7483.469582282307
7509.362432223942
7534.832288751464
7559.892320336526
7584.547416921606
7608.806848807404
7632.680988052289
7656.171093681907
7679.286730299537
7702.025744647781
7724.390652532226
7682.188244164818
7569.966506006975
7406.242235804151
7202.31166160549
6965.966580773079
6703.911894954907
6422.8148010896075
6130.453249545548
5834.781248048395
5544.230312148372
5266.687083942263
5008.241481252811
4773.951051859125
4565.915825119508
4384.769928516531
4229.755093502729
4098.953157260142
3990.0647598603873
3900.6641762355293
3828.2620145442406
3770.7318777425635
3726.216149508711
3693.2401940234004
3670.729575266675
3658.0042921047043
3654.7874815557116
3661.21969127988
3677.8744033431276
3705.7752709795977
3746.4141300753136
7219.355003009366
7165.871566358363
7154.161489148206
7163.318732912322
7182.858281131123
7207.491888815881
7234.537101936432
7262.630358036508
7291.107224498585
7319.627039236154
7347.871476152932
7375.695002893462
7403.233281037883
7430.462107506971
7457.262323539067
7483.619674852855
7509.541376064059
7535.0301701217195
7560.0978767825945
7584.751736063933
7609.004899150863
7632.867548362568
7656.338873115365
7679.4297978916275
7702.143833841906
7724.486884348914
7682.267710939947
7570.028119210143
7406.283979177264
7202.345825141868
6965.987526452068
6703.924000910283
6422.801088702027
6130.397888484046
5834.69394598114
5544.090322853668
5266.47797612336
5007.939264495986
4773.506974913711
4565.282991520248
4383.881314572664
4228.527119344617
4097.279239474621
3987.808871951227
3897.655678323682
3824.2821627869425
3765.503916892879
3719.3883995873985
3684.366874689187
3659.247623120428
3643.204363524799
3635.779766397636
3636.894344867813
3646.858438206723
3666.3879500952416
3696.6260189412824
7166.419638150776
7154.407634876111
7163.427602117415
7182.904649197388
7207.509812654616
7234.541909581732
7262.629385863714
7291.104873855036
7319.6277800533235
7347.879063186491
7375.714509972693
7403.270116479537
7430.523024648439
7457.3519851281
7483.741943355048
7509.695753144406
7535.212053422609
7560.297054713197
7584.9570152644665
7609.2076656343115
7633.063153170104
7656.522652954575
7679.595114513331
7702.285050780893
7724.603299352914
7682.367287988853
7570.111505758028
7406.347783796902
7202.386766472688
6966.010635813525
6703.931278275322
6422.796413826303
6130.354834894188
5834.627642751888
5543.979922634873
5266.31383814903
5007.70481971006
4773.160456186391
4564.7895228430725
4383.188160180266
4227.568965567032
4095.972777391955
3986.047451575543
3895.3056746312104
3821.1719421889848
3761.4162202279185
3714.04659880263
3677.4195732460503
3650.249829289356
3631.593601439138
3620.846903656743
3617.749678366554
3622.392404461555
3635.227997271534
3657.0922082222096
7154.689227843487
7163.553598161334
7182.959260835419
7207.531653972672
7234.548724758086
7262.629242088293
7291.10213961101
7319.625663641629
7347.881007079537
7375.72393742165
7403.292438204804
7430.563560387206
7457.416981848399
7483.835883956521
7509.8220753784635
7535.369737676091
7560.480958386641
7585.156748103437
7609.41214690966
7633.264020865951
7656.71553130034
7679.775805417353
7702.447558837966
7724.742325258584
7682.488098123807
7570.217255345728
7406.437202520472
7202.4493842299635
6966.04938737821
6703.9388661217345
6422.7966537270295
6130.31974079068
5834.578008912383
5543.893503510884
5266.185113446691
5007.523671537054
4772.890078846549
4564.404817304124
4382.6475369549735
4226.821441335133
4094.953338413793
3984.6724557203324
3893.4705690881538
3818.7421754987754
3758.2214086660742
3709.869537218141
3671.983822957758
3643.2046553135824
3622.494501508487
3609.1315283203257
3602.7088654001054
3603.136568802075
3610.6477723790913
3625.8155711986337
7163.698818165818
7183.023589711473
7207.558383290736
7234.557916777751
7262.630299185577
7291.0996589495335
7319.622537057565
7347.879315053567
7375.726744386148
7403.303711661756
7430.588628261044
7457.460744064127
7483.904374796342
7509.919586144849
7535.499292589776
7560.641078042487
7585.341853825153
7609.611774481051
7633.467242604103
7656.914190966439
7679.965676929796
7702.624799640516
7724.9015626892015
7682.631480557986
7570.346457288258
7406.551269656425
7202.539482262228
6966.115059642514
6703.962438491028
6422.806541799322
6130.292214940262
5834.541506432568
5543.827037502693
5266.08446173364
5007.384660047814
4772.679127927351
4564.104968659208
4382.225899708369
4226.238273429934
4094.158009119551
3983.5993530825663
3892.0378903789706
3816.8445297078815
3755.7253002324696
3706.60458995542
3667.7329566776907
3637.691994641109
3615.3697315332365
3599.9502271387164
3590.908574010841
3588.0081496397406
3591.3016835542658
3601.142807429491
7183.098751071569
7207.590966536347
7234.570245757723
7262.6329109514845
7291.097931831575
7319.619291598421
7347.876086290327
7375.725198294466
7403.307527216064
7430.6018306706055
7457.488216276728
7483.950928788027
7509.991040298883
7535.599737591405
7560.773135097399
7585.503638287735
7609.7973619425775
7633.666188367826
7657.115761070375
7680.161877233098
7702.811432459564
7725.0750198535625
7682.79514898925
7570.499739639572
7406.690227777879
7202.657035738894
6966.209851388288
6704.014868315697
6422.836600148034
6130.278598022968
5834.517316467872
5543.778003880432
5266.006314918479
5007.279214436113
4772.514568202083
4563.871308326535
4381.897029346172
4225.783297976697
4093.5376091081425
3982.762021009222
3890.919635279016
3815.36281330402
3753.7756248670903
3704.0534410864193
3664.4100374926693
3633.380710731519
3609.794575540941
3592.7609413267437
3581.660581081479
3576.1389688385143
3576.102120183461
3581.723578531636
7207.630006863363
7234.586386848367
7262.637725372373
7291.097345014072
7319.616570594158
7347.872433510018
7375.721609163809
7403.306389706806
7430.606876149122
7457.503117387505
7483.9804894911185
7510.039988086645
7535.673674534727
7560.875944616397
7585.637550895677
7609.960135042978
7633.851631913658
7657.313533451196
7680.361475900597
7703.004994783164
7725.258275504334
7682.974116732545
7570.674706194271
7406.854555231226
7202.802084143953
6966.331436709481
6704.099030238184
6422.8936957875885
6130.288305890479
5834.508233106875
5543.745800651861
5265.9466802913375
5007.2007538434555
4772.386243907533
4563.689252934393
4381.640436609025
4225.428245298958
4093.053707990156
3982.10876930237
3890.0469611499357
3814.2061050881985
3752.2530984421155
3702.060568056575
3661.813350936537
3630.0103355318242
3605.434244755841
3587.1351941768635
3574.418980237603
3566.836895970123
3564.1769744536186
3566.466361190661
7234.606657295008
7262.645240364536
7291.098476024696
7319.614814042556
7347.869130993602
7375.717290319931
7403.302791180299
7430.606486649444
7457.509257537175
7483.996875612644
7510.071346451411
7535.724652560904
7560.951929472576
7585.742215582992
7610.095332579173
7634.014805248821
7657.498298723514
7680.557663497623
7703.202372569456
7725.449105891484
7683.1643030365585
7570.8667571045335
7407.04210928915
7202.97462079839
6966.47916134011
6704.212154242694
6422.976807411401
6130.3263629945595
5834.518078347972
5543.73151855506
5265.903085028622
5007.14420641325
4772.286260993305
4563.547393415817
4381.440105943425
4225.151018843562
4092.6762734612075
3981.599207085541
3889.366048714259
3813.303275540313
3751.0643734078867
3700.5041314249474
3659.78470008361
3627.376371783568
3602.0253862260342
3582.7352170983313
3568.752233628509
3559.5528982830865
3554.8309477052208
3554.4958634149043
7262.655607106476
7291.101702619088
7319.614554289375
7347.866667178403
7375.713118270814
7403.298223666197
7430.603316886208
7457.509549362775
7484.003984110901
7510.089019921297
7535.757541728879
7561.004606022726
7585.819855259868
7610.201396926466
7634.150785772179
7657.661365880266
7680.741299500026
7703.39663813956
7725.644083232533
7683.362858972714
7571.071791364066
7407.248569285132
7203.17213170276
6966.653692109363
6704.352528219315
6423.0819575445
6130.390575793175
5834.5474889999
5543.73611041071
5265.874161336173
5007.105631682836
4772.208499065971
4563.436780107415
4381.283511915138
4224.934340815273
4092.3818427621954
3981.2017732180793
3888.834841603317
3812.598714777325
3750.136417830865
3699.2887784872946
3658.2001438928846
3625.3184328986363
3599.361229813536
3579.2953035519986
3564.3201475902615
3553.852949929583
3547.5124723478566
3545.1142192597617
7291.1070957954435
7319.616101186461
7347.865539605942
7375.709618301937
7403.293657401144
7430.599015219942
7457.506782356566
7484.004893635977
7510.096979033027
7535.776320468128
7561.038781795964
7585.8739283484565
7610.280335824188
7634.2578424943595
7657.797690310599
7680.903827031196
7703.578770210979
7725.8361600082635
7683.565707255404
7571.28641623788
7407.469893262632
7203.390158778506
6966.853683234057
6704.520113628666
6423.208297127095
6130.476218496904
5834.59313018707
5543.75810307909
5265.858617935448
5007.081793598311
4772.148222410856
4563.350352305424
4381.160856216904
4224.764691684627
4092.152084424185
3980.8918149384162
3888.420476740538
3812.0489655163865
3749.4121312900925
3698.3399047931425
3656.9626800809438
3623.7108572230445
3597.279601051717
3576.6068294295656
3560.8551006452926
3549.394885705796
3541.785505461071
3537.7678070312904
7319.619485567309
7347.866008839985
7375.7072537581025
7403.289656146902
7430.5946403903945
7457.502737258159
7484.00250320998
7510.098445667402
7535.785020912302
7561.058498686419
7585.909168068057
7610.335530672684
7634.337758939309
7657.905376222
7681.040111268181
7703.740390600004
7726.0164833611025
7683.765715846506
7571.50598700803
7407.70256502636
7203.6248017832695
6967.075659710373
6704.713586379806
6423.357984948999
6130.581635020935
5834.6517400916355
5543.793587412571
5265.854271421425
5007.069658737417
4772.101704565341
4563.282502691936
4381.064465583193
4224.63148724087
4091.972672199079
3980.6500769678505
3888.0972842034653
3811.6200697778377
3748.846889187711
3697.599177572505
3655.9964100888474
3622.455292004437
3595.6534338813026
3574.506162281721
3558.1469607408344
3545.9095269442023
3537.3062836154613
3532.018949207829
7347.868075633495
7375.706229230416
7403.286659137955
7430.590798639022
7457.498547807771
7483.998704213615
7510.0964055972245
7535.786987197274
7561.067839416819
7585.929670385246
7610.3716317397175
7634.393825862678
7657.985980038426
7681.148101825607
7703.876299968808
7726.176887743755
7683.954019066827
7571.723001170654
7407.941599710117
7203.872851103258
6967.316413035909
6704.93001763
6423.532320981904
6130.708402578151
5834.724038338827
5543.83914610615
5265.858396656786
5007.066072227744
4772.065891575398
4563.228729122583
4380.988330247497
4224.5264325683875
4091.8324094441723
3980.4615186453975
3887.845214470757
3811.2855029210996
3748.4058197191507
3697.02100689115
3655.2419865743605
3621.4747792221187
3594.383273727375
3572.8650911844006
3556.0309099956694
3543.1855151174714
3533.804365917583
3527.5225871149632
7375.706515908813
7403.284830253072
7430.587916234165
7457.4948575468225
7483.994693145894
7510.0928412666435
7535.785271438511
7561.070251098093
7585.93955839113
7610.39278033459
7634.430604420898
7658.042693029596
7681.2291308988815
7703.984305862194
7726.3121314038235
7684.122143935432
7571.928058217662
7408.178853442753
7204.129299573767
6967.573209963958
6705.166976708476
6423.730496257316
6130.857905097439
5834.813930075589
5543.8945149045885
5265.86951336564
5007.068047778461
4772.038201467278
4563.185395032009
4380.927732853445
4224.443029945761
4091.7225403555613
3980.3143931849972
3887.6486069913108
3811.024549366023
3748.061683073698
3696.5697650458897
3654.6530244904043
3620.7091408971673
3593.3912985392863
3571.5832637971735
3554.377807002381
3541.0570680579112
3531.0673997435943
3524.007256839489
7403.284123994089
7430.5861333584135
7457.492081299796
7483.991146149143
7510.089000963638
7535.781929626419
7561.068834032221
7585.942364493873
7610.403130299848
7634.452272945944
7658.07998303344
7681.286285405594
7704.065524191982
7726.419895174012
7684.26430685214
7572.11185683996
7408.403950051737
7204.385314309184
6967.84102316382
6705.422457693144
6423.951273907078
6131.029964232166
5834.924811096362
5543.962025312004
5265.888663725918
5007.073674344743
4772.016602426627
4563.149594431259
4380.878978776638
4224.376192240543
4091.6362194047624
3980.1995239564903
3887.4952307381755
3810.8210309504548
3747.7932041323
3696.217620535478
3654.1932731823345
3620.111340974554
3592.6166532492507
3570.582154450317
3553.0865700681898
3539.3942874273134
3528.928821355761
3521.2597999797154
7430.585402592104
7457.49033920139
7483.988468108124
7510.0855891373485
7535.778252052673
7561.065702163183
7585.941221142528
7610.40628314302
7634.46300691288
7658.102057362084
7681.323937105813
7704.122935850845
7726.501090693369
7684.377854309154
7572.267743339924
7408.606472466757
7204.629342650504
6968.110274937146
6705.691682107271
6424.19307203658
6131.224111735466
5835.057891908376
5544.044066204948
5265.91859208244
5007.0827229959905
4771.999956695534
4563.1191256661305
4380.839206513612
4224.321963037116
4091.568090488865
3980.1097449337603
3887.375530025668
3810.6623157623644
3747.5837671712798
3695.9428352615996
3653.8344132213306
3619.6446186579306
3592.0117714228954
3569.80035706791
3552.0781021262455
3538.0954982669273
3527.258118886526
3519.1130192197325
7457.48958369175
7483.986762372733
7510.083002026258
7535.774967530628
7561.06217907355
7585.938286438126
7610.405389371811
7634.4664621050315
7658.113104473864
7681.346314381485
7704.160814835967
7726.558593693988
7684.463553677895
7572.392559182788
7408.778808372668
7204.849771840141
6968.368239448786
6705.964618882525
6424.451071052874
6131.439476036552
5835.213223902503
5544.141987795667
5265.9617826219965
5007.0962955529085
4771.988184171045
4563.092581011763
4380.806264495451
4224.277309829768
4091.513971620023
3980.0394575272794
3887.2820396699235
3810.538539458208
3747.420398163551
3695.7284314685976
3653.5543244515866
3619.280254841009
3591.5394768607202
3569.1898739496582
3551.2905498171795
3537.081138820524
3525.953136447213
3517.435905284685
7483.98598257428
7510.081328997356
7535.772464724685
7561.059014304965
7585.9349095275875
7610.402639085948
7634.465794780679
7658.116820910539
7681.357610415319
7704.183402817845
7726.596579597734
7684.524347354226
7572.486953349189
7408.917221048603
7205.0380840159805
6968.602269675859
6706.227704458928
6424.714996196697
6131.67194550547
5835.389890548485
5544.25680732649
5266.019642360652
5007.11598466847
4771.981998935591
4563.069373207463
4380.778674389453
4224.239964073922
4091.4706127557183
3979.984293854597
3887.208922037603
3810.4420005477396
3747.2929655586295
3695.5611521932187
3653.3357301284786
3618.9958162685425
3591.170725184499
3568.713191411728
3550.6755654984318
3536.288992103993
3524.933935505459
3516.1259123451728
7510.080525862079
7535.770821401384
7561.056589815594
7585.931857323093
7610.39940015126
7634.463216373461
7658.116358015267
7681.361550179998
7704.19488985352
7726.61929577287
7684.5645378336185
7572.554047407601
7409.022200427173
7205.189964912899
6968.803174076003
6706.467655133465
6424.97110497333
6131.91207267148
5835.5839282135075
5544.38897546183
5266.09297324424
5007.143570371656
4771.98242414963
4563.049662995224
4380.755576983578
4224.208325064389
4091.4355037309506
3979.9408538360112
3887.151612793875
3810.36668243631
3747.193559116202
3695.4306451110306
3653.1651394425335
3618.773780979088
3590.882828459339
3568.3410010791786
3550.195361738708
3535.6704261365376
3524.1380041536067
3515.1027963550932
7535.769996263872
7561.054973784287
7585.929505755994
7610.396453741536
7634.460107422017
7658.113939265576
7681.361270908721
7704.199018146078
7726.630921688608
7684.588630267378
7572.598466808471
7409.097022386508
7205.30564852351
6968.966160739077
6706.674964808026
6425.206256602271
6132.147082709744
5835.786833713068
5544.536293336087
5266.181746882274
5007.181030539224
4771.990531166128
4563.0342067660595
4380.736652318255
4224.181362149221
4091.4067460334736
3979.906493861612
3887.1065434226757
3810.307885956323
3747.115999662349
3695.3288278559294
3653.03201747803
3618.600466145899
3590.658065332951
3568.0504085312896
3549.8204172559854
3535.187431217337
3523.5164796947192
3514.303806255557
7561.054128286922
7585.927915105044
7610.394170276405
7634.457260482599
7658.110952565497
7681.359000053272
7704.198902955772
7726.635206675534
7684.601039200192
7572.625157485184
7409.146677302512
7205.388419316985
6969.091074367585
6706.844527028608
6425.411204410945
6132.364910540908
5835.987518149217
5544.692574692675
5266.283649344706
5007.2296739583235
4772.007210144562
4563.0241691121955
4380.7219670152
4224.158528422881
4091.3829362923534
3979.8791749887523
3887.0709197410533
3810.2619406253416
3747.0554614133316
3695.2493876174976
3652.9281394956315
3618.465186622725
3590.4825968818895
3567.823530918461
3549.5276737055165
3534.810311279096
3523.031171976835
3513.679892263356
7585.927051114965
7610.392603541639
7634.45504083265
7658.108199197232
7681.3561282227965
7704.196768747712
7726.635237348498
7684.6057176738905
7572.638976105788
7409.176589656785
7205.443530528868
6969.180944020489
6706.975635583035
6425.580759042423
6132.557108203156
5836.175847417278
5544.84937708512
5266.393453082104
5007.28856254077
4772.032401593335
4563.020673782785
4380.711735802364
4224.139636183489
4091.3630721452864
3979.8573313481493
3887.042560424923
3810.2259745700903
3747.0081752119786
3695.1873950662984
3652.8470822501913
3618.359600188621
3590.3456157935607
3567.6464030139323
3549.2991158169443
3534.515868960885
3522.6522438389657
3513.1927179064924
7610.39172309666
7634.453496929626
7658.10603954297
7681.353462971903
7704.194004771235
7726.6332291799645
7684.605877018652
7572.644267587901
7409.192137893604
7205.476819446923
6969.2410381969175
6707.070699322472
6425.713490268084
6132.718587110523
5836.34476191015
5544.999031320994
5266.504763114146
5007.354116142296
4772.064183804208
4563.023905075385
4380.705921272546
4224.124662443748
4091.3464419528773
3979.8397703734017
3887.019762454671
3810.197743105029
3746.9711930862513
3695.139000934265
3652.783831157297
3618.2771920167024
3590.2386842397227
3567.5081187175247
3549.1206727934104
3534.2859845986695
3522.356387590993
3512.8123316437177
7634.452602177236
7658.104517689093
7681.3513599365915
7704.1914225982055
7726.630566477858
7684.603851185593
7572.64454079266
7409.198148620491
7205.494176422966
6969.277439071238
6707.134617148906
6425.810764495537
6132.847060136337
5836.489538082749
5545.136111280637
5266.612397961095
5007.4218725139
4772.099059719078
4563.032328639635
4380.703699406446
4224.113442104178
4091.332489365406
3979.8255801541354
3887.0012020913027
3810.1754879079226
3746.942211112985
3695.1011959422294
3652.7344715931185
3618.2128763135843
3590.1552126718107
3567.4001629222867
3548.981358552004
3534.1065078896545
3522.125397413187
3512.515336393324
7658.103610825556
7681.349859616296
7704.189373187163
7726.628062766356
7684.601115618752
7572.6423697420505
7409.198527011615
7205.500925942297
6969.296459679629
6707.173444992362
6425.876630767354
6132.942513329437
5836.607059321621
5545.256439096873
5266.712961592995
5007.488570918848
4772.133778338665
4563.043079788545
4380.703211951423
4224.105300677175
4091.3206523200342
3979.8140404250153
3886.985852523072
3810.1578322417245
3746.9194254949452
3695.071628815568
3652.6959452234796
3618.162683306544
3590.090056951688
3567.3158856161035
3548.8725954285865
3533.966388135871
3521.945055714079
3512.283456484907
7681.348942860603
7704.187894087731
7726.626064351243
7684.598535943216
7572.639400709018
7409.196148136683
7205.501401813642
6969.303877895565
6707.193751522042
6425.916758257029
6133.007707506404
5836.695813490514
5545.35633159725
5266.803401142963
5007.552333974946
4772.166907020544
4563.053598078803
4380.702147993786
4224.098899171507
4091.3102200142584
3979.804534080755
3886.972917263118
3810.143697041828
3746.9014243067404
3695.0484594177105
3652.665864356897
3618.123512572779
3590.0392018058074
3567.2500953411873
3548.7876844395387
3533.856997208154
3521.804259165385
3512.1024197596744
7704.186969634717
7726.624606347713
7684.596463508182
7572.636596098966
7409.192864103925
7205.498794752892
6969.304433354727
6707.201666240391
6425.937726155702
6133.047540743489
5836.757025692881
5545.43306464387
5266.880160022983
5007.611124923569
4772.198395204134
4563.062945385697
4380.6989894919625
4224.092591264969
4091.300327314396
3979.796470060038
3886.9617769557453
3810.132236098747
3746.8871015353006
3695.030247211377
3652.642362945494
3618.092944543413
3589.99951156966
3567.198739760759
3548.721395758971
3533.771596677723
3521.694338512105
3511.9610802612615
7726.623676351526
7684.594927567431
7572.634332096992
7409.189754907167
7205.495168130426
6969.301606553209
6707.202259807902
6425.9458511355315
6133.068291852625
5836.7945162970755
5545.486460130924
5266.939978039261
5007.6619179437
4772.2277390017625
4563.071379807765
4380.693754754243
4224.085171909266
4091.290171170702
3979.7892583093617
3886.951948829462
3810.1227860750614
3746.8755909346182
3695.015862876049
3652.623982676273
3618.069089824102
3589.968539428237
3567.158654185907
3548.6696469357994
3533.7049258768157
3521.6085231779543
3511.8507354417934
7684.59392436445
7572.632633898539
7409.187236318634
7205.491723551833
6969.2976495356
6707.199237756691
6425.946404617205
6133.076225131048
5836.813929362868
5545.519161950321
5266.981747616735
5007.7016225716525
4772.253077330879
4563.078808915575
4380.687350754953
4224.076316430463
4091.279330563667
3979.7823598484183
3886.943065908853
3810.1148261702447
3746.8662154414687
3695.0044198923933
3652.6095828735997
3618.0504736105977
3589.9443752328034
3567.127369023785
3548.6292495760035
3533.6528782127007
3521.5415273680055
3511.7645887177932
7572.63150550066
7409.1853326444425
7205.488923207089
6969.293873848271
6707.194990109462
6425.943213128444
6133.076616628399
5836.821162035482
5545.535887134971
5267.007079254993
5007.728879085305
4772.272131350457
4563.0840859634545
4380.6802201796345
4224.066193367082
4091.2678360370865
3979.7753674807363
3886.934868509149
3810.107947107267
3746.8584471734594
3694.995221754434
3652.598270470703
3618.0359444827527
3589.9255285700538
3567.102956253001
3548.5977153507392
3533.6122463360916
3521.489224843108
3511.6973339856395
7409.184052559657
7205.486792640173
6969.290788812639
6707.190911047069
6425.938727367556
6133.073268117161
5836.8212250348215
5545.541797952771
5267.019602300061
5007.744642949419
4772.283848421972
4563.085854265482
4380.671855583969
4224.054715957089
4091.2558056995967
3979.767991437844
3886.9271834831334
3810.101823886652
3746.8518762705116
3694.987720395854
3652.5893456514486
3618.024603433523
3589.910836616902
3567.083911397689
3548.573101334656
3533.580527001537
3521.448392880351
3511.6448291484458
7205.485342766257
6969.288423346972
6707.187552538271
6425.934382636131
6133.068591996374
5836.817705406696
5545.541304448036
5267.0234197087575
5007.751495970781
4772.288905102359
4563.083783348986
4380.661612690353
4224.041423896817
4091.2430095176533
3979.7599091631073
3886.919852363161
3810.096187673307
3746.846183698053
3694.981484264272
3652.5822591110564
3618.0157486272547
3589.8993924210044
3567.0690605544414
3548.553891083492
3533.555765467495
3521.4165161986393
3511.6038390971707
6969.286788226086
6707.1849500166145
6425.930764895891
6133.064013862062
5836.812864390491
5545.537549780285
5267.022011365718
5007.752310193796
4772.289023692892
4563.078732079874
4380.6496795811345
4224.026161564843
4091.228948453775
3979.7506605905646
3886.9126244100653
3810.09079053625
3746.841115812328
3694.976173029725
3652.5765790872056
3618.008831993203
3589.8904890279227
3567.0574880248814
3548.5389009552664
3533.5364358569623
3521.3916306206947
3511.571838881361
6707.183111359733
6425.927921109701
6133.060142974126
5836.80806597081
5545.532526285638
5267.017846138789
5007.749421022952
4772.285905767156
4563.071962309669
4380.637029835222
4224.009629300585
4091.213440700979
3979.739827726841
3886.9051183991824
3810.0853769117084
3746.8364584808596
3694.971518317454
3652.57196551982
3618.003425540882
3589.8835756119724
3567.0484799320147
3548.527207187517
3533.5213468999327
3521.372202858899
3511.546856773979
6425.925852647451
6133.05704513383
5836.803933065294
5545.527490951344
5267.01253893142
5007.744470210416
4772.280756980805
4563.064328615502
4380.624618100689
4223.993041237839
4091.1970006807214
3979.7274040076218
3886.896954494877
3810.079695596438
3746.8320178494823
3694.9673090661036
3652.5681503163078
3617.999194963243
3589.878223311388
3567.0414799827768
3548.518089079541
3533.509568554112
3521.3570358071393
3511.5273535950028
6133.054709918222
5836.800558910803
5545.523072980161
5267.007202973323
5007.738629767028
4772.27440399236
4563.05617381249
4380.612788228791
4223.9772976098075
4091.1805043678432
3979.7139128973686
3886.8879770502635
3810.073571460087
3746.827620101738
3694.9633830015828
3652.564922156512
3617.9958792451234
3589.8740983651505
3567.036055020557
3548.5109844303024
3533.500374828428
3521.3451948093543
3511.512127641209
5836.797912670757
5545.519398439164
5267.0024634101355
5007.732845396207
4772.267590161411
4563.047712744309
4380.601423504636
4223.9625772844865
4091.164536374681
3979.7000431498936
3886.8783193394747
3810.066983319278
3746.823135397425
3694.959625080918
3652.562115847355
3617.9932747206576
3589.8709410702013
3567.031867979249
3548.505454862062
3533.493198934919
3521.335950207251
3511.500240673012
5545.516400718083
5266.998471388367
5007.7277161680195
4772.261086817769
4563.039375417796
4380.5904669835445
4223.948665257713
4091.149153969476
3979.686163448332
3886.8681915506268
3810.0600398236556
3746.8185041179013
3694.955970315834
3652.55960590455
3617.991222851085
3589.8685490416556
3567.0286567007115
3548.501158649321
3533.4875983991897
3521.3287322791375
3511.4909602428497
5266.995096933146
5007.723385419502
4772.255427117527
4563.031781714271
4380.580230334687
4223.935520063718
4091.1342404073966
3979.672243097085
3886.85762051656
3810.052823606109
3746.813722648296
3694.952400937196
3652.55730316655
3617.9896007497346
3589.8667639128853
3567.026217103259
3548.497829517455
3533.483227739428
3521.3230961867876
3511.483714464275
5007.71961535079
4772.250684992656
4563.0253519371445
4380.571237602944
4223.923497970402
4091.119961304101
3979.6582227027493
3886.846459420547
3810.045246147549
3746.8087742224216
3694.948923863916
3652.5551510457535
3617.9883133450576
3589.8654606249156
3567.0243897612854
3548.49525992444
3533.479817190336
3521.318694535248
3511.478056827801
4772.2464576864
4563.02001613968
4380.563765858873
4223.913085099512
4091.1068323675336
3979.6443833851663
3886.8346698004316
3810.0370880547034
3746.8035620116225
3694.945525802671
3652.5531159925813
3617.9872857663995
3589.864538611979
3567.023049011049
3548.4932878996024
3533.4771559891005
3521.3152560155677
3511.473638661644
4563.01515456626
4380.557550572171
4223.904419952633
4091.0953588421207
3979.6313168420775
3886.822551914539
3810.028210190575
3746.7979217315133
3694.94213034557
3652.551168255931
3617.986454301542
3589.863914255602
3567.022093924372
3548.4917865727275
3533.475079319436
3521.3125686502844
3511.4701877003854
4380.551738320019
4223.8970500280775
4091.0855868923054
3979.6195302208816
3886.81065102916
3810.018721265081
3746.791714204388
3694.9385905140816
3652.54925715661
3617.985754733063
3589.8635139314392
3567.021440712506
3548.4906557413233
3533.473458063502
3521.3104667375783
3511.4674912787978
4223.889929878564
4091.0769473723503
3979.6090434512907
3886.799400947297
3810.0089182309466
3746.7849028423034
3694.9347233663584
3652.5472910815397
3617.985109381648
3589.86326698807
3567.0210163004285
3548.4898150161716
3533.4721907223
3521.308820647654
3511.465383243043
4091.0683088544074
3979.5992988621447
3886.788810602663
3809.9990448493145
3746.777527263982
3694.9303533935717
3652.5451310865164
3617.9844163902535
3589.8630987617034
3567.020752991525
3548.489198219836
3533.471197046517
3521.307528833656
3511.463733731134
3979.589253614561
3886.7784280792785
3809.9890892147596
3746.7695994466694
3694.92532782992
3652.5425995654014
3617.9835461751472
3589.8629247421986
3567.020584537181
3548.488748846453
3533.4704130268337
3521.3065115924774
3511.4624411836003
3886.7674764608855
3809.978771675701
3746.761038530908
3694.919513005998
3652.5395025846155
3617.9823496708696
3589.8626485836003
3567.0204441854785
3548.488416652892
3533.4697869717484
3521.305706202569
3511.4614261164998
3809.967704077737
3746.7517005931613
3694.9128129080664
3652.5356715750167
3617.9806816055298
3589.8621679181942
3567.020265659252
3548.4881555854936
3533.4692765909404
3521.305063129358
3511.460626277264
3746.741543268936
3694.9052110318307
3652.5310242361375
3617.9784397126905
3589.861391326619
3567.019988188681
3548.4879234475884
3533.4688470091614
3521.3045431423407
3511.4599928633643
3694.896891822913
3652.525613213121
3617.975611138384
3589.860265687016
3567.0195660837016
3548.4876837557713
3533.4684697151833
3521.304115179548
3511.4594876233487
3652.5196677112617
3617.972297251209
3589.8588046486
3567.018981264662
3548.487409816422
3533.4681224640317
3521.3037548672955
3511.4590806423266
3617.968691599337
3589.857098944285
3567.0182532048484
3548.4870900200895
3533.4677899942717
3521.3034436419675
3511.4587486767978
3589.8552581435906
3567.0174384877846
3548.4867315403962
3533.4674651642927
3521.303168368011
3511.458473946028
3567.0165111693605
3548.48635873232
3533.4671496774645
3521.3029212737274
3511.458243274027
3548.4859115958525
3533.466853181436
3521.3026998873984
3511.458047482106
3533.466407523293
3521.302506552949
3511.4578808965443
3521.3022813639445
3511.4577408357727
3511.4575150707824
);
boundaryField
{
	inlet
	{
		type fixedValue;
		value uniform 8675.0;
	}

	outlet
	{
		type zeroGradient;
	}

	bump
	{
		type zeroGradient;
	}

	frontAndBack
	{
		type empty;
	}

	top
	{
		type zeroGradient;
	}

	symUp
	{
		type zeroGradient;
	}

	symDown
	{
		type zeroGradient;
	}

}
