FoamFile
{
    version     2.0;
    format      ascii;
    class       volScalarField;
    location    "1";
    object      p;
}

internalField   nonuniform List<scalar>
13770
(
404.93847098635763
404.9436521314308
404.9384709863575
404.9693468890739
404.94365213143055
404.9384709863575
404.9951410356047
404.96934688907425
404.9436521314303
404.9384709863577
405.04467872880804
404.9951410356025
404.9693468890744
404.94365213143055
404.93847098635837
405.15991928134633
405.0446787287936
404.99514103559636
404.9693468890742
404.9436521314308
404.93847098635933
405.3427536481663
405.15991928132144
405.04467872876177
404.9951410355847
404.96934688907277
404.94365213143135
404.93847098636087
405.78330150854845
405.34275364805603
405.1599192812463
405.0446787287083
404.99514103556686
404.9693468890711
404.9436521314324
404.9384709863628
406.5315174529261
405.7833015082668
405.34275364779955
405.15991928109753
405.0446787286285
404.99514103554145
404.96934688906845
404.94365213143396
404.93847098636525
407.7820225075122
406.5315174523286
405.78330150762247
405.34275364735197
405.15991928086066
405.0446787285164
404.995141035506
404.9693468890647
404.9436521314357
404.9384709863687
409.85264682517186
407.7820225060327
406.53151745091844
405.78330150650874
405.3427536466734
405.1599192805159
405.04467872836403
404.99514103545886
404.9693468890594
404.9436521314382
404.9384709863733
412.8182150182133
409.8526468223049
407.7820225027085
406.53151744843683
405.7833015048271
405.3427536457116
405.1599192800381
405.0446787281607
404.9951410353964
404.96934688905253
404.9436521314417
404.938470986379
416.9422249118655
412.81821501274794
409.85264681555276
407.7820224970282
406.5315174446609
405.7833015024472
405.3427536443966
405.1599192793936
405.0446787278937
404.99514103531453
404.9693468890432
404.9436521314461
404.93847098638656
422.5169304406851
416.94222490016085
412.81821499950087
409.85264680368374
407.78202248849334
406.53151743929544
405.7833014991981
405.34275364263914
405.15991927853906
405.04467872754526
404.9951410352086
404.96934688903116
404.9436521314515
404.9384709863961
429.5695942212704
422.5169304193032
416.94222487298975
412.8182149758369
409.85264678562976
407.782022476445
406.5315174319531
405.7833014948581
405.3427536403222
405.1599192774185
405.04467872709324
404.99514103507113
404.96934688901536
404.9436521314587
404.93847098640845
438.38707139587535
429.5695941838477
422.5169303691197
416.9422248256172
412.81821493959507
409.852646759977
407.7820224600217
406.5315174221298
405.7833014891393
405.34275363729586
405.1599192759596
405.0446787265091
404.99514103489423
404.96934688899506
404.94365213146784
404.9384709864243
449.21281391808225
438.38707132628053
429.56959409496886
422.51693028105376
416.9422247538027
412.81821488791365
409.85264672487233
407.78202243810233
406.5315174091726
405.78330148166947
405.34275363336536
405.1599192740691
405.04467872575606
404.9951410346664
404.9693468889688
404.9436521314798
404.9384709864444
461.8099098152911
449.21281380423727
438.38707116469664
429.5695939379147
422.5169301471702
416.94222465193417
412.81821481703787
409.852646677903
407.7820224092334
406.5315173922363
405.78330147196885
405.34275362827987
405.15991927162645
405.04467872478625
404.99514103437326
404.96934688893543
404.94365213149496
404.9384709864706
476.3919285062024
461.8099096243366
449.2128135334717
438.3870708827933
429.5695936984389
422.5169299569596
416.94222451265654
412.8182147220748
409.85264661593794
407.78202237153687
406.5315173702295
405.7833014594172
405.3427536217164
405.1599192684757
405.04467872353854
404.9951410339968
404.96934688889206
404.94365213151497
404.938470986504
492.9299038679508
476.3919281728446
461.80990917152997
449.21281305440766
438.387070455257
429.5695933576678
422.516929696642
416.9422243263872
412.81821459667356
409.8526465349265
407.78202232258633
406.5315173417431
405.78330144321444
405.3427536132577
405.1599192644162
405.04467872193413
404.9951410335125
404.9693468888369
404.94365213154106
404.9384709865474
511.1318610088239
492.9299033489536
476.3919274037786
461.80990837148124
449.2128123234543
438.38706984858146
429.5695928908456
422.5169293482569
416.9422240806922
412.81821443260924
409.8526464296313
407.78202225924974
406.5315173049576
405.7833014223278
405.34275360236484
405.15991925918775
405.0446787198708
404.9951410328902
404.96934688876604
404.9436521315754
404.93847098660365
531.1281727638501
511.1318601901294
492.9299021350487
476.3919260657101
461.8099071514583
449.2128112828654
438.3870690188421
429.56959226569916
422.5169288884834
416.94222375946805
412.81821421924406
409.8526462932848
407.7820221774835
406.5315172575215
405.7833013954209
405.34275358834066
405.1599192524527
405.0446787172168
404.99514103209026
404.96934688867617
404.9436521316212
404.938470986676
552.5356637869639
531.128171472842
511.1318582759683
492.92990000514794
476.3919240386035
461.80990541515706
449.2128098568923
438.3870679088043
429.56959144032055
422.5169282871062
416.94222334188294
412.8182139428201
409.8526461171384
407.78202207206056
406.5315171963916
405.78330136076283
405.3427535702815
405.1599192437723
405.0446787138003
404.99514103106054
404.9693468885613
404.94365213168095
404.93847098677026
575.0347634454222
552.5356618204148
531.1281684587996
511.13185491635
492.9298967668469
476.39192116376074
461.80990303632166
449.21280794679063
438.38706644417346
429.56959036040166
422.51692750501064
416.9422228009916
412.81821358553674
409.85264588986894
407.78202193621814
406.53151711762143
405.78330131610613
405.3427535470127
405.15991923257405
405.044678709399
404.9951410297351
404.9693468884155
404.9436521317614
404.93847098689275
598.6368879286023
575.0347602988843
552.5356572228567
531.1281631697367
511.1318498084333
492.92989216586085
476.3919172334129
461.80989985047904
449.21280542433817
438.38706452871503
429.56958895563935
422.51692649156433
416.94222210191697
412.81821312433544
409.8526455968011
407.78202176118896
406.5315170160841
405.783301258524
405.34275351700353
405.1599192181093
405.04467870372196
404.9951410280265
404.9693468882307
404.94365213186984
404.9384709870525
622.9095629313938
598.6368832651674
575.0347531138285
552.5356491426726
531.1281551298616
511.1318425526642
492.9298858695219
476.3919119772763
461.80989564423646
449.21280212340383
438.3870620379064
429.56958713503076
422.51692518118216
416.94222119946863
412.8182125292995
409.8526452188754
407.7820215355816
406.53151688509735
405.7833011841949
405.3427534782517
405.15991919939205
405.0446786963887
404.9951410258213
404.9693468879972
404.9436521320167
404.9384709872618
648.0529662111298
622.9095557181877
598.6368725119154
575.0347406447793
552.5356368551037
531.128143712523
511.1318326274379
492.929877445536
476.3919050452106
461.8098901414076
449.2127978289822
438.38705881065437
429.56958478071203
422.5169234888058
416.9422200349921
412.8182117615322
409.85264473127967
407.78202124455845
406.53151671592667
405.78330108810843
405.34275342812896
405.1599191751222
405.04467868689864
404.9951410229701
404.9693468877031
404.9436521322186
404.93847098753696
673.7068306041187
648.0529552169796
622.9095394239712
598.6368537249035
575.0347217936217
552.535619408116
531.1281281013597
511.1318193567233
492.92986633469775
476.39189598483404
461.8098829850299
449.2127922628948
438.3870546384722
429.56958173986527
422.51692130393843
416.94221853220625
412.818210770339
409.85264410162193
407.7820208687367
406.5315164971146
405.78330096367284
405.342753363171
405.1599191435731
405.04467867459164
404.9951410192766
404.96934688733455
404.94365213249864
404.93847098790104
699.8057059603411
673.7068143882167
648.0529303447303
622.9095112596788
598.6368252500828
575.0346951245386
552.535595565478
531.1281072410023
511.1318018688364
492.9298518158742
476.3918842126716
461.80987371403137
449.2127850651245
438.387049251306
429.56957781406095
422.5169184827482
416.94221659167926
412.8182094894705
409.852643287492
407.7820203827178
406.5315162135773
405.78330080217944
405.3427532787923
405.1599191024436
405.0446786585919
404.9951410144813
404.969346886875
404.94365213289007
404.9384709883852
727.5559898342914
699.8056741614198
673.7067776418637
648.0528872512879
622.9094688091934
598.6367849321374
575.0346587827484
552.5355637353163
531.1280797747884
511.1317790440565
492.929832961115
476.39186897693526
461.8098617329286
449.2127757694146
438.3870422989515
429.5695727452021
422.51691483760544
416.9422140834823
412.8182078321065
409.85264223319314
407.7820197531183
406.5315158453876
405.7833005920818
405.342753168901
405.15991904865143
405.04467863773476
404.9951410082396
404.9693468863053
404.9436521334421
404.9384709890331
727.5383108401363
753.8107297021689
699.8056055438806
673.7067138179359
648.052822253715
622.9094089491799
598.636729998564
575.034610394032
552.5355218808928
531.1280439662823
511.1317494481944
492.9298085781401
476.39184930951745
461.80984627245755
449.2127637713388
438.38703332665455
429.56956619696876
422.51691012318946
416.94221083742343
412.8182056841577
409.85264086536836
407.7820189359326
406.53151536613285
405.78330031801585
405.34275302537594
405.15991897805526
405.0446786104652
404.995141000094
404.9693468856046
404.9436521342264
404.9384709899043
727.5199057373293
753.7905648616979
779.022949757648
699.8054895974824
673.7066175355424
648.052730609545
622.9093276985977
598.6366569181922
575.0345469413396
552.5354674096195
531.1279976006514
511.1317112484606
492.92977713667347
476.39182396407625
461.80982633839886
449.21274828651053
438.3870217430906
429.56955773031615
422.5169040180749
416.94220663006337
412.81820289533346
409.85263908715626
407.7820178730053
406.53151474071115
405.7832999594838
405.3427528373611
405.159918885074
405.0446785747028
404.9951409894336
404.9693468847507
404.94365213534684
404.9384709910828
727.5014752158395
753.7686337044686
779.0207261327087
804.9110941476149
699.8053168059787
673.7064819160054
648.0526063000066
622.909220040308
598.6365612296723
575.0344646138903
552.5353970353352
531.1279378608424
511.1316621069503
492.9297366740978
476.3917913361522
461.8098006450777
449.2127282959168
438.3870067783438
429.56954677117875
422.51689610035123
416.94220116751006
412.81819926726286
409.8526367704047
407.78201648733767
406.5315139223828
405.78329948908964
405.3427525903204
405.1599187621771
405.0446785276603
404.99514097544323
404.96934688372124
404.94365213695244
404.93847099268345
727.4835790930588
753.74617171914
779.0174005491322
804.9107803508093
831.0617697783894
699.8050749874665
673.7062983012445
648.052441775013
622.9090797114036
598.6364373343027
575.0343586230849
552.5353066075113
531.1278611721079
511.13159904576054
492.92968467456785
476.3917493601425
461.8097675290023
449.2127024744832
438.38698742889386
429.569532568
422.5168858154608
416.9421940626801
412.81819453776484
409.85263374535543
407.7820146768674
406.53151284885104
405.7832988701895
405.3427522647824
405.1599185992002
405.0446784656017
404.99514095703427
404.9693468824959
404.94365213925687
404.9384709948666
727.4661378429852
753.7240955683396
779.0135140179913
804.9101662203631
831.0616586317506
857.8512342957334
699.804748764544
673.7060559294014
648.0522276548243
622.9088989577486
598.6362782459423
575.0342229777046
552.5351908991071
531.12776300652
511.13151827591923
492.92961791410545
476.3916953764681
461.8097248368129
449.2126690979598
438.3869623857588
429.5695141360685
422.516872433939
416.9421848054096
412.81818836013537
409.85262978704714
407.7820123062761
406.53151143709147
405.7832980537894
405.34275183467605
405.1599183824447
405.0446783835253
404.9951409327544
404.96934688105927
404.9436521425618
404.9384709978522
727.4489235148849
753.7024221269573
779.0094879882962
804.9093421452462
831.0614478789029
857.8511558959785
884.6407936030424
699.8043189412559
673.7057415622347
648.0519523808988
622.9086682462918
598.636075288006
575.0340502083369
552.5350433422225
531.1276376364593
511.13141498013874
492.92953226200837
476.39162596035396
461.80966978020825
449.21262592185343
438.38692994095385
429.56949018487217
422.51685499616747
416.9421727233611
412.81818027602634
409.8526245975114
407.782009196268
406.53150957657135
405.78329697447555
405.3427512651559
405.15991809349106
405.04467827474815
404.995140900669
404.9693468794054
404.94365214728987
404.93847100194046
727.4316778467381
753.6809175625851
779.0054554697375
804.9084285532599
831.0611606099721
857.85102313216
884.6407216954817
912.3680055366391
699.8037617694343
673.7053390549202
648.0516018048833
622.9083759253435
598.6358177238675
575.0338310274941
552.5348556970215
531.1274778229797
511.1312830363061
492.9294224261266
476.3915367014436
461.8095987484421
449.21257002451057
438.38688786612903
429.5694590236926
422.51683224049094
416.9421569311455
412.8181696801302
409.8526177825879
407.7820051096172
406.5315071204199
405.7832955451149
405.3427505097668
405.1599177076531
405.04467813036445
404.9951408582083
404.96934687754265
404.94365215402695
404.93847100754056
727.4141362790901
753.6592861278019
779.0014179026948
804.9074879810588
831.0608355248477
857.850852981163
884.6406073507611
912.3679405306325
940.2058357050612
699.8030480818926
673.7048288533929
648.0511586991212
622.9080078186355
598.6354923020267
575.0335539069937
552.5346176352876
531.1272744204081
511.13111466487845
492.92928162635127
476.3914219203441
461.8095070665425
449.21249760433614
438.3868332556824
429.5694184394068
422.5168025101073
416.94213626442706
412.81815577441995
409.8526088218859
407.7819997330974
406.5315038739866
405.78329364998797
405.3427495067724
405.1599171919778
405.04467793854803
404.9951408019689
404.96934687550237
404.94365216357704
404.9384710152035
727.3960302873779
753.6372189132143
778.9973270928606
804.9065393162313
831.0604974971064
857.8506667802453
884.6404692191838
912.367836582286
940.2057757800112
968.4695677331392
699.8021422632748
673.704187396457
648.050602165481
622.9075467332693
598.6350826907506
575.0332045490039
552.5343162137563
531.1270158733066
511.1308999788742
492.9291011759898
476.39127430450844
461.8093886841279
449.2124037185012
438.38676232450393
429.569365538842
422.5167636328919
416.9421091948723
412.8181375090797
409.8525970300097
407.7819926541662
406.53149958007276
405.7832911359245
405.3427481744171
405.1599165026597
405.04467768364844
404.99514072745836
404.9693468733482
404.94365217703324
404.93847102566946
727.3770853422998
753.6144035603438
778.9931167215498
804.905578401778
831.0601573175945
857.8504768262054
884.6403257784095
912.3677104179492
940.2056798025753
968.4695056768547
997.434499729137
699.8010010204075
673.7033863911464
648.0499069111474
622.9069718542945
598.6345687701723
575.0327652190349
552.5339352055978
531.1266875755475
511.13062640868577
492.9288699453263
476.3910844409447
461.8092357756295
449.21228194689576
438.38667014780697
429.5692965458999
422.51671276670004
416.9420737206701
412.8181135064577
409.8525815066476
407.7819833309548
406.5314938999199
405.78328780089237
405.3427464048263
405.1599155817141
405.04467734503277
404.9951406287669
404.96934687119
404.94365219587075
404.9384710399251
727.3570182342365
753.5905244078019
778.988711309816
804.9045905776547
831.0598163156601
857.8502883863102
884.6401867600282
912.3675787971263
940.2055633940678
968.4694062267378
997.4344424406671
1026.643386012396
699.7995719066749
673.7023919191736
648.049042349879
622.9062579921939
598.6339257388985
575.0322139008412
552.5334542499985
531.1262710520449
511.13027796662846
492.9285736743448
476.39084021707936
461.80903822719483
449.21212396058695
438.38655032698244
429.56920654089686
422.51664620056454
416.94202722583213
412.8180819633262
409.85256107240934
407.7819710537035
406.5314863887699
405.7832833793247
405.34274405616793
405.1599143527003
405.0446768955929
404.9951404981448
404.96934686919906
404.943652222062
404.9384710592783
727.3355344893503
753.5652608695218
778.984027002955
804.903555803196
831.0594706117104
857.8501019911785
884.6400566684626
912.3674495349451
940.2054424970529
968.4692844756008
997.4343493322139
1026.6433321823708
1056.9174088337063
699.7977915475042
673.7011633193661
648.04797147883
622.9053746378054
598.6331229818643
575.0315232229768
552.5328477676422
531.125742913461
511.1298343060866
492.9281940925892
476.3905260527917
461.8087829786451
449.2119189681225
438.3863945607868
429.56908912596987
422.51655909943634
416.94196629954286
412.8180405253574
409.8525341864448
407.78195489522847
406.53147646446786
405.783277523274
405.3427409425794
405.159912715223
405.0446762998318
404.99514032546176
404.9693468676327
404.94365225823253
404.93847108545515
727.3123259888152
753.5382859171875
778.9789696972563
804.9024497100904
831.0591134811898
857.8499151483406
884.6399373071374
912.3673251295579
940.2053244402805
968.4691546827494
997.4342336319544
1026.6432452459198
1056.9173569487234
1088.0169780516642
699.7955835060144
673.6996517808842
648.0466494644013
622.904284769795
598.6321226327188
575.030659091227
552.5320835767219
531.1250735200427
511.12926951794554
492.92770779188345
476.39012191632673
461.8084531798579
449.2116530054121
438.3861920952871
429.5689359957485
422.51644517663584
416.94188650428134
412.8179861260218
409.85249884066735
407.78193364732454
406.5314633671501
405.78326977821075
405.3427368212326
405.1599105378728
405.0446755114029
404.9951400975096
404.96934686686046
404.9436523078535
404.9384711207244
727.2870687896961
753.5092650725833
778.9734321972414
804.9012428493495
831.0587361161657
857.8497232684591
884.6398292057365
912.3672052361406
940.2052114168524
968.4690226546272
997.4341084650067
1026.6431381207751
1056.917272367891
1088.0169288299483
1120.1296132279522
699.7928557310255
673.6977985597923
648.0450218582835
622.9029433472244
598.6308777437744
575.0295789452302
552.5311211255822
531.1242252737514
511.12855059029357
492.92708478269753
476.3896020634562
461.8080271094139
449.2113080251533
438.38592901838206
429.5687363866556
422.51629627351997
416.94178207832886
412.8179147798006
409.8524524239697
407.7819057391426
406.5314461074872
405.78325955193765
405.3427313757227
405.1599076491565
405.0446744699516
404.99513979711014
404.9693468674026
404.94365237549357
404.9384711680547
727.2594212279366
753.4778560002958
778.9672907826125
804.8998991055056
831.0583274539954
857.8495198609504
884.6397323575095
912.367087810634
940.2051028846977
968.468888929984
997.4339787733879
1026.643023563173
1056.9171667829767
1088.0168483750197
1120.1295662547889
1153.421772574872
699.7894975192179
673.6955327180639
648.0430223470304
622.9012953986703
598.6293299561811
575.0282295344203
552.5299092360964
531.123150434339
511.12763543722315
492.9262866454472
476.38893342208513
461.8074767885635
449.2108607292877
438.38558735517154
429.5684763704078
422.5161018203352
416.9416455539996
412.8178213167778
409.85239154798046
407.7818691324201
406.531423400221
405.7832460746803
405.34272419474183
405.1599038258498
405.0446730970614
404.99513940196846
404.96934686997764
404.9436524671435
404.93847123132184
727.2290222318443
753.4437088575235
778.9604012006155
804.8983735390411
831.0578735231237
857.8492961909157
884.6396465380362
912.3669694367744
940.2049966666157
968.4687509570819
997.4338442165063
1026.6429067238546
1056.917051758354
1088.0167475975097
1120.1294893710992
1153.4217279815466
1188.0005985394616
699.7853759325887
673.6927682631898
648.0405699083535
622.8992736007255
598.6274065327145
575.0265440809379
552.5283832210429
531.1217883270309
511.126470376103
492.9252641631125
476.38807352265223
461.8067662047051
449.21028107227204
438.3851439077229
429.5681379480626
422.5158481444585
416.94146726775074
412.81769904213974
409.8523118234417
407.7818211869826
406.53139357885317
405.78322834785496
405.34271474469
405.15989877804213
405.0446712910483
404.99513888320126
404.96934687556313
404.94365259063136
404.9384713155698
727.1954899497555
753.4064673472108
778.9525940469639
804.8966096335806
831.0573564823026
857.849040571924
884.6395713593644
912.3668451719345
940.2048892061541
968.4686040107792
997.4337011204445
1026.6427879120672
1056.916931472371
1088.016637327814
1120.1293928446269
1153.4216547081876
1188.0005550787516
1224.3393500911905
699.7803316296627
673.689400535075
648.0375652206919
622.8967952080692
598.6250165804502
575.0244386581315
552.5264612025084
531.1200617725345
511.12498689886957
492.9239542896746
476.3869678465907
461.80584903483407
449.20953034200176
438.38456876775217
429.56769788792866
422.5155175829542
416.94123473189006
412.8175392992846
409.85220757319894
407.78175848815005
406.53135448614853
405.78320507827596
405.34270233452105
405.15989212993645
405.04466892027847
404.99513820345027
404.9693468854774
404.9436527561545
404.93847142734944
727.1584207835061
753.365770621791
778.9436694528506
804.8945358349714
831.0567533632917
857.848737374577
884.6395061608384
912.366708079288
940.2047753460919
968.468441260227
997.4335431975978
1026.6426644863952
1056.9168052315467
1088.0165213690316
1120.1292868147139
1153.4215622657887
1188.0004839230462
1224.339309706759
1262.3141546004563
699.7741740611077
673.6853016696471
648.033886127168
622.893758162437
598.6220462402883
575.0218075672625
552.5240394100214
531.1178725230932
511.1230975394701
492.9222762681529
476.385546430058
461.80466572766454
449.2085587006308
438.38382340938773
429.5671262352125
422.51508734473714
416.9409318286466
412.81733090925366
409.8520714640044
407.7816766253046
406.53130333355716
405.78317459372687
405.34268607062944
405.1598833952045
405.044665814597
404.99513731446086
404.96934690148146
404.94365297696874
404.93847157515
727.1173888347103
753.3212561331302
778.9333910467963
804.8920612285824
831.0560344466062
857.8483657470774
884.6394497869538
912.366548495612
940.2046477904137
968.4682533137895
997.4333614143078
1026.6425316190655
1056.9166691530506
1088.0163988328864
1120.1291747393404
1153.4214600961848
1188.0003943254676
1224.3392430431861
1262.314116090045
1302.4958751004267
699.766676009935
673.6803149424742
648.0293819016696
622.8900361549325
598.6183525634741
575.018517433511
552.5209861759605
531.115095428161
511.1206905840818
492.9201266609681
476.38371951280936
461.8031397660118
449.2073020323053
438.382858243937
429.5663844017895
422.514528051546
416.9405377764587
412.8170594518656
409.85189403429507
407.781569907677
406.53123652086
405.78313473462373
405.34266479894166
405.15987194536785
405.0446617543331
404.9951361539791
404.96934692591213
404.9436532702676
404.9384717699567
727.0719459325942
753.2725633575399
778.9214791745413
804.889070206351
831.0551611418241
857.8478979922511
884.6394002502437
912.3663530322401
940.2044963146991
968.4680274004455
997.4331432857606
1026.6423822689635
1056.9165167482613
1088.0162656944783
1120.129055566731
1153.4213512639853
1188.0002951235808
1224.3391584108333
1262.3140522413573
1302.4958377516925
1344.9282393424435
699.7575674474417
673.6742477863002
648.0238659810497
622.8854723552852
598.6137557197417
575.0143996630102
552.5171342670992
531.1115709768868
511.11762330097537
492.91737298658313
476.3813719672455
461.80117287750977
449.2056779037246
438.3816094868724
429.56542271759247
422.51380186727215
416.9400258048304
412.8167063440996
409.85166308834005
407.7814309998572
406.53114940480134
405.78308271496957
405.3426370306473
405.15985696924184
405.0446564561949
404.9951346417729
404.9693469618546
404.9436536583137
404.9384720259634
727.0216223568746
753.2193384316961
778.9076033130486
804.8854159927615
831.0540831764276
857.8472975123707
884.6393542410397
912.3661032470089
940.204306696608
968.4677462224535
997.4328717405774
1026.6422066489727
1056.9163387196318
1088.0161153038387
1120.128925175306
1153.421234464975
1188.0001891077854
1224.339064042282
1262.3139707216617
1302.4957750228605
1344.928203384523
1389.919685972949
699.746528648083
673.666863264496
648.0171067286243
622.8798714347781
598.608029089464
575.0092408007598
552.5122710914419
531.1070957691517
511.1137132725064
492.91384557702077
476.3783561631176
461.7986388996261
449.20358039135846
438.37999514307177
429.56417729225416
422.51286010100904
416.93936145617073
412.8162476582232
409.85136291966523
407.7812504543608
406.5310360022051
405.7830149440427
405.34260084694125
405.15983742092817
405.04464955519757
404.9951326745418
404.9693470133619
404.9436541698886
404.9384723614846
726.96592841026
753.16123951253
778.891373591503
804.8809129303118
831.0527348071851
857.8465161982764
884.6393064187504
912.3657738982258
940.2040593096381
968.467386435117
997.4325235532968
1026.6419913073414
1056.9161222135951
1088.01593813696
1120.1287768226637
1153.421105344454
1188.000074896487
1224.3389623861553
1262.3138791355016
1302.4956935957607
1344.9281420293084
1389.9196510034042
1437.866167794923
699.7331823835549
673.6578698002843
648.0088156560105
622.872989390733
598.6008866790388
575.0027701977583
552.5061261941316
531.101410338457
511.1087273029929
492.9093271551134
476.3744828310385
461.795375926191
449.2008734571991
438.3779098627706
429.56256599535436
422.51164013698485
416.938500408977
412.81565260768457
409.8509733157298
407.7810161120192
406.5308886093371
405.7829267977015
405.3425537768623
405.1598119531661
405.0446405815014
404.99513011939365
404.96934708573934
404.94365484215456
404.9384728001256
726.9043567794912
753.0979424933939
778.8723311488288
804.8753274897858
831.0510296224389
857.845491085695
884.6392483793516
912.3653306442206
940.2037272891369
968.4669166795684
997.4320672903167
1026.6417178474708
1056.9158496361679
1088.0157210110929
1120.1286008628667
1153.420956868827
1187.9999481683524
1224.3388518316922
1262.313779545788
1302.49560013654
1344.928060887567
1389.9195902683732
1437.8661329882898
1489.311689392441
699.7170848044616
673.6469089660418
647.9986323645347
622.8645205129388
598.5919671657957
574.9946442309285
552.4983552862044
531.0941836045907
511.1023672162203
492.90353949762823
476.3695093720334
461.79117625350545
449.1973824677893
438.37521835489156
429.5604833097975
422.510061501537
416.93738569044535
412.814881607653
409.85046828209556
407.7807123334647
406.5306973138038
405.7828123250983
405.3424926407324
405.1597788319413
405.04462893074947
404.99512680550663
404.96934718590853
404.94365572303485
404.93847337227993
726.8363854733461
753.0291461438056
778.8499368041843
804.8683679965109
831.0488533452899
857.844140003991
884.6391671519092
912.3647269983069
940.2032741307478
968.4662950491811
997.4314606544187
1026.641361238722
1056.9154970341503
1088.0154458582724
1120.1283839384914
1153.4207789864276
1187.999802000977
1224.3387278216464
1262.3136700580187
1302.4954958650844
1344.9279657136326
1389.9195082759463
1437.866071515495
1489.3116542853568
1545.0488526929482
699.6977142775645
673.6335411046247
647.9861052982516
622.8540805891384
598.5808137289131
574.9844260936951
552.4885198557924
531.0849930195095
511.0942516734035
492.8961263828561
476.36312489755085
461.7857735123014
449.19288334515
438.37174695667
429.55779374120306
422.5080208306342
416.9359441080388
412.8138837907619
409.8498144086618
407.7803190139523
406.53044936870486
405.7826638727711
405.3424133495023
405.1597358271509
405.04461382609793
404.995122513475
404.96934732287434
404.94365687426745
404.93847411703905
726.7614805920292
752.9545752066413
778.8235571892014
804.8596729863481
831.0460538982376
857.8423557784527
884.6390430077026
912.3639002793278
940.202650527004
968.4654658279271
997.4306470674243
1026.6408876200524
1056.9150319755054
1088.0150880523577
1120.1281077304998
1153.4205577652933
1187.9996265337522
1224.3385831048417
1262.3135458229158
1302.4953779593363
1344.9278568901884
1389.9194098025778
1437.8659868425448
1489.3115911665343
1545.0488177138373
1605.9939895043897
699.6744570571927
673.6172283804354
647.9706673041578
622.8411850927083
598.5668486362318
574.9715599218057
552.4760611185312
531.0732992306465
511.0838929100926
492.8866317875734
476.35493108960327
461.77882621154185
449.1870886967011
438.3672728412016
429.5543233887945
422.5053854328866
416.93408168141764
412.81259382864596
409.8489687775545
407.7798103205338
406.53012839059625
405.78247160279244
405.3423106477169
405.159680072684
405.04459426965695
404.99511696170674
404.9693475083248
404.9436583753086
404.93847508463807
726.6790975420599
752.8739790313602
778.7924475423596
804.8487977104286
831.0424279839162
857.8399982570811
884.6388462743721
912.3627662039676
940.201790163687
968.4643552860375
997.4295512773574
1026.6402514544513
1056.9144108094322
1088.0146142171532
1120.1277472546515
1153.420274078999
1187.9994081292625
1224.3384073241393
1262.3133992118733
1302.4952403881803
1344.9277306563806
1389.9192942804607
1437.8658826714327
1489.311502392146
1545.0487534028957
1605.9940093818877
1673.5579150899805
699.6465885497414
673.5973143819147
647.9516051194274
622.8252205467611
598.5493413852987
574.9553376460741
552.4602667302959
531.0584137848614
511.0706669661829
492.8744720199568
476.3444177330402
461.76989670572897
449.1796300842596
438.36151021896126
429.54984916906716
422.50198505819674
416.93167780225195
412.8109278660135
409.84787628512225
407.7791530742505
406.52971333152556
405.78222287535283
405.3421777843571
405.1596078875402
405.04456898041406
404.9951097890813
404.9693477573959
404.9436603283207
404.9384763395653
726.5886785493776
752.787122355651
778.7557313443208
804.8351973447446
831.0377037683822
857.8368829643556
884.6385326932809
912.3612116502529
940.2006040745654
968.4628662580952
997.4280737164386
1026.6393918396923
1056.9135751402914
1088.0139793897324
1120.12726862711
1153.4199018212298
1187.9991280980241
1224.338186095405
1262.3132193409706
1302.4950739251299
1344.9275797699993
1389.9191568446313
1437.8657573359526
1489.3113904860793
1545.0486608091278
1605.9940198319935
1673.5576556540718
1747.7042762020972
699.6132495673987
673.5729983479905
647.9280224060958
622.8054065295323
598.5273688996655
574.934856564891
552.4402282494841
531.0394579757491
511.0537755975128
492.8589001391066
476.33093145496514
461.7584243142781
449.1700353950264
438.35409270352176
429.5440850432754
422.4976013881537
416.9285777701496
412.80877832288775
409.846466216984
407.77830467731314
406.52917716200113
405.78190145778717
405.3420060916037
405.15951454724376
405.044536314938
404.9951005328994
404.96934808964807
404.9436628645449
404.93847796452485
726.4896438301513
752.6937637253454
778.7123797667466
804.818203531145
831.0315201217477
857.832764494505
884.6380365682812
912.3590849804647
940.1989729653044
968.4608711291029
997.4260832669887
1026.6382277159698
1056.9124472937378
1088.0131233648412
1120.126626167895
1153.4194055650205
1187.9987609657098
1224.3378996289205
1262.3129910820753
1302.494865493194
1344.9273933530574
1389.9189888128167
1437.8656046621227
1489.3112525205136
1545.0485412734836
1605.9940021257607
1673.5575561302016
1747.695747471968
1831.1825298442623
699.5734189546172
673.5433001467866
647.8987970335983
622.7807447400787
598.4997659099424
574.9089651681596
552.4147867179399
531.0153104419805
511.0321975939529
492.8389605652823
476.3136357839334
461.7436910240129
449.15769998606834
438.34455078314505
429.5366644445625
422.4919546263657
416.92458326117367
412.80600725789975
409.84464786927396
407.7772104583808
406.52848518385144
405.781486511771
405.3417844458712
405.15939399203086
405.04449416632826
404.99508860087593
404.9693485303132
404.94366615241876
404.9384800654622
726.3813734653494
752.5936156458273
778.6611986782557
804.7969878608425
831.0234041576849
857.8273119503616
884.6372603572593
912.3561831642243
940.196736635187
968.4582027314478
997.4234079990847
1026.6366516295202
1056.9109244867175
1088.0119659876254
1120.125758660668
1153.418737528254
1187.998272200146
1224.3375208619007
1262.3126936003212
1302.4945969549758
1344.9271560458053
1389.9187773432254
1437.8654142539626
1489.3110807787405
1545.0483905696638
1605.993939427214
1673.557493139885
1747.6888466100806
1831.1408324356378
1927.8460634240892
699.5258869084727
673.507009391444
647.8625344101888
622.7499505188723
598.4650629278151
574.8761941607389
552.382462991458
530.9845405261228
511.0046266152991
492.81343119958495
476.2914602008342
461.72477776397375
449.1418499245769
438.3322830902058
429.5271178729819
422.4846864100757
416.91944017462805
412.8024379007295
409.84230495601446
407.7758002733235
406.52759287005676
405.78095129648557
405.34149857848007
405.15923845522684
405.0444398354795
404.9950732356913
404.9693491118736
404.9436704079128
404.93848277792796
726.2631763968054
752.486277928713
778.6008355631554
804.7705026433725
831.0127493495156
857.8200732204464
884.6360581101579
912.3522348026968
940.1936792225047
968.4546424638179
997.4198233480549
1026.634521592156
1056.9088713324898
1088.0104010912908
1120.1245845253638
1153.4178336551126
1187.9976152626668
1224.3370130092396
1262.3122983770324
1302.4942433657104
1344.9268465582772
1389.918504368914
1437.865170944342
1489.3108628275234
1545.0481993650837
1605.9938167282191
1673.5574076194862
1747.6824723753778
1831.1054358742913
1927.7123652071039
2043.2434195645649
699.4692350422416
673.4626092607182
647.8175185906852
622.711361711711
598.4214077133355
574.834669080031
552.34136859646
530.9453235827328
510.96939185883076
492.7807497814067
476.26303519541636
461.7005087120142
449.1214952748634
438.31651979292695
429.5148443700171
422.4753380781929
416.9128231542014
412.79784386529445
409.8392884727116
407.77398415510606
406.5264430988366
405.78026150832494
405.3411301957888
405.1590379901698
405.04436986746555
404.9950534703032
404.9693498760669
404.94367590764284
404.93848627509396
726.1342418373162
752.3711318498529
778.5298167308976
804.7373890793069
830.9987934268631
857.8104256399498
884.6342077859822
912.3468780339003
940.1895084607685
968.4499046543383
997.4150370849111
1026.631650430204
1056.9061101931113
1088.0082886914106
1120.1229955839888
1153.4166085583172
1187.9967277974747
1224.3363263854633
1262.3117666157864
1302.4937706266858
1344.9264356142683
1389.918144871232
1437.8648534825547
1489.310580731095
1545.047953068673
1605.9936171446745
1673.5572637127807
1747.6765035598792
1831.0722345813874
1927.5950362675667
2042.889174925122
2184.5171915442475
699.401823886384
673.4081661105606
647.7616586207536
622.6628207797512
598.366463627713
574.7820003292084
552.2890918825476
530.8953333048437
510.9243570710987
492.7389203407633
476.2266095468749
461.6693805279549
449.09537084321164
438.2962760233257
429.4990752804706
422.4633230830134
416.9043159133505
412.7919354305654
409.8354076038134
407.77164674740817
406.52496261268396
405.7793731589553
405.34065585575763
405.15877986977176
405.04427984422347
404.99502807185104
404.9693508764101
404.94368300547495
404.93849077780965
725.9935662107807
752.2471829499343
778.4466064339531
804.6958526528438
830.9805840788318
857.7975140166375
884.6313635680568
912.3396320556535
940.1838265482306
968.4436157259848
997.4086703133207
1026.6277918169433
1056.902408749749
1088.005444924769
1120.1208490084005
1153.4149489865977
1187.9955267088715
1224.3353942969677
1262.3110458734666
1302.4931324125769
1344.9258832019839
1389.9176644616973
1437.8644324929664
1489.3102094495637
1545.04763078813
1605.9933189721705
1673.5570347699204
1747.6708224014599
1831.0409129669126
1927.4847133619369
2042.569416308807
2183.6654060904607
2361.007950890035
699.3217706883698
673.3411851509126
647.6924157873337
622.6015300079166
598.2972748655156
574.7151454344502
552.2225532598474
530.8316049372964
510.8667922056718
492.6853946076578
476.1799452121766
461.62947258013776
449.06186121952607
438.27029277807026
429.4788283072851
422.4478920679807
416.89338628423275
412.7843421341365
409.8304181519793
407.76864018372686
406.52305749290645
405.77822986150636
405.3400455361653
405.15844782661526
405.0441641225144
404.99499547174855
404.96935218136485
404.9436921534534
404.9384965671186
725.8398501740874
752.112856813842
778.3496381786707
804.6435329238461
830.956899017904
857.7801835855407
884.6269745000562
912.3298601153431
940.1760898213303
968.4352859924101
997.4002335756395
1026.6226219348737
1056.8974639598944
1088.0016290745443
1120.1179569046978
1153.4127053839002
1187.9939017942404
1224.3341277351744
1262.3100657008144
1302.4922661850262
1344.9251349784718
1389.9170161595966
1437.8638676461746
1489.309714425111
1545.047203408792
1605.9928930790802
1673.5566937581145
1747.665326260042
1831.0110732654368
1927.3797992942016
2042.2698479831147
2182.9028529923603
2359.0787008054062
2582.498769220991
699.2268723026848
673.2584542414938
647.6066794467438
622.5238857219492
598.2100857306237
574.63023596313
552.1378230472404
530.7503614029612
510.7932105556882
492.6169222952251
476.12018398949067
461.57833334383423
449.0189063217906
438.23696210348527
429.4528494403637
422.42808880761686
416.8793546781809
412.7745907390144
409.82400783947196
407.76477499583484
406.52060737198786
405.77675936459354
405.3392608135149
405.15802109440585
405.04401550442964
404.99495367925107
404.9693538782865
404.9437039280467
404.93850399970626
725.671365228014
751.9657996246001
778.2372187184511
804.5774355223762
830.9260641753541
857.756920879992
884.6201533046623
912.3167189671793
940.1655546637102
968.4242708259325
997.3890969411067
1026.6157154073953
1056.8908813052387
1087.9965268204908
1120.1140728319433
1153.4096809623995
1187.9917075030285
1224.3324085148354
1262.3087320032516
1302.491088040351
1344.9241176079552
1389.9161361811775
1437.8631038997257
1489.3090482655414
1545.046630764233
1605.9923000545996
1673.5562073453727
1747.6599199481925
1830.9823245507487
1927.2790856159493
2041.982609261125
2182.1899188366174
2357.4607721295893
2578.6504638082642
2859.3284071680264
699.1144114731479
673.1559221327514
647.5005477456465
622.4252982529847
598.1001030140337
574.5223566787544
552.0298954049525
530.6467923513674
510.6991625239075
492.5293628403265
476.0436788823156
461.5128371449213
448.96388284703784
438.19423274512656
429.41953982168326
422.40269487141086
416.8613543567682
412.7620774336435
409.8157777064512
407.7598085015969
406.5174580426819
405.77486913240153
405.33825255030524
405.15747320536923
405.04382482514575
404.9949001758778
404.9693560782889
404.9437190628452
404.9385135267205
725.4857864737166
751.8027874346176
778.1072022471699
804.4940056355681
830.8856213087982
857.7258054880151
884.6094864116915
912.2990828122577
940.1512084391406
968.4097164978948
997.3744525284014
1026.6065138117817
1056.8821478643515
1087.9897285877757
1120.1088743393307
1153.40561753803
1187.9887522402994
1224.3300803958196
1262.3069197386446
1302.4894860551926
1344.9227327417805
1389.91493848198
1437.8620665887554
1489.3081463468661
1545.0458577730085
1605.9914866690397
1673.5555314610292
1747.6545084887855
1830.954292375095
1927.1814821895143
2041.7044368344768
2181.5005310946012
2355.9316411211626
2575.5337194145372
2852.3720839376037
3200.042013129078
698.9808197567282
673.0286428665381
647.3689921173104
622.2999836495111
597.9612030811345
574.3852549308996
551.8924117277434
530.5147748814967
510.5789744936011
492.4174499940269
475.9457818598531
461.42900412023874
448.8934563051163
438.13949171282934
429.37686409386555
422.3701604738838
416.83828162045165
412.7460329532637
409.80521861057287
407.75342999990806
406.51341203438193
405.7724407132646
405.33695796873485
405.15677049018444
405.04358044130083
404.9948317884678
404.96935892219517
404.943738488924
404.9385257163071
725.2799582246633
751.6197999866896
777.9564589564302
804.3893191848603
830.8318808786344
857.6844287122627
884.5928009863142
912.2754172177413
940.1316863834118
968.3904847129957
997.3552669648561
1026.5942847809504
1056.8705972754658
1087.980701492758
1120.101940339138
1153.4001771367214
1187.9847844494514
1224.3269375686625
1262.304463452439
1302.4873116875483
1344.9208492522055
1389.9133077116671
1437.8606550639715
1489.3069210732606
1545.0448093238838
1605.9903812915163
1673.5546068342246
1747.6489914239341
1830.9266141579783
1927.0859572492257
2041.4328990193533
2180.827603641139
2354.4403314660485
2572.553327146604
2846.8488971030874
3188.408622612476
3610.0729777220727
698.821271527854
672.8707069557055
647.2054626411864
622.1406580136804
597.7856055692573
574.2109477456562
551.7173242101478
530.3465247627772
510.42541816250616
492.27449945943266
475.82057841326133
461.3217750413844
448.80339749339714
438.0694165820109
429.3222361804601
422.32851862602985
416.80873383680495
412.7254789960719
409.79168167389474
407.7452419367301
406.50821661124087
405.7693225861424
405.3352969601333
405.1558702235031
405.04326760255594
404.9947445399175
404.9693625876912
404.94376338403595
404.9385412799231
725.0495329193855
751.4120570395174
777.7804373980352
804.259112727769
830.7595616862102
857.6296517225319
884.5669422984959
912.243565307025
940.1051752638807
968.3650501392311
997.3302193050213
1026.5780694656403
1056.855364101886
1087.96875287075
1120.0927217790345
1153.392918069847
1187.9794744432681
1224.3227096906776
1262.3011449770318
1302.484368659894
1344.9182932127449
1389.911090131164
1437.85873448103
1489.305254439515
1545.043383600938
1605.988887920409
1673.553353604355
1747.6432573008785
1830.8989323213455
1926.99151663421
2041.165769580674
2180.1666189737766
2352.9754770827612
2569.627829167536
2841.5172340645718
3179.2823568907565
3591.902515790803
4087.547059524513
698.6293727348095
672.6749031034789
647.0015822435917
621.9380058336611
597.5635395463893
573.9891979878781
551.4944783568785
530.1321712539499
510.22929278104476
492.0920478164104
475.66055883274714
461.1847313232753
448.6883566432069
437.97979275377514
429.25237799979544
422.27527961672934
416.77093284919994
412.69917417857107
409.77434131697385
407.7347359877299
406.5015485368576
405.7653210964494
405.33316745726313
405.154718357148
405.0428676905016
404.99463347929515
404.9693672977769
404.94379523153026
404.9385611019374
724.7885191493181
751.1735494850614
777.5732974331818
804.0982102442741
830.661812359318
857.5570418358413
884.527624268087
912.2004144838302
940.0692948757289
968.3313697517438
997.2976164907794
1026.5566159128991
1056.8353245900432
1087.9529826423616
1120.080503633452
1153.3832637588891
1187.972390593072
1224.3170423852596
1262.2966774083352
1302.4803985574322
1344.914834970573
1389.908081905679
1437.8561252197271
1489.3029884343769
1545.0414434352626
1605.9868784306784
1673.5516643992771
1747.6371772297496
1830.87088634838
1926.8971886063764
2040.9009118652882
2179.5135160953355
2351.529853406138
2566.741355749767
2836.260315979218
3170.410152974688
3577.756478062924
4060.847275903653
4622.838753108333
698.3970112494238
672.4318733686796
646.7470102487329
621.6798523895388
597.2828615343944
573.7068734767953
551.2110698427566
529.8592561852369
509.9789020828059
491.85940810110645
475.45621643341457
461.00974984145864
448.5415877655033
437.86528978123516
429.1631467230577
422.2073025011223
416.7226313649413
412.66554763201725
409.7521492815114
407.721262818469
406.492994793833
405.7601890285607
405.33043967371987
405.15324679230747
405.04235731534527
404.9944924980395
404.9693733304923
404.94383588915593
404.93858627096347
724.488940905698
750.896043192422
777.3285763797027
803.8994247208759
830.5306102572999
857.4600270709116
884.4693235854133
912.1414700308517
940.0209213754497
968.2867334382822
997.2552743103233
1026.528295220183
1056.80902064281
1087.9322207438242
1120.0643556535065
1153.3704620626936
1187.9629679741759
1224.30947175021
1262.2906841700524
1302.475062138933
1344.9101724419224
1389.9040140195132
1437.8525892552454
1489.2999126786453
1545.03880514848
1605.9841825455035
1673.5493953103473
1747.6305966185555
1830.8421035467218
1926.8020089460506
2040.6362382050575
2178.864396339806
2350.096871937069
2563.8833454351916
2831.0574556820957
3161.6353653759934
3563.9332374943097
4040.165613273294
4585.681997363084
5195.873286936831
698.114084679227
672.1290548746688
646.4291445644112
621.3502727228813
596.9284159144919
573.3472866441404
550.8509103928833
529.5121577823978
509.65941571571994
491.5631218572492
475.19556458596264
460.7865824957154
448.3546155512024
437.7191919886593
429.04932611709756
422.1206408258337
416.66100011865666
412.62261827881275
409.72377795529
407.7039940187458
406.4820283275096
405.75361129513885
405.32694900586506
405.1513701683491
405.04170727527423
404.99431414748267
404.9693810297734
404.9438876663486
404.93861810954627
724.1404592425637
750.5689230510858
777.0390029396594
803.653281031386
830.3568072787956
857.3292982497622
884.3849890390935
912.0604776758094
939.9558812960161
968.2276175167431
997.2003509462546
1026.4909948591385
1056.7745644998786
1087.9049445127398
1120.0430685017334
1153.3535322075336
1187.9504668635054
1224.2993909006436
1262.282671573166
1302.4679150266368
1344.9039095025737
1389.8985328171184
1437.8478126128632
1489.2957485118054
1545.0352241872254
1605.9805749062261
1673.5463541456306
1747.623324364628
1830.8121877362482
1926.705003946889
2040.3696772239477
2178.2154417512515
2348.67018110267
2561.044000313478
2825.894114019255
3152.9320737906255
3550.232482299873
4019.8799242791047
4556.99971506023
5146.699350782627
5778.6300026794015
697.7675916532571
671.75030435955
646.0318449749591
620.9291806570988
596.4808120226621
572.8896335822296
550.3934707507503
529.0714094437866
509.2521258516067
491.18628126496174
474.8635654941085
460.5023542048369
448.11683869180956
437.5330796527749
428.9043794741434
422.01036075026053
416.5824940783823
412.56789821356017
409.68755119041725
407.68187455700354
406.46797777386126
405.74518719362413
405.32248741534886
405.1489822031758
405.04088141190886
404.9940894866845
404.9693908170674
404.9439534057101
404.9386581957924
723.7289068506245
750.1811971044572
776.6940197377148
803.3499191279873
830.12902091452
857.1532002547951
884.2652956262624
911.9493013506392
939.8684576351125
968.1495558794343
997.1291316697602
1026.441977221221
1056.7295235231595
1087.8691695043212
1120.0150707125408
1153.3311956349319
1187.9339175354148
1224.286005859258
1262.271992713133
1302.4583760051219
1344.8955279856868
1389.8911748869325
1437.8413827629847
1489.2901285228363
1545.0303766416964
1605.9757584251574
1673.5422851915384
1747.6151187039254
1830.7807051274046
1926.6051715785188
2040.099142093775
2177.5628567624003
2347.2435501658365
2558.2138492778186
2820.7566452416286
3144.281116637853
3536.6226466947032
3999.74355076983
4528.788786341748
5108.832040204099
5716.466735359976
6333.324880601302
697.340113558196
671.2762596245136
645.5329024207645
620.3924425858163
595.9146472732664
572.3083998798727
549.8128233296384
528.5128092945996
508.7336361356257
490.70769657447903
474.4414622597402
460.14098363260473
447.8150654001007
437.2964612234307
428.72016503949885
421.87033143214313
416.482697470233
412.498279156624
409.6413610628028
407.6535640212679
406.44999013021976
405.73440874069837
405.31679319577484
405.14595172535763
405.0398354458384
404.99380801110306
404.96940320312666
404.94403655927266
404.93870836562957
723.2338397808325
749.7222660299967
776.2778154717795
802.9808507517841
829.8326301820525
856.9188187687027
884.0977505761057
911.7980517650511
939.7508000357384
968.046987710895
997.0367948846293
1026.3776813888633
1056.6707865998721
1087.822306660563
1119.978320070176
1153.3017862173424
1187.9120465311873
1224.2682771121597
1262.2577997870285
1302.4456855490853
1344.884351329588
1389.8813346094444
1437.832759490262
1489.2825702062119
1545.0238354907315
1605.9693428748756
1673.5368494537086
1747.60566871202
1830.7471661429463
1926.5014598014995
2039.8224968358536
2176.9028125368545
2345.8107747619724
2555.3835824055323
2815.631840313048
3135.664414744055
3523.079464364953
3979.718956416385
4500.755069222823
5071.511294643477
5668.6785340128
6258.064584344598
6819.882845556509
696.8084320973879
670.6832416041672
644.9020481945004
619.7109987100873
595.1971294572071
571.5721259368869
549.0767967616621
527.8061746341831
508.07500711956203
490.1009169857969
473.9060017669265
459.68254553582995
447.4329872959129
436.99636280870527
428.48662073140406
421.6929916653812
416.35614928169593
412.4099024305958
409.5825695884062
407.6173651270846
406.42698556102033
405.7206348447701
405.30953922905724
405.14211871895026
405.038515965083
404.99345774332903
404.9694187992802
404.9441412413423
404.93877067705836
722.6284771345817
749.1748699038314
775.7733308947843
802.5354817693552
829.4520396837063
856.6119094496748
883.8669061361551
911.5949958942258
939.5925977006564
967.9129508560391
996.917228426782
1026.2934411389153
1056.5944121724128
1087.7609809354717
1119.9301603119015
1153.2631343252913
1187.8831780520152
1224.2448417444023
1262.2389808776616
1302.428851387345
1344.8694972641154
1389.8682221850377
1437.8212373307058
1489.2724420579525
1545.0150400568402
1605.960817367306
1673.529599152997
1747.5945701628907
1830.7110021194458
1926.3927400553662
2039.5375192033382
2176.2313883333063
2344.365582418451
2552.5439251620505
2810.5067048413284
3127.064457983959
3509.579950829017
3959.776458665066
4472.8548809297645
5034.395740837828
5621.509225310506
6200.278964222866
6732.382677404821
7197.870546441284
696.1418190858384
669.9392790062269
644.1015634328119
618.8474068979162
594.2880656768983
570.6411107835905
548.1464425766329
526.9137890955593
507.24076426103295
489.3331947829251
473.22853434862685
459.1026151192422
446.9506193135906
436.6168896830471
428.19143566426413
421.46910282721694
416.19615458764514
412.29801507645163
409.50789575077056
407.57113878851624
406.3976042325113
405.703061686065
405.3003202404791
405.1372910025968
405.03685988108697
404.99302560810634
404.96943832762173
404.9442722257754
404.93884730695163
721.8797989922767
748.5065856995099
775.1652314909309
801.9954118994078
828.9747615152648
856.2151927878626
883.5564313619403
911.3258296119328
939.3813900885322
967.7385138749304
996.7629469806487
1026.183118048826
1056.4954449026607
1087.6808142120808
1119.8671308465712
1153.2124180464325
1187.845102468079
1224.213909155751
1262.2140758264832
1302.4065768143626
1344.8498160574022
1389.8508092623879
1437.8058971158505
1489.258919930212
1545.0032567372177
1605.949514968273
1673.5199448180786
1747.5812942344976
1830.6715351361127
1926.2777753486212
2039.2418599415396
2175.5445095011323
2342.901546138468
2549.6854925208922
2805.368275611127
3118.464014834913
3496.101820977236
3939.8877853005924
4445.052837761314
4997.435398849087
5574.571992864988
6143.178504414059
6665.257322813277
7099.9473932799465
7426.509531750346
695.2991149083587
669.0009007317349
643.086414320174
617.7524790156211
593.1394018248823
569.4653729547422
546.9749568708153
525.7890584678971
506.18750660947074
488.36454821195497
472.3740329839113
458.3716471168366
446.34377331133277
436.13879293098546
427.81973918517235
421.18750970031283
415.99459209900925
412.1568180682922
409.41329084092024
407.51220700977257
406.3601466264238
405.6806909140628
405.2886403334044
405.13124262036376
405.03479488387495
404.99249826273
404.9694626300686
404.9444348337116
404.9389403361903
720.9376451825128
747.6761158767781
774.426539823675
801.3363373161044
828.3891654637797
855.7085013190878
883.150843834827
910.9732491869286
939.1031612978155
967.5121882867141
996.565004799045
1026.038730028471
1056.3676618715688
1087.5761876669092
1119.7847162362364
1153.145972718363
1187.7949026309252
1224.1731208108058
1262.1811639009757
1302.3771659828192
1344.8238096684054
1389.8277583875672
1437.7855434115027
1489.2409308423864
1544.98752851303
1605.9345672150903
1673.5071128703
1747.5651468047542
1830.6279389380377
1926.1551801748074
2038.932993980057
2174.837883027937
2341.4119833887444
2546.7986532974733
2800.2034318789824
3109.845892209884
3482.62315773165
3920.0256132566474
4417.31537168526
4960.589561928302
5527.8111602982
6086.334736756511
6598.874791515785
7024.868851694872
7321.0511366596365
7477.623234847689
694.2292024814548
667.8128590077207
641.7994012201721
616.366471322485
591.6909232886828
567.9849929427295
545.504858542995
524.3758480854401
504.8620317386094
487.14698373897613
471.30025460223
457.4544497306551
445.5836935444054
435.53910930200766
427.35385623190933
420.83494715912434
415.7417362260636
411.9793172706231
409.2938099404902
407.43724893840704
406.3125118035122
405.6522996275943
405.27390340560527
405.1237156785361
405.0322417394648
404.99186359702423
404.9694926770903
404.9446346258209
404.93905136073107
719.7303939553216
746.6332228606476
773.5081630087537
800.5279815277269
827.6755866206834
855.0720287860273
882.6333268801136
910.5187071788741
938.74191809974
967.2200048288465
996.3125890683938
1025.8502431851077
1056.2031964185633
1087.4400048135335
1119.677029305433
1153.0590460671024
1187.7287280939893
1224.1193614579547
1262.1377133485948
1302.3383985008604
1344.7895255516653
1389.7973312865108
1437.7586236846996
1489.2170806119511
1544.9666100370257
1605.914845653066
1673.4900909140893
1747.5452158561757
1830.5791883340146
1926.0233694326093
2038.608162945338
2174.1069220362015
2339.8898532281323
2543.8733903916545
2794.9987003943093
3101.1926985472383
3469.122098137485
3900.163081591402
4389.6098948461895
4923.819098034252
5481.180629193823
6029.687089575014
6532.770688873738
6950.580076055598
7240.224547074948
7368.173881048899
7329.259984088682
692.8724222264664
666.3068483276937
640.1674818751717
614.6191470390618
589.8660602511512
566.1302241267482
543.6650193819486
522.6073946484879
503.19986120071275
485.62368072673
469.9575433701817
456.30989376726205
444.637027777186
434.79101474236995
426.773198000844
420.3959511027977
415.42612451646505
411.7571943615145
409.14349568870557
407.3422032073255
406.2521436551708
405.6164200557061
405.2554111809545
405.1144282383403
405.02911965741384
404.99111312833116
404.96952957503373
404.9448767717278
404.93918084642706
718.1901313080353
745.2966741068863
772.3500746171181
799.5217650639619
826.7991465058444
854.2859306967583
881.9805432603364
909.9451230673924
938.2777975374244
966.8463892946233
995.9921448543748
1025.6055893373791
1055.9920574077844
1087.2634503659347
1119.5364454601583
1152.9454799943285
1187.6415078861223
1224.0485062225423
1262.0803794821654
1302.2873632138808
1344.7444167644169
1389.7572693640757
1437.72312378238
1489.1855606197096
1544.938884155461
1605.8888866982913
1673.4675574491798
1747.5203036696419
1830.5239936729108
1925.880493685082
2038.2643061497843
2173.3466630724984
2338.327650370376
2540.8991469425832
2789.740062625742
3092.486547348785
3455.5765454463176
3880.2733380636682
4361.904409520647
4887.086415601642
5434.636042644803
5973.184161668061
6466.879993754762
6876.587381895252
7160.220083097721
7284.303028499899
7219.952287013508
6971.004034582942
691.1482489680681
664.4023903429417
638.1027904173653
612.4214856232442
587.5755854549428
563.8158243630374
541.3713473112954
520.4029678208511
501.12567047404485
483.7282922226022
468.28982182101686
454.89128096578634
443.4662966582644
433.86413023615023
426.05438749311037
419.8529478385799
415.03452116380817
411.48072556476603
408.95530410603334
407.2222039378736
406.17600444163037
405.57134290642097
405.23237674186043
405.10309183910226
405.0253563336357
404.9902454438947
404.9695745589837
404.9451649250825
404.93932712991784
716.2374970366569
743.579605686358
770.8717836399815
798.2502318956875
825.7049228876275
853.3200108927888
881.1599572722449
909.2342051932887
937.6859394595512
966.3739203990494
995.586672693717
1025.2904999137584
1055.7217464801026
1087.035669113722
1119.353241865523
1152.797297379642
1187.526591982534
1223.9550868003444
1262.0047333992852
1302.2202380918604
1344.6851573347874
1389.7046376449937
1437.6764326552448
1489.1440276660321
1544.9022545377998
1605.8547950671862
1673.4377913940768
1747.4888393119422
1830.460716103751
1925.7243564647886
2037.8979745796864
2172.551665393531
2336.717276166389
2537.8646688327885
2784.4127405254358
3083.7088664298676
3441.963782214415
3860.3292940283095
4334.167086976458
4850.35436665239
5388.135096552253
5916.7774971332365
6401.1466990455865
6802.821782585036
7080.524349172529
7201.271311171148
7136.18874832177
6866.296683379816
6412.332178361938
688.960621731629
661.9999455073084
635.5005081621164
609.6630171984145
584.7195343489324
560.9369349744728
538.5275326094011
517.6656225411838
498.55506029483723
481.3863702106853
466.23675755982515
453.1482072511515
442.0309725916631
432.7255592619715
425.17177910534923
419.1865945359953
414.5520551772427
411.13879756465235
408.7211244841254
407.0716009915481
406.0806091243771
405.51516638725684
405.20396531763
405.0894430037865
405.0209044035961
404.9892705961088
404.96962891483963
404.94549941325135
404.93948496617236
713.7616536402468
741.3945099654077
768.980299210364
796.624895675035
824.3215245230122
852.11906305506
880.1294897244675
908.3556128306996
936.9374479992725
965.7793101680265
995.0760384861499
1024.8873475156659
1055.3772427453473
1086.7432510121957
1119.115299888831
1152.604189885387
1187.3753064575465
1223.8318625384597
1261.9048985763231
1302.1319994077176
1344.607398667537
1389.6356205192988
1437.6151671281636
1489.089449103185
1544.8540075524124
1605.8101196633288
1673.3985557959413
1747.4487661855383
1830.387258694176
1925.5523080097046
2037.5052222262675
2171.715894374947
2335.0498990055016
2534.757830609515
2779.0009827692647
3074.840041955648
3428.2601834429256
3840.3031242208776
4306.365687896232
4813.586158660902
5341.635736164809
5860.419726497952
6335.518705607608
6729.224384202296
7001.065570725375
7118.555256753894
7053.265014007265
6786.042689331491
6316.389977511183
5671.489805441459
686.2021852440772
658.9714662117553
632.237167129334
606.221492684534
581.1788237570755
557.376090759879
535.0191229826277
514.2879534213007
495.3959327825008
478.5217575333508
463.7368724252414
451.0304485303193
440.28941091989265
431.34176190158246
424.0986238043297
418.3764293431959
413.96264098253823
410.7191179334222
408.4319793970945
406.88414763469734
405.9621728919282
405.4459206627613
405.169377457564
405.073293016151
405.01576537874575
404.9882148416341
404.9696936571209
404.9458746261585
404.9396435491849
710.6392894634695
738.6194215723738
766.573228608348
794.5475722930462
822.5562363267331
850.605794993224
878.830411802936
907.25749835342
935.9972078449588
965.0269742209256
994.4367686309978
1024.3729269069452
1054.9410456878595
1086.369578699784
1118.8078219507574
1152.3529606088498
1187.1763949338574
1223.6692903622127
1261.7730688540764
1302.0160390467458
1344.5054491230976
1389.5452540328213
1437.5349447244892
1489.0179031892003
1544.7906345213103
1605.7516940920661
1673.3469485786122
1747.3973978075203
1830.3009266402821
1925.3611088853102
2037.0814718392173
2170.83257925497
2333.315792503946
2531.565441671777
2773.4878116963337
3065.8591942717144
3414.44088065076
3820.165924305058
4278.467175061595
4776.744556314042
5295.096354791651
5804.064731106239
6269.944460218243
6655.739524959082
6921.782510959845
7036.081405461319
6970.656814052287
6706.609980346591
6242.821535129777
5588.137834905189
4787.666533000086
682.7284453675147
655.1772217438897
628.1752114436619
601.9621446524708
576.8177088149057
553.0022036858976
530.7152013209886
510.1603021133323
491.55514887100094
475.0657175496491
460.73297615545783
448.4925642483613
438.20225242878064
429.68103388500845
422.8091492750768
417.40192581814154
413.2498076950672
410.20880609558174
408.07854035892564
406.65347132451757
405.816941354128
405.3617994455918
405.1279893544686
405.05459823898605
405.0100198978418
404.98712430661226
404.96976854328574
404.9462758142726
404.93978399353085
706.7078152617571
735.1205277351722
763.5060713376221
791.9124047120026
820.2979652583981
848.6867515905287
877.1830611528271
905.8659838072756
934.814073378469
964.0654855853959
993.6370560078406
1023.7165978526342
1054.3918046408874
1085.894414164964
1118.4127922120886
1152.0270478096427
1186.9153125110577
1223.4548956913886
1261.5988844127432
1301.863662840984
1344.3718556540791
1389.427074884854
1437.430088998077
1488.9243217536523
1544.7076029380214
1605.6754317029431
1673.2792106274517
1747.3312328455659
1830.1982479238077
1925.1467566634283
2036.6213443651468
2169.894036509154
2331.504139614664
2528.2730118515715
2767.854773708299
3056.7438450845193
3400.4793829037935
3799.8872452549667
4250.437286851872
4739.791357488597
5248.475084281728
5747.6666040755745
6204.374298589904
6582.312854248105
6842.617115276768
6953.787430482375
6888.291315452956
6627.485727313963
6170.037459490035
5524.175217461189
4719.716494044626
3815.211748390874
678.3872087860369
650.4691334170242
623.1604883754758
596.7328217356031
571.4853498855384
547.6646774251279
525.4849457519791
505.17611395467094
486.9560453802717
470.96293809239387
457.18076110360016
445.4970157748915
435.73753643082904
427.71652525690473
421.2815303237574
416.2442309470896
412.3980840699232
409.59566394682815
407.65215328721007
406.37394276902546
405.6417693542955
405.26151637777616
405.07955522586815
405.0335485437572
405.00385863502834
404.98606533321873
404.96984964751823
404.9466763491614
404.93987635524303
701.8053244454072
730.7212760003623
759.627060026635
788.5584934289986
817.4288035990894
846.246407771138
875.0924941318774
904.0909932322759
933.311774273383
962.8276981240875
992.626474476104
1022.8791284702329
1053.7000777573282
1085.293782471267
1117.9078475400747
1151.6061903279249
1186.573383945189
1223.1725366399633
1261.368659413004
1301.663436551023
1344.1968630653494
1389.2726616501195
1437.2932470479564
1488.8021588043093
1544.5990619778777
1605.5760622050745
1673.1904798375426
1747.2457188593717
1830.0747452640849
1924.9042659016316
2036.11844476702
2168.8914567647166
2329.602809859284
2524.8645068528917
2762.081622635159
3047.4695545147897
3386.347160706815
3779.4347044744873
4222.239978371869
4702.687039152973
5201.72894268431
5691.179069137865
6138.758774478839
6508.891703315603
6763.51312182895
6871.614139032977
6806.106113434604
6548.599344428061
6097.548492397361
5460.940901407739
4667.509380109787
3764.1372339438467
2816.4624737868694
673.0166034563886
644.6698084628678
617.0125889737504
590.3592509906795
565.0093545532751
541.2119821885243
519.2079488925278
499.25195644692053
481.55132817219356
466.1779737947828
453.0540153391798
442.01782425535515
432.87601365029855
425.43087653008735
419.50125467095023
414.8891057013438
411.39522151310615
408.8704562765868
407.14657947167655
406.0419626128223
405.4349521378567
405.1447635712914
405.0244537936789
405.01066572525633
404.9976025980489
404.98511939575184
404.9699246513979
404.9470381993338
695.7526484405556
725.2457778021562
754.750025412768
784.304586580508
813.7808317746634
843.1476553363677
872.4465185858959
901.8311656888204
931.3936479881072
961.2295931661006
991.3287019040332
1021.8085426449696
1052.8223911245173
1084.538491774176
1117.2646636117152
1151.065887800061
1186.1269669432088
1222.8015114326017
1261.0644860210405
1301.400343761332
1343.9677234399205
1389.0710392629437
1437.1148932975836
1488.6429642390215
1544.4574636932336
1605.4467932475009
1673.0744748706466
1747.1349498339623
1829.9246450193773
1924.6273883275157
2035.565093371487
2167.8146409274527
2327.5980823558493
2521.322035262325
2756.1459919890162
3038.009546259116
3372.0132254374294
3758.7734430987944
4193.836824931149
4665.390031195752
5154.813360140109
5634.554813339317
6073.047628083457
6435.4234111119
6684.41587649639
6789.504350305524
6724.041902788752
6469.889085607814
6025.286355419045
5397.980932030686
4615.956006211882
3724.8175331422253
2782.234297618951
1867.2110965623801
666.4060305055982
637.5593043766166
609.526551450085
582.6484409651197
557.2212282339212
533.5102483877985
511.79685221402355
492.3518451635755
475.32604293633887
460.7032551360222
448.3437797808245
438.0496198989565
429.6164415921801
422.8234972103079
417.4648802777733
413.3314124015008
410.2358687238861
408.0302555857229
406.5604435144435
405.6574289483079
405.19715388397424
405.01269603069846
404.9639381682734
404.9869061604592
404.99170131553905
404.984373511232
404.96996671649237
688.3030441548767
718.4927162714806
748.6864956449044
778.9447397244071
809.1521969982091
839.2029183652303
869.1037275109325
898.9692747912758
928.953495159247
959.1705358702501
989.6442978782469
1020.4308950696094
1051.6966680616426
1083.5883520820223
1116.4473205480454
1150.37575651737
1185.5468252459766
1222.3154219498037
1260.6632590856932
1301.0547334603157
1343.6678231986261
1388.8079165250517
1436.8826863464071
1488.4358369056797
1544.2730763173415
1605.2788758818988
1672.923089916546
1746.9912800555248
1829.7405074781216
1924.308260223628
2034.9519901201948
2166.651676034748
2325.4743153546137
2517.6255074326955
2750.0230022522246
3028.334274311051
3357.443679296881
3737.8656483880313
4165.186681742799
4627.8561940298605
5107.68160712417
5577.744908898752
6007.189982513188
6361.855172151036
6605.2703349479825
6707.402185081242
6642.0418466606225
6391.297353051189
5953.192779618329
5335.23111976228
4564.649366758124
3686.060418291273
2755.7917123377047
1847.9580031325033
1043.26785798384
658.294529491225
628.9033200304079
600.5002665444015
573.4264736273643
547.9797152412975
524.4733453517777
503.2343668698899
484.49483779464157
468.3053294059376
454.5591151923907
443.068895460127
433.6206839993477
425.98605975974635
419.91786903968534
415.1857902394346
411.58074311288294
408.9271802764958
407.08210447778646
405.8996436367424
405.22478691695983
404.9320960153063
404.86837837182156
404.9003828305183
404.9637924044409
404.9867175060208
404.98391464074257
679.1620635435115
710.1854925451235
741.2147876791777
772.2777610268415
803.3116259894878
834.190429171694
864.8585314399594
895.3591125382769
925.8687038568546
956.5398370394753
987.4587237302627
1018.6439212902799
1050.2390878952697
1082.3822077920665
1115.4098088201363
1149.4960888897374
1184.7974934880158
1221.6807951504231
1260.1356096569439
1300.6010834266647
1343.2755856515375
1388.464729616391
1436.5806392273535
1488.166724390891
1544.033360983146
1605.0610471659147
1672.7258754683448
1746.804830021024
1829.5127555404297
1923.9369574947495
2034.2677979957416
2165.388539805202
2323.21355982673
2513.752239074706
2743.6848071286395
3018.410913016274
3342.601104862538
3716.669941716251
4136.244835912476
4590.038159367235
5060.2841183731
5520.697922618419
5941.133111984636
6288.133057354566
6526.021970879987
6625.251834067301
6560.0497673266145
6312.768590501225
5881.212403198864
5272.637849494086
4513.531299485671
3647.516217875229
2729.805299366475
1832.981778415751
1035.461227870847
440.871520323191
648.4287493689867
618.5037264922362
589.7674823816486
562.5511313438244
537.2044125182598
514.1129578596315
493.58968767075777
475.7590632950938
460.55507267035193
447.8058315131732
437.3030332544829
428.8081753975637
422.0533085118037
416.76527173200503
412.7020758905302
409.6674066447303
407.49447752310925
406.0449695251744
405.1778706455657
404.7530378740046
404.64684259112823
404.7173798441363
404.8377079323617
404.9436709244282
404.983357846218
668.0623133802094
700.0039267183834
732.0361004358575
764.0667299549008
796.0352611091017
827.8602943417782
859.4581715562581
890.7895956601059
921.9790667694435
953.2127849454845
984.6475032110434
1016.3222538493442
1048.340539442646
1080.8295060343883
1114.0897523263004
1148.3732360743752
1183.83538601771
1220.8556941340812
1259.4445692849254
1300.006677511661
1342.7631026179288
1388.0174686400442
1436.1880607319426
1487.8175291273024
1543.7221766736693
1604.778817090817
1672.4693737939451
1746.5628552562282
1829.229075065894
1923.5009317409651
2033.4986194357361
2164.0086203016667
2320.7951028663147
2509.6764683557876
2737.100097876241
3008.2028300649345
3327.4439885618904
3695.140685127389
4106.962436797295
4551.8845240915825
5012.56772762924
5463.359543788652
5874.8215954740435
6214.201346356624
6446.614835159916
6542.997495411879
6478.010450776974
6234.247877902519
5809.292327083614
5210.14969420065
4462.553484250805
3609.1341607570066
2703.9923158693
1818.342612177502
1029.2771270411029
439.678916817716
-22.962702255193975
636.6170577528059
606.2028001526086
577.1837993451891
549.9480720427689
524.9421539989436
502.5619278012041
483.010109919127
466.26986660317783
452.1925483861987
440.5804096464659
431.1947488732421
423.745934710401
417.924467291963
413.4462966682443
410.0814202744967
407.6464775046084
405.9806941663487
404.94710689037373
404.4138461967224
404.2553492478313
404.352645896968
404.5692459395665
404.78245212835196
404.93023495001313
654.8100132964373
687.6621839273788
720.8066379467591
753.9947410392094
787.0685776864129
819.9659350962553
852.6266790201788
884.9873218791729
917.0593210368985
949.0237343410863
981.0720975861489
1013.326475221591
1045.86663316715
1078.8086366012808
1112.3978300353015
1146.9348990560247
1182.6039970420325
1219.788440350189
1258.54366877055
1299.2302850697981
1342.0944803469465
1387.4352591483719
1435.678230814228
1487.3649712058404
1543.318772039635
1604.4135592238183
1672.136274375202
1746.2489437242214
1828.873647971366
1922.9842913711768
2032.6273417555462
2162.492119395704
2318.1949143076463
2505.368831930942
2730.233547809408
2997.668936748091
3311.926047895859
3673.2273215659065
4077.2856703784187
4513.339176916317
4964.474931285427
5405.671385082281
5808.197123922458
6140.001668790618
6366.991180094621
6460.582543755151
6395.868054414964
6155.681374768679
5737.380171889152
5147.717487172795
4411.670060136311
3570.872725344271
2678.3106433687826
1803.8330178041929
1023.3009618231347
438.62440609573963
-22.249302062575392
-623.6897183701254
622.7024586922133
591.8506238823397
562.6821273677041
535.7044510923591
511.39665725515306
490.04335568965445
471.68546271891364
456.2074534599561
443.4288064920247
433.113052063465
424.9521281098558
418.5982089836798
413.72604102832196
410.06939018594295
407.41693440310695
405.5905723116935
404.434329309095
403.81891533267344
403.62906003424513
403.7516590342769
404.0687485303109
404.440647940026
404.7457239114037
639.243974591714
672.9542682362263
707.215860929823
741.6955842983862
776.0802115971704
810.2305278046387
844.0963576049999
877.6452775291539
910.8232138541555
943.7331843791812
976.5596365076668
1009.5000627298025
1042.664693898066
1076.1710143717132
1110.2097111783341
1145.084691926363
1181.0265019330236
1218.4154530773915
1257.374420283189
1298.2206639297822
1341.2239813099989
1386.6786421161428
1435.0167905609023
1486.7791485030154
1542.7965155600752
1603.9413569781811
1671.7043458617163
1745.842000435028
1828.4261790033486
1922.3668882943655
2031.6328066443818
2160.815316806427
2315.3849988527068
2500.7957550983774
2723.0451899312543
2986.763083436981
3295.995514574458
3650.873497456836
4047.1548907391984
4474.340389851079
4915.942821039755
5347.570434793743
5741.196930105656
6065.4724577045845
6287.090610970779
6377.948073134685
6313.565921259665
6077.014402917515
5665.4244840019655
5085.292504007505
4360.83674313007
3532.6924424199347
2652.726816802397
1789.420722085581
1017.4075816375007
437.63016604513115
-21.48518086374321
-619.8635537352787
-1439.6086806834346
606.5334386687043
575.3956666559129
546.3974789020307
520.0988758267724
496.86845848153126
476.8138427855542
459.863574867191
445.86166218026005
434.5750404557982
425.6769300487944
418.7818824451148
413.5226632010482
409.59587857798897
406.7584612669231
404.80582332255744
403.5646144281451
402.89558354538167
402.69198162240116
402.8556141328777
403.27749305352876
403.82917027697397
404.3586818181932
621.2213715541734
655.7164406451998
691.0402353538718
726.8342962239899
762.6853846957899
798.3054852347465
833.570884542416
868.4641387201505
902.945159194967
937.0346319511175
970.8690352900433
1004.6521360614514
1038.5654350069772
1072.7478050612262
1107.3680665545494
1142.6957758974918
1178.9989208228965
1216.6561119911798
1255.8635483355026
1296.9142523157825
1340.094124085878
1385.6974590417672
1434.159841600529
1486.0217348284857
1542.1213038443184
1603.331549795319
1671.1450944580245
1745.3149764362563
1827.8606694621985
1921.6231485045873
2030.4887388628977
2158.949630773417
2312.332585901027
2495.918754921889
2715.489767549606
2975.43335002847
3279.5943360377732
3628.016259469071
4016.503764666544
4434.8197925413615
4866.902294139849
5288.987956790652
5673.753284510058
5990.5476564102755
6206.849276127719
6295.032870854315
6231.045634419212
5998.191804589638
5593.373354988832
5022.827233293711
4310.01000481304
3494.5554395657996
2627.208947514033
1775.0811309342266
1011.5756785344009
436.66309311384094
-20.686297973725658
-615.198355626912
-1430.840248503541
-2374.940135190177
588.0853471538892
557.0270492731141
528.6840528464958
503.5099033744642
481.6869877645338
463.19840663467113
447.9191329061517
435.6199517793115
425.9545501715322
418.5019627542969
412.85540257289534
408.67209447996163
405.6720885397919
403.6180822953827
402.3140547668175
401.6113628902484
401.40661203241484
401.61748572799195
402.15188212238036
402.8909167550755
403.68376802269125
600.7524087463921
635.8248755226022
672.1166115609653
709.1689893578266
746.5269012600179
783.7883308094644
820.6839323930003
857.1236321870206
893.0937465382287
928.5830761871183
963.6818403512834
998.5329178522012
1033.3651641785673
1068.3536796400151
1103.6910933954882
1139.6083313833058
1176.3865137773562
1214.4044216553973
1253.9198828143703
1295.2313999265587
1338.633687816608
1384.4282861582192
1433.051714735348
1485.0437804936832
1541.249573133165
1602.5449137442547
1670.4220878481244
1744.633300834852
1827.143898792746
1920.720605297916
2029.162384427292
2156.8604027905617
2308.999111564567
2490.6935928962703
2707.515975760582
2963.6213133076503
3262.6574496082417
3604.5851770493387
3985.2581609550007
4394.701258763348
4817.27684587389
5229.848316954805
5605.792424360795
5915.156133847084
6126.198929762869
6211.772162000987
6148.246111562931
5919.156507018442
5521.174111000219
4960.2734958703795
4259.147163689539
3456.4243584480523
2601.726523755953
1760.7911147953102
1005.7904923100668
435.71579368548265
-19.882721180891725
-610.0273776010393
-1419.7149848913925
-2359.8984419756353
-3356.5462871830237
567.602638056304
537.1717340191932
509.998827621077
486.34746926801677
466.26375158312334
449.6586850707665
436.30689849742225
425.84188650138594
417.80975534497713
411.7688492515464
407.3357402185638
404.1877374010446
402.04949748795786
400.70072216749577
399.98115017019296
399.78569974058763
400.0420597338223
400.6781730566702
401.59663774151966
402.6605181192326
578.1343181665834
613.3276297287983
650.3460251800261
688.5364906190957
727.3446999775175
766.3022186578869
805.0144430237099
843.2410888378793
880.9146504298499
918.0217030545199
954.6258834747186
990.8191305641051
1026.7973849593443
1062.7737941191428
1098.975490398237
1135.6339511067267
1173.0231231750201
1211.521588620533
1251.4295262927758
1293.071461609424
1336.7548712623127
1382.791533872928
1431.6222473685978
1483.7831233261065
1540.125828907828
1601.531401219909
1669.4888694547437
1743.7529581216995
1826.2335806505107
1919.6181010315509
2027.6127905522353
2154.505326835374
2305.338887238835
2485.0691924508164
2699.0656140647125
2951.2613278956583
3245.1120507985875
3580.5015035945976
3953.3353622723175
4353.899968594921
4766.981392980802
5170.067816924453
5537.233269021453
5839.220374188013
6045.066170454065
6128.096648316849
6065.102914497842
5839.848672156896
5448.772261139134
4897.5824656642135
4208.205031839735
3418.262523237066
2576.2495690703554
1746.5284580690022
1000.0384213193573
434.7834772335525
-19.08535266678619
-604.6083657998073
-1407.172863315475
-2340.449971914962
-3334.5500583496814
-4311.25228005977
545.5811987575815
516.3662564411142
490.83880099214684
469.11372928369957
451.14204303247055
436.7030151853273
425.40977802529943
416.77664135571996
410.33064759342824
405.6476448172785
402.35800338273884
400.1442769455852
398.7641051996812
398.0467353295169
397.8771859172661
398.1780952963557
398.89174916491265
399.954033930359
401.26416960786173
553.9294021821728
588.5711143205377
625.8155682355441
664.8634814965288
704.9756814265091
745.5709281225888
786.1666007496301
826.3803020452777
866.0021386077905
904.9654346908019
943.3102655042009
981.1200223860238
1018.5195192778422
1055.7297781909224
1092.9844412602731
1130.5564637414686
1168.7119549753088
1207.8335357747574
1248.2486131706162
1290.3079316292549
1334.3484229643877
1380.6883629529395
1429.7833069923104
1482.161417721115
1538.6796264075438
1600.2273547329098
1668.2863655000726
1742.6181263859949
1825.0761637894666
1918.2636479595324
2025.7887144732495
2151.8324539510354
2301.297322888464
2478.986191872552
2690.0724496364096
2938.2796962855114
3226.876880740515
3555.6774869182177
3920.6431326463835
4312.321231028932
4715.921107444731
5109.553546435044
5467.9862576630385
5762.655099577885
5963.370713037341
6043.931830890808
5981.547028563068
5760.2056158505875
5376.111256672677
4834.703503098318
4157.139894523505
3380.033044428455
2550.748647188617
1732.2715126584637
994.3066176806769
433.86150063557636
-18.29658305332549
-599.0740233302542
-1393.8689631326138
-2318.357293342104
-3305.8023874944265
-4282.347418595596
-5178.458157070843
522.6394225702353
495.1994817410289
471.79671832431904
452.42513377362906
436.8709828975115
424.7281669276197
415.47853727660805
408.61790057877323
403.6816911727851
400.25236698615186
397.9673177400309
396.56259741812244
395.8601424303398
395.73245887488423
396.08246887800124
396.8523670163992
398.0133987730669
399.52068070504316
528.8407633246951
562.1829319825679
598.919575818675
638.2788725376246
679.3733470440048
721.4330973197993
763.8497508182589
806.1290068203646
847.9060190564196
888.982144975428
929.3217114705697
969.0078527686882
1008.1213423667049
1046.8544898430864
1085.4192803258218
1124.1154656407818
1163.22261582135
1203.1305259100895
1244.1962841786474
1286.7837682522454
1331.2767257112048
1377.996978938454
1427.4244522085912
1480.080627926336
1536.8220095900872
1598.5521032663967
1666.739707024536
1741.1582486735574
1823.6041988343452
1916.5919478661172
2023.6262076171884
2148.7777923603066
2296.8086767900813
2472.3750017274833
2680.460696320577
2924.593524628515
3207.8614217684258
3530.01573365194
3887.0790120501974
4269.859778456437
4663.990435139398
5048.2020090475635
5397.9517737641
5685.366265242443
5881.024627737691
5959.196649917343
5897.504591593538
5680.160229900903
5303.131133763513
4771.584203625075
4105.906469456474
3341.698390848733
2525.1941009824923
1717.9990723751341
988.5828072773843
432.94522589733697
-17.51510259289571
-593.4903681039413
-1380.1607226251708
-2294.798125014103
-3273.007555779318
-4244.319852722091
-5143.280411948149
-5905.744240391334
499.46115990678356
474.3528000547417
453.5547187943921
436.86348142034285
423.85643544674963
413.9817559726987
406.70079398755513
401.50816766620443
397.940824513868
395.5897754664371
394.1646986921566
393.4786287181514
393.3951556865058
393.7962937713087
394.61334959140413
395.8423301694351
397.49578916397854
503.64890683374364
534.952969072065
570.350921678999
609.2279713843229
650.7111051718964
693.8708815932271
737.9065903363871
782.1838317193489
826.2017768681534
869.6035953533925
912.2083783510816
954.0335241408546
995.1502875896357
1035.7045616511646
1075.8924327217424
1115.9788577107809
1156.2737324940538
1197.1614539196182
1239.049603575312
1282.3056177177284
1327.366829768181
1374.5670400491845
1424.4080540802956
1477.4184997566574
1534.441509813476
1596.4038636028417
1664.7544226019972
1739.284375272793
1821.7330960938323
1914.521503526306
2021.0459306472376
2145.2626300459688
2291.793373230429
2465.1532624866877
2670.1428662713056
2910.10914344742
3187.9648542654336
3503.4084315800874
3852.5298218371754
4226.399030883623
4611.071987518715
4985.898134230443
5327.019173398611
5607.249425133155
5797.930984938674
5873.802106463486
5812.894854017297
5599.640397065075
5229.768000941777
4708.169100151309
4054.4577463410965
3303.2199120516198
2499.555936795895
1703.6899644068963
982.8552147847822
432.03004547576194
-16.73804119036171
-587.8876890614631
-1366.2401685722878
-2270.4304951442277
-3237.933273996866
-4200.826837303202
-5096.802842144951
-5865.455603224494
-6454.836326920033
476.8140102159554
454.5687051117923
436.72314619908394
422.84171268952434
412.3383764698696
404.63529169549986
399.1843518735688
395.4809152408358
393.07124800357946
391.631445651186
390.95745710873456
390.90733645470783
391.3528797184433
392.21541752352096
393.50075012807673
395.2615025505588
479.205337622227
507.758457126031
540.9869171641179
578.469731571402
619.4879970799686
663.1048073702901
708.3503264927539
754.3936338636697
800.5774428024589
846.3925202948657
891.4862827880748
935.7232336801712
979.127369671748
1021.7992049647457
1063.9317175832578
1105.7277235732072
1147.5030528213542
1189.6180532599185
1232.5352440676006
1276.636106489022
1322.404919849572
1370.211579991058
1420.5642310154217
1474.022477486089
1531.3996806720513
1593.6549471917588
1662.2120641087924
1736.884765668781
1819.3570748017528
1911.9511005064132
2017.9501064826582
2141.1907008160915
2286.155118989956
2457.222907721365
2659.016986200252
2894.7197694892943
3167.0744503709975
3475.7365259736807
3816.8711125370264
4181.810725143055
4557.03629647392
4922.514221437569
5255.06520161499
5528.188502978195
5713.982164531921
5787.650141756425
5727.629641507525
5518.567468906391
5155.953303600032
4644.398944201918
4002.744098871021
3264.5574116150433
2473.8033457811325
1689.3228740589145
977.1123937733776
431.11138720649507
-15.961902806104124
-582.2771282217294
-1352.2068639836668
-2245.6185421431323
-3201.5799738548976
-4154.228077710603
-5043.557972145356
-5812.080572805062
-6410.9972562948005
-6808.176340924844
455.49719565866457
436.48398830116514
421.72070099520755
410.58768035334907
402.463415629966
396.75374356363517
392.91548319379996
390.4539553840044
389.00656172021456
388.3417768451218
388.3113565808918
388.7892616402867
389.69546895230746
391.03466655493446
392.8763051528837
456.36351082109553
481.5324333417575
511.80082277736585
546.9678825929435
586.5299601093751
629.6902097110213
675.4513451349321
722.8049922306908
770.8917003109009
819.0321648224826
866.7051266840228
913.5813629668703
959.5512795267509
1004.6396126413983
1049.020561792018
1092.8673641154007
1136.453237015604
1180.1115184893413
1224.3131940054632
1269.4825865585062
1316.1303260244897
1364.6980434373145
1415.6850676228955
1469.7023420526937
1527.5256360559015
1590.1463731644367
1658.9652882651048
1733.8199463209214
1816.3441406076452
1908.7553081900173
2014.2188016052323
2136.4451691531785
2279.7780988028317
2448.4671535034067
2646.9633944016205
2878.302388887816
3145.0630114902556
3446.8678925892077
3779.966319991033
4135.954643843083
4501.741380846374
4857.909690735694
5181.953595325035
5448.054542666135
5629.058536406973
5700.631919155524
5641.611582175851
5436.855546370992
5081.612607009503
4580.210341197376
3950.712765489743
3225.668579882403
2447.904334026067
1674.876076492245
971.343162739877
430.1847000344675
-15.182961672714464
-576.6595649385234
-1338.1083848001438
-2220.5589935923417
-3164.509662904018
-4105.869213951744
-4986.4464590927755
-5750.870122020427
-6352.824818821335
-6762.475934548042
-6956.481395421099
436.17264526066566
420.521758752615
408.7589814163923
400.21594144036476
394.24846533948295
390.27580492405986
387.7665448197513
386.3181101284027
385.6635656143096
385.64431506222905
386.1436641122887
387.089047697935
388.4794326699795
390.3833436875207
435.8094579384649
457.18053508438845
483.8056108311232
515.7907422513869
552.886370874604
594.5210708461985
639.8238725378498
687.7407835121705
737.2271973293056
787.3963530508522
837.5455116171294
887.1515363189897
935.9099897557052
983.7067519775846
1030.6311261110475
1076.8577322570538
1122.5946173501372
1168.1574862741415
1213.9599736324426
1260.479174625828
1308.225602695878
1357.7398407451235
1409.5170325745623
1464.2229208924537
1522.608691659906
1585.6819466719667
1654.8321564685118
1729.9177156880942
1812.5304491214986
1904.778895460448
2009.7049797646043
2130.8849028719037
2272.5241898805125
2438.7479216483903
2633.8417812122543
2860.7142812699185
3121.7855302108783
3416.6547364632243
3741.6651593953925
4088.677921949154
4445.032739058231
4791.931020639717
5107.534669299256
5366.705157239616
5543.02757975103
5612.62683987556
5554.733047866147
5354.410166551789
5006.664365855466
4515.534314006414
3898.3070778402066
3186.5084585378163
2421.8253491719656
1660.3272227796203
965.5364766541506
429.2454226034075
-14.397419499372203
-571.0304660213764
-1323.9628748264827
-2195.353232313801
-3127.032599177607
-4056.513236810957
-4927.130356554622
-5685.167328308593
-6286.071575157322
-6701.786194327195
-6910.725227123138
-6909.79333020534
419.2665065249393
406.87404235260453
397.91508433112864
391.6917408491916
387.58476107403567
385.0292399361783
383.58424446301984
382.94357826509565
382.93345104714837
383.4477193902742
384.4263156193545
385.862312864926
387.81427498173707
417.9711199866718
435.4118454806674
457.95762060479484
486.030784293018
519.719550572905
558.7318597748962
602.4312688760489
649.8767924216136
699.961680958908
751.6074593349649
803.9001635397142
856.1181629960419
907.745367735938
958.4751501044059
1008.2306171244127
1057.1416706664156
1105.3650565769324
1153.1921049130121
1200.9648934319596
1249.1680190375157
1298.3010039342525
1348.9865131569236
1401.7511481987888
1457.2978697944911
1516.3891193349236
1580.0215659821777
1649.589145642537
1724.968118760462
1807.714848819658
1899.8307275031018
2004.228151744126
2124.3392123036588
2264.229421435995
2427.903584847514
2619.489134604524
2841.7902081739962
3097.075568372041
3384.929828723205
3701.800575841687
4039.81331700455
4386.742769466207
4724.4119284503995
5031.645404712473
5283.984034279023
5455.7428581079
5523.501180512372
5466.874573611936
5271.126754518578
4931.019161514236
4450.295752430046
3845.4657150023395
3147.0288393699648
2395.5308594678527
1645.6531054171528
959.681366100618
428.2889630555682
-13.601451260275068
-565.3824132179687
-1309.7718104083615
-2170.047543983911
-3089.314161598537
-4006.5863640971447
-4866.557551898886
-5616.893955021147
-6214.388516662683
-6632.123414774975
-6849.95835352574
-6865.653975043268
-6689.6313457077795
404.948898450884
395.5766997397282
389.0999638774806
384.858891463163
382.25692480644597
380.8176148752042
380.1949912723976
380.19616073364045
380.7230434892567
381.7292174450681
383.2035954339138
385.19242205165835
402.9952488551996
416.65504400654345
434.9877252515023
458.69407760397945
488.20070042447117
523.5777159303683
564.4927149570437
610.2473716957023
659.8351234350075
712.1006937843949
765.9339484892454
820.396043274768
874.7540855556614
928.4853999046233
981.2939329336607
1033.1645848721746
1084.1940320528631
1134.6176779134773
1184.7457707142376
1234.9998749158578
1285.876533665584
1338.0113939876674
1392.0102563596831
1448.5834986307946
1508.5489460591357
1572.8734535481146
1642.962728772048
1718.7172477878703
1801.6541289731585
1893.6783066749497
1997.5675695405168
2116.6007351131398
2254.6984267225876
2415.7459999414996
2603.7184490074546
2821.340960599189
3070.742653850306
3351.502694622829
3660.1848233716373
3989.176220906007
4326.689238092287
4655.172911803913
4954.109846792438
5199.721521756712
5367.04430273575
5433.107777974078
5377.903980863732
5186.889542948604
4854.578049477868
4384.412029638082
3792.121826604172
3107.177767273026
2368.9830664724727
1630.8294267462115
953.7668484957724
427.3106659470795
-12.791221406124393
-559.7065391201266
-1295.5269354199777
-2144.65651536298
-3051.4353649706995
-3956.3199584563645
-4805.261127777253
-5547.149262175496
-6139.8787454611065
-6557.300616257431
-6780.20530877193
-6807.070701861787
-6648.545734617077
-6323.243627159523
393.21201290275434
386.4844535733388
382.10984039008594
379.4605890990749
378.02757688783754
377.4264223466107
377.44266866502085
377.9825308852819
379.01194838479864
380.5176569878929
382.53472987260807
390.8289327748695
401.03284438803996
415.3242587178632
434.53142239400586
459.38426967956434
490.307411552139
527.3547745108685
570.1560986410607
617.9546633316323
669.6831337453784
724.1422768542617
780.1935577029703
836.8781856205271
893.4479143338306
949.3706312776984
1004.401190907437
1058.5162374632416
1111.843979023366
1164.6823285877629
1217.364138926715
1270.3761989413524
1324.302260877168
1379.8333478858115
1437.669937097399
1498.704655957575
1563.8859747458473
1634.620922583068
1710.8582490823742
1794.0578196601623
1886.0435889386927
1989.4570672380069
2107.4180770972175
2243.696390153196
2402.0548615718544
2586.3166377067614
2799.1533973756273
3042.5719548132
3316.157433251387
3616.605355728695
3936.5602139324897
4264.671790243522
4584.019740096114
4874.7388994725825
5113.735126422385
5276.758527105998
5341.285625985132
5287.6760011902215
5101.570760497828
4777.231917035604
4317.7921462376335
3738.2022147619227
3066.898726434849
2342.1412444589655
1615.830575090126
947.7818261512584
426.30579935878495
-11.962875906289288
-553.9932298820157
-1281.2144527560613
-2119.1757270443654
-3013.4283080253076
-3905.8316999196377
-4743.534112254357
-5476.554606122914
-6063.74690414653
-6479.515590486395
-6705.284515206515
-6739.839976978718
-6594.086587204478
-6286.388515001325
-5850.443744830046
383.85290491463763
379.3455666892203
376.6481487851918
375.22113533177287
374.64377780754194
374.67884288336006
375.23324970661366
376.2830243131471
377.8142549879258
379.8531841057859
381.21050810690076
388.446741494193
399.065577433398
413.9692243366998
434.0388046391304
460.0220278110106
492.3422127620868
531.0392552710321
575.7078595474694
625.5367333055973
679.4030025516392
736.0688166539551
794.3720901717984
853.3346298648466
912.1870210146401
970.4185813076771
1027.8032172902901
1084.3069219582346
1140.1576793415772
1195.6292968944201
1251.1547167861181
1307.2637391682356
1364.6656447771234
1424.0677255937203
1486.400686601901
1552.6402715246813
1624.1674579783316
1701.0205452914424
1784.580168549129
1876.5983155353567
1979.5823005359123
2096.491375439553
2230.9407958867814
2386.5689935974247
2567.0389790475556
2774.9893972291047
3012.326000031391
3278.6539062473116
3570.823200394626
3881.7331668471925
4200.467493754433
4510.7400185093275
4793.328925575141
5025.82971893156
5184.699463771147
5247.860942024607
5196.032202920093
5015.029888936666
4698.860234599793
4250.335859658869
3683.6265596552935
3026.1301085921314
2314.9615148398875
1600.6293972755066
941.7150364350337
425.26953278516623
-11.112542831283234
-548.2324775345538
-1266.8174527847789
-2093.589951602298
-2975.2955873605624
-3855.1729442539386
-4681.5284596917545
-5405.453931596669
-5986.676419426015
-6400.029113899128
-6627.396409910632
-6667.639648152821
-6531.619599468585
-6237.638208239715
-5818.566493015442
-5310.365160613104
376.57137795063994
373.82511957168936
372.40343747001907
371.8512411739443
371.9081429251603
372.47892904274795
373.5473498434575
375.0997983136513
377.1560170908874
373.7907542409649
378.5759375130767
386.06754849979114
397.0809685743933
412.5870054958515
433.5053546364301
460.60059051235885
494.2955703726026
534.6185851388275
581.1323992929339
632.9753059461054
688.9746900694046
747.860407534266
808.4506218848429
869.7449492816806
930.9689461475887
991.633840220894
1051.4901853429315
1110.594949806419
1169.1725706768593
1227.5517440828821
1286.2379046127628
1345.8719155632289
1407.194900601965
1471.102523814393
1538.6424403778965
1611.1396850493336
1688.7625681624247
1772.8095695579023
1864.95574376743
1967.5773726237276
2083.472002818421
2216.0975477241677
2368.977624713212
2545.599550198811
2748.5806453177006
2979.7450817239132
3238.731296083469
3522.575292940695
3824.436062776129
4133.826797430108
4435.098303069063
4709.658276490203
4935.795737454467
5090.668524689078
5152.647681420058
5102.801613386371
4927.113991733491
4619.331055898146
4181.9328167791855
3628.3064287888647
2984.804418923821
2287.396287183408
1585.1969228667558
935.5549153079036
424.19693290338347
-10.236312139492805
-542.4139332163318
-1252.3168070940008
-2067.878323163111
-2937.022673888976
-3804.3545144923332
-4619.314020140105
-5334.027994151316
-5909.04678503841
-6319.55698683148
-6547.803603871166
-6592.5880322308285
-6464.55751748453
-6181.763550914041
-5776.525523730087
-5283.831696249239
-4741.9831621359
370.9952296489015
369.5781564033233
369.0518082122756
369.1327244724021
369.72154532115866
370.80770897213137
372.37839958374286
374.44874053033
368.1609395876054
371.02190910237744
375.95008145672335
383.676881853911
395.0769850730003
411.1744144797353
432.9261236476216
461.11253871772
496.15703728220564
538.0789701834713
586.4125080602946
640.2500475106123
698.3756563746012
759.4933322588261
822.4035553332623
886.091313151042
949.7896376965814
1012.9898354828953
1075.4916136988775
1137.4075722426078
1198.9380660728775
1260.544532433033
1322.7758191370701
1386.3834818325267
1452.194747845264
1521.3138599594486
1595.0065716348156
1673.5721927649083
1758.2623455867952
1850.6602806660646
1953.0161821123122
2067.961622949439
2198.783624524667
2348.9177908837482
2521.66221754042
2719.618040663726
2944.542154358806
3196.110655470864
3471.5804734469953
3764.3873060455635
4064.4731011747253
4356.831958127963
4623.482038004708
4843.405670414436
4994.4535904582235
5055.448119215804
5007.80167446491
4837.658458084939
4538.5009538679815
4112.462227555708
3572.1448322883934
2942.8478943571954
2259.3938103756077
1569.5021793433827
929.289503776524
423.08296463762576
-9.330234039130941
-536.5268656236261
-1237.6905505102106
-2042.0159769273419
-2898.5868289855534
-3753.3639578129987
-4556.910032204482
-5262.361921945635
-5831.058906907931
-6238.497481311252
-6467.223113427823
-6515.899441188985
-6394.863368051083
-6121.8110131604635
-5728.395166605456
-5248.980317379901
-4720.773723447669
-4182.048541614945
366.7478402278606
366.2476129599476
366.35400951069073
366.96218980523133
368.06568822597274
369.6526584921837
371.7349725454582
363.9142160718108
365.3400983740694
368.26514940171785
373.31741800614736
381.2734251112413
393.05144566584386
409.72798641303444
432.29568159101683
461.5497250172046
497.915154443672
541.4052486776148
591.5291582932746
647.3382862466196
707.580205484092
770.9391436813944
836.2040558652506
902.3575844867928
968.6167238881858
1034.4788016112925
1099.8335119964454
1164.740074330521
1229.5325989598655
1294.7014390373977
1360.923512654174
1428.9948353461457
1499.9911265831543
1575.1612203052048
1654.870979225905
1740.386861343326
1833.1840278539012
1935.401021050536
2049.5030718159883
2178.569866865762
2325.979704183516
2494.840513784685
2687.74225155247
2906.3913470898387
3150.4899657970836
3417.5434411918986
3701.290856391048
3992.108718696619
4275.651577911507
4534.528260578422
4748.409325776835
4895.825066280045
4956.051262351144
4910.838761371412
4746.487703800902
4456.215756224011
4041.7931180433247
3515.0361586592076
2900.1798201142087
2230.8979088202973
1553.5119612420308
922.906310754649
421.9225003198535
-8.390345997971563
-530.5604229130731
-1222.9140636258508
-2015.971751608298
-2859.960063264696
-3702.177937411526
-4494.30647056453
-5190.4822659283645
-5752.808979296832
-6157.062205047707
-6386.053550114228
-6438.262755802235
-6323.660458825212
-6059.529090929653
-5676.791957779011
-5209.1431130922665
-4693.0674197031885
-4165.795317562257
-3657.897864450483
363.4401572967515
363.5729739048433
364.201505377953
365.3222056686129
366.92420383558124
369.01705617097764
360.63048442538496
361.0946788718956
362.53281681007064
365.504783501463
370.6772187353481
378.855775517468
391.00201459022963
408.2439505903975
431.60806489265406
461.9031988723475
499.5573393458345
544.5807150389676
596.4612417568218
654.2145991472017
716.5589731712963
782.1665857633856
849.8253579437386
918.5083766640042
987.4140429862297
1056.1141891139214
1124.4785077057015
1192.6309570365745
1261.0033470696671
1330.1273456123922
1400.7886764024022
1473.9583409482393
1550.9147861436286
1632.015900571347
1718.5694790547216
1811.9377777391435
1914.161838645783
2027.5661806137455
2154.97414590164
2299.7113568252175
2464.7084163524696
2652.5458928085745
2864.918280044273
3101.532185590961
3360.1505870685296
3634.8423117064335
3916.4257531461176
4191.248710224586
4442.499271939135
4650.530069260222
4794.531020667192
4854.229730724774
4811.70662721194
4653.415640990271
4372.3113186648725
3969.7847984477944
3456.865998264638
2856.712567049862
2201.8476767172538
1537.1906593011718
916.3921770570659
420.7103367339054
-7.412687512825949
-524.5036849889433
-1207.9620314562142
-1989.7085204652028
-2821.1042534857224
-3650.767142856903
-4431.480148064566
-5118.381320713914
-5674.32851919634
-6075.353077824891
-6304.507216229777
-6360.060176532945
-6251.584815568965
-5995.915075513177
-5623.212565906806
-5166.477074389951
-4661.464306293984
-4144.717894745244
-3645.9944041746235
-3189.345677549425
360.79030139116844
361.4398965522564
362.57780458106726
364.19405106539625
366.2964952143578
358.00647478165604
357.83541442469846
358.28916646277594
359.72365728440377
362.7405118838569
368.02869947844823
376.4224456311543
388.9261912237337
406.7181997655959
430.85672397433245
462.16313075638175
501.06976621620845
547.586920004846
601.185252004702
660.8503820895229
725.2791318890247
793.1418662092223
863.2281454262089
934.4928349017624
1006.1693678491935
1077.8518771863544
1149.402030521391
1221.1118188548057
1293.3733140683325
1366.8823293368653
1442.50780343357
1521.5228503697701
1604.3048775751279
1692.1323436755238
1786.2856006764673
1888.6755506857867
2001.5482765586826
2127.4478879011976
2269.6103607068417
2430.808995289065
2613.5899667469494
2819.7048618458903
3048.8557539724984
3299.05664154597
3564.724421328894
3837.114047750582
4103.308518451942
4347.081070135466
4549.466652185903
4690.293973934232
4749.73490522702
4710.18378861403
4558.2448036440355
4286.614093502422
3896.2878255006053
3397.5119393902387
2812.351825806205
2172.177456266752
1520.5001775599635
909.7330889265719
419.4412277387423
-6.393301580397965
-518.3453569032984
-1192.8086110039626
-1963.1885918550743
-2781.9710957539573
-3599.0882701957885
-4368.401577638881
-5046.036551997759
-5595.611640583051
-5993.404532964821
-6222.685691825925
-6281.494929976345
-6178.987824837801
-5931.532071611291
-5568.507631203898
-5122.209971850872
-4627.665687773176
-4120.744565597382
-3630.707568790967
-3181.0319513016766
-2786.218480943806
358.67763174036935
359.83281331338617
361.46283248470036
363.5742489755115
355.91489568724
355.23778730918616
355.05460492943274
355.4823967004349
356.91254832960425
359.97199950127083
365.37102040679093
373.9718605035582
386.82129714953726
405.1462582799145
430.03447309046965
462.31874049314087
502.43724788545825
550.4034642271038
605.6749542065302
667.2135302694219
733.7038579039204
803.8221109665355
876.3563609089023
950.2723434897289
1024.8391644659932
1099.6130391778067
1174.6176943546463
1250.1354190012198
1326.6593929311182
1404.9861346176176
1486.2639923393726
1571.0053678015306
1660.3450826516873
1755.5430532170908
1858.2907579334806
1970.8010136180503
2095.379159723788
2235.110013223139
2392.644256242756
2570.4182501891264
2770.3102564186033
2992.043714403656
3233.875767186877
3490.5933087203093
3753.8577204705143
4011.5191603829426
4247.957874274972
4444.903818827959
4582.813929338731
4642.2940371752875
4606.029042579967
4460.763108141293
4198.940154677314
3821.144017654283
3336.843914585252
2766.996721103393
2141.8169323898087
1503.39987614017
902.9140083634031
418.1099196112634
-5.328247599672004
-512.073578965602
-1177.4257404866185
-1936.373947472682
-2742.5119693085876
-3547.0832415496147
-4305.023763454792
-4973.418704070546
-5516.636380830851
-5911.21145814585
-6140.623579365161
-6202.6632676744875
-6106.055261404155
-5866.689258686954
-5513.154570876422
-5077.036228635032
-4592.634986051119
-4095.1552359252346
-3613.386296539246
-3170.4935252675823
-2780.7013375025986
-2450.44947646283
357.0874341523405
358.7309410410388
360.85092760335726
354.34179403214915
353.16764714610594
352.48364900881984
352.2727223836032
352.674341449868
354.09940044729353
357.1988732072287
362.70328191891986
371.5023525056849
384.68446052463054
403.5232506151459
429.1334464294133
462.358237503489
503.6431347438633
553.0078140674112
609.9011012195456
673.267895462581
741.7893948112746
814.1513237626881
889.1547100291197
965.7983697513414
1043.3209036628875
1121.36844670715
1200.0551309899138
1279.642689312711
1360.817307150225
1444.5217004881058
1531.4181678833093
1622.484193702162
1718.9767650858641
1822.3325864758406
1934.6618872854278
2058.1256597140814
2195.5899154820377
2349.655512500539
2522.5493632977596
2716.28762710164
2930.671400103023
3164.194880526807
3412.0697567352654
3666.3206738813424
3915.5684804061184
4144.82312680825
4336.528736015075
4471.77968080727
4531.613796179695
4498.979190987825
4360.7402815780215
4109.092664298267
3744.1859245085284
3274.724648385436
2720.5405697109168
2110.6915810254163
1485.8466133368438
895.9186822479992
416.7111863426369
-4.213600397765184
-505.6758516052097
-1161.7829319762357
-1909.222273872058
-2702.6794715260976
-3494.694192431366
-4241.28021770237
-4900.478143888377
-5437.373308202557
-5828.752230849919
-6058.3158728350645
-6123.597547900346
-6032.874239207503
-5801.54847163405
-5457.41377600457
-5031.342233196331
-4556.9112041107055
-4068.6685142942515
-3594.945742644699
-3158.6139132521766
-2773.8293745998053
-2446.97979113292
-2177.0432473455285
355.9986205918003
358.12691760791654
353.26602258754826
351.6117039753371
350.4351961001401
349.7287201285497
349.4897018042494
349.8649646649513
351.28410405975586
354.4207152563788
360.02451899756346
369.0121533005936
382.51259820753614
401.8438727227518
428.1450654046764
462.26878200014056
504.6692469669289
555.375176345959
613.8311654025129
678.9722208258421
749.4831397066474
824.0689920933605
901.5662851588103
980.9694302736804
1061.5342185494399
1143.0538037781405
1225.5713604751397
1309.5647416217043
1395.8086895424917
1484.9559462395432
1577.9156695851807
1675.865464936601
1780.1004828699035
1892.4641520282767
2015.048206699011
2150.4253647386117
2301.2333649609686
2469.457074209631
2657.1748823265007
2864.3264703161967
3089.6085649255456
3328.755715325946
3574.1396425465227
3815.1294668574646
4037.3762643045143
4224.042724850845
4356.886094789858
4417.392283795924
4388.753067350975
4257.926546762045
4016.859090999649
3665.234928098554
3211.0089079421628
2672.8709128376468
2078.722674643249
1467.794813193099
888.7293688404021
415.2398509100659
-3.0454362326156827
-499.138814123515
-1145.8474948992744
-1881.6863328669847
-2662.419644050049
-3441.8663298200163
-4177.1054458119925
-4827.1420966639225
-5357.771412382252
-5745.9978530243925
-5975.740553292578
-6044.291496851932
-5959.472213917463
-5736.184166845878
-5401.419267769108
-4985.336918366622
-4520.792228781038
-4041.682917516767
-3575.8932946892637
-3146.0113205027606
-2766.136830205245
-2442.7588213848226
-2174.979482257895
-1957.6355328673433
355.4024630164562
352.6777177606221
350.54889656519083
348.896481359838
347.7023593731303
346.97292553173133
346.7054726831971
347.0542229379955
348.4665237433387
351.63705598229876
357.3336937436287
366.499382900645
380.3023966521124
400.1023691733998
427.0600220976683
462.03647349846915
505.49585488922105
557.4784343105208
617.429068748515
684.27960029911
756.7272109286757
833.5132288362643
913.499515322562
995.6728507850474
1079.4128177627015
1164.4854765597372
1251.0558768382352
1339.788748152503
1431.1977914273803
1526.1390632842176
1625.6207980305342
1730.9179504138724
1843.5502840109818
1965.5098023813568
2099.0333325411298
2246.774272746894
2410.582531174157
2592.476262411263
2792.5948454152194
3009.745235351669
3240.273873049045
3476.9456176347494
3709.855015942625
3925.308510253687
4107.158619047578
4237.846179373339
4299.336551163737
4275.06366722781
4152.056611453651
3922.0097994129583
3584.0987447556254
3145.541862232216
2623.86895099273
2045.8275295907233
1449.196420595602
881.3264958164954
413.6907408236476
-1.8198052950466286
-492.4480393828239
-1129.5843010168
-1853.7147513897323
-2621.6711210089256
-3388.536529735484
-4112.43883458883
-4753.339060174495
-5277.753525388524
-5662.896276162854
-5892.868579570677
-5964.72288468622
-5885.841259457683
-5670.617213529142
-5345.230485144304
-4939.125106531574
-4484.436256847751
-4014.4154511446354
-3556.506554857672
-3133.022672403996
-2758.0151939606094
-2438.078629217249
-2172.5466417776584
-1956.4818931222476
-1781.877299382485
349.96838927645075
347.8465782766197
346.181132939122
344.9690958057861
344.21618457121144
343.9199618469863
344.24206262918494
345.64649199511456
348.8473656383676
354.6296861506931
363.9620360979691
378.0502932170404
398.29251927701745
425.86828160949756
461.64636952580713
506.1016965461006
559.2881267359851
620.6551077559445
689.1386838033944
763.460698655489
842.4024407581967
924.8358905847958
1009.8234526790279
1096.7841427473847
1185.4836653649274
1276.3882086467777
1369.933161244067
1466.8073477032297
1567.8572287282714
1674.2517150895285
1787.3366964409067
1908.8852560595149
2040.8656739693558
2185.7386243839887
2345.393485580255
2521.686069965763
2715.0349406425485
2924.2553119371714
3146.295559746919
3374.408900363261
3599.4041336495875
3808.298382532055
3985.587572380576
4114.3890537729585
4177.174802364213
4157.635141454723
4042.8616652692504
3824.3024530284692
3500.5712589694117
3078.157310673051
2573.4085568279247
2011.9187480203648
1430.0003847972623
873.6881456727483
412.05854378358384
-0.5326711275059033
-485.5878354676677
-1112.9556095783832
-1825.2516811618586
-2580.3666217422315
-3334.6318172164197
-4047.2101331319423
-4679.004457085625
-5197.243957966599
-5579.367790576745
-5809.647537582883
-5884.862119479979
-5811.9585577677135
-5604.837655071413
-5288.861598967331
-4892.75080218089
-4447.920080971122
-3986.978395166337
-3536.933717150241
-3119.8285206168784
-2749.6728329841408
-2433.169635472353
-2169.883694553785
-1955.177042503622
-1781.27336084524
-1640.1648383430193
347.2738085682485
345.1441730775089
343.4656506460201
342.2353594913623
341.4584148234516
341.1330932309191
341.42841678478067
342.82380255767794
346.05104570639355
351.91128336344474
361.3979670760741
375.75245988867596
396.40763457583495
424.55910369485173
461.0825200539352
506.464000956345
560.7724355092071
623.4661858829777
693.4942584159282
769.6111269283589
850.6290783271925
935.4714277990909
1023.2783535692761
1113.4167264407267
1205.931368096816
1301.2481604500497
1399.8116215155967
1502.3704637303092
1609.8116323578195
1723.4095028843813
1844.660345399874
1975.3913692167525
2117.6607024055475
2273.433239170973
2444.364971215972
2631.2017465628696
2832.7850650529135
3046.5283055016316
3266.2671244820995
3483.4928113189158
3686.040471460375
3859.0379115773558
3986.2478449486503
4050.6546220392092
4036.2142644920746
3930.085624539305
3723.493060343148
3414.436788911948
3008.677674616133
2521.3551521236204
1976.9032272711956
1410.1519470450894
865.7892644013406
410.33748315837784
0.8201807977187676
-478.5410423160072
-1095.920915416981
-1796.2364593975615
-2538.432440065634
-3280.072044433914
-3981.3369369449983
-4604.062511451773
-5116.174970589992
-5495.334645940677
-5725.997335285945
-5804.657014753917
-5737.793946685143
-5538.822029036038
-5232.300247566263
-4846.221251157784
-4411.273935400419
-3959.424247723812
-3517.2480673134073
-3106.5221134834997
-2741.218073737491
-2428.150382034046
-2167.1153276896357
-1953.7732085686819
-1780.6246620297545
-1639.8721963230291
-1523.4795880009742
344.5791021744093
342.4416820209773
340.7500226042257
339.5011032566756
338.699532916822
338.3447877158761
338.6132017830762
339.99820362122557
343.24742003784024
349.177168002955
358.8048733875612
373.4047917966208
394.4405687276392
423.121074471472
460.3279924958833
506.5584583400254
561.8970907525717
625.8155875839793
697.2834977184154
775.0873862631792
858.0844819287248
945.2842813812175
1035.8052912806675
1129.1636733955036
1225.6248870555423
1325.4195555936449
1429.1753866717245
1537.5533604460788
1651.5850874637276
1772.5681930650921
1902.1790385083755
2042.146132417457
2194.317023577342
2360.192836389796
2540.733638635285
2734.999446882337
2940.695054645011
3152.3078632931683
3361.926061036493
3558.2983277501394
3727.2467894752394
3853.160639364314
3919.5318735819164
3910.569142192449
3813.4956980009865
3619.3499044638324
3325.479839604257
2936.917831407266
2467.565937363312
1940.6809881509566
1389.5913495452462
857.6005471575869
408.5207840167318
2.243315809185776
-471.2888947450108
-1078.4369412902538
-1766.6034773626955
-2495.787733432097
-3224.7688072636693
-3914.7284538223403
-4528.423949657015
-5034.467068876673
-5410.727587320974
-5641.839561077893
-5724.028962632058
-5663.2962894917655
-5472.5395528509525
-5175.52246604078
-4799.522055065078
-4374.497732695852
-3931.769258242704
-3497.4812410827312
-3093.1473395398425
-2732.7041524101396
-2423.0795035658243
-2164.302312875699
-1952.3311012827305
-1779.941956429618
-1639.5758099535685
-1523.3536717495638
-1425.7337935099245
341.8842688019548
339.73910278359455
338.03423613750033
336.7662792237459
335.9394555677374
335.5549629117088
335.79631390519285
337.169391198696
340.4357263795784
346.4259063683371
356.18028138673753
371.00290188983996
392.3837367604381
421.54213452025664
459.3648488789387
506.3590669643417
562.6249827066931
627.6512970492809
700.4317985182124
779.790016482421
864.657662572397
954.078800015357
1047.215302034387
1143.9619468356557
1244.328552836095
1348.6827208545794
1457.677558840419
1571.939509030291
1692.612391383977
1821.0683344375943
1958.9338080669322
2107.7489010003287
2268.940144817079
2443.423521646019
2630.6612719616496
2828.5710040876666
3032.34293977548
3234.581126874522
3424.937349691451
3590.0327747542633
3714.905886916189
3783.573620137146
3780.4808059378247
3692.8809151955775
3511.662156899981
3233.4968589737946
2862.693203474262
2411.8930836549684
1903.1451893676135
1368.2527757382986
849.0871852830602
406.59996558999063
3.741971930476321
-463.8108799025493
-1060.4577905259255
-1736.282275343781
-2452.3444248107858
-3168.6248857648634
-3847.284569838056
-4451.98995594787
-4952.025854670503
-5325.465206849575
-5557.104650810231
-5642.900928629757
-5588.390065755025
-5405.940702124845
-5118.497303969163
-4752.629008975681
-4337.575647629564
-3904.0089856899754
-3477.6399169283886
-3079.7205135927697
-2724.1538450832636
-2417.983546479483
-2161.4725196074105
-1950.8779833551307
-1779.2513015159207
-1639.2717662081168
-1523.2332373053232
-1425.6890607428513
-1341.1720998001267
339.1893039334479
337.0364324967987
335.3182777932739
334.0308395400955
333.178100698339
332.7635329950039
332.977625950329
334.337003062648
337.6151088882531
343.65593829046225
353.521534261165
368.54212266547626
390.22913807930297
419.80958361037466
458.1740398071262
505.83781631866924
562.9153511483836
628.9141537724644
702.8559372844879
783.6180300609861
870.1957234534474
961.6526894099181
1057.546633193216
1157.601218086627
1261.7999339656096
1370.7539588420786
1484.8695641687455
1605.0186994652213
1732.2457131588094
1868.0125997756113
2013.6340779715451
2170.4477825235426
2339.208150428438
2519.686545859051
2710.072495302878
2906.247382972084
3101.3822284725898
3285.910819108297
3447.325283447114
3571.357067613387
3642.59295178923
3645.749094704928
3568.0462292810753
3400.238863497521
3138.3031984179265
2785.8286712004833
2354.1894920482596
1864.1837564258121
1346.0637956286484
840.207548231386
404.5641261374317
5.322649305469294
-456.08440666776363
-1041.9351162128366
-1705.1981302328713
-2408.0074996244502
-3111.5340730925577
-3778.894904153389
-4374.65148351062
-4868.746787929025
-5239.4501951890215
-5471.710325685512
-5561.203615931008
-5513.00106150143
-5338.954502318651
-5061.1773679415355
-4705.511524139654
-4300.484582647826
-3876.1274623543245
-3457.7166111192937
-3066.2411512718268
-2715.572499006911
-2412.8715614833736
-2158.636627087151
-1949.4246298717023
-1778.5628606508035
-1638.9696501592794
-1523.1127773313988
-1425.6479410359016
-1341.161332384694
-1266.5141800048093
336.4942026952285
334.3336675753794
332.6021334461601
331.29473715046186
330.41538871701096
329.9704086038181
330.15698405489917
331.5006135779824
334.78461311939475
340.8655692984337
350.8257851637727
366.01751355129784
387.96837440715984
417.9100447634726
456.73521406138474
504.9642547174178
562.7230558286001
629.5386531982047
704.4691568664358
786.4516030011525
874.5182291959824
968.0875271582047
1066.6413045382685
1169.8086744432956
1277.8464588250165
1391.1794734633595
1510.3220621600628
1636.160932752308
1769.6993687929103
1912.18650344699
2064.748411500947
2228.1385246955097
2402.1375821884753
2585.29854642437
2774.059769198195
2962.335008776735
3141.2415943733927
3299.1490401588435
3422.5097230309293
3496.501730858358
3506.226459195396
3438.820579651315
3284.903798231338
3039.7319533844156
2706.163379210001
2294.3143487518105
1823.682264970661
1322.9459758725086
830.9121561119173
402.3995145199622
6.994070823682211
-448.0839751950537
-1022.8182253414025
-1673.2724368985987
-2362.675349285598
-3053.380975261215
-3709.438417852093
-4296.287951841221
-4784.514066844526
-5152.574978271149
-5385.558534691809
-5478.8554238596225
-5437.061843847113
-5271.510874264763
-5003.497497934626
-4658.125094573467
-4263.194214443173
-3848.1015019126544
-3437.694649008517
-3052.699565342353
-2706.955816385919
-2407.7429632940743
-2155.7962210730816
-1947.9735855167328
-1777.8794493102614
-1638.6723336225318
-1522.9952144302067
-1425.6075181403141
-1341.151458636949
-1266.5132872511474
-1198.7297413738902
333.79895973983696
331.63080359303103
329.8857883521917
328.55792669020434
327.65124392910764
327.1754968010853
327.33420477044484
328.6597306012917
331.94318350792935
338.0529677442854
348.08999592763985
363.4238712655506
385.59265362975566
415.829388361449
455.02649035263534
503.7051714115926
561.9987967072836
629.4553562302668
705.1763752227996
788.1463559484675
877.7213533365954
973.2742108555171
1074.2566299612035
1180.4297049387885
1292.1056395171126
1409.5372112415923
1533.5194586146108
1664.6334078161542
1803.9111681300358
1952.2391315526418
2110.4428128941877
2278.2375737027846
2454.4839240545607
2636.0390313226017
2817.611633453553
2991.0646575637456
3145.6104117241425
3268.4623835616235
3345.3393655935433
3361.8631334197294
3305.0922122086886
3165.5045922745708
2937.6321579523856
2623.549292388638
2232.134694677599
1781.5263712427486
1298.8157031586072
821.1425658724226
400.08961138940236
8.76844096806363
-439.77954072944385
-1003.0539261203609
-1640.423267831863
-2316.2410663900714
-2994.041958498687
-3638.7836654286048
-4216.767211199446
-4699.199770621234
-5064.720117976636
-5298.540461059677
-5395.759352812565
-5360.492829134507
-5203.544908695677
-4945.393096667136
-4610.411301994934
-4225.664401802205
-3819.9031953279455
-3417.553082723706
-3039.0805073784472
-2698.293799311301
-2402.591751927196
-2152.948010558566
-1946.523234295988
-1777.2004444511922
-1638.3798320378296
-1522.8810247254373
-1425.5685630444566
-1341.1417324722847
-1266.5123533326355
-1198.7297033852435
-1137.7763145407594
331.1035691847193
328.92783507637347
327.1692272366149
325.82036546789266
324.88559604127073
324.37870098705014
324.5090732726922
325.8137938391701
329.0896656290591
335.2161676673851
345.31094184862917
360.7557393318534
383.09277657062376
413.5526363526834
453.02430145909597
502.02467211038197
560.6901016220037
628.5903301094528
704.8664128560505
788.8132345484097
879.7320539427055
977.044417398084
1080.230197402109
1189.2363091712168
1304.1348647620057
1425.464052678007
1553.761640606489
1689.5756688670808
1833.6677168366875
1986.6635007921611
2148.452797864911
2317.9963099193287
2492.6224516064426
2667.5977667344887
2835.7055545622907
2986.9468842335204
3109.4009028814576
3189.262213890514
3212.7267352707195
3166.850272758454
3041.9421370971013
2831.8785705476294
2537.850045763507
2167.5227551947814
1737.6013125909749
1273.5835376297234
810.8297820668095
397.6155431455837
10.662565246987992
-431.1336731894462
-982.5856405034943
-1606.5649510696794
-2268.5932654071917
-2933.385912864936
-3566.789387403787
-4135.945505129339
-4612.663083001885
-4975.753411842451
-5210.5355475808365
-5311.807727563271
-5283.199863513565
-5134.980397929441
-4886.802807897161
-4562.311811482922
-4187.843308363028
-3791.496715925261
-3397.2670498338393
-3025.3656056191867
-2689.5729888710084
-2397.4088141027787
-2150.0860027756876
-1945.0698124811324
-1776.5235912524834
-1638.0909348532193
-1522.7697337113761
-1425.531079282042
-1341.1323453935127
-1266.5113424927642
-1198.7296299070938
-1137.7762777716407
-1082.3038209976828
328.40802448066324
326.2247553024865
324.45243438893607
323.0820145009929
322.11838157972886
321.5799214280085
321.6813416792312
322.9621766394712
326.2228134049525
332.3530787071345
342.48522221488724
358.0074131932058
380.4591100063344
411.0638939705595
450.70342307141345
499.88461644443487
558.7416267730688
626.8587206337926
703.6655766439927
788.4000867686752
880.4444534015107
979.2396839428862
1084.4174545519388
1195.8415582400564
1313.635668161278
1438.396627794801
1570.3014130044637
1709.9913084252291
1857.7130495203903
2013.5436566848455
2176.4708666064453
2344.380283785927
2512.877177705953
2675.69730662588
2823.6101820920567
2945.642651574228
3028.5358442010897
3058.992986505591
3024.198463891274
2914.2072153998943
2722.397683060066
2448.951647556355
2100.3548531192114
1691.7902804199796
1247.1512798047825
799.8916289292497
394.95609633479376
12.698021964539892
-422.09798241453103
-961.3520360982584
-1571.6067048456762
-2219.6162079181026
-2871.2753764085924
-3493.3057580839627
-4053.6683494116596
-4524.750632667335
-4885.5294934194735
-5121.4101459259
-5226.880906896855
-5205.078406137008
-5065.727672216469
-4827.65488740584
-4513.769574174747
-4149.6799259300205
-3762.8378299539163
-3376.8047914693702
-3011.532744854836
-2680.7777370994368
-2392.1829431831125
-2147.2026301371866
-1943.60839812571
-1775.8458389935622
-1637.8039004892082
-1522.6605003267941
-1425.4947914347451
-1341.12329478036
-1266.5102798605392
-1198.7295092582942
-1137.7762114141583
-1082.3037855975017
-1031.288471522827
325.7123182963105
323.5215560784141
321.7353937402934
320.3428394280148
319.34954580604665
318.77905519105667
318.8507291990205
320.10419068355145
323.3413022276832
329.46150405683125
339.6092745667906
355.1729394554709
377.6815607402427
408.34635931883025
448.0371994700872
497.2449820171418
556.0890773901051
624.3885205680293
701.5292866057371
786.8357849160898
879.7324989440609
979.7407073584754
1086.5529506528062
1199.9394655597496
1320.2524803277731
1447.6261998635277
1582.425109894576
1724.7780756745158
1874.5399577177163
2030.9025661610212
2192.0903968766565
2354.2269339090712
2511.7377902310036
2656.2840202613274
2777.710397042794
2863.5715818599824
2900.9532050930943
2877.3385892539463
2782.397542127091
2609.190549705356
2356.784102992114
2030.5187906194271
1643.97662487635
1219.4081052256297
788.230381968448
392.08637905734577
14.899701645477274
-412.6098673489347
-939.2852144205425
-1535.450038885275
-2169.1887091947524
-2807.566510235936
-3418.174781372107
-3969.771595847778
-4435.297340428721
-4793.889745640697
-5031.017211796848
-5140.8464413993315
-5126.012338187997
-4995.687035236485
-4767.865468680025
-4464.7184099251945
-4111.122456783504
-3733.882459864548
-3356.130242755051
-2997.5559526450943
-2671.8897997469417
-2386.9014999039723
-2144.2893429353107
-1942.133388933312
-1775.1637173987601
-1637.5167495247276
-1522.5523420678755
-1425.4593217224992
-1341.1145028964393
-1266.509163911004
-1198.7293331637045
-1137.7761156085533
-1082.3037215984737
-1031.2884360607866
-983.974222053374
323.0164423994131
320.81822748532517
319.01808876493124
317.6028118818531
316.5790438681115
315.9759969747489
316.0169231880402
317.23909417837643
320.4437489345589
326.5391653365591
336.6793917747004
352.2461109100274
374.74957012100407
405.3824314484448
444.99784083903535
494.0575065978259
552.8455617434054
621.1419087113522
698.4095016935821
784.0355921393981
877.4917937667377
978.3882649934267
1086.3545698950825
1201.3116176611456
1323.3891316624708
1452.6155081739844
1589.2464352508637
1732.7378757116298
1882.5247827254527
2036.8660662055588
2192.642703839634
2344.716433932085
2485.81760304252
2606.3602462539884
2694.9721788472784
2739.0654374116048
2726.5677638232482
2646.716621366115
2492.33631131185
2261.3397248102087
1957.9288308559344
1594.0524744762317
1190.2299592156894
775.7341524481495
388.9750766369282
17.2934393795975
-402.5919333019559
-916.3095977604466
-1497.9866887874243
-2117.18125438833
-2742.1077609745244
-3341.2299899951586
-3884.082376656697
-4344.127353429117
-4700.662932259412
-4939.195901320683
-5053.558087020782
-5045.872759532524
-4924.747843358412
-4707.341502010156
-4415.081634243054
-4072.1106491582805
-3704.5847784417697
-3335.2057549897313
-2983.4057876324187
-2662.888411610811
-2381.5502802708393
-2141.33662319478
-1940.6386344927696
-1774.473492123492
-1637.2273809146948
-1522.4442190929276
-1425.4242542439408
-1341.1058598412578
-1266.5079771547082
-1198.7290911008952
-1137.7759904686216
-1082.3036307486445
-1031.2883727868054
-983.9741854487817
-939.8369354296991
320.3203875200231
318.1147574408294
316.30050281553144
314.86191006988287
313.80684254609747
313.1706397516367
313.1795815291682
314.36610429627274
317.5287373574284
323.5837342246796
333.69174017128876
349.220462581535
371.65214311290185
402.1538889403014
441.5497563301296
490.41570896533887
548.9866990150388
617.0907308258295
694.2561602698311
779.9215983728199
873.6229158192448
974.9777341497011
1083.6424865345086
1199.5642952187618
1322.548275161293
1452.790874979315
1589.7154042670036
1732.6972396037781
1880.1249321514865
2029.3453344523784
2175.8078944281633
2313.196493814804
2432.5566739837327
2523.5275087548157
2573.9988816318837
2572.3202495909622
2507.483151968623
2371.989139947587
2162.67400210659
1882.5374246901656
1541.927113209748
1159.4846402344415
762.284856236132
385.5820005979617
19.905733773894323
-391.955609263419
-892.3418587574238
-1459.09941272886
-2063.4525933572118
-2674.7374155480575
-3262.2942242662048
-3796.4183571732283
-4251.054870913518
-4605.666192885861
-4845.77261205031
-4964.856107509865
-4964.517474788958
-4852.786981881376
-4645.979441602484
-4364.774009729054
-4032.576388930349
-3674.8923314038143
-3313.992117395653
-2969.0519961074906
-2653.750702146417
-2376.113481193303
-2138.334007950478
-1939.1175204340552
-1773.771194522829
-1636.933595960596
-1522.3350591250298
-1425.3891556095705
-1341.0972385384198
-1266.5066893447436
-1198.728768102256
-1137.7758308315938
-1082.3035149674265
-1031.2882844737323
-983.97412114595
-939.8368990935877
-898.0303932760268
317.62414305221137
315.41113170230574
313.5826186639628
312.1201199228186
311.0329214610581
310.36287548918517
310.33833704884154
311.4844123601569
314.5948496093972
320.5928685138658
330.6423785908044
346.08927511464987
368.3779118375048
398.6350216709215
437.77045595226105
486.30721070008786
544.4984244342228
612.2086215443975
689.0211146624539
774.427134869753
868.0022546707677
969.3472516819043
1078.1942230438183
1194.2519649609908
1317.389423801933
1447.2708152567102
1583.018957145323
1723.4048710825155
1865.7778612030475
2006.4340904172075
2139.632212839148
2257.445099642249
2350.2015312330286
2406.607317217843
2415.217935409233
2365.1535653474743
2248.400286968713
2060.901262766723
1804.3414783544079
1487.5249275215228
1127.0402314663795
747.7688725733474
381.85851971364207
22.76919298136697
-380.60788766050916
-867.2913293533422
-1418.6682371340755
-2007.8490147401096
-2605.281792707987
-3181.1759763234945
-3706.5848607238677
-4155.8836402070265
-4508.705625192069
-4750.561425697774
-4874.567561217333
-4881.790494383623
-4779.668512083144
-4583.664332624053
-4313.700644746038
-3992.4433663505256
-3644.744861449075
-3292.444483416204
-2954.4615836465996
-2644.4527393260455
-2370.5740163220667
-2135.2701320507495
-1937.5628984147993
-1773.0526128147949
-1636.6331062357963
-1522.2237595249487
-1425.3535777491827
-1341.088498353376
-1266.5052577451502
-1198.7283425958262
-1137.7756267111288
-1082.3033706220408
-1031.2881741250883
-983.9740328969109
-939.8368355289364
-898.0303543317746
-858.7939446634597
314.92769721764836
312.70733310391205
310.8644186572993
309.37743569343155
308.25727391037435
307.5525965921149
307.4928024974783
308.5932024925837
311.64070079449476
317.56425043211675
327.5272790433186
342.84558937221914
364.90821723960073
394.88884602763824
433.65086731074075
481.72533609858306
539.3676894474409
606.4697951544034
682.6614340131209
767.4817845080072
860.5079435041521
961.3581244394745
1069.692983834331
1185.1080976561805
1307.3192646787065
1435.3816970965677
1568.3168409521084
1703.5848060896235
1838.1002542912474
1966.626949802564
2082.3301630828314
2176.180898192799
2237.86993426608
2256.08412662413
2220.323809036898
2121.9584370384996
1956.209074445714
1723.394075709229
1430.7768693130945
1092.772737807709
732.0792299196928
377.75202147527517
25.932605795128964
-368.45566609716934
-841.059304794171
-1376.581319306139
-1950.2097106627382
-2533.5569901958006
-3097.6676545441387
-3614.370762195044
-4058.4038615774425
-4409.574788914744
-4653.364556358471
-4782.5068381534975
-4797.52253214815
-4705.243239192822
-4520.268816882834
-4261.75609225518
-3951.62662586959
-3614.0760910798886
-3270.5122273749985
-2939.5975733481114
-2634.9682114451443
-2364.9137173614467
-2132.1328149296387
-1935.9671016509
-1772.313266791294
-1636.3235075567352
-1522.1091748636973
-1425.317053242173
-1341.079483397645
-1266.5036255456005
-1198.7277842513633
-1137.7753628829541
-1082.3031892130225
-1031.2880391867495
-983.9739245506913
-939.8367489815621
-898.0302877971034
-858.7939051556034
-821.1157119308855
312.2310364923228
310.0033414585311
308.14588440873007
306.633860177989
305.47990789617205
304.73969662703934
304.6425773397968
305.69167189939
308.6649747884787
314.49562480990556
324.3423491101959
339.4753856626645
361.2904298934412
390.9051370662653
429.1877909574022
476.6635593796111
533.5814385907308
599.8493684505793
675.1361914279387
759.0100750623361
851.0391337446554
950.826440270941
1057.89730369402
1171.8069705865494
1291.7412430415252
1416.6605909102902
1544.5150848907454
1672.3841569531214
1795.8346735984833
1908.6711860891955
2002.8890850411171
2068.9072757810295
2095.9282475812283
2073.711854864628
1993.2011320545153
1848.8878137249683
1639.8247776357734
1371.6300832804754
1056.5759353733872
715.103953836829
373.2124691318611
29.46509710094821
-355.40057455354736
-813.5359516829517
-1332.7419400129556
-1890.379609551398
-2459.376334916862
-3011.5494935956576
-3519.544875043489
-3958.388221982079
-4308.052112981377
-4553.970572087791
-4688.475652238362
-4711.531304682595
-4629.348659676426
-4455.652880480671
-4208.823295975196
-3910.031953327798
-3582.8121108006453
-3248.1387222873846
-2924.4183222909614
-2625.2676554960144
-2359.112478241135
-2128.908901332101
-1934.3219553443018
-1771.5483855700197
-1636.0022584892313
-1521.9901020544546
-1425.2790868961083
-1341.0700179791522
-1266.5017188367265
-1198.727051447885
-1137.7750175968263
-1082.3029573724132
-1031.2878723631763
-983.9737943460794
-939.8366441574049
-898.0301993345438
-858.7938377463394
-821.1156704947398
-785.4809326064754
309.5341457237421
307.2991330725356
305.42699625479787
303.8894051397571
302.7008458841997
301.92407170234173
301.78725512213686
302.7790513890034
305.6664581976026
311.38483326905157
321.0767773902423
336.01284694016806
357.5150458785258
386.68251958263096
424.3781952798005
471.11539848596954
527.1264934469667
592.3237548341107
666.4035397936882
748.9430666476637
839.4931064899027
937.5715690695457
1042.61720082003
1153.9182025630541
1270.3544445054908
1390.3207866943594
1511.0342740968078
1628.8773491732156
1738.0877446538852
1831.851071837192
1901.0658474289787
1935.9149808323234
1926.1846970347467
1862.7854181540156
1739.3476257848324
1553.8463263825
1310.090072425473
1018.3777021198745
696.7174593470004
368.1974714876561
33.44122166176521
-341.32395559414107
-784.5977430942071
-1287.0605886129092
-1828.2246130259784
-2382.561248805301
-2922.602340436654
-3421.858562452249
-3855.5894662591636
-4203.896409642251
-4452.151083345877
-4592.261856682629
-4623.621462238799
-4551.8090495133265
-4389.663654672536
-4154.7733562448375
-3867.553863518133
-3550.8696969561734
-3225.2607573567543
-2908.877423209615
-2615.318049727057
-2353.1478649793694
-2125.58388631886
-1932.6184974120654
-1770.7528260475517
-1635.666641211064
-1521.8652586870928
-1425.2391421864804
-1341.0598992655407
-1266.49944200346
-1198.726088014967
-1137.7745605133236
-1082.3026559585128
-1031.2876618048354
-983.9736358726074
-939.8365200614383
-898.030094511807
-858.7937484806675
-821.1156012822676
-785.4808908318989
-750.9590631611621
306.83700789504337
304.5946801369976
302.70773311863434
301.144090491083
299.9201246009498
299.1056215558776
298.9264309995919
299.85462445096044
302.6440677976815
308.2233279075315
317.7567369409742
332.4505738182352
353.5816234420471
382.21999357061685
419.21945760020253
465.0746477881636
519.9903320807053
583.870686895237
656.4235177440034
737.2202044008699
825.7627088783644
921.4593421109074
1023.6111549079133
1131.1788830027283
1242.7278679431272
1355.8505065908112
1467.3811155286323
1572.2866442734776
1664.5824277296445
1735.8946394370496
1777.323415776661
1778.8228897523695
1731.4775880919217
1628.1224951648737
1465.7365390895657
1246.2639856463757
978.1532605104967
676.8054662796998
362.67277114126955
37.91219449692175
-326.07782622524013
-754.1117942860536
-1239.430831078268
-1763.6383601411057
-2302.949107698455
-2830.625781347406
-3321.057936811212
-3749.7428042137385
-4096.844698665151
-4347.655828115715
-4493.6354482998695
-4533.582600576402
-4472.434817222513
-4322.135270231827
-4099.46495233901
-3824.076591876332
-3518.1569016537574
-3201.808077938922
-2892.9230227439652
-2605.082477791544
-2346.9948216721014
-2122.141503859887
-1930.8468031685059
-1769.920926977474
-1635.3136893071585
-1521.7332466631997
-1425.1966227658384
-1341.04888664157
-1266.496670960856
-1198.724818759076
-1137.773949784699
-1082.3022583201084
-1031.2873904158726
-983.9734384037544
-939.8363711062914
-898.0299731298769
-858.7936436012369
-821.1155117939918
-785.4808208865084
-750.959018179004
-718.0401126366434
304.1396037999608
301.8899506672908
299.9880713964501
298.3979435583636
297.1377939578744
296.28425032153604
296.05970898677396
296.9177414972244
299.5905217882611
305.03276839806114
314.3759711103941
328.7886147710608
349.4900256038259
377.5170901711514
413.7096326195859
458.5359383441829
512.1620132379622
574.470073598261
645.1622359121466
723.7856881063944
809.7592985076366
902.3660012167455
1000.6795972050783
1103.374793220079
1208.4584265370195
1313.0329758815333
1412.9175897607756
1502.6614572736416
1574.9669855653187
1621.5333266090454
1632.8899922242417
1600.2047120411607
1515.8809579586366
1375.8456160412666
1180.3600611567633
935.9239972688955
655.3213003233259
356.6076779103542
42.89722502207137
-309.5062643537098
-721.9480849442374
-1189.7121048220215
-1696.5305850746358
-2220.392449448785
-2735.4491290349342
-3216.903996883115
-3640.5767058034494
-3986.616624981394
-4240.210054211969
-4392.343897981094
-4441.185920859712
-4391.020729959966
-4252.887912623249
-4042.744019483268
-3779.4723172161926
-3484.571837818297
-3177.702225854417
-2876.4971147171373
-2594.5198179487556
-2340.625315747783
-2118.563681970049
-1928.9958021939158
-1769.0463876676342
-1634.940105399699
-1521.5925037146592
-1425.1508441635162
-1341.0366854357944
-1266.4932434628004
-1198.7231433145716
-1137.7731280327305
-1082.3017277015185
-1031.2870343491638
-983.9731863571623
-939.8361875789301
-898.0298305122478
-858.793523378086
-821.1154093621692
-785.4807305153797
-750.9589443880001
-718.0400670265452
-685.7495178798522
301.44191229966117
299.18490764875696
297.267984267481
295.6509975452121
294.35391509840196
293.45986704952566
293.18670691655524
293.961620858539
296.52388125076004
301.80691425616317
310.93494576571646
325.02714105136215
345.240481979617
372.5739886683911
407.84772757954363
451.49538136629747
503.63296181372516
564.1059412374736
632.5927261862831
708.5927513211664
791.4163438313758
880.1790674284935
973.6952609533679
1070.2796207964207
1167.402712101705
1261.5063439683122
1347.7319288453687
1419.7877228686275
1470.019981622984
1489.7005807283501
1470.0897376599141
1403.4331104076225
1284.6712304469288
1112.6528618402433
891.7592492275485
632.3122345953655
349.9737685511519
48.419920745162386
-291.49567184830147
-687.9880850703992
-1137.7555840364948
-1626.8036154615404
-2134.7554339572675
-2636.9224069537313
-3109.1905484754448
-3527.8295250707306
-3872.9271769911147
-4129.51888206987
-4288.10931430575
-4346.180310534045
-4307.3425311100245
-4181.725865687406
-3984.4427128480866
-3733.600942981453
-3450.001659875221
-3152.855923680384
-2859.5348041522197
-2583.5838478423934
-2334.0079043101014
-2114.8301346931603
-1927.05308411869
-1768.122159805747
-1634.542179914134
-1521.4412518524575
-1425.1010009840159
-1341.0229266692938
-1266.4889460384616
-1198.7209277434226
-1137.7720168930523
-1082.3010136688779
-1031.2865607001324
-983.9728579653877
-939.8359552213824
-898.0296581476404
-858.793383532555
-821.1152953091209
-785.4806277472148
-750.958851125622
-718.0399918556191
-685.74946975479
-654.5681184342043
298.74390982455196
296.47950882271715
294.54744060539855
292.90328921190115
291.5685577108072
290.6323845579433
290.3009313792665
291.0016017684801
293.4377631521161
298.54644908614097
307.43411338049697
321.16643542465437
340.8335705671435
367.39157354228837
401.6339396706701
443.95103016610693
494.39784953865365
552.7675195647739
618.6958054701764
691.6093737185793
770.6832534530895
854.8245972748555
942.5619057380675
1031.78669853769
1119.4355288604618
1201.2989859005463
1271.848510344017
1324.2817692427345
1350.5806488490803
1342.3664517144507
1291.7256012851897
1192.9227118166336
1043.4912513441343
845.8158408534568
607.8658645127405
342.7611646030721
54.54464573631291
-271.99973311948065
-652.12095007172
-1083.4691704173833
-1554.344673448251
-2045.9226527777473
-2534.893757725607
-2997.7468960064907
-3411.262882406418
-3755.503510435041
-4015.280685403687
-4180.631638905356
-4248.289887575909
-4221.152670042624
-4108.434065577425
-3924.377475928933
-3686.309340772265
-3414.322005872248
-3127.1721811817006
-2841.963633697676
-2572.2227163485254
-2327.1071287567556
-2110.9178882740184
-1925.0046099552744
-1767.1402349749671
-1634.1156837773353
-1521.2774339627224
-1425.04612874409
-1341.0071429125744
-1266.4834984034005
-1198.7179941004663
-1137.7705099112898
-1082.300047321023
-1031.2859243115308
-983.9724232009675
-939.8356540364139
-898.0294434489211
-858.793215983784
-821.1151665877547
-785.4805143428443
-750.9587474117766
-718.0398966382305
-685.7493915949049
-654.5680662455835
-624.2046789280861
296.0455705460203
293.77370632754645
291.82640357610336
290.1548559433558
288.7817952960781
287.7956181304176
287.4163685248266
288.03114382410695
290.33266745422185
295.25199383193524
303.87390163906565
317.20687894108187
336.2702098361656
361.9714575392217
395.0697620074674
435.9033067475223
484.4549276259457
540.4500974724459
603.4619602073184
672.8180649666482
747.5313171172552
826.268457150195
907.235022218753
987.8763791974812
1064.598062268084
1132.5571573084314
1185.7465593685672
1216.9176326851452
1218.2664072582775
1181.8270086447799
1101.4568921275159
973.3820507752873
798.3863437227528
582.051296557294
335.0007979752324
61.33265766102099
-250.988957161571
-614.2467910402253
-1026.8457255372907
-1479.064133568646
-1953.8223681023924
-2429.206768990414
-2882.4200491606844
-3290.664971376149
-3634.093944234113
-3897.2058720969626
-4069.59939031308
-4147.216635830222
-4132.178441496835
-4032.7740775272378
-3862.3456746196953
-3637.4281185475847
-3377.395803074198
-3100.5434252561336
-2823.702687473282
-2560.3778950896067
-2319.882932500849
-2106.80100122216
-1922.834455627686
-1766.0914796664601
-1633.6557436639882
-1521.098629569911
-1424.9850508720997
-1340.988736569102
-1266.4765333877394
-1198.7141073518285
-1137.768463673389
-1082.2987351906763
-1031.2850635575355
-983.97184089609
-939.8352563798397
-898.0291687681746
-858.7930086806281
-821.1150167415501
-785.4803875764928
-750.9586358790175
-718.0397910558502
-685.7492943106469
-654.5679819833585
-624.2046246498365
-594.6861113190904
293.34686643121887
291.067446310529
289.1048291523583
287.4057309353742
285.98760670583914
284.96305045474463
284.5263327950317
285.0503868768289
287.20903539786224
291.924104249909
300.2547073878344
313.14895220069843
331.55166863422363
356.3159577797264
388.1581334726098
427.3550132775429
473.80653946864487
527.1558768742788
586.8913765446997
652.2179474737354
721.9592400598547
794.5143945471369
867.7378349998555
938.6307647336052
1003.0594653548887
1055.6969792894986
1090.0867079136533
1099.035770646688
1074.8842178225275
1011.168665492063
903.0415174536686
749.892230732219
554.9902088779301
326.7440416279882
68.7529765345745
-228.39782283185173
-574.3085988917451
-967.8943003051286
-1400.9634929092576
-1858.4416251505315
-2319.7517598940713
-2763.057587642854
-3165.848167346271
-3508.461797757993
-3775.0288714539042
-3954.7058353582797
-4042.649598562608
-4040.1251637766673
-3954.4817177404157
-3798.122083939156
-3586.7707244161934
-3339.0707739382183
-3072.8500608477316
-2804.6616624222465
-2547.9838803688995
-2312.290151292065
-2102.4499332651353
-1920.52433690848
-1764.9653233670224
-1633.156651624477
-1520.9019471113395
-1424.9163115195513
-1340.9669384881583
-1266.4675706417738
-1198.708958260413
-1137.7656862792844
-1082.296951395662
-1031.2838949151158
-983.9710549495139
-939.8347243081116
-898.028809759325
-858.7927446778136
-821.114835954283
-785.4802412959418
-750.9585147717598
-718.0396780681481
-685.7491886672169
-654.5678776046819
-624.2045373264655
-594.6860557996762
-565.9518479647412
290.6477672853107
288.36066876194053
286.38266332422313
284.64983246803007
283.19912300294885
282.12798327372235
281.6307913656312
282.05941853431904
284.0672314921572
288.5632579625223
296.5769054073313
308.9932720261035
326.6795560097369
350.4281455449389
380.9033711836924
418.31152662209274
462.45970742393774
512.8934953999725
568.995888661865
629.8264483795684
693.9938060456902
759.6116818878469
824.1679777589951
884.2238540969244
935.1743002015057
971.2811211530529
985.947375948485
972.0645513369736
923.0007439120354
833.2935914353001
700.8406702897726
526.9875327451294
318.01949253120296
76.70057222616985
-204.21150225821387
-532.3217437992885
-906.5760722232926
-1320.1497070305516
-1759.8207843162447
-2206.53758499019
-2639.526245969546
-3036.6524802440404
-3378.375071400496
-3648.502381274674
-3835.6612401455054
-3934.276656935663
-3944.685319064736
-3873.2692441612485
-3731.456571681217
-3534.1277242712395
-3299.177059527936
-3043.9591038762082
-2784.739462160101
-2534.96678950533
-2304.2773784135743
-2097.8309380119713
-1918.0531909104834
-1763.7494890758994
-1632.6116762012398
-1520.6838932032658
-1424.8380893358942
-1340.9407539978201
-1266.4559826521213
-1198.7021413089085
-1137.7619224121893
-1082.2945274439169
-1031.2823059141099
-983.9699893912261
-939.834006064762
-898.0283330792723
-858.7924005653048
-821.1146103818172
-785.4800660307471
-750.9583792089675
-718.0395560551605
-685.7490785487181
-654.5677644746052
-624.2044297659162
-594.6859663805598
-565.9517896349932
-537.787384784754
287.9482410159388
285.6533063587156
283.65368529563716
281.9000509226255
280.40971928004905
279.29041152879455
278.7296614010433
279.0582757111893
280.90754706919284
285.16985470937556
292.84090072555375
304.74063070739857
321.65587959635627
344.31181598546993
373.31126520989574
408.78115289891525
450.4257211323188
497.6792574545779
549.7999071029564
605.6793358491885
663.6943676300589
721.6584235189199
776.6927430510689
824.9474087671023
861.4259061646823
880.1363015045577
874.5115033983568
838.0060672619646
764.9455412102293
651.8187749990707
498.47518029459366
308.88040542744864
85.10639902804131
-178.60835463906338
-488.36591147555373
-842.9036096867645
-1236.7499745883829
-1658.0640207585589
-2089.6931223880397
-2511.785231918533
-2902.963285965117
-3243.621869354416
-3517.3788390021687
-3712.1941607094554
-3821.791089239451
-3845.5488602324876
-3788.832748422052
-3662.074852559656
-3479.2668047783404
-3257.5247703428454
-3013.7203556618897
-2763.822218690003
-2521.2434668898577
-2295.786335458693
-2092.9054351405794
-1915.3966761232653
-1762.4295741217427
-1632.0127717076693
-1520.440190422333
-1424.7480870667823
-1340.9088945392966
-1266.44095141719
-1198.6931263601575
-1137.7568341380445
-1082.2912390919473
-1031.2801460284986
-983.9685419849293
-939.8330314978019
-898.0276933293677
-858.7919442507596
-821.1143209044408
-785.4798483595798
-750.9582214868828
-718.0394201694049
-685.7489633327247
-654.5676467003889
-624.2043142449922
-594.6858564059502
-565.9516951151239
-537.7873215891492
-510.042414952733
285.2482528800333
282.9390398144498
280.9308116623267
279.14974933347906
277.6194106460652
276.4502762190153
275.8228187005232
276.0469382198789
277.73019186478416
281.7442562486946
289.0471740296829
300.3920852054126
316.48309256265475
337.97157645742163
365.3893060314627
398.77480712691647
437.7209106320835
481.53774131402406
529.3398560524997
579.8342879945908
631.1525188992441
680.8023764849903
725.5543600142687
761.1988701062749
782.4469859951687
783.2384301145589
757.2702155187748
698.8293046132937
603.50043871377
469.8220937710205
299.4982044657874
93.92730399279628
-151.88128288884042
-442.6090830475937
-777.0951384979801
-1150.8639507704568
-1553.3803219115598
-1969.383820962799
-2379.9572737596222
-2764.736447141706
-3104.0616795958267
-3381.409451832055
-3584.043451612082
-3704.89007062775
-3742.4069878963583
-3700.862157043787
-3589.683208069441
-3421.9324541330534
-3213.900470235601
-2981.964006083883
-2741.7812950389507
-2506.7190652155055
-2286.750118391775
-2087.6288588910265
-1912.5264232280967
-1760.9885694940183
-1631.3502724010234
-1520.1655691338008
-1424.643390493001
-1340.8696891265845
-1266.4214122309063
-1198.6812222790008
-1137.7499762553214
-1082.2867894417093
-1031.2772149498812
-983.96657598028
-939.831706127428
-898.0268290635049
-858.7913320050675
-821.1139413288726
-785.4795696916414
-750.9580306655578
-718.0392626719616
-685.7488394485221
-654.5675236787913
-624.2041954680137
-594.6857390791326
-565.9515780485771
-537.7872187403856
-510.04234870306794
-482.4067086449297
282.5413980926718
280.2310005092103
278.20730765098705
276.3988910806018
274.82815726305597
273.60746864794476
272.9100987980173
273.0253312098193
274.53531587675377
278.286815670644
285.19635443419264
295.94901627686073
311.1641977647412
331.4130317232359
357.14649720054126
388.3065711729714
424.36697114290496
464.5013710389848
507.66638294042997
552.370181010814
596.4924447789575
637.2419443039325
671.0686197383575
693.4702391522919
699.0061500139868
681.7101631887849
635.8486929098673
556.6125381865829
441.36226469837715
290.0848419628012
103.03949282360671
-124.23947008483457
-395.379448466547
-709.5142877232769
-1062.716281309582
-1446.0818077357987
-1845.7984431185496
-2244.299414235407
-2622.0327072755385
-2959.66901490322
-3240.3907526505486
-3450.9549293924138
-3583.274499657773
-3634.944604995534
-3609.045956411458
-3513.9742997228186
-3361.848327932753
-3168.068186910028
-2948.498883712275
-2718.470153350372
-2491.2851738904355
-2277.0920987458385
-2081.9497080509423
-1909.4092578594828
-1759.4062460360726
-1630.6124400561384
-1519.8534858000621
-1424.5202885574454
-1340.8209720212833
-1266.395981874617
-1198.6655302582983
-1137.740764646358
-1082.2807872225185
-1031.2732475063472
-983.963909501977
-939.8299035025207
-898.0256576210867
-858.7905046081422
-821.1134359788496
-785.4792044991564
-750.9577916227912
-718.0390725165105
-685.7487009009396
-654.5673917717053
-624.2040733228285
-594.685619664998
-565.9514521409957
-537.787090379941
-510.0422400949008
-482.4066379436635
-455.0316794490751
279.84105967423324
277.5223483414339
275.48309987398835
273.64739482707927
272.0358646728363
270.7618352125539
269.99130257678434
269.9933422500187
271.32302795833084
274.79792152280606
281.28928389802013
291.4132473995114
305.7029052116199
324.64273652830445
348.5937445721779
377.3938800353411
410.39053968901885
446.6118045035148
484.8437253266109
523.3870487336134
559.8716314982007
591.2237035169682
613.6165086987261
622.3480077906584
611.9662206638584
576.8131591968339
511.8630009363972
413.5735378180038
280.7562954392541
112.2700308988922
-95.90232079572544
-347.12322443324723
-640.5296338810501
-972.8117542246623
-1336.5454097811075
-1719.2898432843097
-2105.097751648956
-2475.05890336295
-2810.515652930107
-3094.241497893199
-3312.6998595055406
-3456.6642090929645
-3522.8326273408516
-3513.0666543978186
-3434.630379701426
-3298.720575836972
-3119.7711318538304
-2913.110787526087
-2693.7220210786963
-2474.817651355559
-2266.7235133955314
-2075.8077550802377
-1906.0059679832775
-1757.6583744951486
-1629.7849624697158
-1519.4957711622471
-1424.3740437395863
-1340.7599370701084
-1266.3628664355047
-1198.6448839470502
-1137.7284356677374
-1082.2727188817753
-1031.267894285909
-983.9603019100474
-939.8274553680658
-898.0240684658829
-858.7893823641652
-821.112756548147
-785.4787179473742
-750.9574836384515
-718.0388343793884
-685.7485390576339
-654.5672448934068
-624.2039447120023
-594.685498454386
-565.951322597039
-537.7869504729559
-510.0421034456858
-482.40652233448486
-455.0316001682052
-428.2207475694024
277.14030065357764
274.8130327089323
272.7580883220318
270.89513682485733
269.24239015550677
267.9131836986798
267.0662093942841
266.9508373330197
268.0934192544175
271.2780450402445
277.32708363778823
286.78715015733655
300.10362794971655
317.6684453435846
339.7439960400393
366.05717640727084
395.8241070558162
427.91933756886095
460.9496261964063
493.0063801786426
521.4783793692726
543.0380097220935
553.6397033523871
548.4916537366186
522.2747324833866
469.83431142924013
387.0091029800434
271.625087305485
121.49560752297334
-67.3121664079457
-298.2836099386832
-570.6154386526063
-881.7744910245647
-1225.2903668109634
-1590.4461560786797
-1962.6931095660461
-2324.169004791586
-2656.739729539029
-2943.0302163173533
-3169.1208796319042
-3324.8243864919586
-3405.7417214035177
-3412.5907009251514
-3351.322397617152
-3232.235963350664
-3068.733225133341
-2875.562817047743
-2667.347998807442
-2457.1739779806344
-2255.5408763827963
-2069.132222351567
-1902.2700626847072
-1755.7157811090594
-1628.850259899307
-1519.0821826330534
-1424.1986043393997
-1340.682952100903
-1266.3197430574241
-1198.617772680705
-1137.711994064594
-1082.2619127383184
-1031.2606967359004
-983.9554362855845
-939.8241390277677
-898.0219146091772
-858.787858679641
-821.1118380267767
-785.4780627998998
-750.9570784801767
-718.03852720536
-685.7483419275296
-654.5670743336605
-624.2038042465537
-594.6853727392585
-565.9511892443942
-537.7868038077213
-510.041953166549
-482.4063771716253
-455.03147195869025
-428.2206701861278
-401.26400520791657
274.4391064484426
272.1029844563445
270.0321443386516
268.1419517895105
266.44754263978626
265.0612953662083
264.1345939518921
263.8976780717991
264.8466001910155
267.7277839517927
273.31125043703236
282.07364021763124
294.37165929864534
310.49922917678407
330.61203178584077
354.32053240794266
380.70548013575683
408.48266977061076
436.0755191628856
461.3691199696359
481.5293941014452
493.0137064031451
491.63201818482025
472.61034667279466
430.9291028512821
362.05733812874314
262.9022732399764
130.61890995162352
-38.99099864368684
-249.3830365662498
-500.46375218152207
-790.1737989608694
-1113.0703175145231
-1459.9615132015058
-1817.6806718205285
-2169.814498763742
-2498.607745098644
-2786.9121511896083
-3020.1872497888985
-3187.580402122541
-3283.3856324473754
-3307.2688204962683
-3263.7085092917678
-3162.0587559426285
-3014.6581790966425
-2835.59687300213
-2639.1364159830273
-2438.191147044262
-2243.424087148306
-2061.8396903833013
-1898.1459754781908
-1753.5430896641665
-1627.7866275605284
-1518.5998309129184
-1423.9862261432504
-1340.5853213651142
-1266.2636083426783
-1198.582243066271
-1137.6901462202202
-1082.2474929588404
-1031.2510551783587
-983.9488969385111
-939.8196611179369
-898.019001570545
-858.785791800739
-821.1105934471894
-785.4771754155813
-750.9565378962745
-718.0381222422675
-685.748093024649
-654.5668680638382
-624.2036441569376
-594.6852375895621
-565.9510485783586
-537.7866492641814
-510.0417938160091
-482.40621764827824
-455.03131221314754
-428.22054383663567
-401.26391699892883
-375.5300933748124
271.7374498727058
269.39211892539635
267.30511334598026
265.3876366641488
263.651098272237
262.20593592184025
261.1962407317016
260.833744866444
261.58273073303263
264.1479120381575
269.2436254540532
277.2762949599441
288.513222612167
303.1453646591139
321.2148848966291
342.21123713125047
365.077574149245
388.3689745792448
410.3250209421976
428.6342252256225
440.26598342942873
441.5129855278584
428.1206265948056
395.4512282199167
338.9170033769082
254.75288061395372
139.50668616430374
-11.309281585267463
-201.1369169697897
-430.8388453093444
-698.736785391023
-1000.721477179767
-1328.607263015675
-1670.9345081093795
-2012.578896151673
-2336.607846976175
-2626.093066935327
-2866.011960254864
-3044.8218008634503
-3155.559474941363
-3196.7614660372274
-3171.4381699199685
-3087.8291725639383
-2957.2205313661166
-2792.9301180923926
-2608.8497078821347
-2417.6840798708795
-2230.234206544882
-2053.831515923884
-1893.5671653799707
-1751.0972244083362
-1626.5671546873607
-1518.032466558389
-1423.727010750549
-1340.4609852112721
-1266.1905839366977
-1198.5357728706479
-1137.661214664429
-1082.2283205169135
-1031.2381877376579
-983.9401405397501
-939.8136367739219
-898.0150731794658
-858.7829941888546
-821.1089071150635
-785.4759705906862
-750.9558103653196
-718.0375804701486
-685.7477698140768
-654.5666096313254
-624.2034536916299
-594.6850858170283
-565.950894516661
-537.7864818987798
-510.0416235307833
-482.4060485388712
-455.0311368090738
-428.2203857252258
-401.2637769790426
-375.5299999961899
-350.09074378891165
269.0352881083738
266.6803311054886
264.57681512293334
262.63195737720525
260.8528072607147
259.34686968261
258.25096283392645
257.7589653933548
258.3020471426559
260.5393831645967
265.1264767690513
272.399359096145
282.5353739346673
295.6185558249235
311.57157277838314
329.7596536772661
348.98840272354556
367.6527489590847
383.81288100138437
394.9762588312731
397.9502431265175
388.92075824587164
363.6546195553651
317.7645093177857
247.20270352959207
147.9862050045044
15.401355082692957
-154.266716038689
-362.51607251312674
-608.4724869658684
-889.0711051084259
-1197.3559031620396
-1523.3787279442968
-1853.3158637043384
-2171.4138879380366
-2460.9516856727582
-2706.8077049518342
-2896.534836662327
-3022.128291761259
-3080.7838632064986
-3074.1612036770803
-3009.1746843939723
-2896.062643859909
-2747.252399798694
-2576.222472687921
-2395.4419952406165
-2215.8104759933876
-2044.9911869109787
-1888.4537308656263
-1748.325629613419
-1625.1584275532655
-1517.3595581928428
-1423.4082980757328
-1340.3021293010133
-1266.0956673464782
-1198.475109515936
-1137.6230286875748
-1082.2029175053824
-1031.2210776324735
-983.9284590855316
-939.8055628999988
-898.0097933030968
-858.7792188706494
-821.1066258871965
-785.4743349203194
-750.9548268965691
-718.0368492733178
-685.7473416718917
-654.566276645478
-624.2032181235501
-594.6849074182696
-565.950718275096
-537.7862936332712
-510.0414361616331
-482.40586786621344
-455.0309506169904
-428.2202130446188
-401.2636064403921
-375.5298428884539
-350.07226252405394
-324.26449079571853
266.3325627898475
263.9674974743596
261.84705027326686
259.87465802035155
258.05240422162217
256.4838773054771
255.29862284213655
254.6733359988337
255.00488757056826
256.9033746937001
260.96249033481763
267.44764805049493
276.44613993829375
287.93176501464717
301.7030022382296
316.99925288218793
332.4902955503696
346.4150591675075
356.66333432626374
360.5826895699805
354.8588436132287
335.63518797883495
298.7875150215861
240.27653797993923
155.87757208254774
40.70827092891719
-109.36096022267341
-296.3558271924641
-520.3971202387785
-779.1523497620774
-1067.3077628329531
-1375.989431361535
-1693.1019260992462
-2003.8332724235745
-2292.159041062043
-2542.8804315895786
-2742.85704749838
-2882.997204278052
-2959.1337687654795
-2971.5415093622973
-2925.728765850369
-2830.7984355326516
-2698.220359983276
-2540.957207914504
-2371.2235747681666
-2199.967618458957
-2035.1815564322887
-1882.7097174328323
-1745.1641573977192
-1623.5189062114068
-1516.5551581661023
-1423.0139270759314
-1340.0987022370327
-1265.9724163636413
-1198.3960633524825
-1137.5727845526594
-1082.1693702243067
-1031.19840556303
-983.9129324177961
-939.7947838954692
-898.0027223351228
-858.774141896373
-821.1035479360767
-785.4721182576864
-750.9534956054849
-718.0358581488049
-685.7467672393415
-654.5658387919772
-624.2029173782889
-594.6846886301194
-565.9505076706755
-537.786072982535
-510.04122190135007
-482.40566917651853
-455.030751434357
-428.2200314302085
-401.2634243164414
-375.5296382485111
-350.052754801681
-324.24524104224747
-296.1517331543033
263.6291964595065
261.25347895167675
259.11560462979423
257.1154702500781
255.24962228460788
253.61676886987604
252.33914847372776
251.57693374262882
251.6917123426291
253.24128112817166
256.75469684438
262.4266226179711
270.2543596679826
280.09913468073836
291.6319981548506
303.9661093265317
315.63943667989366
324.7425073710897
329.00814065119823
325.6496899875156
311.2767656225951
282.056509584885
234.05782439608038
163.06734041780635
64.19529954498098
-67.00403624600806
-233.22143918979953
-435.4320311612819
-672.1939239276728
-939.580852022621
-1229.9959741899906
-1533.0359386260332
-1834.8969350024572
-2120.5705050490637
-2374.7566774622096
-2584.0770155324276
-2738.160755050245
-2831.6704772166204
-2863.282254764744
-2837.1330328035906
-2761.0321630414605
-2645.4555053650897
-2502.7220706632543
-2344.7519823541843
-2182.491130738749
-2024.2413889791308
-1876.2200569724891
-1741.5346403682868
-1621.5970751312677
-1515.586501574208
-1422.523301955722
-1339.8377986105183
-1265.8125431719807
-1198.2932431458464
-1137.5068670726384
-1082.125205289499
-1031.1684630445795
-983.8923673805183
-939.780447755617
-897.9932869421282
-858.767339807091
-821.099408259869
-785.4691227317735
-750.9516947008201
-718.0345131755452
-685.7459910038729
-654.5652552611313
-624.2025242305375
-594.6844106187485
-565.9502459874748
-537.7858041397548
-510.04096686676996
-482.40544221758574
-455.0305324323481
-428.2198391688442
-401.2632377668244
-375.5294022508277
-350.03305588790226
-324.2245638444443
-296.1503260602838
-269.68458379136206
260.9250936078044
258.5381244723798
256.382255671324
254.35412178625057
252.4442095466312
250.7453997536366
249.37254130245262
248.46994454756293
248.36312119243132
249.55469345842081
252.50651015227686
257.3422529838966
263.96959806783383
272.1359774558611
281.38295749015145
290.69862507809734
298.4952553350694
302.7259138988869
300.98384387524897
290.3781481660034
267.4895086007229
228.5758182078988
169.52932259264156
85.60319845529935
-27.766749270168646
-173.8934891275279
-354.538951814625
-569.3359049254468
-815.4033584455817
-1086.7652988838988
-1374.3177682735993
-1665.8486010405265
-1947.1293031514583
-2203.2580456069463
-2420.611715850735
-2587.8077147527347
-2698.2947145076955
-2749.157241087887
-2743.0312472859155
-2686.3753419537366
-2588.549417579376
-2461.152360779531
-2315.712095890489
-2163.130929181352
-2011.980865550065
-1868.8465283680955
-1737.341706507802
-1619.3291619304046
-1514.4122867918577
-1421.9102158748701
-1339.5028897161774
-1265.6054013852045
-1198.1597177411834
-1137.420622160176
-1082.0672315484853
-1031.1290414267132
-983.8652198977381
-939.761449895177
-897.9807411459597
-858.7582606984356
-821.0938599838282
-785.4650886190028
-750.9492634127104
-718.0326898858442
-685.7449388812726
-654.564471430152
-624.202001964621
-594.6840477545139
-565.9499104209564
-537.7854655515617
-510.0406519660218
-482.4051725198495
-455.0302829236949
-428.2196298046892
-401.2630468558958
-375.5291370693078
-350.0137977159503
-324.20353900999834
-296.14822081800014
-269.6844720058985
-243.68704192396277
258.2201430599185
255.8212738029862
253.64678418130057
251.59034999864878
249.63593781715622
247.86967642819064
246.3988989593128
245.3526714151797
245.01984005172213
245.84542038479472
248.2216446520688
252.2009508116579
257.6021300686254
264.05851973678045
270.98165804433313
277.2371607344541
281.1196723453808
280.4586926739325
272.7292283949826
254.96818093552065
223.77589272267915
175.24161034446695
104.81664779685919
7.960027457632929
-119.04078267303981
-278.6763890263109
-471.6164408690149
-696.0846471748972
-947.6047639988838
-1218.4030260905129
-1497.988649578624
-1773.0049068687022
-2029.353328293895
-2253.089510977015
-2432.3148973657785
-2559.0218182290305
-2629.0134744488664
-2643.0895207264057
-2606.4415404722654
-2527.078892455517
-2415.8470278851905
-2283.7514749417955
-2141.595554183015
-1998.1768458002416
-1860.423276250998
-1732.4689459192807
-1616.6364078945344
-1512.9806149961287
-1421.1413892533365
-1339.0728596542222
-1265.3373372935775
-1197.9865835459034
-1137.3080671389187
-1081.9913388462799
-1031.07728993872
-983.8294952387913
-939.736361357274
-897.9641162669365
-858.746187083866
-821.0864502046876
-785.4596761704465
-750.9459902312365
-718.0302240765982
-685.7435125008803
-654.5634145850443
-624.2013013512546
-594.6835653740478
-565.9494700418517
-537.7850279864289
-510.0402511814995
-482.4048402360116
-455.0299879949734
-428.21939296151527
-401.2628475746185
-375.52883534169564
-349.99491711823606
-324.1830037467437
-296.14574818608753
-269.6842339299677
-243.68702443269555
-218.36208572293032
255.51421974885136
253.10276482528968
250.90897843476841
248.8239145205031
246.82461283346953
244.9895712630116
243.4184153202512
242.2255303887194
241.6627536156786
242.11544946824662
243.9040639527591
247.00954870829148
251.16277549112226
255.88377420798744
260.45500555748555
263.6235494450626
263.5761153979842
258.0353814773453
244.38186190589408
219.61450525179868
180.17004025027467
121.77608393524275
39.985155763965686
-69.13412415935461
-208.63023802443868
-380.0614990145124
-582.8513918252929
-813.8356860255026
-1066.8125337275999
-1332.7146756596167
-1599.6104395839593
-1854.0983219642385
-2082.4103916399067
-2272.1713038471385
-2414.0883571798277
-2502.757557486987
-2537.053220153047
-2520.831384924031
-2460.6196648106584
-2366.3657482152976
-2248.4825568733286
-2117.5497345483677
-1982.5671753511633
-1850.752560022173
-1726.774177027457
-1613.4216863354936
-1511.226508863042
-1420.1746234697855
-1338.5208048973045
-1264.9908842662571
-1197.7624117850687
-1137.1615219671735
-1081.892242560152
-1031.009534408296
-983.7826204079897
-939.7033372067071
-897.9421565748131
-858.7301882486942
-821.0765887507756
-785.4524422353253
-750.9415976323244
-718.0268999508276
-685.7415818050126
-654.561988399857
-624.2003567407446
-594.6829168882958
-565.9488831666082
-537.7844520174325
-510.0397292592295
-482.4044183807504
-455.0296273890489
-428.2191139673045
-401.2626330584645
-375.52848269000697
-349.9761828713638
-324.1629594275435
-296.14317216240426
-269.6838904891485
-243.68698068748068
-218.36207774769147
-194.00256578068434
252.80718894543713
250.38244051924718
248.16864531821417
246.05460126882878
244.01008765540692
242.10512793112548
240.43137957259592
239.0890724136794
238.2928844380251
238.36692222827264
239.55796915054668
241.77517253668057
244.6627642308825
247.62937099846454
249.83067539097516
249.90042582597403
245.92863414961357
235.54951474792497
216.0752784083908
184.33880925242178
136.4716745740755
68.22860912328146
-24.42570020097991
-144.92803179992302
-295.5505042157612
-476.8014943914327
-686.8128309584137
-920.964153576473
-1171.6011893001883
-1428.4175882105574
-1678.801789814993
-1909.6323066488644
-2108.0537716318345
-2263.9179850270098
-2370.4142278442264
-2424.7679910010124
-2429.1616792139816
-2388.746648772955
-2312.238180112308
-2209.476601393047
-2090.6160149523103
-1964.8438324889785
-1839.6003446554544
-1720.0842114163452
-1609.5653680018058
-1509.0689355528957
-1418.956523199965
-1337.8125172317777
-1264.543745914012
-1197.4725439334445
-1136.9711392971524
-1081.7631603169664
-1030.921046275199
-983.721280911732
-939.6599998177467
-897.9132366496123
-858.7090591599535
-821.0635077079595
-785.4428101967537
-750.9357221977937
-718.0224348022626
-685.7389754403175
-654.5600658113877
-624.199081008152
-594.6820400446312
-565.9480939764462
-537.783684779747
-510.03903870513153
-482.4038704646956
-455.029173795614
-428.2187726932255
-401.2623936545597
-375.52805813306804
-349.9573282476629
-324.14317704871763
-296.1405729461596
-269.6834797069302
-243.68690616114532
-218.36205909261787
-194.00256107717473
-170.2455249252131
250.09891221973658
247.66015478552183
245.42561942044532
243.28223623869528
241.19226630924996
239.2164577204183
237.4381889592524
235.94397681037728
234.91139259514122
234.60214848863302
235.1877292685953
236.50518019728472
238.11368285154305
239.31330696779196
239.13667631277872
236.1106606445484
228.2405579268408
213.09198910389074
187.82237499011947
148.99658440931734
92.71420053608813
14.990177792714974
-87.86287425500915
-218.67823479570802
-378.85738149220083
-567.7648076699795
-782.2465292953283
-1016.2434545882829
-1260.9520613197697
-1505.008140805699
-1735.9383744188774
-1940.9226681768127
-2109.042634357784
-2232.2218267076582
-2306.1485647533787
-2331.1428016422824
-2311.02215467091
-2252.9888968145206
-2166.2533918337604
-2060.377311676593
-1944.6474688820222
-1826.6917799840683
-1712.1903202980802
-1604.920162991624
-1506.4074484720386
-1417.4197365429648
-1336.904500384607
-1263.9675396018156
-1197.0981987413907
-1136.7243048029686
-1081.5954038527059
-1030.8057493072968
-983.6412119964907
-939.6032903960391
-897.8752553988769
-858.6812422023379
-821.0462088763081
-785.4300312980845
-750.9278886836406
-718.0164592113301
-685.7354682522633
-654.5574798060011
-624.1973590079549
-594.6808520903095
-565.9470281742887
-537.78265581238
-510.0381159207269
-482.4031474231616
-455.0285905541248
-428.21834177636475
-401.2621163035835
-375.5275330603463
-349.9380800131207
-324.12337009408657
-296.1379445830113
-269.6830196520131
-243.68680174828793
-218.36202649539882
-194.00255006985003
-170.2455218230095
-147.78024710861334
247.3892525868764
244.93577791110607
242.67976818252774
240.5066915236623
238.3711049297902
236.3237521319301
234.43934081487146
232.7910471224392
231.5195897803387
230.8235598682733
230.79783054380903
231.2070910614011
231.5272796836766
230.9536897768521
228.40097429875996
222.29643443166262
210.5734093512207
190.6706856373582
159.51998843508017
113.60882066368168
49.17489447006614
-37.539516861449606
-149.77702557432977
-289.6757591685066
-457.67693479404437
-651.9792610476734
-868.1324940071011
-1098.8566149458761
-1334.3046553004367
-1562.7591948343265
-1771.9276797264663
-1950.2011932708986
-2088.6106245245387
-2181.217319635749
-2226.60027972203
-2227.021811778871
-2188.1514194090296
-2118.2879783288026
-2026.3718281075676
-1921.5667868930643
-1811.7025813980626
-1702.8442066139091
-1599.3051315900702
-1503.1180231667022
-1415.4797346389487
-1335.74150318359
-1263.2262540013508
-1196.6153545091568
-1136.4048698155163
-1081.3778646286594
-1030.6558488946653
-983.5369318645264
-939.5292802975068
-897.82550042846
-858.6447270108215
-821.0233954008222
-785.413134891673
-750.9174761055384
-718.0084914056332
-685.7307649569423
-654.5540114929036
-624.1950390785364
-594.6792435063073
-565.9455874096872
-537.7812717338862
-510.03687625318764
-482.402183671079
-455.02782867865545
-428.2177842332898
-401.261783446352
-375.5268692284286
-349.9181625193417
-324.1032382385656
-296.1352469446694
-269.68251048017277
-243.68666711481544
-218.36197770130116
-194.0025306735899
-170.24551470060646
-147.78024510821592
-126.25558059993507
244.67808032409536
242.2092074995346
239.93099999185506
237.72788765377388
235.54662335473614
233.42727348921417
231.43542711936416
229.63122126784197
228.11892183192222
227.03369800022207
226.39285253162814
225.88849200564565
224.9153234209594
222.56852526632198
217.65090956385413
208.49852090946376
192.93199728801008
168.21343477481162
131.18125819120152
78.3692099934582
6.137910546296233
-88.96215267527991
-209.6419277439698
-357.26163323053936
-531.2491784935681
-728.6414381984675
-943.7641050675411
-1168.3168432466807
-1391.7298183864953
-1602.362715503117
-1788.4289865519202
-1940.1520199238128
-2050.207581796117
-2115.4353913369755
-2136.4103882391887
-2117.254635464489
-2065.0470050958647
-1988.080493002578
-1895.144223430197
-1794.2493374057185
-1691.7539426875092
-1592.4996697310055
-1499.047782564104
-1413.0312909161487
-1334.2533499289693
-1262.274274078776
-1195.9933748983196
-1135.9921689077821
-1081.0963639045294
-1030.461366734794
-983.4014012176737
-939.432931390165
-897.7604749615257
-858.5969224684516
-820.9933825653014
-785.3908644220594
-750.9036732779691
-717.997904001611
-685.7244787437171
-654.5493746375637
-624.1919219961777
-594.6770698692733
-565.9436421269075
-537.7794094362788
-510.0352076657134
-482.400892058658
-455.0268230469696
-428.21705037192964
-401.26137149875507
-375.526015968546
-349.89729658025783
-324.08247519927386
-296.1324262145269
-269.6819409521488
-243.68649895553145
-218.36190997384625
-194.00250118771197
-170.2455022991994
-147.78024042579167
-126.25557932664245
-106.1860700808842
241.96527854378516
239.48037068774767
237.17926576329205
234.94580114570155
232.71890175819874
230.52735390003238
228.42714444050253
226.46555857423164
224.71095835564694
223.23520711893977
221.97739798008143
220.5569293581721
218.28947837427128
214.1753571737707
206.9127862454324
194.71919762177342
175.2663290548731
145.72869024422286
102.94025877766535
43.47697486578525
-36.11246510645233
-138.8934084400498
-266.9667484565418
-420.8512794623068
-598.9465877494356
-797.1514574517663
-1008.7280258368155
-1224.5378216249499
-1433.758553960402
-1624.9641954732658
-1787.658313425154
-1913.5604331841269
-1997.6702834098596
-2038.9700096147267
-2039.8393491416118
-2006.0118448211788
-1944.932352540487
-1864.8780373329955
-1773.8861652994065
-1678.5755508860202
-1584.2387544892297
-1494.0078061694132
-1409.9445375814978
-1332.351272679719
-1261.0538466473845
-1195.193345894624
-1135.4597696006297
-1080.732825774218
-1030.2095607922638
-983.2255907891213
-939.3077913674957
-897.6756777805822
-858.5344935395037
-820.9539810960753
-785.3615950045079
-750.8854204183505
-717.98388077742
-685.7161031029195
-654.5431955667848
-624.1877465810456
-594.6741412589328
-565.94102239143
-537.7769074041819
-510.0329626616319
-482.39915743520436
-455.02548754479835
-428.2160738405871
-401.26084884122565
-375.5249066195438
-349.87519762237577
-324.0607676488809
-296.1294209296272
-269.6812929170003
-243.68629079624495
-218.36181964251355
-194.0024594453963
-170.24548352265495
-147.7802321897773
-126.25557633788809
-106.18606919395698
-87.94987255764485
239.25075119073097
236.74922745585206
234.42456725510644
232.1604659797457
229.88807850063046
227.62440022836768
225.415275364516
223.2952336162823
221.29739717398832
219.43078305385936
217.55602862590155
215.21982125385398
211.66108600770838
205.79105171652
196.18701317219578
180.92347257997787
157.5813652112189
123.30828605766294
74.93511988967639
9.132170236373536
-77.30022218049538
-186.97232219289725
-321.31010336619784
-479.9535483256543
-660.2815331062296
-857.133387335992
-1062.883130140603
-1267.8398308854246
-1461.2166311638575
-1632.2539180832994
-1771.8974786854915
-1873.5601839345659
-1934.5775741941397
-1955.533546349666
-1940.6668832618034
-1896.3416710436793
-1830.2100941670178
-1750.113905308586
-1662.9011421145137
-1574.2098157723576
-1487.7651549256095
-1406.0597489031372
-1329.9237847176717
-1259.4916345330248
-1194.166055563743
-1134.7739072948639
-1080.2642129607348
-1029.8842064691764
-982.997936305003
-939.1456057807866
-897.5653243452988
-858.4531541853936
-820.9023441991949
-785.3232271926433
-750.8613323536107
-717.965360365114
-685.7049745401778
-654.5349869917109
-624.1821709006821
-594.6702084313956
-565.9375061311786
-537.7735546646967
-510.0299480089608
-482.39682845929985
-455.02370889862686
-428.2147666002982
-401.2601732053697
-375.52345410292924
-349.85157405440066
-324.03779228705395
-296.1261626394163
-269.68054316949076
-243.6860332810726
-218.3617017642122
-194.00240266944598
-170.2454569443811
-147.7802196591371
-126.25557107684247
-106.18606716166113
-87.94987204461167
-71.22311633332491
236.5344260456217
234.01577808633274
231.66695766860963
229.37197351352452
227.0543592739824
224.71888428705836
222.40068490256346
220.12153373371598
217.88002415388735
215.62314875023083
213.13321183961312
209.88431395804014
205.04101453616263
197.41515560945982
185.44894295945863
167.11349571910523
139.93878520959012
101.04671197776086
47.304790453280944
-24.470086083460114
-117.16410692066691
-232.87064952146432
-372.29218268890537
-534.1776739507656
-714.9171519368101
-908.4252846146273
-1106.3694513046955
-1298.8254721230471
-1475.2966930650489
-1626.1182133707775
-1743.5940420649251
-1823.2669162751529
-1864.0928739714518
-1868.5195456835897
-1841.7385751976901
-1790.529645275804
-1722.3886849523415
-1644.2534428174724
-1562.0465265004684
-1480.0368348927577
-1401.1796462034617
-1326.8325539377151
-1257.4942858440609
-1192.8494286475245
-1133.8915858080286
-1079.6611424334521
-1029.4647048758673
-982.7036613846984
-938.9358227521609
-897.4219943470433
-858.3474062286701
-820.8347670755719
-785.2730498027768
-750.8295975477993
-717.9409627458298
-685.6902229510026
-654.5241138036317
-624.1747476653768
-594.6649447162262
-565.9328040695308
-537.7690767678321
-510.025911704969
-482.39370721416657
-455.02133886936326
-428.21301254641696
-401.2592882956779
-375.5215455004104
-349.82612603689745
-324.01321273563707
-296.12257479973766
-269.679663626892
-243.68571433944285
-218.3615498825027
-194.00232729761032
-170.24542072735517
-147.78020186045043
-126.25556306881354
-106.18606363636289
-87.94987083392807
-71.22311601996878
-56.66428319349927
233.81625976547176
231.28006405406524
228.90654150910197
226.58047762354354
224.21800934550652
221.81133744694213
219.3843129116657
216.94582562868055
214.46069658683518
211.8150135359571
208.71321842993794
204.5571860393303
198.4284156729625
189.03045068901926
174.69904157648295
153.32978856718384
122.40202477846002
79.03914658586142
20.1853683337943
-57.1436732525644
-155.46392204560132
-276.30016781866533
-419.60258963178177
-583.2351615970119
-762.6762524682731
-951.0601933188955
-1139.577081815927
-1318.3343004162564
-1477.4611901675596
-1608.4831841721573
-1705.3402054944052
-1765.3915635767917
-1789.1831538941537
-1780.5647665382196
-1745.2116393212473
-1690.1129737064923
-1622.097133300851
-1547.3168085258183
-1470.4877800852198
-1395.0594694099473
-1322.9075491893936
-1254.943292748272
-1191.1650281845677
-1132.7583496289692
-1078.8860925836668
-1028.924957686835
-982.3239535199226
-938.6649615088687
-897.2361857180254
-858.2102134795862
-820.7464249917017
-785.2075623094682
-750.7878455577202
-717.9088931552774
-685.6707051900764
-654.5097482249626
-624.1648919539494
-594.6579222262319
-565.9265404267077
-537.7631180682522
-510.0205265142672
-482.3895360894155
-455.01818442463065
-428.21065944918973
-401.2581194390709
-375.51903546894556
-349.7985446831274
-323.98667656250404
-296.11857105707287
-269.678620643227
-243.68531906288928
-218.36135580916508
-194.00222878562423
-170.24537252237252
-147.78017752929574
-126.25555168845047
-106.18605830322309
-87.94986869883482
-71.2231152855843
-56.66428299079874
-44.05531847222076
231.09624292581594
228.54217047781518
226.14347943729223
223.7861922758019
221.37935011470137
218.90235146958378
216.36715125708815
213.76953125556898
211.04130446221998
208.00898970775563
204.3000605186037
199.23712158160615
191.8110917101544
180.63671772978944
163.96376207788768
139.61423432686865
105.03515760753577
57.37917079538832
-6.292383942333015
-88.7155316879111
-191.98501543880204
-317.018562322634
-463.0015272716303
-626.9478590076739
-803.5282549776409
-985.2548415162881
-1163.094098059497
-1327.4193185290517
-1469.251320867374
-1581.3775656915086
-1659.4968688092956
-1702.4176961346243
-1712.3019381208342
-1693.6535861740886
-1652.6395672273568
-1595.8514105951344
-1529.5150514973807
-1458.7270911106104
-1387.3989544684323
-1317.9394512948136
-1251.690072698854
-1189.0131667435633
-1131.3056559180575
-1077.891162675555
-1028.2318991635968
-981.8349802539651
-938.3158160893017
-896.9957472541497
-858.032600032393
-820.6310344497193
-785.1222439864393
-750.732973670209
-717.8668164756259
-685.6449157035912
-654.4908107399423
-624.151838819467
-594.6485804799423
-565.9182281863002
-537.7552194453118
-510.01336929604736
-482.38398130187574
-455.0139954272216
-428.2075088174038
-401.2565680082199
-375.51573829931766
-349.7685118072108
-323.9578124414351
-296.11405319128306
-269.67737385759574
-243.68482932242705
-218.36110935729712
-194.00210138481293
-170.24530934369608
-147.78014503658892
-126.25553612098427
-106.18605074701136
-87.94986544560884
-71.22311399616592
-56.66428251849615
-44.05531835768623
-33.3095298232379
228.37440079436715
225.80222768051982
223.3779866860208
220.98938973308088
218.53876529540145
215.99255467204554
213.35022238706597
210.59410551263906
207.62371320454236
204.20756773316162
199.8920883982033
193.91497558729253
185.18831057678366
172.2512694896844
153.2707023051294
126.00945636587129
87.90154045926823
36.15733494301623
-32.00551108969588
-119.0283562466297
-226.54194699156466
-354.8309901194602
-502.32379871667183
-665.2449454472016
-837.5737296788061
-1011.3916623359809
-1177.6585793465965
-1327.2637148467802
-1452.2336050034653
-1546.7906791285902
-1608.1365671909368
-1636.5630317769771
-1635.2744640616484
-1609.3161565855926
-1564.8857638003974
-1508.0755354050182
-1444.2965729140424
-1377.8407177711554
-1311.6683312998307
-1247.5514726029744
-1186.266722747914
-1129.447449077146
-1076.6154587090962
-1027.3435197980714
-981.2067145157421
-937.8664779996689
-896.6851511761512
-857.8031612414602
-820.4804227634477
-785.0112529291185
-750.660921137837
-717.8116935743551
-685.6108659429169
-654.4658918943614
-624.134587555282
-594.6361848808882
-565.90723736006
-537.7447904405441
-510.0038952390702
-482.3766123356035
-455.00844932502906
-428.2033032168954
-401.25450433539186
-375.5114184186512
-349.73570016207054
-323.9262275083864
-296.10890872548356
-269.67587468108417
-243.68422318768071
-218.3607979895027
-194.00193788077684
-170.2452274180873
-147.78010229549068
-126.2555153129044
-106.18604042568187
-87.94986081814491
-71.22311203521438
-56.66428169231871
-44.055318086118945
-33.30952975621352
-24.527215336737566
225.65079749081917
223.06041410068238
220.61033136493907
218.1904021819245
215.6966805976476
213.08260457874468
210.33455611701777
207.42096976187037
204.20971735631784
200.40917966385652
195.48213580407153
188.58938610582356
178.57112364638942
163.89226200794482
142.64820552801183
112.55795471927713
71.06295267160264
15.459646885662208
-56.840522686551004
-147.94280718463753
-258.9798806426906
-389.5924816559479
-537.4782593138276
-698.1522469901005
-865.0364312521269
-1029.9754273798426
-1184.1262671204681
-1319.0840115899382
-1427.9850583390835
-1506.4931015051238
-1553.1456514369747
-1569.552733526736
-1559.525309329445
-1528.5254683561013
-1482.391199097656
-1426.663689123435
-1365.9701389119002
-1303.773906770384
-1242.3031986268204
-1182.7649349001879
-1127.0751128561521
-1074.9822243809497
-1026.2062281787428
-980.4014630865018
-937.2891931442518
-896.2845576967055
-857.5074710804824
-820.2839978118517
-784.8670335039775
-750.5663766490792
-717.7395695743381
-685.5659218018342
-654.4331481148126
-624.1118284400532
-594.6197716522768
-565.8927541672095
-537.7310746422428
-509.9914060422984
-482.36687652165006
-455.00113227125723
-428.19771051756254
-401.25175879120707
-375.5057791347342
-349.6997742934613
-323.8915047789834
-296.1030081696519
-269.6740643857751
-243.68347416984068
-218.36040636335034
-194.0017292746608
-170.24512200367366
-147.7800466455669
-126.25548790969434
-106.18602663659277
-87.94985448132165
-71.22310924866439
-56.664280437782296
-44.055317606458054
-33.309529597762165
-24.527215296523874
-17.498484557128897
222.92553695215724
220.31695168242956
217.84083513188372
215.3896133380431
212.85356246500174
210.17316716425321
207.32114477586353
204.25148229575458
200.79810962808597
196.60831468720062
191.0685223061398
183.2670113457399
171.9710843383508
155.57840931587836
132.12477241914507
99.3015582106176
54.57863077213329
-4.633525271873841
-80.69477273085734
-175.33859511458218
-289.17651486365446
-421.2072524338198
-568.4435440484895
-725.7837800688845
-886.2396240377634
-1041.603055864031
-1183.4127227990073
-1304.095316874003
-1397.9896201039653
-1462.0516845990658
-1496.1261759493336
-1502.6872896897416
-1486.1008213308178
-1451.8100867617386
-1405.2380773661644
-1351.3059280985008
-1293.8749782449138
-1235.6682349151515
-1178.3085278703668
-1124.0502899306011
-1072.8954746528898
-1024.7516038570247
-979.3718401049854
-936.5490975241237
-895.7686361257634
-857.1273515597719
-820.0281231796824
-784.6798094887022
-750.4424003526238
-717.6453034773876
-685.5065859170431
-654.3901619646857
-624.0818465174186
-594.5980748034223
-565.873728322416
-537.7131069740617
-509.975011093294
-482.35406795005315
-454.9915160761245
-428.1903044968556
-401.24811070035787
-375.4984494061955
-349.66039212429223
-323.8532006669265
-296.0962018269376
-269.6718717041915
-243.6825502694262
-218.359915759621
-194.00146438803392
-170.24498717038097
-147.77997470813713
-126.25545217711914
-106.18600847340784
-87.94984599958681
-71.22310543480806
-56.664278656310664
-44.05531687512032
-33.309529318434016
-24.527215202543612
-17.498484536085876
-11.9271029850188
220.19876387404838
217.5721085732484
215.06986726857573
212.58744987353987
210.00990332564527
207.26488927584379
204.3109176499392
201.08469054227535
197.38473836063702
192.8034551862833
186.65519424277088
177.95479260449264
165.40004439382153
147.32854663237248
121.72865026269709
86.28076950365333
38.50453917988153
-24.048307300837802
-103.47728126994589
-201.11615297487626
-317.0414232660001
-449.6275885310439
-595.2621867333336
-748.3278202316724
-901.5854007794431
-1046.9311121459211
-1176.444521114694
-1283.481194378681
-1363.5660145317743
-1414.8619834733192
-1438.305454167862
-1436.9902275569161
-1415.6390082420985
-1379.3930464623438
-1333.2917674684113
-1281.5336270370826
-1227.3054384652237
-1172.6543994137237
-1120.1970013819084
-1070.234998347375
-1022.8929449028415
-978.0578096886688
-935.6028134176545
-895.1051717606626
-856.6399345533661
-819.695417832992
-784.4369491312232
-750.2799363080064
-717.5222286209881
-685.42821083226
-654.3337533548157
-624.0423952649645
-594.5694295875952
-565.8488046068936
-537.6896613175577
-509.9535808221479
-482.3372899923444
-454.978930373399
-428.18054124454966
-401.2432747691282
-375.4889684389072
-349.6172072608226
-323.8108425900731
-296.08831612097123
-269.6692098056771
-243.68141278355384
-218.3593033682851
-194.0011293692435
-170.24481553194468
-147.77988220678398
-126.25540590238832
-106.1859847712726
-87.94983480944452
-71.22310033129229
-56.66427621870662
-44.055315834373005
-33.30952889291088
-24.527215037996328
-17.498484486185358
-11.927102973504553
-7.838570626881202
217.47066388556823
214.82619386230814
212.29783829606424
209.78437480926024
207.16619807866357
204.35837542582286
201.30301595784124
197.91737694673427
193.96843698973885
188.9971902349232
182.2463176296341
172.65984488707295
158.86987780689736
139.16134969641595
111.48736598269818
73.53422103207322
22.892793377873204
-42.71791898840342
-125.11011802739311
-225.1963473969309
-342.51624673909197
-474.85178566605856
-618.0297506758948
-766.0392422610885
-911.5273909592943
-1046.644741718775
-1164.1370603287703
-1258.3345291516655
-1325.8849902820302
-1366.077369279943
-1380.634371758686
-1373.195514926487
-1348.4602994053123
-1311.3139845669411
-1266.2476204059374
-1216.8093007949924
-1165.5056762396068
-1115.2961037801801
-1066.8484192732778
-1020.5218483668232
-976.3826759912259
-934.3965975937444
-894.2536015418945
-856.0164142961951
-819.2639926520696
-784.1222178788446
-750.067187101374
-717.361733665147
-685.3246315882129
-654.2597235754611
-623.9905302976013
-594.5316459127575
-565.8162335367695
-537.659186506062
-509.92569172821595
-482.3154109369832
-454.9625294026104
-428.16773092194774
-401.23688470752995
-375.47676792397726
-349.5698721373975
-323.7639265109031
-296.0791494047146
-269.6659724981238
-243.68001480192734
-218.3585413967487
-194.00070707432678
-170.24459791536935
-147.7797637432342
-126.2553462698123
-106.18595403716698
-87.94982018413299
-71.22309359836179
-56.66427295668946
-44.05531440848819
-33.309528287654224
-24.527214788066903
-17.498484398098707
-11.927102946616209
-7.838570620825625
-4.864930036893109
214.74146176490729
212.0795537425609
209.52519266541842
206.98086768677518
204.32293394273933
201.45288133944186
198.2948256365726
194.7485623124681
190.55107417869385
185.19227182111445
177.84620895026552
167.3893026240623
152.39231354811565
131.09501195148113
101.42731207098065
61.098269367354305
7.791232482112921
-60.58374555553536
-145.52833996258957
-247.52095119852285
-365.57477436129454
-496.91583513943965
-636.8938862054515
-779.2190341891023
-916.5498766909004
-1041.437467003854
-1147.3605925287318
-1229.6354293228358
-1285.9714467444435
-1316.5961054754757
-1323.8650116263134
-1311.733872027874
-1284.7243303043213
-1247.4392294269946
-1203.7171981207007
-1156.499983819729
-1109.0816483064073
-1062.5416570648092
-1017.5035879734068
-974.2486887271164
-932.8632872277096
-893.1636308743441
-855.2204374077482
-818.7065684257676
-783.7149885301834
-749.7888299800068
-717.1527498633286
-685.1877156448419
-654.1625097090199
-623.9223888979993
-594.4818444768517
-565.773754298283
-537.6197279397426
-509.8895631064128
-482.28701269566966
-454.9412528502605
-428.15100477916513
-401.22847366922747
-375.46115183097936
-349.5180418876861
-323.7119144057206
-296.06846716948485
-269.6620294835526
-243.67829930400444
-218.35759594918218
-194.0001762877378
-170.24432294996282
-147.77961251697747
-126.25526970464473
-106.18591436159835
-87.94980118833098
-71.22308479727486
-56.66426865193314
-44.05531249875048
-33.30952745866901
-24.52721443313736
-17.498484263848468
-11.927102899574903
-7.838570606596185
-4.864930034040451
-2.845617865789944
212.01141792816722
209.33256586669256
206.75239310250987
204.1774124915321
201.4796052092791
198.54633527857686
195.28543937898277
191.5795459932356
187.13461831853442
181.39157660411152
173.4592316796178
162.1502233993465
145.97876136350712
123.14696312886291
91.57345444018688
49.00667280708615
-6.757332786234407
-77.59530226894036
-164.68047799321624
-268.05362774859753
-386.2175079940585
-515.8939869440248
-652.0423070815004
-788.1960072267311
-917.1609870789689
-1031.981600473218
-1126.9186918903115
-1198.256393174917
-1244.6695165609644
-1267.132822112931
-1268.5293583037637
-1252.8362474279647
-1224.469087908321
-1187.5028392974227
-1145.2072633364533
-1101.2329296680446
-1057.0725928944146
-1013.6687295956434
-971.5332405422222
-930.9173643656904
-891.7736285825464
-854.2063003081448
-817.9892793816753
-783.1895173929029
-749.4251003595143
-716.8811156481966
-685.00684442957
-654.0347283433279
-623.8328936126115
-594.4162482530324
-565.7184415141342
-537.5688305025291
-509.84298619666026
-482.25033328630866
-454.9137802324033
-428.12927802933984
-401.2174508986243
-375.4412739245197
-349.46137846635594
-323.6542316177436
-296.05599655045904
-269.65722046790427
-243.67619674475614
-218.35642561465613
-193.99951073605985
-170.243976553028
-147.77941997236684
-126.25517167635945
-106.18586330664364
-87.94977662009188
-71.22307336251552
-56.664263021854794
-44.05530997697336
-33.30952634859789
-24.52721394747978
-17.498484072867313
-11.927102828157281
-7.838570581615011
-4.864930027242065
-2.8456178643833856
-1.5561140617790095
209.28082577102575
206.58562739765955
203.979909507831
201.37379304378675
198.63473105168396
195.63797982054805
192.27568944189827
188.4116597821436
183.7210836275742
177.59800997037166
169.08973819313513
156.949488468167
139.6401177287906
115.33368642145416
81.94910631487087
37.29005668382106
-20.715127781353647
-93.7106179526443
-182.52955775444443
-286.7766392049729
-404.47233094199964
-531.8930069639154
-663.6882231579616
-793.325060316103
-913.8661532347205
-1018.9111763856831
-1103.5418702437935
-1164.9528522323674
-1202.65457737401
-1218.2582711584753
-1214.9374434558072
-1196.6602450206624
-1167.5613400346062
-1131.135191753565
-1091.361553884619
-1050.1489393969257
-1008.8016436003941
-968.0844547459773
-928.4489467513868
-890.0074564634823
-852.9173530514425
-817.0698938320228
-782.5142939482965
-748.9508816086719
-716.5287689257066
-684.7683538726801
-653.8666044357747
-623.7153478237675
-594.3299209344513
-565.6465070347894
-537.5034155503353
-509.7832469932447
-482.2032048929627
-454.8784784444986
-428.101210393196
-401.2030734249791
-375.41611391250126
-349.39955346865054
-323.59026428492155
-296.04141987560547
-269.65134793366235
-243.67362197539612
-218.35497968810068
-193.99867783607422
-170.2435412815759
-147.77917535330627
-126.25504645024803
-106.18579776402608
-87.94974493642286
-71.22305856602473
-56.66425570118304
-44.055306677069154
-33.309524882944594
-24.527213297557775
-17.498483811294488
-11.927102726772704
-7.838570543634211
-4.864930015211845
-2.8456178610288787
-1.556114061087626
-0.7863164243132177
206.5500037944464
203.8391452307843
201.2077507182955
198.5690967563826
195.7878270347699
192.7283958202714
189.26642670951983
185.24624059196617
180.312461882511
173.81445311037174
164.74200879303274
151.79372553887967
133.38673038812604
107.67060295761776
72.5755628564441
25.975914362953745
-34.049658142985024
-108.89705812105834
-199.05112088303372
-303.69149951150206
-420.39177109421416
-545.0421011898305
-672.0671447963524
-794.9713941105613
-907.1489787036306
-1002.8194758479318
-1077.877914303408
-1130.3537926963688
-1160.4826082504303
-1170.3634532178519
-1163.3087933989411
-1143.2203340133753
-1113.7236474464405
-1079.0058518327958
-1041.421404895729
-1002.6330683133995
-963.7119383103496
-925.3189883009293
-887.7680881452742
-851.2844272417966
-815.8955081408138
-781.6510916013734
-748.335070147798
-716.0727354916739
-684.4549429850817
-653.6453245797377
-623.5608837621693
-594.2164388715781
-565.5530500746327
-537.4196207374015
-509.7070432889171
-482.14299062683745
-454.83334254433066
-428.06516775174634
-401.184410644022
-375.38445465575313
-349.33224638533585
-323.5193573074125
-296.02436675243956
-269.6441683970367
-243.6704703008491
-218.3531959255343
-193.99763710321346
-170.24299551078593
-147.77886513879216
-126.25488677301438
-106.18571377497122
-87.94970415790296
-71.22303947115545
-56.66424621803416
-44.05530238407581
-33.30952296515729
-24.527212439818154
-17.498483461062268
-11.927102588092666
-7.838570489677796
-4.8649299968608135
-2.8456178550909477
-1.5561140594587934
-0.7863164240115914
-0.37665426801396323
203.81928702695103
201.0932712860919
198.435463116922
195.7631291641191
192.93942426474578
189.8181977849364
186.25849903247865
182.0845652852417
176.91067597583032
170.04372318083824
160.4201878138868
146.6892671606357
127.22830664289744
100.17184394604818
63.47211389904725
15.088421090859871
-46.734339386458075
-123.13008995524552
-214.23391892224276
-318.81754839212783
-434.04687933109847
-555.4894867209849
-677.4299678799593
-793.4930428569952
-897.4716139163453
-984.2483982202756
-1050.4869295693761
-1094.9858878912473
-1118.5873779172894
-1123.719411010683
-1113.7751111785606
-1092.3341708002547
-1063.6363191055466
-1030.4680651517524
-994.8396851050995
-958.1727402832005
-921.3548895671597
-884.9290916552809
-849.2220887474914
-814.4004168413585
-780.5528974497809
-747.5403642270702
-715.484037801095
-684.0449760711319
-653.35441698985
-623.3577382242775
-594.0674669333418
-565.4317552482577
-537.3125876918314
-509.6103931859418
-482.0665240554108
-454.77593128236526
-428.01918972544604
-401.16029848823064
-375.34486547704495
-349.2591321831258
-323.44081417180666
-296.00440371683266
-269.6353820269515
-243.6666124037081
-218.35099771547212
-193.996338124543
-170.24231238967687
-147.77847232539327
-126.25468347347703
-106.18560630131351
-87.94965174636253
-71.22301487340702
-56.66423396282916
-44.05529681985135
-33.309520470219034
-24.527211317814785
-17.498482998708223
-11.927102402569332
-7.838570415844507
-4.8649299707468225
-2.8456178460322596
-1.5561140565957015
-0.7863164233142488
-0.37665426790603995
-0.19787263850194867
201.08894149089286
198.3478991023492
195.6630591136603
192.95641729154022
190.09008320351307
186.90801101062698
183.25271379504576
178.92783131641357
173.51755169579897
166.28851278757728
156.12826975219025
141.64213124192753
121.17380484404299
92.85027777988203
54.65592672331369
4.6479969801868375
-58.74768055468556
-136.393878292675
-228.07900658227723
-332.18815341188065
-445.52464541323116
-563.3977759926778
-680.030561627174
-789.2350967603319
-885.2696886744967
-963.6757136086919
-1021.8526320248402
-1059.2838343442734
-1077.2896175343699
-1078.5268231156501
-1066.2681611539522
-1044.6560093715104
-1016.7865900212809
-985.0376189489928
-951.1632433047589
-916.3398178392489
-881.3285468449089
-846.6195115642494
-812.5043167006464
-779.1602714640145
-746.5228378506022
-714.7269594939576
-683.5114990320817
-652.9732725099523
-623.0904068376963
-593.8721778095436
-565.27454404202
-537.1761855349351
-509.4885232902564
-481.9700549839221
-454.7033022929216
-427.9609672214434
-401.12927953039235
-375.2956997329887
-349.17984892039027
-323.3539007883637
-295.98101992518326
-269.6246205606289
-243.661887777753
-218.3482905156785
-193.99471797819191
-170.24145850889983
-147.77797551376463
-126.25442495424033
-106.1854689340963
-87.94958444800814
-71.22298322411605
-56.664218147894786
-44.05528962438714
-33.309517236272704
-24.52720985845703
-17.498482393829338
-11.92710215781089
-7.838570317051806
-4.864929934979134
-2.845617833141358
-1.5561140522409438
-0.7863164221019563
-0.37665426766320514
-0.1978726384744742
-0.14725661860712574
198.3591540927767
195.60317217000068
192.8910150511539
190.1495035339783
187.24038182996355
183.99844764089593
180.24982120254754
175.7771352095135
170.13476883208176
162.55137381365827
151.87006468080816
136.6579423969383
115.23148184189122
85.71746728866523
46.14176787660853
-5.32815078015923
-70.07378288459175
-148.68072896936755
-240.59741745967008
-343.84974673040364
-454.9243058606137
-568.9375107041807
-680.1176384440547
-782.5309094450928
-870.9387016234176
-941.5243876399041
-992.3904706479367
-1023.5944852379857
-1036.83558464425
-1034.8185607712549
-1021.3993959327198
-999.8058436302383
-972.7635900700573
-942.321643656715
-909.9953879467232
-876.7653012344638
-843.3278933045093
-810.1076689568154
-777.3973684396615
-745.2294812300831
-713.7591001447377
-682.8209073535531
-652.4767353700971
-622.7388833436482
-593.6164343774839
-565.0711735052803
-537.0026779066052
-509.3357101823065
-481.8491990937275
-454.61195871980846
-427.8878279420712
-401.0895278140427
-375.2351161111508
-349.0939346029806
-323.2578558652625
-295.9536069431103
-269.6114335067629
-243.65609619907238
-218.3449573654383
-193.99269794943424
-170.2403921993523
-147.77734774340726
-126.25409654373057
-106.18529352187882
-87.9494980921292
-71.22294253222279
-56.66419775492816
-44.05528033137343
-33.30951305365283
-24.527207967102456
-17.49848160706597
-11.927101837769442
-7.838570186703935
-4.864929887094441
-2.845617815485505
-1.556114046053847
-0.7863164202667539
-0.3766542672479321
-0.197872638415022
-0.14725661860999265
-0.1194418652851048
195.63018296599915
192.85948031988758
190.11980244370474
187.34293255008959
184.39089057459051
181.09008868896728
177.25049948516767
172.63344189381812
166.76385884353977
158.83469955960246
147.6491488112556
131.74196194410828
109.40886873698133
78.78350999650524
37.94237478390134
-14.826392053049105
-80.70201654540992
-159.98968191677483
-251.80979713300567
-353.85828294209267
-462.3537718588868
-572.2808364366696
-677.9342135190442
-773.6946420127558
-854.8317824848777
-918.1715371488954
-962.4446564873784
-988.1942498785901
-997.3259273977998
-993.1640002850189
-978.8989471523357
-957.4708869581106
-931.2226569402227
-901.9747271663623
-870.9876464097488
-839.1535290690813
-807.0793734301308
-775.1690502836473
-743.5924014814432
-712.5313033854025
-681.9318001684314
-651.8342804555141
-622.2783045506922
-593.2817376161902
-564.8087183048426
-536.782381809773
-509.145035975507
-481.6988730894827
-454.49782764021165
-427.7967146601853
-401.0387640560234
-375.16112753046656
-349.000726797655
-323.15190812322754
-295.9214310549209
-269.5952725294916
-243.64898666302759
-218.34085322042316
-193.99017935848485
-170.23906135645404
-147.7765550057857
-126.25367966877383
-106.18506969633687
-87.94938733273864
-71.2228902378199
-56.66417146670706
-44.05526833620466
-33.309507650493835
-24.52720552112004
-17.49848058746483
-11.927101421682758
-7.838570016260184
-4.864929823896392
-2.845617791849806
-1.556114037588133
-0.7863164176660351
-0.3766542666238169
-0.19787263831588284
-0.1472566186129354
-0.11944186528647822
-0.1101026459126272
192.90234750227697
190.11719531132087
187.3498769481091
184.53722882791726
181.5421562417336
178.18347812831757
174.25534029322878
169.4975857970574
163.40618738124255
155.1406756191924
143.4688740429296
126.89906588681373
103.71264580501546
72.05727179887026
30.06822956770766
-23.836470895953333
-90.62610353917533
-170.32644340564954
-261.74422381362496
-362.27744619007655
-467.92603503216674
-573.5979184659873
-673.7169073136514
-763.0111572818814
-837.2710516525817
-893.9425783601652
-932.2987809540837
-953.2293437769594
-959.2755530265857
-953.3948587520281
-938.5565550092074
-917.3604953920621
-891.8721181159985
-863.6752458632075
-833.8576373333068
-803.241086659215
-772.3554244890452
-741.5221143463374
-710.9841678094763
-680.7949175949052
-651.0081951551327
-621.6790218026593
-592.8442478526094
-564.4707780586726
-536.5033962654719
-508.9080342069246
-481.51316514020596
-454.3562925710624
-427.6841251567443
-400.9741762513383
-375.071663377465
-348.8992332341802
-323.0352931161149
-295.883598644705
-269.57547345883273
-243.64024315217299
-218.3357977754367
-193.9870382671546
-170.2374006562697
-147.7755543462443
-126.25315079751732
-106.18478426582247
-87.94924531719919
-71.22282304937606
-56.664137578391525
-44.0552528540793
-33.309500673808294
-24.52720236142747
-17.49847926901948
-11.92710088269252
-7.838569794672693
-4.864929741247044
-2.845617760658242
-1.55611402626263
-0.7863164141129465
-0.37665426574273836
-0.19787263816854225
-0.1472566186142725
-0.1194418652886073
-0.11010264591197394
-0.06392549084264414
190.17594316554064
187.37666147087424
184.58166182347284
181.73288809436178
178.6946983857436
175.2791032883752
171.26484717319508
166.37026761428746
160.06293214907825
151.47129424935895
139.3323353101675
122.13365025090383
98.14881582242657
65.5462457314175
22.52766400628257
-32.35091644884234
-99.84422086185077
-179.7020225676354
-270.4346022338931
-369.17647835390625
-471.7552697499575
-573.0577736907484
-667.6872332007258
-750.7418600706609
-818.5480740874088
-869.1086306652478
-902.127733548408
-919.1421642761554
-922.619384974156
-915.386980183658
-900.1578317545708
-879.2232754251763
-854.4384877713791
-827.1480235001691
-798.3630150577201
-768.7975412525138
-738.90381628772
-709.0388613449893
-679.3530767192533
-649.9513104182805
-620.9061637386009
-592.2745659336205
-564.0362884582303
-536.1513913168474
-508.61428663817014
-481.2850500763991
-454.18227237717883
-427.5459849077501
-400.8923599577238
-374.9646017175883
-348.78800633620665
-322.9072476405074
-295.8390197373525
-269.55123434830597
-243.62946665128197
-218.32956631455409
-193.98311878249203
-170.23532798856343
-147.7742914417956
-126.25248008820718
-106.18442043985793
-87.9490632612044
-71.22273673443742
-56.66409388241624
-44.055232865156476
-33.30949166458719
-24.527198281332467
-17.49847756611805
-11.927100186034037
-7.83856950765275
-4.864929633795378
-2.845617719871057
-1.5561140113237995
-0.7863164093643664
-0.37665426454181183
-0.19787263796180155
-0.14725661861385422
-0.11944186529119148
-0.11010264590939155
-0.06392549084118383
-0.02478375937045844
187.4512332020952
184.63818421549718
181.81554006579486
178.9303668735588
175.848987420063
172.37739713510052
168.2794388431778
163.25204476174156
156.73509401220497
147.8283316590459
135.24231341916638
117.44972493325609
92.72259439108117
59.256645886780966
15.327300346300545
-40.365157783420976
-108.3581456165942
-188.13169812530626
-277.919877157567
-374.627842242631
-473.9565953164083
-570.8244735304876
-660.0502328053735
-737.1319236462818
-798.912828221477
-843.8520536538523
-872.2940275654948
-885.9556962257286
-887.3118303227814
-879.0053718890366
-863.4952290503279
-842.8371432087365
-818.6646622307103
-792.1701481100486
-764.2821961514835
-735.5924706049159
-706.5874311443285
-677.5361495430152
-648.6062035947915
-619.9171881547131
-591.538574796732
-563.4783150498959
-535.7091403245681
-508.2511672408957
-481.00586088638124
-453.97023747039196
-427.3774736304021
-400.78925906292005
-374.8377064872284
-348.66507545123375
-322.7669427597969
-295.7863803747188
-269.52158645069824
-243.61615303219742
-218.32187794854482
-193.97822461441822
-170.23273988282705
-147.77269750929636
-126.25162966214114
-106.18395683695358
-87.94882990401823
-71.22262585062828
-56.66403751945288
-44.055207042834276
-33.309480025034695
-24.52719301179705
-17.498475367532627
-11.927099286655976
-7.838569136708855
-4.864929494623355
-2.84561766685146
-1.5561139917968456
-0.7863164031052988
-0.3766542629392365
-0.19787263768105087
-0.14725661861140255
-0.1194418652944001
-0.1101026459038047
-0.0639254908379394
-0.024783759369899013
184.72844131983487
181.90202492436947
179.05184786803704
176.13007106675906
173.00544886400263
169.47873549690263
165.29943671046684
160.14334488184704
153.4234966501114
144.2133128056865
131.20131855558606
112.85082206086997
87.4384262347694
53.1936297810075
8.471909868730352
-47.87696334515982
-116.17261217426493
-195.63445810053145
-284.2420652894345
-378.7056989683024
-474.644840845061
-567.0531327268176
-651.000338727736
-722.4018260700349
-778.5385790427216
-818.4496516906224
-842.8855539783503
-853.699833623055
-853.2827126470598
-844.1041049356131
-828.3837916162989
-807.9870335536891
-784.3369890797703
-758.5446766753462
-731.3988043122989
-703.4903942171978
-675.2484974672624
-646.905126280469
-618.6579639428484
-590.5976669208025
-562.7640348969801
-535.1552062262723
-507.80389487576895
-480.66457495936976
-453.7138769123385
-427.17291814631056
-400.6600115570525
-374.6884267362328
-348.52797279586923
-322.6133162597908
-295.7241354100775
-269.48535383759025
-243.59966672668762
-218.31238036594323
-193.97210847479758
-170.22950563751547
-147.7706853602995
-126.25055139535989
-106.18336621531864
-87.9485308104445
-71.2224834002965
-56.66396478577934
-44.05517366020039
-33.309464975469005
-24.527186201964202
-17.498472528461402
-11.927098126081319
-7.838568657882394
-4.864929314782156
-2.8456175981920104
-1.5561139664223775
-0.7863163949284058
-0.3766542608290393
-0.1978726373072779
-0.14725661860657388
-0.11944186529841348
-0.11010264589463362
-0.06392549083242968
-0.02478375936858639
182.0077495582158
179.1683976669233
176.2908675329006
173.33235589776137
170.16445787054244
166.58342898838671
162.32508027254525
157.04446547915654
150.12876241646504
140.6275364547558
127.2115283434692
108.33999098417263
82.30012614265054
47.36122326983187
1.964768380515227
-54.88606635114691
-123.29496795761493
-202.23205385665622
-289.44559137608303
-381.4856029902714
-473.93186835051404
-561.8919246140539
-640.7203901746138
-706.7097032432141
-757.6085571228928
-793.0404144508439
-813.9901608769705
-822.3642290153014
-820.4475751249091
-810.5357580728148
-794.6551634606379
-774.4759931737344
-751.2806686684738
-726.077473580375
-699.5751523140143
-672.3584806720945
-644.7637253104513
-617.0610143166549
-589.4051671487426
-561.8565515269278
-534.4618317444796
-507.2554713667257
-480.24728332266415
-453.40502733027233
-426.92586213028136
-400.4985482665044
-374.5135899527354
-348.3738014763545
-322.44480799748
-295.65051997340123
-269.4410988575015
-243.57921012601093
-218.30062997157762
-193.9644588154628
-170.2254597787319
-147.76814436791457
-126.24918409539944
-106.18261384851026
-87.94814747686898
-71.22230038744887
-56.6638708848796
-44.055130468321885
-33.309445497769666
-24.527177393412977
-17.498468859978235
-11.927096628251316
-7.838568040078035
-4.864929082683407
-2.8456175094873846
-1.5561139335740135
-0.7863163843079308
-0.3766542580743917
-0.19787263681586031
-0.1472566185989143
-0.11944186530346126
-0.11010264588111443
-0.06392549082419077
-0.024783759366280814
179.28929522952419
176.43746446084083
173.53282795668324
170.53752153108488
167.32632923603265
163.6917294306336
159.35652608614078
153.9555697852955
146.8513499739946
137.0720580897184
123.27477648027376
103.91987616505276
77.31082018746397
41.7625426207908
-4.192064177695452
-61.39396753133998
-129.73462491365396
-207.9483250635766
-293.576440797755
-383.04292874367724
-471.92572959811264
-555.483458016672
-629.3504943339681
-690.1470227781755
-736.3000533154855
-767.7497079411055
-785.6560415210554
-791.9130418460085
-788.7080917266328
-778.1672807898569
-762.1470994999561
-742.1392387322603
-719.335405876614
-694.6232172777527
-668.7002801367503
-642.0658373624643
-615.0456950049875
-587.8994828953947
-560.7154722761665
-533.5938413690005
-506.5851801585681
-479.73726620624416
-453.031828346662
-426.6290660431806
-400.2969235521782
-374.3090651361281
-348.19916350661384
-322.2590940208745
-295.56354346315345
-269.38705779040646
-243.5537876215969
-218.28606613062308
-193.9548832747761
-170.2203923690878
-147.7649340464613
-126.2474498920082
-106.1816554468742
-87.9476561862434
-71.22206524981769
-56.6637496077409
-44.055074538414765
-33.30942026136886
-24.52716598619381
-17.498464115020678
-11.927094694013297
-7.838567242850537
-4.864928783295126
-2.845617395036129
-1.556113891150774
-0.7863163705653471
-0.3766542544987314
-0.19787263617511128
-0.14725661858775477
-0.11944186530987227
-0.11010264586221777
-0.06392549081258286
-0.024783759362779902
176.5731698108516
173.70933852954488
170.77790213189706
167.7458083136851
164.4913241881176
160.80382960396503
156.39384470797003
150.87671297393277
143.5915405387798
133.54768498313896
119.3926199047784
99.59267112366912
72.47305254637047
36.39993120023487
-9.997690572219051
-67.40359785739044
-135.50268509464317
-212.8087371602677
-296.68159596462544
-383.4520240446005
-468.7316560968858
-547.9452137551165
-616.9037138826798
-672.909690358118
-714.7660959773102
-742.6701909967849
-757.8936034511611
-762.2946575709752
-757.967079561814
-746.8721192494513
-730.709300441032
-710.8423724477979
-688.3594777618996
-664.0751527586585
-638.653528011696
-612.5109181133001
-586.0005657350997
-559.2904781906894
-532.5101786868689
-505.76481969440323
-479.11507470596035
-452.5770690080128
-426.2734966399846
-400.04475093793496
-374.06933942226124
-347.99973297824886
-322.0529874126194
-295.46089021030434
-269.32108337406356
-243.52216046321644
-218.2679783271676
-193.9428879935656
-170.2140365573536
-147.76087586118385
-126.24524962330378
-106.18043449810776
-87.94702654173726
-71.22176313098223
-56.66359292213369
-44.055002057807
-33.309387526754
-24.52715119412342
-17.498457969802725
-11.927092193788864
-7.838566213461625
-4.864928397076012
-2.845617247447427
-1.5561138364359421
-0.786316352825049
-0.3766542498744567
-0.1978726353440795
-0.14725661857228492
-0.11944186531800426
-0.11010264583662328
-0.06392549079678204
-0.024783759357806252
173.8594196083484
170.98408020137043
168.02620497667002
164.95739943391945
161.65964588554849
157.9198543988992
153.4370357523695
147.8078401549802
140.34945611444735
130.0550198705167
115.56628680386683
95.36016481931216
67.7888501814847
31.274986516053726
-15.452134653575204
-72.91908266719244
-140.61162650877688
-216.8399922859104
-298.80841664121033
-382.7859400018034
-464.44166544176136
-539.2292715266468
-603.5755929572148
-655.1702186255288
-693.1257112651851
-717.8591914891176
-730.6886264974062
-733.4552397056812
-728.1259316956994
-716.5273293507217
-700.2193510183083
-680.461002383312
-658.2367267983738
-634.3325976325485
-609.3179412589512
-583.6106821703044
-557.5092180941978
-531.1641030419013
-504.75478942878146
-478.35631890675995
-452.0182134471706
-425.84535978501026
-399.7292904710548
-373.7867332734361
-347.76947856783613
-321.82258946783315
-295.339654113905
-269.2406199540473
-243.4827842647967
-218.2454656175176
-193.927851590753
-170.20605260548248
-147.75574277915567
-126.24245693767087
-106.17887886488118
-87.94621958891608
-71.22137494774253
-56.66339044547351
-44.054908066953175
-33.309345020126464
-24.527131986162765
-17.498449999197497
-11.927088957824637
-7.838564882952387
-4.864927898557291
-2.8456170571201733
-1.5561137659118478
-0.7863163299562306
-0.3766542439081369
-0.19787263427006435
-0.14725661855138458
-0.1194418653283534
-0.11010264580259317
-0.06392549077571844
-0.024783759351005828
171.1480472733469
168.26170033996377
165.2777974921291
162.17241848906576
158.831432745211
155.0398727937994
150.48602976287242
144.74879699297892
137.12508947651529
126.59446744048694
111.79675131457284
91.22382036745455
63.25978071342253
26.38872391552256
-20.55624996328813
-77.94563857321822
-145.0751105910125
-220.06970426296107
-300.00400575485315
-381.1123389745121
-458.96493957410814
-529.5184369086614
-589.5434385630263
-637.0631435622632
-671.4716794158151
-693.3398136782693
-704.0259605929874
-705.3294927672825
-699.0888562382469
-687.0271413321144
-670.5665908066045
-650.8795857433417
-628.874672877419
-605.2812055018661
-580.6074674202371
-555.2713937721566
-529.4942242828415
-503.5031218357582
-477.4257878836785
-451.32838653569155
-425.3223575027546
-399.335757588487
-373.4502196140645
-347.4998827868045
-321.56348976222154
-295.1959315141817
-269.1427246075352
-243.43371818697457
-218.2173884763788
-193.90899207091445
-170.19600742731643
-147.7492459392449
-126.23891075379294
-106.17689643276202
-87.94518541108339
-71.220876195238
-56.663128768778535
-44.054786121157186
-33.309289771225195
-24.527107009866874
-17.49843964423988
-11.927084763234902
-7.838563160895278
-4.864927254446036
-2.845616811549471
-1.5561136750144318
-0.7863163004966567
-0.37665423622133104
-0.19787263288521026
-0.14725661852361316
-0.11944186534156523
-0.11010264575790896
-0.0639254907480074
-0.024783759341915547
168.43901331376972
165.5421624115672
162.5326859712986
159.39092814344826
156.00676724112975
152.16389356456216
147.54069057860212
141.69936037870565
133.91831918092421
123.16626845016454
108.08476287689491
87.18478026429722
58.88701614448852
21.74160454441237
-25.311621137853134
-82.48941298549688
-148.90782101639164
-222.52610427524237
-300.31594385328486
-378.3157103300766
-452.46332508307887
-518.9789550959508
-574.9491375960176
-618.6993249897589
-649.8645524631334
-669.1257954138645
-677.8816947395044
-677.8451484053635
-670.7780198048572
-658.2694237262142
-641.6515922696575
-622.0030566278742
-600.1765029139733
-576.8266999157345
-552.4526867151707
-527.409418652918
-501.94470280955784
-476.2715661368376
-450.47389314759323
-424.67296528371946
-398.84585557371355
-373.0446858036964
-347.17953862299095
-321.2705733605276
-295.0244550739351
-269.02410161477013
-243.37249881298612
-218.18231321972755
-193.88532421682316
-170.18334844291792
-147.74101764217946
-126.23440562241979
-106.17436954445435
-87.94386005000672
-71.22023541605233
-56.66279059001519
-44.054627856119566
-33.30921790413547
-24.5270744918773
-17.4984261694089
-11.92707931682386
-7.8385609283796
-4.864926421083988
-2.8456164943989326
-1.5561135578075649
-0.7863162625525083
-0.37665422632546763
-0.1978726311020881
-0.14725661848710872
-0.11944186535843218
-0.1101026456996822
-0.06392549071186286
-0.024783759329933874
165.73224080530682
162.82538542977713
159.79082196519573
156.61293510009068
153.18567389988752
149.2918695957662
144.60083702818588
138.65925240176858
130.72895186051966
119.77054715680397
104.43088680323405
83.24393794321965
54.67136664890295
17.333622377948693
-29.72050539747984
-86.55742418978292
-152.1253601522279
-224.24164190726393
-299.61971171430844
-374.5309639885131
-445.08201983372896
-507.74921093885905
-559.9094137446442
-600.1652014552888
-628.344220870968
-645.2279123668452
-652.2145341410137
-650.9497118598163
-643.1114636709619
-630.1698086576221
-613.3876079734324
-593.7466315220788
-572.0552463237436
-548.9038037734821
-524.7840305130788
-499.99467848446943
-474.8243452322888
-449.4063071915823
-423.8597401548848
-398.2338022504405
-372.5513920317069
-346.7942093329266
-320.9371580289139
-294.8185102625538
-268.88105950651305
-243.29598602442675
-218.13844672353758
-193.85560455740222
-170.16737015443928
-147.73058967249685
-126.22867939869144
-106.17114788604525
-87.9421615630687
-71.2194122386997
-56.66235360328574
-44.05442243045292
-33.30912436810973
-24.527032109092037
-17.498408606754953
-11.927072232393721
-7.838558028648432
-4.8649253410353115
-2.845616084255021
-1.5561134065478104
-0.7863162136653155
-0.37665421358888995
-0.19787262880802187
-0.1472566184394179
-0.11944186538000034
-0.11010264562420738
-0.06392549066499165
-0.02478375931428984
163.02761671877232
160.1112453967786
157.05210978498812
153.8383899525908
150.36811878567957
146.42370963387347
141.66625195092885
135.62816234022205
127.55675008185356
116.40734990282078
100.83555406056331
79.40196506845818
50.61334274559237
13.164315428127404
-33.78581188256717
-90.15752548800549
-154.7498365827226
-225.09403561253208
-298.02181435574414
-369.8788869411593
-436.9458118061173
-495.94410356912726
-544.5206287057503
-581.52412065722
-606.9433918493073
-621.6412256862537
-626.9906573297651
-624.5928945762108
-616.0155009511319
-602.6634818430442
-585.6949536655779
-566.043811626257
-544.4386858191356
-521.467578034813
-497.54062579975636
-472.9996738669959
-448.0570911471068
-422.8399382975638
-397.4639228304769
-371.94803044180486
-346.3274005043493
-320.55370585487094
-294.57018205388266
-268.70928786921274
-243.20020703377918
-218.0835523655662
-193.8182612705369
-170.1471712629916
-147.7173657055163
-126.22139747596705
-106.16703939621428
-87.93998497613529
-71.21835486420872
-56.66178907519057
-44.05415581064909
-33.309002591764795
-24.52697682243627
-17.498385683181848
-11.92706300091428
-7.8385542546383284
-4.864923938506585
-2.8456155529496767
-1.5561132111004552
-0.786316150635331
-0.37665419719352855
-0.19787262585757645
-0.14725661837733997
-0.11944186540757501
-0.11010264552671341
-0.06392549060443344
-0.024783759293984686
160.32499748383893
157.39958323981816
154.31640762130678
151.06719005542487
147.5540200783657
143.55928300117458
138.73669740416457
132.60577715465163
124.40147173149693
113.07668597200798
97.29909298028736
75.6593703362479
46.71318861625275
9.232796106310207
-37.51106142315199
-93.30527526072763
-156.6689933932583
-225.1655588019823
-295.61916675110086
-364.4656819610937
-428.1610423467306
-483.6596910541871
-528.8597409701613
-562.8246053172654
-585.6844519929716
-598.3531428974512
-602.1849521497527
-598.7196076679287
-589.4421487527205
-575.6849517488859
-558.5195294994236
-538.8293027197628
-517.2909846994502
-494.4445665307847
-470.69763683666116
-446.3432418161687
-421.55876587305056
-396.4935354913087
-371.2062041563467
-345.7610442216903
-320.10684420542685
-294.2705913169922
-268.5034335915439
-243.08022835446042
-218.01482839559378
-193.77130776126577
-170.12159916263312
-147.70058632266137
-126.21213259450472
-106.16179866366083
-87.93719582217116
-71.21699684591867
-56.66106002035506
-44.053809854098404
-33.30884403926374
-24.526904662925844
-17.498355726230958
-11.927050951507857
-7.83854933247243
-4.864922113209218
-2.845614863298705
-1.5561129581528048
-0.7863160692849622
-0.3766541760773747
-0.1978726220628303
-0.14725661829664768
-0.1194418654428483
-0.11010264540105841
-0.06392549052638888
-0.02478375926773849
157.62421461431794
154.6902086808509
151.5835348241869
148.29919132450345
144.74325476165947
140.69843194359942
135.8119331720328
129.5918055387775
121.262899504473
109.77855754355888
93.82177993787587
72.01651629705029
42.97087685756561
5.53777485881653
-40.907882295073605
-95.9041385778124
-157.94687341470058
-224.53141874137725
-292.49879759185154
-358.38438222677837
-418.8182329348122
-470.9759957323015
-512.9872219318465
-544.1044088736735
-564.5777923336418
-575.3533098100565
-577.7668908369467
-573.2891124060139
-563.3477441776681
-549.1811737169248
-531.8168242297705
-512.0582910629694
-490.55078062035574
-467.80183351477154
-444.1769706194907
-419.94544542149646
-395.27569482305523
-370.2891970177885
-345.0739817446196
-319.57953205430965
-293.9094886201251
-268.2565940543818
-242.93005138021158
-217.9287235259823
-193.71224074249156
-170.08917708920964
-147.67928493352895
-126.20033896193293
-106.15511212385577
-87.93362187591613
-71.21525296228756
-56.66011886389887
-44.053361133170995
-33.308637640956974
-24.52681045678601
-17.49831654246697
-11.927035200683099
-7.838542899712298
-4.86491973216707
-2.8456139660538655
-1.5561126301517652
-0.786315964140802
-0.37665414885802817
-0.19787261718047042
-0.14725661819179134
-0.11944186548798441
-0.11010264523932467
-0.06392549042599086
-0.0247837592339053
154.9250782310403
151.98290305308853
148.8532766817593
145.5342096493299
141.9356635766928
137.84098172503127
132.89173408936895
126.58599726142978
118.14086531931171
106.51300387543759
90.40386385965166
68.47365325925925
39.38616443607608
2.0698731741868834
-43.89841637760837
-98.00356088215871
-158.63974506574323
-223.26058484659316
-288.73875045662226
-351.7163619026734
-408.99463458878904
-457.95908152849125
-496.9508610342286
-525.3906437828873
-543.6269261828061
-552.629028257173
-553.7052846992577
-548.2706429837848
-537.6841349777986
-523.11976117212
-505.5364591980619
-485.6838403058973
-464.1782179932352
-441.46621545245125
-417.92128253516705
-393.7564853837934
-369.15414779523803
-344.2370844497279
-318.9518672638917
-293.4738403647854
-267.9598618328404
-242.74246179091915
-217.82066987070235
-193.63792389634042
-170.04800742548002
-147.65223260377184
-126.18531906808731
-106.1465791939264
-87.92904257935012
-71.21301392954275
-56.65890444615124
-44.05277942747799
-33.30836906310249
-24.52668747259912
-17.498265260919364
-11.927014586579494
-7.83853447687062
-4.864916618836666
-2.845612795806134
-1.5561122038672577
-0.7863158280050349
-0.37665411373037666
-0.19787261089477956
-0.14725661805542625
-0.11944186554572869
-0.11010264503134581
-0.06392549029696586
-0.024783759190371884
152.22738563831783
149.2774307213136
146.125392950131
142.77203136538444
139.131065137327
134.98675573502732
129.97590243385784
123.58816097552483
115.0352806148677
103.28011599960598
87.045580143898
65.03093249564641
35.950920956841784
-1.1108297612411575
-46.518960174160554
-99.6439299069034
-158.80011909964583
-221.41614933708044
-284.40900025840637
-344.5328944545039
-398.75632972103733
-444.663378427863
-480.7883211157316
-506.70123684129135
-522.8308675362558
-530.162639335626
-529.9734329715832
-523.6268847913786
-512.4171745737831
-497.45587225004493
-479.633762703469
-459.66733461112847
-438.10306566622825
-415.4062128792378
-391.8744208131577
-367.75433892105775
-343.2107925998515
-318.1996951760002
-292.94600211314247
-267.60177904698315
-242.50872315209668
-217.68473125005227
-193.54445237995935
-169.9956435331544
-147.61786935586267
-126.16618110571137
-106.13568827117099
-87.92317552217395
-71.21013962376342
-56.657338187128175
-44.05202579025823
-33.30801977139196
-24.526526968570938
-17.49819813188341
-11.926987584105746
-7.8385234303093245
-4.864912538746377
-2.845611265503534
-1.556111648452489
-0.7863156513753825
-0.37665406832904264
-0.19787260279489538
-0.14725661787770392
-0.11944186561960018
-0.11010264476398164
-0.06392549013128328
-0.024783759134427027
149.5309274082165
146.57354516517907
143.39962873514375
140.01242535480912
136.3292671528537
132.135586368064
127.06428243316955
120.59818452538673
111.94614017739123
100.08004205038998
83.74717001120223
61.68091007294873
32.710843702111376
-4.02980731771946
-48.79726402270698
-100.86340761860893
-158.47678472256945
-219.0557467886572
-279.5723260251026
-336.8966003859051
-388.1600609701843
-431.1339428399032
-464.5289801033177
-488.04732395881933
-502.1841831440045
-507.9343132153176
-506.54223275847676
-499.3226275457753
-487.5070645120593
-472.14383530753594
-454.0710668490772
-433.94361848404446
-412.3072374278399
-389.5622464336625
-366.0378505562829
-341.9497337941359
-317.290634065558
-292.3024942291668
-267.16727612691443
-242.21804467291724
-217.51318154219513
-193.42697952824696
-169.92892328917804
-147.57421859960078
-126.14178441451598
-106.12178621162343
-87.91565917866716
-71.20645039171939
-56.655319173893616
-44.051050069886095
-33.30756582985037
-24.526317611854367
-17.498110268597113
-11.926952195703036
-7.838508924156547
-4.864907180665278
-2.8456092591577367
-1.556110922832875
-0.7863154216608952
-0.37665400954305434
-0.19787259234472857
-0.1472566176454235
-0.11944186571409497
-0.11010264442027916
-0.06392548991859305
-0.024783759062584062
146.8354937630594
143.87099539186815
140.67571845019629
137.25515016880692
133.53007470191008
129.2873231547211
124.15677138239501
117.6160411508251
108.87353882101536
96.91301025653755
80.50156690036133
58.458596879728624
29.647747588838786
-6.705366801970946
-50.7597862710403
-101.69783895954316
-157.71491309979538
-216.23197038630434
-274.2850996775741
-328.8627600107625
-377.2547970292904
-417.40840792851134
-448.1957191631812
-469.43526179221453
-481.6781685454117
-485.92246474497153
-483.3816358806038
-475.3204799215385
-462.91137029565056
-447.1427950291278
-428.7925234170014
-408.4921632515173
-386.73499734021857
-363.9443696168403
-340.4073183732403
-316.1830966741494
-291.51368810051673
-266.63604024731416
-241.85685022449235
-217.2960254739777
-193.2794706694566
-169.84376110599902
-147.51877935583624
-126.11066992579097
-106.10403952918753
-87.90603088009948
-71.20171591419829
-56.65271787071596
-44.04978773180683
-33.30697636114511
-24.526044733687986
-17.4979953157685
-11.926905810955901
-7.838489858232295
-4.864900132059394
-2.8456066222069154
-1.5561099722086196
-0.7863151221224505
-0.3766539332653924
-0.19787257884216633
-0.14725661734057716
-0.11944186583492344
-0.11010264397836411
-0.06392548964560672
-0.024783758970372976
144.14088023971325
141.1695334785262
137.95339748999965
134.49996243744178
130.7332954321001
126.44184256007338
121.25332351239815
114.64178725385905
105.8176701628632
93.7721870933187
77.33581260361083
55.35001527722727
26.750002019113783
-9.155101597975653
-52.431583278475685
-102.18072703796877
-156.55619453892123
-212.99274939107627
-268.5980335795661
-320.4803723382427
-366.0830800843395
-403.518598534731
-431.8065960731494
-450.86838729709154
-461.3022713496739
-464.1054766006539
-460.46076684819093
-451.58345385884036
-438.58959006932156
-422.4055966697015
-403.76995014989313
-383.2641753386339
-361.39217039330424
-338.53128312273725
-314.82969386755997
-290.5446422715023
-265.9811804532687
-241.40797759212057
-217.02046554321043
-193.09434214277348
-169.73490056944655
-147.4483876150986
-126.07097221149985
-106.08138507404634
-87.89369874445453
-71.19564092289792
-56.64936807261782
-44.04815578439016
-33.306211572272815
-24.52568937443622
-17.497845024233
-11.926845026351497
-7.838464788125082
-4.864890847272005
-2.8456031488702616
-1.556108723400145
-0.7863147304471052
-0.37665383405455316
-0.1978725613646267
-0.1472566169385216
-0.11944186598936457
-0.1101026434098394
-0.06392548929523108
-0.024783758852044188
141.44689413424072
138.46892241732948
135.23240872823405
131.74662576953023
127.9387541507736
123.59905203570457
118.35394962429623
111.67557005375934
102.7718488306192
90.67886087581454
74.23878670281248
52.348118623765835
24.006342739501765
-11.39580335466929
-53.836255313334895
-102.34325162656368
-155.03898520931386
-209.38173529824678
-262.5567914091525
-311.7930086304364
-354.6821587612694
-389.49174762780285
-415.3763621699222
-432.34837839331226
-441.04594677685895
-442.4627936181044
-437.75088982080507
-428.07746647857067
-414.50236313168637
-397.90072922305984
-378.9612942420495
-358.25502591621034
-336.24591459971845
-313.17643852451874
-289.3560816190895
-265.16934698099436
-240.85001437590927
-216.67034093555344
-192.8619620318533
-169.59563104313304
-147.35903466706318
-126.02030943246223
-106.05246728030143
-87.87790598506918
-71.18784687321116
-56.64505661227591
-44.04604755917339
-33.30522022363521
-24.52522705896632
-17.497648705420126
-11.926765413922759
-7.838431822471218
-4.864878606435242
-2.8455985656627307
-1.5561070786980868
-0.7863142168393841
-0.37665370467824355
-0.19787253869545496
-0.14725661640513973
-0.11944186618661566
-0.11010264267786572
-0.06392548884543774
-0.024783758700210195
138.75335923508842
135.7689395569887
132.51250727386116
128.99491743531794
125.14629224926499
120.75889332553966
115.45872447892289
108.71077193950417
99.75357442567174
87.62409596770254
71.20653482518027
49.44603096296652
21.405931823801925
-13.443412186933344
-54.99593012995679
-102.21431379441833
-153.19849977520312
-205.4386260499036
-256.20249527200394
-302.83951701725846
-343.08479824919687
-375.35147705178133
-398.9175301893514
-413.8764046374031
-420.8999257474385
-420.9765775280261
-415.22736281326445
-404.7728513496194
-390.6205089212291
-373.5940983017679
-354.3519074236881
-333.42949357183716
-311.1498476627212
-287.900870991252
-264.1616623086804
-240.15686210107506
-216.2256030047781
-192.57003183321547
-169.4174637563871
-147.24562796260403
-125.95564725715106
-106.01555820057511
-87.85768562145017
-71.1778484294433
-56.6395101975898
-44.04332602258645
-33.30393638675427
-24.524626226648436
-17.4973925314601
-11.926661224441546
-7.83838849102624
-4.864862462565975
-2.845592510019405
-1.5561049077956108
-0.7863135414838691
-0.3766535355005784
-0.19787250922484623
-0.1472566156926195
-0.11944186643835164
-0.11010264173440897
-0.06392548826782027
-0.02478375850536444
136.0601180316435
133.0693807016992
129.79346742745525
126.24463267604627
122.3557744121745
117.92134566631256
112.56102013578875
105.76268490709647
96.75540564356814
84.6059377027463
68.23517022645181
46.63708304630475
18.938396127306493
-15.312992255816013
-55.93127077245821
-101.820632731074
-151.06698798938953
-201.19945812832984
-249.5721707026448
-293.654512148963
-331.3199271231681
-361.11841926189487
-382.441082708166
-395.45378373226026
-400.856966836041
-399.6325025218098
-392.87059703626943
-381.64708514265584
-366.91869900885433
-349.466829537392
-329.91141961594917
-308.63854565339034
-286.11258723577953
-262.9117135992714
-239.29689092754208
-215.66181755339744
-192.2028907084593
-169.18974792323186
-147.10168200898121
-125.87313149451468
-105.96845580187886
-87.83180308052539
-71.16502328927675
-56.63237859569412
-44.039815207130935
-33.302275290626326
-24.523846220034144
-17.497058637429458
-11.926525006542574
-7.838331575352041
-4.864841173549349
-2.8455845026957274
-1.556102037274081
-0.7863126511954436
-0.37665331366328486
-0.1978724708168184
-0.14725661473350335
-0.11944186675923317
-0.11010264051668855
-0.06392548752570192
-0.024783758255265062
133.3670345282862
130.37006364444116
127.07508357332182
123.49558665056632
119.56708992003244
115.07971773769073
109.67485499073904
102.8246227508767
93.77653683217186
81.622442254318
65.32088966240626
43.91483867689866
16.593851695886034
-17.018723836758063
-56.66152373545279
-101.18684461264354
-148.67391416947376
-196.69689621755708
-242.69906442863453
-284.2688127809485
-319.4130256862541
-346.8106420972187
-365.95675201907443
-377.0821787756285
-380.9117912906025
-378.4197180232029
-370.6658171513302
-358.6825618177074
-343.3797606648706
-325.49592473215927
-305.4909659263768
-283.892048219118
-261.3578876025922
-238.22990196704447
-214.9493538050163
-191.74070444658307
-168.89919421728877
-146.91893320527774
-125.76788127978439
-105.90835522322959
-87.79868359880894
-71.14857344008873
-56.623213163491414
-44.035289241107805
-33.300128001790185
-24.522834708288585
-17.496623970476794
-11.926347118021516
-7.838256891491259
-4.864813114797956
-2.8455739122235015
-1.556098236975466
-0.7863114750295254
-0.37665302199949413
-0.19787242063100297
-0.147256613431851
-0.11944186716759903
-0.11010263894225635
-0.0639254865716018
-0.02478375793411899
130.6739956717831
127.67083055658873
124.35717377334862
120.74761818992351
116.77347895053691
112.24729394869644
106.79392828458953
99.89630400615331
90.81614142879062
78.67167954769292
62.45998776689055
41.27311487186337
14.362918590241144
-18.573920814442953
-57.204571785815325
-100.33561480217254
-146.0461566261558
-191.96045550012116
-235.61297155096506
-274.7097282701156
-307.3864441867011
-332.4438352329346
-349.4730310551319
-358.763321383342
-361.0604699252918
-357.32977998991805
-348.60133533067267
-335.8655429781239
-319.98692759938154
-301.53509566239927
-281.10618429106415
-259.41444217193373
-236.9009227192567
-214.05152550277728
-191.15830370867036
-168.52926672452915
-146.68687725969886
-125.63373034149136
-105.83168736959198
-87.75632036850952
-71.12747548533126
-56.61143943718108
-44.029458310485964
-33.29735461619027
-24.521524387580115
-17.49605881441752
-11.926115099114327
-7.8381590110465496
-4.864776167103452
-2.845559909223809
-1.5560932024073706
-0.7863099185662625
-0.37665263760274525
-0.19787235488566746
-0.1472566116505318
-0.11944186768623546
-0.1101026369023903
-0.06392548534398564
-0.024783757521536155
127.98090816671932
124.97154369478304
121.63957869898957
117.99391444216099
113.98787135375758
109.41795498610077
103.91809469647531
96.97741462031723
87.8733705136338
75.75173943618597
59.648870439680834
38.705996886416955
12.236722115362019
-19.991052056788686
-57.57699817464891
-99.2877721176088
-143.20816844593438
-187.01675942272968
-228.34047292798792
-265.00135412306764
-295.2596061964696
-318.03140347740623
-332.99699446216664
-340.4985032275872
-341.29942244458584
-336.35517450448936
-326.66642117516994
-313.18271614518767
-296.5968096128377
-277.6036990280564
-256.97058922748295
-235.23423039125652
-212.92131770865217
-190.42337678231644
-168.05938583949177
-146.39222626556048
-125.46289878722109
-105.73391957677195
-87.70215810392212
-71.10041702168293
-56.59632219134723
-44.02195069378833
-33.2937755517654
-24.519828759297837
-17.495324898630024
-11.925812868689428
-7.838030903377202
-4.864727572661525
-2.845541407716018
-1.5560865320914923
-0.7863078565058794
-0.376652129954848
-0.1978722685443225
-0.14725660919293268
-0.11944186834309328
-0.11010263425298959
-0.06392548376283973
-0.024783756991113674
125.28769886687229
122.27208895789926
118.91545249219439
115.24731663103276
111.20411471267067
106.59153009884706
101.04718327123808
94.06760806936849
84.94735621762567
72.86073964486734
56.88406592170739
36.20784765484611
10.206890805877524
-21.281770473208496
-57.79416700162412
-98.06241825782767
-140.18217542413007
-181.8897390472825
-220.90520912105723
-255.16480876393626
-283.04921200078473
-303.5845075721877
-316.5341074162913
-322.2880203370783
-321.62447353284836
-315.4878166475915
-304.8497165625111
-290.49452211419054
-273.22947664476686
-253.90013890632613
-233.13380317392557
-211.49810053206562
-189.49424721078555
-167.46386154841272
-146.0182778956415
-125.24557601054686
-105.60931268776365
-87.63294529904121
-71.06571526022587
-56.57692092783763
-44.01228980555649
-33.28916041277641
-24.517636732272493
-17.49437297588545
-11.925419693417298
-7.837863476551374
-4.864663750312085
-2.845516989750303
-1.5560776984412945
-0.786305123114351
-0.3766514584911207
-0.19787215490414312
-0.1472566057773347
-0.1194418691721171
-0.11010263080220328
-0.06392548172392125
-0.02478375630860509
122.59431202046319
119.56558191950353
116.1976633108963
112.50149147921202
108.4220034749362
103.76784108793015
98.18100007480174
91.16650962859072
82.03721745115901
69.99683277052202
54.16223580156844
33.77331438753249
8.265549227215859
-22.45695226238791
-57.87028777186022
-96.67706640450045
-136.9883311183587
-176.60086940349828
-213.32811584579287
-245.2184935098253
-270.7694378300561
-289.1121601259607
-300.08810914258646
-304.13077473774825
-302.0302038548375
-294.7184835861763
-283.0178369581857
-267.8203874082522
-250.06991893039515
-230.49109449853887
-209.70706982747038
-188.3184532597893
-166.71057616808466
-145.54420084161583
-124.96939947449391
-105.45062695892807
-87.54454664290358
-71.02121320238628
-56.552033214200634
-43.99986487986998
-33.28321377219203
-24.51480572265018
-17.49313972154716
-11.9249088665933
-7.837644988448914
-4.864580058409135
-2.845484808669571
-1.556066010347859
-0.7863014999231068
-0.37665056944974223
-0.197872005058627
-0.1472566010012472
-0.11944187021378122
-0.11010262629345012
-0.06392547909100786
-0.02478375542946084
119.89379116046703
116.86498268979004
113.47975451107352
109.75625517892016
105.64134364106877
100.94670537536575
95.31933351691569
88.27372203221032
79.14206465920624
67.15821658387179
51.48018352561039
31.397331662414793
6.405304946472566
-23.52672843712512
-57.818499494369554
-95.14774769708441
-133.64490072903334
-171.16937357371773
-205.62767923497404
-235.17834849460303
-258.4321900624611
-274.6213928843687
-283.66102380323747
-286.02416771381604
-282.50989631361534
-273.92218508140803
-261.18816469601245
-245.33516463803605
-227.19115990683042
-207.46184692167395
-186.8334227283549
-165.75973890129842
-144.94428989213006
-124.61882441789584
-105.24876422869727
-87.43170575481747
-70.96414726334244
-56.520122734669805
-43.98389355588121
-33.2755570352875
-24.51115284860457
-17.49154376380595
-11.924246015508833
-7.83736029171361
-4.864470490474289
-2.8454424649264247
-1.5560505651458278
-0.7862966999155893
-0.3766493918079015
-0.1978718072003902
-0.14725659429292487
-0.11944187151547192
-0.11010262038221946
-0.06392547568564186
-0.024783754295555845
117.19930806954466
114.16385709296331
110.76161069448338
107.01144659119387
102.86195391121134
98.12794064204391
92.46195976518987
85.38882921618396
76.2610092809626
64.34314188611471
48.83486087406052
29.075122095215576
4.619236545037574
-24.500527961519595
-57.65093373843666
-93.48913777529405
-130.1684166505962
-165.61243762142055
-197.82017866466558
-225.0581417256798
-246.04739268685987
-260.1174885335611
-267.25336377778063
-267.9642798969614
-262.94820738471924
-253.1125759199707
-239.52657812847147
-223.10798299609297
-204.6659134440125
-184.9683729832236
-164.563153425056
-144.1872844769561
-124.17439344865227
-104.99232523392268
-87.28774776389665
-70.89097841429151
-56.47922812761277
-43.96337422383517
-33.2657053278221
-24.506443704955913
-17.489480608487032
-11.923386932472567
-7.836989866045586
-4.864327284769914
-2.8453868466647885
-1.5560301869407578
-0.7862903472178947
-0.37664783205116326
-0.19787154571968124
-0.14725658484624474
-0.11944187313135657
-0.11010261260461784
-0.06392547127342514
-0.024783752830794835
114.50449007885568
111.46216011488332
108.04313959752982
104.26692579915694
100.08366810454017
95.311368727731
89.6086452094512
82.51140480948936
73.39317035856003
61.549919380547955
46.223374860020954
26.802193631995937
2.9008760679823116
-25.38711069644182
-57.37879080725186
-91.7146606914136
-126.57383834712272
-159.94540861364317
-189.91994498332656
-214.86975981333327
-233.62328227860877
-245.60431596334416
-250.8644537071089
-249.84669004713484
-243.35461457140434
-232.44497316445288
-218.09285218015845
-201.20818385490918
-182.6438884053798
-163.06369869831735
-143.23571411175948
-123.61191284276056
-104.66705169050817
-87.10421037246982
-70.7971765291283
-56.42684790602658
-43.937025399852075
-33.2530381193771
-24.500378067399392
-17.486816154302108
-11.9222747986883
-7.836508577675959
-4.864140423590602
-2.8453139251584836
-1.5560033474230304
-0.786281951018062
-0.3766457674518806
-0.19787120004222092
-0.14725657153485083
-0.11944187512169897
-0.11010260233498953
-0.06392546554587161
-0.02478375093523082
111.80932754412466
108.75986294551852
105.32426902073085
101.5225741975745
97.3063367147794
92.49681602505545
86.759153318054
79.6410171295187
70.53768056130653
58.776928999626534
43.64298867033002
24.574336134144254
1.2441930348588184
-26.194608196169487
-57.012401234444226
-89.83659421550672
-122.87469558389745
-154.18199872146613
-181.93960603440505
-204.62347554954374
-221.16674347195604
-231.0846914983091
-234.4024409897546
-231.67744767441465
-223.87101575894917
-211.96861346685915
-196.95516301227565
-179.76660140735976
-161.1935949707674
-142.04481125291719
-122.90148508343633
-104.25511156644342
-86.87038990362502
-70.67694465552368
-56.35979596029481
-43.903208759140504
-33.23676195511899
-24.492571733178316
-17.48337841157021
-11.920836632256998
-7.8358840908964495
-4.863896990943286
-2.8452184923964614
-1.5559680642334697
-0.7862708720750113
-0.3766430374352863
-0.1978707431344111
-0.14725655279977165
-0.11944187755130918
-0.11010258872920245
-0.06392545809632447
-0.02478374847713436
109.11381872131388
106.05694977108482
102.60494568179023
98.77829402448235
94.52982496939599
89.68411809541522
83.9132474589988
76.77723351765538
67.69369576704948
56.02262181315537
41.09112592472855
22.387613905446532
-0.3564250710600272
-26.930557770393314
-56.56128813837603
-87.86616218410148
-119.08323382110541
-148.3344737479189
-173.8903014072039
-194.32822730905707
-208.68361577877914
-216.48056742515712
-217.87008874880883
-213.58228544023837
-204.53641331097324
-191.7477409180962
-176.22181883536177
-158.8705068960461
-140.5602072318263
-122.00622119417899
-103.73416911375712
-86.57278276673162
-70.52286775527838
-56.27402109531044
-43.85983176578144
-33.2158633106714
-24.482533497176153
-17.478946946390703
-11.918978744447859
-7.835074834683532
-4.863580349372233
-2.845093824363601
-1.5559217705489128
-0.7862562797252434
-0.37663943249065013
-0.19787013958218505
-0.14725652650396437
-0.11944188048720204
-0.11010257064966592
-0.06392544838829133
-0.0247837452823804
106.41796733045669
103.35341671838519
99.88513385228816
96.03400470401591
91.75401522709802
86.87312006734673
81.07069293976514
73.91962866513931
64.86039637558588
53.28552819666469
38.56536748191998
20.238358458621963
-1.9061916091185154
-27.601937433648505
-56.0342219849892
-85.81362819753126
-115.21054584968441
-142.4138138693418
-165.7819018732639
-183.99185543033275
-196.10994210234378
-201.7904740967923
-201.37481957575017
-195.58988722226505
-185.40678402494729
-171.87059563177286
-155.993271888688
-138.7142909187655
-120.88042112948236
-103.07616475676895
-86.19439514377272
-70.32547017037365
-56.16438305130935
-43.80422505620916
-33.18904918441447
-24.469636041738745
-17.47323943921
-11.916580935972247
-7.834027400267222
-4.863169085170274
-2.8449312493891408
-1.555861147688484
-0.7862370967037049
-0.37663467993487876
-0.197869343122753
-0.1472564897443357
-0.1194418839950195
-0.11010254656687289
-0.06392543571388522
-0.024783741120233377
103.72178231381031
100.64927073893679
97.16481109781472
93.2896437686587
88.97880533776417
84.0636763138144
78.23126323424127
71.06778422918528
62.03699667841067
50.56425660523362
36.06345170152113
18.123158243868655
-3.409940062498857
-28.215198110404863
-55.439277075159545
-83.68837937473967
-111.26668172969913
-136.42987815617522
-157.6231919468447
-173.56405998209289
-183.4395720356828
-187.10205593930024
-184.93458818796296
-177.7443666597812
-166.55432489382062
-152.44094228016397
-136.42280696617553
-119.46737934104827
-102.24577674354798
-85.71389520481921
-70.07267013007831
-56.024376287786
-43.73298925957877
-33.15467252190186
-24.453079276860667
-17.465894597602553
-11.913489088084111
-7.832673215020806
-4.862635656812255
-2.8447195948962536
-1.5557819104470134
-0.7862119282999023
-0.37662842563839405
-0.19786829347497403
-0.1472564386097117
-0.11944188813423101
-0.11010251443122328
-0.06392541913964701
-0.024783735684481292
101.02527752083138
97.94452572278428
94.4439688040365
90.5451640713062
86.20410649357608
81.25565452204907
75.39473735067403
68.22129744052386
59.222743832684955
47.85749818751079
33.583269483234986
16.03884877131223
-4.8721438522627105
-28.776297547834602
-54.783882307621866
-81.49899540304904
-107.26076247099382
-130.39154121779913
-149.37675710071562
-163.03512757358456
-170.73992153249597
-172.42244498192827
-168.57969134334706
-160.1042997567274
-148.07665962580842
-133.58419785332592
-117.69769112127418
-101.19875074673814
-85.10462026995896
-69.74912986045716
-55.84579253286955
-43.64180582779219
-33.11063907135424
-24.43184436098534
-17.45645048765962
-11.909505715118279
-7.830924293485193
-4.861944665016714
-2.8444444783105007
-1.555678531849976
-0.7861789714764136
-0.3766202105583805
-0.19786691226952385
-0.14725636786916815
-0.11944189295164441
-0.11010247150714465
-0.06392539743628471
-0.02478372856849562
98.32846861297341
95.23920349337402
91.72260921855072
87.8005307132475
83.42984570875663
78.44893099498752
72.56090673489973
65.37977894015631
56.416924191647574
45.16402498949875
31.122860715107226
13.982500352563068
-6.296937087566426
-29.290731648930816
-54.07486368232832
-79.25332148387825
-103.20107377315026
-124.27322462727881
-141.0312220526149
-152.45311426838282
-158.0078165847262
-157.7676856926225
-152.35513972404377
-142.75453935103775
-130.08258312984606
-115.48919953370196
-99.88060879196867
-84.3335493425643
-69.33552114174798
-55.61831500913598
-43.5252072121399
-33.054291697733
-24.40463635656805
-17.444317115511932
-11.904377939382213
-7.828667814918039
-4.861050638855308
-2.8440873992250935
-1.5555438902242384
-0.786135898298027
-0.37660944062627016
-0.19786509782089323
-0.1472562705705309
-0.11944189847292191
-0.11010241415906599
-0.06392536898778134
-0.02478371923255195
95.63137484137388
92.53333135086673
89.00074235170919
85.05572279349444
80.65595977982728
75.64339585659744
69.72957135428764
62.54285883662553
53.61886269725486
42.48269042686099
28.680407355911044
11.951405997835522
-7.688134530796798
-29.763562293159083
-53.318490148388335
-76.95852840008581
-99.07248528099637
-118.0632467170283
-132.61725357263023
-141.8057314810861
-145.2455754292879
-143.16784615255716
-136.3291502722993
-125.79299555144036
-112.74878439218854
-98.22634309356093
-83.36045843007167
-68.80776262163299
-55.32904445148436
-43.37630318671998
-32.98226775372953
-24.36981315921095
-17.428741844752818
-11.897782206803626
-7.8257592148681745
-4.859895204159134
-2.843624577323708
-1.5553688171282634
-0.7860797063934317
-0.37659534811058787
-0.19786271841490888
-0.14725613752272274
-0.11944190469111822
-0.11010233757618888
-0.06392533167432139
-0.024783706961291438
92.93401728699516
89.82693951752051
86.27838779394871
82.31072690076911
77.8823993612018
72.83894757230622
66.90054454786329
59.71018573069055
50.82792516281442
39.81242592076099
26.254227689296677
9.943069182274543
-9.049251127521398
-30.199446834137092
-52.52051216098347
-74.6082673168156
-94.86361921562799
-111.77733211893074
-124.11536574914976
-131.08275727219106
-132.4668703785308
-128.6722227754901
-120.58843619241247
-109.37513554330599
-96.16123838647516
-82.13747095868774
-68.13631982124944
-54.96197122990423
-43.186462666309446
-32.890324752833976
-24.325298065147344
-17.408765930486144
-11.889304904134159
-7.822013395073691
-4.85840346587123
-2.843025465726358
-1.555141518361358
-0.7860065273102509
-0.37657694203118025
-0.19785960369021327
-0.14725595662815535
-0.11944191155159119
-0.1101022354187412
-0.06392528272164753
-0.024783690808617753
90.23641697955406
87.1200634939259
83.55556841429068
79.56554078782129
75.10912259529523
70.03549659282795
64.07365094175917
56.88142906163776
48.04351658933726
37.152239484578296
23.84276993832756
7.955190074575587
-10.383521053866964
-30.602664009196584
-51.681595392492824
-72.19187094458557
-90.57782857856232
-105.39124916188803
-115.50478854189262
-120.2810622903852
-119.70047105058714
-114.3518434571902
-105.2625847893449
-93.60246531283188
-80.60901522003012
-67.28566831452233
-54.49741922011776
-42.94495434172964
-32.77312974496485
-24.2684729494742
-17.383170136325056
-11.878417836237178
-7.817193563911047
-4.856479388989017
-2.8422508512043363
-1.5548468327779743
-0.7859113809160134
-0.37655294457778166
-0.19785553356726465
-0.147255712020218
-0.11944191893145495
-0.1101020993635154
-0.06392521850763049
-0.024783669526639907
87.5385978605413
84.41273828881668
80.83231423716124
76.82016683384188
72.33609803858074
67.23296223299386
61.248728019035326
54.056277577792414
45.265081997054295
34.50121341622314
21.444603056421887
5.985654147980971
-11.693915508792628
-30.979208372985738
-50.79235884686719
-69.7030340734962
-86.18870379015925
-98.87656782703161
-106.76695013683577
-109.40807696624535
-106.99599993365203
-100.30844108678869
-90.46159859430615
-78.71207631838115
-66.21397991646327
-53.911491395311124
-42.63855144826691
-32.62400886432227
-24.19604859328381
-17.35040700325786
-11.864447293725675
-7.8109971028095835
-4.853999908756099
-2.8412504279868593
-1.5544652844128306
-0.7857878607640374
-0.3765217095772906
-0.1978502240351642
-0.14725538294853438
-0.11944192661157965
-0.11010191852014475
-0.06392513431378372
-0.02478364147427614
84.84058154322393
81.70500280384789
78.1086562160506
74.07461482423085
69.56330101181804
64.43127344678093
58.425623994779905
51.23444073783148
42.492106317627105
31.858498392374685
19.05841128710936
4.032520467854951
-12.990278432321247
-31.321468921184984
-49.8397352960297
-67.11552268901448
-81.6635744487625
-92.20252837253736
-97.88878446150214
-98.48784526865309
-94.42627306403871
-86.64944680890333
-76.37702439724805
-64.87307777074383
-53.175538094442665
-42.251109872286364
-32.43465332072676
-24.10390837491967
-17.30851694829913
-11.846535138823295
-7.803037725253159
-4.850807430481331
-2.8399597034431148
-1.553971870870271
-0.7856277313565787
-0.3764811179592309
-0.19784330889789625
-0.14725494233608794
-0.11944193423819834
-0.1101016786812294
-0.06392502400645725
-0.02478360449981869
82.142392193134
78.9968940843909
75.38462928718984
71.32889830600617
66.79071397271089
61.630366091150485
55.6041989381562
48.41564927779598
39.724110320719035
29.223312243189817
16.682987258444488
2.0833083369827503
-14.266963813631396
-31.612332784332548
-48.79967866846427
-64.39579440384078
-76.96402027669714
-85.33875967526693
-88.86794052362843
-87.56348344658609
-82.08457332685782
-73.52996965740006
-63.20884453244841
-52.25567868323251
-41.76313113428395
-32.19477865269095
-23.986920136954424
-17.255025111125786
-11.823589996460298
-7.792823030070913
-4.8467002979382166
-2.8382960569290336
-1.5533345163832362
-0.7854204127770115
-0.37642844381904667
-0.1978343163239013
-0.14725435490791527
-0.11944194126942023
-0.11010136135899276
-0.06392487962774285
-0.024783555790197333
79.44405118517571
76.2884508136645
72.66026905166716
68.58303498788412
64.0183235193538
58.830183650964784
52.78432521062376
45.599651727970596
36.960651801926815
26.594936521129952
14.30416513378682
0.1418453554547156
-15.50495135935419
-31.831418913806257
-47.64069417301846
-61.5025314446203
-72.0475998082896
-78.25953198209443
-79.7180091571592
-76.70484362361222
-70.09756179455842
-61.162444783395735
-51.11248214671835
-41.15132548805486
-31.891732747096906
-23.838710289554143
-17.18681507121949
-11.794226335610839
-7.779726375477196
-4.841420702024474
-2.836153730150775
-1.552512098967996
-0.7851523217658811
-0.3763601828126788
-0.19782263872398143
-0.14725357476003492
-0.1194419469001663
-0.1101009425479369
-0.06392469087038526
-0.024783491677519226
76.74558097349127
73.57971039251287
69.93561247232779
65.83704385151378
61.24612095737179
56.03067740764293
49.965883914471405
42.786216566332115
34.20132419335936
23.95823753075618
11.924261751008931
-1.7722894268063616
-16.688236038900495
-31.951448856056
-46.32274593641762
-58.38727367757576
-66.87117421421034
-70.95119022847955
-70.47995288920642
-66.01418679532621
-58.67265591250063
-49.701003662602496
-40.388200618598766
-31.510047183097562
-23.651392821933666
-17.099975194407243
-11.756688621311831
-7.762951862381556
-4.834639380380282
-2.83339747077168
-1.5514519388355021
-0.7848060299125783
-0.3762718324064896
-0.19780749403217945
-0.14725254219136452
-0.11944194995544795
-0.11010039113550923
-0.06392444440434163
-0.024783407390737464
74.04700246921192
70.87070999421056
67.21069529587118
63.090945838852285
58.474102391232435
53.23180271480913
47.14876722585969
39.97513169268609
31.430543574632722
21.31442705773092
9.562685825550785
-3.647345685474816
-17.7949283680025
-31.936793292913418
-44.79692757745832
-54.996687770755116
-61.398677077408855
-63.42453181985945
-61.231204628061505
-55.679426004670965
-47.97141136244739
-39.441707704443175
-31.03093392713692
-23.41524431367661
-16.989612702056814
-11.708757398504753
-7.741490921261364
-4.82593634651033
-2.829854486667453
-1.5500866058472471
-0.7843591895865352
-0.37615761058100095
-0.19778787591770514
-0.14725117956000708
-0.11944194873670494
-0.11009966686076006
-0.06392412301282227
-0.024783296737046382
71.34833635942819
68.16148431187874
64.48555301698826
60.34476409433093
55.702264997837794
50.43352129689508
44.33287806666294
37.15069784164092
28.64878941244245
18.682431726147154
7.227605234157813
-5.466906425573536
-18.795650449722366
-31.742402348116002
-43.00653049958528
-51.27898975572467
-55.61314149298104
-55.72908613879187
-52.129307774623015
-45.87054848935509
-38.2750177215476
-30.431751570049897
-23.118317727543573
-16.849630179173484
-11.647633799341298
-7.714068871587421
-4.814776685414646
-2.825304307464843
-1.5483298699860821
-0.7837831648636864
-0.3760100960112356
-0.19776248971533206
-0.14724938584066835
-0.11944194079737086
-0.11009871769335373
-0.06392370448422265
-0.024783151693074768
68.64960107338257
65.45206680171856
61.76022138121631
57.59852042493075
52.930609358483345
47.63580093138589
41.50259175103644
34.31294062795978
25.874390625874515
16.067695894801176
4.930660671409503
-7.2083252564430325
-19.65197347220226
-31.313672291262378
-40.891255825959895
-47.19452527275225
-49.53343419709849
-47.98455233399057
-43.34532462669301
-36.84671063692254
-29.685533442286467
-22.745996634528918
-16.672461710107665
-11.569798733215604
-7.679079647620458
-4.800480332148435
-2.8194660402861627
-1.5460715864040946
-0.7830412888153835
-0.3758197679446221
-0.19772966991510507
-0.14724702943272036
-0.11944192261097415
-0.1100974764678399
-0.0639231601915946
-0.02478296188041491
65.95081420275795
62.74249041940817
59.03473310746465
54.852237783781426
50.15913921218438
44.823174223732224
38.6576339519266
31.479582588389405
23.110842500091245
13.478115340111902
2.6883338478283436
-8.840950732476008
-20.315270416154974
-30.58836739100283
-38.39535563796007
-42.731550781850814
-43.23710640368347
-40.349514262299294
-35.112185353018994
-28.76083331363626
-22.280528617968955
-16.448773258273746
-11.470843932091846
-7.634506720959265
-4.782184593953268
-2.8119824349041753
-1.5431712493580525
-0.7820866525144287
-0.3755744180750711
-0.1976872737471541
-0.1472439385974444
-0.11944188907293839
-0.1100958565626506
-0.06392245327172603
-0.024782713893151453
63.251993366855835
60.03278456165905
56.30912057621323
52.10594019423858
47.372563390123666
41.99516817996214
35.81515357009635
28.652779283313908
20.363288382521066
10.92513071260747
0.5236637196524527
-10.324322367326156
-20.726730357063417
-29.50181857632883
-35.480302674921205
-37.92462287984937
-36.85482906625914
-33.02760181654449
-27.622424739809823
-21.700667886034598
-16.167152271531517
-11.345274234280271
-7.577828543071113
-4.758798010452393
-2.802400076451894
-1.5394499104380235
-0.7808593033201466
-0.37525840042064695
-0.1976325436753975
-0.14723988862972134
-0.11944183274400165
-0.11009374635196617
-0.06392153629202067
-0.02478239043573943
60.55315326875872
57.32297792202704
53.583415950158034
49.34449280697052
44.570299089573574
39.168440560548625
32.976412770226176
25.835743719237275
17.639328758365192
8.42519114395761
-1.5317162592802318
-11.606870695091835
-20.8197552139478
-27.99583864077219
-32.14075814046433
-32.86404640252288
-30.557143949421892
-26.233581480951358
-20.98170842584197
-15.813848993655904
-11.186287022890099
-7.505907335997893
-4.72894415199705
-2.790144910147182
-1.5346801060284045
-0.7792827081076016
-0.3748516743705544
-0.19756192959152755
-0.1472345844955105
-0.11944174268591634
-0.11009100208409638
-0.06392034826220755
-0.02478196921840489
57.85430862833247
54.61309875081815
50.842604710886434
46.56726954140106
41.76862829831057
36.34368610071081
30.143321487512594
23.033311111676536
14.950150668808915
6.001667903377987
-3.4355924274293326
-12.626133158074843
-20.525457238250723
-26.032367343887508
-28.420794381525504
-27.682350887549486
-24.56030409639659
-20.096300144223818
-15.372681599731647
-10.985546985682305
-7.414861730547251
-4.690893941737323
-2.7744922608405598
-1.5285733802530335
-0.7772593085312633
-0.37432858612943515
-0.19747085806086428
-0.14722763708721942
-0.11944160265493152
-0.11008743873453138
-0.06391881080949528
-0.024781421542543664
55.15547448970697
51.88821598247267
48.08604063017547
43.790296286733756
38.96791454060974
33.521982051011456
27.31881839148002
20.252747881339527
12.312115181383971
3.6869869195864826
-5.1339989943084126
-13.311550308842698
-19.783404666475146
-23.61128932171141
-24.410301912968407
-22.576811443219842
-19.016305306454584
-14.825243039255765
-10.732992545138908
-7.299926280494636
-4.64248548292998
-2.754530425471197
-1.5207649706531878
-0.7746649598554032
-0.37365632037353114
-0.1973534320912429
-0.14721853033602914
-0.11944138826972782
-0.11008281825598434
-0.06391682328437656
-0.024780710490721995
52.44176874640904
49.147661100613895
45.32958160900456
41.01376657985809
36.16874507401349
30.705045681120147
24.50742460114808
17.504962949395768
9.748689523777427
1.52445821623236
-6.562063324994965
-13.592008589821894
-18.558088227286394
-20.778060304449422
-20.270823890777592
-17.715529576404688
-14.151496018116305
-10.416726912124226
-7.155304289598089
-4.581031111615521
-2.7291169818793533
-1.510795188140499
-0.7713420236354661
-0.3727929355590106
-0.19720203936893532
-0.14720657514642757
-0.11944106253943386
-0.11007683449384585
-0.06391425650044197
-0.024779788611824616
49.71250277967723
46.40717990936086
42.57334691464772
38.238012161859416
33.3721112352437
27.895610646008052
21.7161265030494
14.806088946492919
7.292420779500933
-0.4312942333237538
-7.648578846543941
-13.40932569355146
-16.853584920402113
-17.647858973829383
-16.172899766781963
-13.330738440946773
-10.02305106934853
-6.974024114218295
-4.503212958776418
-2.6968270825885994
-1.4980870740244703
-0.7670908518074795
-0.3716848797352868
-0.1970068386286337
-0.1471908439904292
-0.11944056877649807
-0.11006909378810081
-0.06391094474390656
-0.02477859496266491
46.983357197144855
43.66686857369173
39.817552470415784
35.46363733686928
30.579670246084362
25.098066743331884
18.955598554145507
12.17930982747335
4.986099947713836
-2.116529593732933
-8.325772675817232
-12.734380692989802
-14.735239142792913
-14.376095451564218
-12.342957247328863
-9.536700473158977
-6.747815129087524
-4.404971285162854
-2.6558933831838267
-1.4819200183016747
-0.7616593995524453
-0.3702638581612565
-0.19675508383490065
-0.14717007694268947
-0.11943981930096725
-0.11005909003863315
-0.06390667557243761
-0.02477705133604001
44.254435858363216
40.926900642392624
37.06261784188026
32.69170828430869
27.794218334704357
22.31938683168785
16.24176708053289
9.656350065057708
2.8822520276017904
-3.46444984654916
-8.542740446786304
-11.586106856011611
-12.326241336193519
-11.170916454836455
-8.941407962444208
-6.467038526149932
-4.28139559336615
-2.6041381843644866
-1.4613992710731223
-0.7547307182489229
-0.36844290281008973
-0.19643023031300644
-0.14714254512520067
-0.11943867742783648
-0.1100461726260066
-0.06390117681476397
-0.024775057452462106
41.525912294408556
38.1876162436563
34.30930818107699
29.924112286118266
25.020393988609655
19.570407712819613
13.597344657402127
7.278016282621592
1.0401697007341872
-4.414116170827286
-8.280787832815408
-10.043484266332054
-9.803557244376243
-8.22105569755948
-6.120758457383384
-4.12663971922582
-2.538900528338022
-1.4354217646427576
-0.745908143146547
-0.3661114683383881
-0.19601074757228443
-0.14710585033747373
-0.11943692871154439
-0.11002950510710002
-0.06389410004059912
-0.024772484845678483
38.79810598862114
35.4496305406157
31.559012072912573
27.164092431061068
22.26570090885643
16.867230435239296
11.052903264813175
5.0933852951819425
-0.4786389768149132
-4.921015952708515
-7.570931867821928
-8.240608923744988
-7.361714380832058
-5.697115564391911
-3.9339013246643724
-2.456965505775333
-1.4026395186575709
-0.7346981349988457
-0.36312935751676184
-0.19546853642357556
-0.14705662896045
-0.11943423512113426
-0.11000801201215507
-0.06388499957290594
-0.02476916910832303
36.07156537633753
32.71405053394121
28.814145461242717
24.417047190505325
19.54168618782453
14.232424600794019
8.647262628946542
3.1584133612792007
-1.6160024573971468
-4.973210043888827
-6.496753259541626
-6.35447912152899
-5.184182945251192
-3.6955282627571218
-2.3545107466778044
-1.3614232315082202
-0.7204910074549232
-0.35931926743529335
-0.1947668129304917
-0.14699011250689345
-0.11943006225698163
-0.10998031023994331
-0.06387330594312617
-0.024764900082083863
33.347237770504385
29.98277714764315
26.07876322106409
21.69146338327668
16.865028926195556
11.695852612484035
6.4278438426850535
1.5344765326446426
-2.3285240798825875
-4.602927537077953
-5.198290654763159
-4.5713237955366735
-3.4033140057275504
-2.2270944695797823
-1.309830373265362
-0.7025402216373434
-0.35445775279969655
-0.1938572791421887
-0.14689947507204723
-0.11942356437138468
-0.10994462058556487
-0.06385829242678538
-0.02475940950690736
30.626694374975177
27.258967593278058
23.359267764913945
18.99978777073869
14.258339210208561
9.295638922514856
4.451718273841914
0.28223707616192845
-2.603949425479265
-3.9017021601479094
-3.8507911449648575
-3.048995705010168
-2.06971335693163
-1.2455837531302072
-0.6799415527777708
-0.3482644328260826
-0.19267635303467953
-0.14677486782935847
-0.11941340419475846
-0.10989865364084697
-0.06383903309664211
-0.024752355543720874
27.91248464247316
24.547568860767658
20.66507209106956
16.35903053008166
11.751087757671328
7.080243496020106
2.7838068568734604
-0.5543518493464763
-2.4834595329308615
-3.0192709435393956
-2.624910055072961
-1.8769505321742888
-1.1660669215649981
-0.6516141746743234
-0.34038932667044475
-0.19114018663836096
-0.14660200296065842
-0.11939747367849428
-0.10983946280946551
-0.06381435061698358
-0.024743303524034324
25.208558174371493
21.85584148222118
18.009041064945077
13.791442877427563
9.381756723389634
5.109554267235486
1.4849098957303957
-0.9729324897321853
-2.079509341645655
-2.1248214680548703
-1.6432273201148124
-1.068342202489725
-0.616286239721336
-0.33039832903019617
-0.1891381780438819
-0.14636010712548114
-0.11937246755956812
-0.10976325550174969
-0.06378275189534645
-0.02473170223105703
22.52074395854668
19.193762096105505
15.408000484243358
11.326381404198997
7.2005391167861665
3.448285003299052
0.5888380816865757
-1.0425760584548271
-1.5451689994078572
-1.36320769601834
-0.9492017480860167
-0.5724878942138177
-0.31775708007571357
-0.18652471961382422
-0.14601902927659108
-0.11933324486850341
-0.10966515213930889
-0.06374234985411875
-0.02471685504621071
19.857259813987287
16.574562781667456
12.884341446273531
9.003698371124662
5.267602742604779
2.1484971350569135
0.06919739196988865
-0.8871167046578995
-1.0325009435235466
-0.8052844364184429
-0.5185563966828297
-0.30181410721485624
-0.1831090794017233
-0.14553528507207986
-0.11927189772147553
-0.1095388820451285
-0.0636907702099561
-0.02469788547295079
17.229488100115294
14.016257682543381
10.469532240765098
6.875424653399644
3.642255088908705
1.2199065465739274
-0.15940397804228157
-0.6488745499466813
-0.6333387612099552
-0.4526649775281274
-0.2817858535407886
-0.17864371681864985
-0.14484690040995393
-0.11917644054506751
-0.10937640734274455
-0.06362504368404241
-0.024673696995879252
14.653613300444077
11.544968953654994
8.20757886928948
5.000815624341523
2.3603376618812306
0.6188578433220657
-0.2140547658015769
-0.43075855666107465
-0.3729045271979229
-0.25675043095351974
-0.17281226692497254
-0.14386716808031558
-0.1190290541416786
-0.10916747410977096
-0.06354148712979618
-0.024642928129963316
12.15360550368929
9.198800307909213
6.154025125486076
3.431249259190161
1.4167510629775997
0.2641498207074115
-0.19650774098234686
-0.2774752970584426
-0.22566571218268605
-0.16522040609322114
-0.14247799490148538
-0.11880389991988603
-0.10889910976144866
-0.06343558305100491
-0.024603905127633302
9.764581607626294
7.028720227640612
4.366886182604599
2.191926773651481
0.7698916929050572
0.06753602367932122
-0.16507454974768643
-0.18744213442838
-0.1553967067136821
-0.1405245811001644
-0.11846471233039527
-0.1085551267757279
-0.06330187744928269
-0.024554597667062736
7.534064710764992
5.093563361513569
2.891278884010976
1.2776926213153015
0.35487022653881634
-0.035583268837707314
-0.1411197927041078
-0.14281735048221042
-0.13781495321146284
-0.1179627529478795
-0.10811576985649399
-0.06313393368825683
-0.02449258743252933
5.519468653662354
3.4491020084157267
1.7507204687274076
0.6523134373042216
0.10884649004202918
-0.08621715356939672
-0.12697813485215387
-0.1341304676611461
-0.11723634288901937
-0.1075577714060922
-0.06292440898311429
-0.02441506663820217
3.7811477477424873
2.138225501836023
0.9375990496954039
0.2622434367593761
-0.02332130996448198
-0.10754660095444123
-0.12925645159153917
-0.11621410373201052
-0.10685527206426347
-0.06266536333190978
-0.024318894194067547
2.3724998649103823
1.1769233910101673
0.4129169169332187
0.045051075891073024
-0.08462724330525788
-0.12304420916918812
-0.1148250608242709
-0.10598230882957081
-0.06234897054923007
-0.024200751538982046
1.3235980895692225
0.541718717556708
0.11342426887436247
-0.05914641482590641
-0.11551326212327698
-0.11301930790606987
-0.10491780255949351
-0.06196887259596781
-0.02405745788816413
0.6215380516011368
0.1725202658721445
-0.03329128882132455
-0.10699022173782086
-0.11080172933060316
-0.10365401918104407
-0.0615224752106185
-0.023886522767068537
0.20922620811510415
-0.010818738054459875
-0.09825307484532461
-0.10827646674235536
-0.10220900621078793
-0.061014467289869534
-0.023687022801904094
0.003052891752184662
-0.09061239638801571
-0.10569016120504547
-0.10064206881597211
-0.060461647286329225
-0.023460873168487502
-0.08583616642223364
-0.10345051693042505
-0.09906861383453062
-0.05989859900636381
-0.02321449146645993
-0.10209265946031368
-0.09766711914326014
-0.05938273299961862
-0.02296068006743339
-0.09666904595291853
-0.05899571493749276
-0.022720236258229415
-0.05883679841631737
-0.022522327992877095
-0.02240212024534645
);
boundaryField
{
	inlet
	{
		type zeroGradient;
	}

	outlet
	{
		type fixedValue;
		value uniform 0.0;
	}

	bump
	{
		type zeroGradient;
	}

	frontAndBack
	{
		type empty;
	}

	top
	{
		type zeroGradient;
	}

	symUp
	{
		type zeroGradient;
	}

	symDown
	{
		type zeroGradient;
	}

}
