FoamFile
{
    version     2.0;
    format      ascii;
    class       volVectorField;
    location    "1";
    object      U;
}

internalField   nonuniform List<vector>
13770
(
(69.43999999260144 2.3216134095432934e-14 0.0)
(69.43999994714474 4.642895433804254e-14 0.0)
(69.43999998608103 6.700695957925504e-14 0.0)
(69.4399998980129 -6.96372737365832e-14 0.0)
(69.43999990056919 1.6601964256853916e-13 0.0)
(69.43999998217357 -1.137379807939213e-13 0.0)
(69.43999980896557 4.641976389660645e-13 0.0)
(69.43999980815776 -2.0566254242444166e-13 0.0)
(69.43999987266089 0.0 0.0)
(69.43999997717016 -3.003014300112681e-13 0.0)
(69.4399994778769 2.9008415516033285e-12 0.0)
(69.43999964069054 2.8660648306620977e-12 0.0)
(69.43999975432284 5.817721259854014e-14 0.0)
(69.4399998369282 -2.1256491871276808e-13 0.0)
(69.43999997076415 -8.737401420303931e-13 0.0)
(69.43999885057966 4.988608743483409e-12 0.0)
(69.43999901807565 1.609388769620082e-11 0.0)
(69.43999953988741 6.990010415820021e-12 0.0)
(69.43999968540204 7.24058708139915e-13 0.0)
(69.43999979118328 -3.6075008412582527e-13 0.0)
(69.43999996256329 -1.372994161576359e-12 0.0)
(69.43999696434841 2.2130891829116547e-11 0.0)
(69.43999783867685 3.4444547836502053e-11 0.0)
(69.43999874268991 3.3782997653677195e-11 0.0)
(69.43999941085379 1.3288921558013313e-11 0.0)
(69.43999959718184 1.5638343744306137e-12 0.0)
(69.43999973263004 -8.842663387818333e-13 0.0)
(69.43999995206651 -2.3609720129751665e-12 0.0)
(69.439992942833 5.6495751881569097e-11 0.0)
(69.4399942929307 1.2707160770228953e-10 0.0)
(69.4399972327679 8.821191703160507e-11 0.0)
(69.43999839023834 5.987468488509122e-11 0.0)
(69.43999924571561 2.2041911794795397e-11 0.0)
(69.43999948428008 2.4429325841859815e-12 0.0)
(69.43999965769741 -1.7697102945409776e-12 0.0)
(69.43999993863387 -3.2328975998024815e-12 0.0)
(69.4399853148857 1.19864419287446e-10 0.0)
(69.43998673543389 3.20910511870168e-10 0.0)
(69.43999269380315 2.7829919264737105e-10 0.0)
(69.43999645745401 1.7292330639687998e-10 0.0)
(69.43999793926245 9.775986904073919e-11 0.0)
(69.43999903442207 3.515366758021736e-11 0.0)
(69.43999933982808 4.192242004600799e-12 0.0)
(69.43999956182901 -2.436705246694806e-12 0.0)
(69.43999992144889 -4.848693337085194e-12 0.0)
(69.43996979284049 2.9664555399800966e-10 0.0)
(69.43997240578997 6.947532454013292e-10 0.0)
(69.43998302099325 6.945313924392698e-10 0.0)
(69.4399906480904 5.054023360763029e-10 0.0)
(69.43999546566532 2.9574981972909004e-10 0.0)
(69.43999736239503 1.5259658067141207e-10 0.0)
(69.43999876415748 5.3910055776114886e-11 0.0)
(69.4399991550697 6.680152457598635e-12 0.0)
(69.43999943921635 -3.641124301516768e-12 0.0)
(69.43999989947099 -7.729822566502844e-12 0.0)
(69.43994368254789 5.745386343695824e-10 0.0)
(69.43994325867192 1.6633256906739846e-9 0.0)
(69.43996468459447 1.535465811559302e-9 0.0)
(69.43997827069889 1.2537784879225788e-9 0.0)
(69.43998803203294 8.34143471835791e-10 0.0)
(69.43999419743488 4.736620568669817e-10 0.0)
(69.4399966247789 2.3196785930124518e-10 0.0)
(69.4399984186032 8.08241417509863e-11 0.0)
(69.43999891885585 1.0232311964510005e-11 0.0)
(69.43999928246612 -5.673984533977257e-12 0.0)
(69.43999987137592 -1.1075557988952674e-11 0.0)
(69.43990198009323 1.0945794484397823e-9 0.0)
(69.43989425843746 3.323484006660026e-9 0.0)
(69.43992739685702 3.5523268668151414e-9 0.0)
(69.43995481395442 2.8030859307107388e-9 0.0)
(69.43997219842684 2.063211996525718e-9 0.0)
(69.43998468816898 1.31022338799862e-9 0.0)
(69.43999257648747 7.311540820347385e-10 0.0)
(69.43999568209145 3.4696182570304724e-10 0.0)
(69.43999797701115 1.2060024410753585e-10 0.0)
(69.43999861701677 1.5282270662430487e-11 0.0)
(69.43999908218383 -8.298744065857794e-12 0.0)
(69.43999983548136 -1.5961870701791666e-11 0.0)
(69.43983422487896 2.342387495821845e-9 0.0)
(69.43981605591365 6.4530838294384905e-9 0.0)
(69.43986473358785 7.3314337050725144e-9 0.0)
(69.43990712899605 6.362423170284544e-9 0.0)
(69.439942202552 4.637501460883617e-9 0.0)
(69.43996444073017 3.235204123761415e-9 0.0)
(69.43998041655267 1.9993214579623067e-9 0.0)
(69.43999050600519 1.1040518341824003e-9 0.0)
(69.43999447808146 5.131828680758024e-10 0.0)
(69.43999741306104 1.7714191689356402e-10 0.0)
(69.4399982315822 2.2865851919648946e-11 0.0)
(69.43999882645888 -1.1932389410222402e-11 0.0)
(69.43999978965543 -2.348015291082407e-11 0.0)
(69.43973374668322 4.2750499157920215e-9 0.0)
(69.43968911123541 1.340291414973276e-8 0.0)
(69.43976477036546 1.4504493358227897e-8 0.0)
(69.43982702950363 1.3367864187254651e-8 0.0)
(69.43988124906343 1.042798011335407e-8 0.0)
(69.43992610079282 7.291397857549381e-9 0.0)
(69.43995453707035 4.930488835198298e-9 0.0)
(69.4399749639389 2.996225298401553e-9 0.0)
(69.43998786338892 1.6435534425321074e-9 0.0)
(69.43999294155599 7.539115858344002e-10 0.0)
(69.43999669345345 2.5949296800133906e-10 0.0)
(69.4399977398253 3.337473848856649e-11 0.0)
(69.43999850023617 -1.716301640543672e-11 0.0)
(69.43999973120435 -3.368824441696127e-11 0.0)
(69.43958613054969 7.47361735538252e-9 0.0)
(69.43950108407795 2.462293503061849e-8 0.0)
(69.43960258826057 2.926037666411302e-8 0.0)
(69.43969932461694 2.67072102503325e-8 0.0)
(69.4397789213297 2.2095792683736653e-8 0.0)
(69.43984823207114 1.630548957195501e-8 0.0)
(69.43990556131082 1.1128728024395996e-8 0.0)
(69.43994190571634 7.3813414735012796e-9 0.0)
(69.43996801054095 4.437337219867509e-9 0.0)
(69.43998449392181 2.423670907044155e-9 0.0)
(69.43999098271347 1.1016029788105003e-9 0.0)
(69.4399957762047 3.782048595840764e-10 0.0)
(69.43999711311105 4.936155477443784e-11 0.0)
(69.43999808455577 -2.5159876815910648e-11 0.0)
(69.43999965673731 -4.9084925262427805e-11 0.0)
(69.43936681080967 1.3878832781400883e-8 0.0)
(69.43922525419576 4.334823550616871e-8 0.0)
(69.4393625406567 5.413563036131921e-8 0.0)
(69.43949227446883 5.302997681096599e-8 0.0)
(69.43961589678682 4.433878033035822e-8 0.0)
(69.43971760460461 3.47060534611305e-8 0.0)
(69.43980615692577 2.4796780296023076e-8 0.0)
(69.43987939144871 1.6672586019551668e-8 0.0)
(69.43992581463067 1.0922833721987628e-8 0.0)
(69.43995915424418 6.518869726534314e-9 0.0)
(69.43998020317095 3.550650651350526e-9 0.0)
(69.43998848876709 1.6037883224132914e-9 0.0)
(69.43999460862709 5.489695054562846e-10 0.0)
(69.43999631552558 7.13120425492971e-11 0.0)
(69.43999755565338 -3.6736373475664234e-11 0.0)
(69.43999956200948 -7.043021991417018e-11 0.0)
(69.43906880458462 2.2663334585561645e-8 0.0)
(69.43881616666538 7.917984665196361e-8 0.0)
(69.43901070762827 9.601813021645414e-8 0.0)
(69.43918609724047 9.84629403148988e-8 0.0)
(69.43935181059146 8.734324077876307e-8 0.0)
(69.43950968810977 6.979029391843224e-8 0.0)
(69.43963956067086 5.290783024428345e-8 0.0)
(69.43975261521726 3.705205623575534e-8 0.0)
(69.4398460968693 2.4674036522693372e-8 0.0)
(69.43990534742692 1.603389543896438e-8 0.0)
(69.4399478920461 9.524020674463331e-9 0.0)
(69.43997474810458 5.17761509998977e-9 0.0)
(69.43998531887497 2.328590660012338e-9 0.0)
(69.4399931249783 7.964735216022844e-10 0.0)
(69.4399953022929 1.030012934532975e-10 0.0)
(69.43999688394216 -5.310261722719342e-11 0.0)
(69.43999944173704 -1.0239958176316636e-10 0.0)
(69.43866451564 3.793099720930749e-8 0.0)
(69.43826166533724 1.3121410864532795e-7 0.0)
(69.43848944692623 1.7262414464533372e-7 0.0)
(69.4387378407009 1.7527880463002667e-7 0.0)
(69.4389617448763 1.6238476258280877e-7 0.0)
(69.43917325066283 1.3681931521681537e-7 0.0)
(69.43937470798998 1.0648765061244584e-7 0.0)
(69.43954040124316 7.91500589960768e-8 0.0)
(69.43968460556437 5.471794270796974e-8 0.0)
(69.43980381733384 3.620962936424746e-8 0.0)
(69.43987936440969 2.3402568168492015e-8 0.0)
(69.43993359896741 1.3856068539657458e-8 0.0)
(69.4399678271127 7.52410615181737e-9 0.0)
(69.43998129842153 3.373655912147902e-9 0.0)
(69.43999124383562 1.1521052038565726e-9 0.0)
(69.43999401804878 1.4932219637129143e-10 0.0)
(69.4399960328548 -7.706014696641188e-11 0.0)
(69.4399992894021 -1.4820408659469363e-10 0.0)
(69.4381125620778 6.603973411631132e-8 0.0)
(69.43751164304172 2.1875255133633117e-7 0.0)
(69.437783922158 2.905239406331814e-7 0.0)
(69.43807460938842 3.122875476475547e-7 0.0)
(69.43839148234288 2.8941386438159907e-7 0.0)
(69.43867705300165 2.544280576890021e-7 0.0)
(69.43894673741939 2.080524452203342e-7 0.0)
(69.4392035337607 1.5931922585126827e-7 0.0)
(69.43941469432916 1.169262617687942e-7 0.0)
(69.43959841765906 8.014306056617743e-8 0.0)
(69.43975025595141 5.281403400022662e-8 0.0)
(69.43984646006608 3.400996515045163e-8 0.0)
(69.43991550537807 2.0090495244575664e-8 0.0)
(69.4399590692483 1.0902751678948722e-8 0.0)
(69.43997621293286 4.8763023185351916e-9 0.0)
(69.43998886538634 1.6635168711431963e-9 0.0)
(69.43999239497376 2.1547520979110304e-10 0.0)
(69.43999495769795 -1.1383805245086145e-10 0.0)
(69.43999909704934 -2.1461634495926154e-10 0.0)
(69.43740225839296 1.0247420628769663e-7 0.0)
(69.4364913564016 3.7300719113650217e-7 0.0)
(69.43683130493174 4.829349117841931e-7 0.0)
(69.43717857589812 5.29698905380863e-7 0.0)
(69.43754916042343 5.130422705798527e-7 0.0)
(69.43795293352733 4.5346517837133827e-7 0.0)
(69.4383167219189 3.867184621688313e-7 0.0)
(69.43866015635707 3.1041689637655354e-7 0.0)
(69.43898705457678 2.3523550342633463e-7 0.0)
(69.43925578337803 1.712012176499677e-7 0.0)
(69.4394895115965 1.1666452699256808e-7 0.0)
(69.43968260657512 7.666812044054224e-8 0.0)
(69.4398049203355 4.924918128433145e-8 0.0)
(69.43989267421023 2.9046766647738122e-8 0.0)
(69.43994802362408 1.5757685291468974e-8 0.0)
(69.43996980232866 7.033680726211865e-9 0.0)
(69.43998586872593 2.398530510547142e-9 0.0)
(69.43999035113703 3.0862935963857004e-10 0.0)
(69.43999360457704 -1.669538050298929e-10 0.0)
(69.43999885510591 -3.116775654406419e-10 0.0)
(69.43647586664805 1.6098586266842002e-7 0.0)
(69.43518467957479 5.825071214172859e-7 0.0)
(69.43553816315244 8.074284367937731e-7 0.0)
(69.4359714246438 8.785172654591709e-7 0.0)
(69.43641381620455 8.727652819971538e-7 0.0)
(69.43688563863526 8.009414911529075e-7 0.0)
(69.43739940549729 6.88715566847633e-7 0.0)
(69.43786213998767 5.764111649119879e-7 0.0)
(69.4382987946114 4.5716786638778185e-7 0.0)
(69.43871422783928 3.4406211148919473e-7 0.0)
(69.43905561582942 2.4899283989344764e-7 0.0)
(69.43935240607665 1.6899289001570013e-7 0.0)
(69.43959748873736 1.1085309591481869e-7 0.0)
(69.43975268461388 7.108887166735404e-8 0.0)
(69.4398639813696 4.188058226561412e-8 0.0)
(69.43993415091137 2.2720828462844078e-8 0.0)
(69.43996175600405 1.0122637667207494e-8 0.0)
(69.43998210992997 3.4481982260604034e-9 0.0)
(69.43998778923917 4.404472963473978e-10 0.0)
(69.43999190965921 -2.4808359511901973e-10 0.0)
(69.43999855226609 -4.497141520011375e-10 0.0)
(69.43529757454246 2.525776991744115e-7 0.0)
(69.43349024428171 9.116909479940017e-7 0.0)
(69.43388672736998 1.2709781385999474e-6 0.0)
(69.43433713815831 1.4519697426631922e-6 0.0)
(69.43488855927305 1.4443365171320115e-6 0.0)
(69.43545127089035 1.3634384405219473e-6 0.0)
(69.43605099069352 1.2126110171230507e-6 0.0)
(69.4367035322788 1.0250769805095944e-6 0.0)
(69.4372910044494 8.476131509024627e-7 0.0)
(69.43784506599606 6.669251103233048e-7 0.0)
(69.43837188640939 4.99595753167658e-7 0.0)
(69.4388046137749 3.601495568138757e-7 0.0)
(69.43918059980271 2.4373659582124653e-7 0.0)
(69.43949090354725 1.596931230469151e-7 0.0)
(69.43968732207594 1.0229455934637197e-7 0.0)
(69.43982810549171 6.021341867212777e-8 0.0)
(69.43991681853136 3.2675636486356264e-8 0.0)
(69.43995171110156 1.4532754652339504e-8 0.0)
(69.43997742138164 4.946847389498104e-9 0.0)
(69.43998459635411 6.252132545585285e-10 0.0)
(69.4399897991323 -3.6350769029311576e-10 0.0)
(69.43999817550562 -6.477348103146146e-10 0.0)
(69.43386601141862 3.823495446218633e-7 0.0)
(69.43135073410812 1.4228898464633704e-6 0.0)
(69.43175239454123 1.9853135789128662e-6 0.0)
(69.43225746486735 2.293036401554198e-6 0.0)
(69.4328305357882 2.370669204602469e-6 0.0)
(69.43353109568493 2.2507478607753107e-6 0.0)
(69.43424547786216 2.0627047121365746e-6 0.0)
(69.4350061702067 1.7991080225486499e-6 0.0)
(69.43583307425338 1.5042445275824707e-6 0.0)
(69.43657712454653 1.2339213882006359e-6 0.0)
(69.43727838279905 9.656165369829654e-7 0.0)
(69.4379446652797 7.21048220322616e-7 0.0)
(69.43849164042652 5.183777979868983e-7 0.0)
(69.43896655930726 3.500818416552539e-7 0.0)
(69.4393582338565 2.292055367061062e-7 0.0)
(69.43960603853928 1.467107932429642e-7 0.0)
(69.4397835323352 8.63016270163104e-8 0.0)
(69.43989530518702 4.6857244958799546e-8 0.0)
(69.43993925556077 2.080112290202688e-8 0.0)
(69.43997161359201 7.072303573235508e-9 0.0)
(69.43998064543231 8.836759487962427e-10 0.0)
(69.43998719036028 -5.350630030985276e-10 0.0)
(69.43999771032216 -9.35670435021214e-10 0.0)
(69.43208199693362 6.070913775633217e-7 0.0)
(69.42877623664567 2.144769546836311e-6 0.0)
(69.42906883871089 3.0890082276260254e-6 0.0)
(69.4295809419879 3.5730941363425664e-6 0.0)
(69.43022331765363 3.743614590202824e-6 0.0)
(69.4309510701851 3.6742934852105437e-6 0.0)
(69.43183910725348 3.3949076264079796e-6 0.0)
(69.43274384893174 3.054768842271818e-6 0.0)
(69.43370617114634 2.6308742015662208e-6 0.0)
(69.43475102306381 2.183734194446866e-6 0.0)
(69.43569055687827 1.7816721266478372e-6 0.0)
(69.4365753058197 1.3889734200866372e-6 0.0)
(69.43741515189414 1.0348871049766799e-6 0.0)
(69.43810413178936 7.425510302074583e-7 0.0)
(69.43870182577756 5.006578859408386e-7 0.0)
(69.4391943249088 3.276698664641636e-7 0.0)
(69.43950572770085 2.0963493042810448e-7 0.0)
(69.43972858929473 1.2324838600385531e-7 0.0)
(69.43986881850813 6.696789933417607e-8 0.0)
(69.43992393943542 2.9666964462177885e-8 0.0)
(69.4399644809741 1.0073743066812227e-8 0.0)
(69.43997579954134 1.2386091216995533e-9 0.0)
(69.43998399492494 -7.966929997704487e-10 0.0)
(69.4399971413067 -1.3429562274730627e-9 0.0)
(69.42991855711026 8.913136593675257e-7 0.0)
(69.42560328238837 3.330911388929401e-6 0.0)
(69.42585759636698 4.648649090284504e-6 0.0)
(69.42623342258383 5.541324820845121e-6 0.0)
(69.42688536109675 5.8142027546863514e-6 0.0)
(69.42770068076125 5.7910363823504634e-6 0.0)
(69.42862263452425 5.5138729562651836e-6 0.0)
(69.42974513925124 5.009256760981305e-6 0.0)
(69.43088746847363 4.454415801161264e-6 0.0)
(69.43210084133061 3.803835150092088e-6 0.0)
(69.4334163586617 3.141856733109453e-6 0.0)
(69.43459829627173 2.553947757572808e-6 0.0)
(69.43571015623768 1.9855922752087137e-6 0.0)
(69.43676438518156 1.4770995571360858e-6 0.0)
(69.43762849336795 1.0583094586081532e-6 0.0)
(69.43837731540631 7.125968710607153e-7 0.0)
(69.43899367420958 4.6633309443041944e-7 0.0)
(69.43938310189232 2.982632182383002e-7 0.0)
(69.43966151951386 1.7526806247944107e-7 0.0)
(69.43983653310373 9.533088306860968e-8 0.0)
(69.43990529818282 4.212954028241046e-8 0.0)
(69.43995581323448 1.428233189253372e-8 0.0)
(69.43996992003623 1.7214516743588445e-9 0.0)
(69.43998012419812 -1.18135256528879e-9 0.0)
(69.43999645319151 -1.9253096040506903e-9 0.0)
(69.42725039623673 1.3627948181282774e-6 0.0)
(69.42180939372477 4.8848758898501785e-6 0.0)
(69.42192491379033 7.083497741316707e-6 0.0)
(69.42225524163398 8.315125860760173e-6 0.0)
(69.4227378438285 8.980404955378255e-6 0.0)
(69.42356612301917 8.95589800803973e-6 0.0)
(69.42459819586311 8.66124995562329e-6 0.0)
(69.42576259970014 8.092036369819769e-6 0.0)
(69.42717642302266 7.2714722693475205e-6 0.0)
(69.42861323429163 6.415636399929386e-6 0.0)
(69.43013685408332 5.446527326473789e-6 0.0)
(69.43178579545418 4.483547010663134e-6 0.0)
(69.43326580378543 3.6352631575257333e-6 0.0)
(69.43465628721451 2.8205006921039914e-6 0.0)
(69.43597286369285 2.0958347584602053e-6 0.0)
(69.43705088816213 1.4999254298120613e-6 0.0)
(69.43798386340104 1.008755857607878e-6 0.0)
(69.43875079608756 6.602279625535684e-7 0.0)
(69.4392349196127 4.222193722559669e-7 0.0)
(69.43958061174007 2.4799108332640684e-7 0.0)
(69.43979765550367 1.350637440080466e-7 0.0)
(69.43988289140337 5.951853426786698e-8 0.0)
(69.43994541405921 2.013912792118318e-8 0.0)
(69.4399628795001 2.3668452165918237e-9 0.0)
(69.43997549818589 -1.7565849894345346e-9 0.0)
(69.43999563245025 -2.748316990318853e-9 0.0)
(69.42400284077806 2.0479550548125065e-6 0.0)
(69.41720587378222 7.299387625798002e-6 0.0)
(69.41726010603524 1.0419059869492229e-5 0.0)
(69.41742125042155 1.2509759179366658e-5 0.0)
(69.41785074992379 1.3415638720898967e-5 0.0)
(69.41846996249446 1.3763340957972153e-5 0.0)
(69.41951944543035 1.3323358991596632e-5 0.0)
(69.42082144784531 1.2651546415309109e-5 0.0)
(69.42228633734206 1.167528716588841e-5 0.0)
(69.42405917576905 1.0415235279121358e-5 0.0)
(69.42585782436487 9.14100007655323e-6 0.0)
(69.42776128034103 7.727814053709049e-6 0.0)
(69.42981688480434 6.346669660469919e-6 0.0)
(69.43165962583352 5.1366588527596044e-6 0.0)
(69.43338822955899 3.979030661118185e-6 0.0)
(69.4350222338389 2.954255064919286e-6 0.0)
(69.43635847315315 2.1123263382524185e-6 0.0)
(69.43751311658882 1.4190208889267392e-6 0.0)
(69.43846077836754 9.290573699243852e-7 0.0)
(69.43905833476629 5.941333938621991e-7 0.0)
(69.43948439568743 3.4879620387257156e-7 0.0)
(69.4397515198818 1.9027698574275012e-7 0.0)
(69.43985635928246 8.356736944422698e-8 0.0)
(69.43993312754547 2.8214540316041357e-8 0.0)
(69.43995458006243 3.214765255725043e-9 0.0)
(69.43997005763262 -2.619225129733682e-9 0.0)
(69.43999466948304 -3.911909372665598e-9 0.0)
(69.4201553444213 2.968976784645699e-6 0.0)
(69.4117128213439 1.085997647971819e-5 0.0)
(69.41165103776278 1.528470179707765e-5 0.0)
(69.41174323411225 1.83789663683233e-5 0.0)
(69.41196865996358 1.9983888526182865e-5 0.0)
(69.41252717400342 2.043983659433388e-5 0.0)
(69.41332038419674 2.0348495293617517e-5 0.0)
(69.41464540929495 1.9333627909158482e-5 0.0)
(69.41628075893466 1.8143579378785442e-5 0.0)
(69.41811467736976 1.6605640282099026e-5 0.0)
(69.42032546807582 1.4740525940355343e-5 0.0)
(69.42256393505284 1.2890696648691603e-5 0.0)
(69.42492713008703 1.0864256440620124e-5 0.0)
(69.42747269847423 8.908102779181996e-6 0.0)
(69.42975129891069 7.200646468488371e-6 0.0)
(69.43188487186329 5.570511206514423e-6 0.0)
(69.43389766084694 4.133312744913136e-6 0.0)
(69.43554119933245 2.9530290068792315e-6 0.0)
(69.43695875612197 1.981550077259844e-6 0.0)
(69.4381200468823 1.2980603091965756e-6 0.0)
(69.43885136740263 8.302010934033962e-7 0.0)
(69.43937190022798 4.871418185696822e-7 0.0)
(69.43969771301786 2.66279979731406e-7 0.0)
(69.43982549417298 1.1648393352026789e-7 0.0)
(69.43991887166231 3.922394800476414e-8 0.0)
(69.43994497581701 4.301147863333791e-9 0.0)
(69.43996377875834 -3.901149347481442e-9 0.0)
(69.43999356119153 -5.5367669425563145e-9 0.0)
(69.41488866330432 5.701248218961097e-6 0.0)
(69.40536460566754 1.555697120407929e-5 0.0)
(69.40503101243327 2.2647389494318154e-5 0.0)
(69.4049905185392 2.6597791451679618e-5 0.0)
(69.4051409646444 2.9219665497325026e-5 0.0)
(69.40545615581688 3.0154331934183396e-5 0.0)
(69.40618157607537 2.999690520138629e-5 0.0)
(69.40719487648603 2.9306216041121655e-5 0.0)
(69.40885990074891 2.7505321193922772e-5 0.0)
(69.41090259156431 2.5612753754985322e-5 0.0)
(69.41318453198618 2.330913295130442e-5 0.0)
(69.41592287143081 2.0621335589647642e-5 0.0)
(69.41868893440648 1.7989454525631905e-5 0.0)
(69.4216008508582 1.512571631751199e-5 0.0)
(69.42472808643363 1.2388472150418622e-5 0.0)
(69.42752253146293 1.0005072462262548e-5 0.0)
(69.43013347314232 7.731207868917448e-6 0.0)
(69.43259091176843 5.733932015365415e-6 0.0)
(69.43459402041826 4.093677444353218e-6 0.0)
(69.43631799665187 2.7437300806761342e-6 0.0)
(69.43772728379706 1.7987124876764256e-6 0.0)
(69.43861345679208 1.1506618783285103e-6 0.0)
(69.43924295209881 6.748254569332549e-7 0.0)
(69.43963621425588 3.6975863977084316e-7 0.0)
(69.439790320291 1.6100541435329376e-7 0.0)
(69.43990267408334 5.4054140054114176e-8 0.0)
(69.43993409658525 5.6586627263595855e-9 0.0)
(69.43995668827218 -5.78898217268199e-9 0.0)
(69.43999231356806 -7.794293436151395e-9 0.0)
(69.41017958917433 0.00309021563328095 0.0)
(69.39685573957938 2.8481689906136777e-5 0.0)
(69.39748311554065 3.228135089967947e-5 0.0)
(69.39712444166034 3.9180071195763356e-5 0.0)
(69.39712675232566 4.178125754271322e-5 0.0)
(69.39736375031163 4.377367191019364e-5 0.0)
(69.39780257240598 4.379592390355121e-5 0.0)
(69.39874194404595 4.281579707998706e-5 0.0)
(69.40003075523595 4.131967728453221e-5 0.0)
(69.40211026137136 3.845950107923983e-5 0.0)
(69.40464410837562 3.563010489738969e-5 0.0)
(69.40746225542927 3.229786586584749e-5 0.0)
(69.41082641820427 2.8507957178416233e-5 0.0)
(69.4142153132418 2.4829065560047136e-5 0.0)
(69.41777124702678 2.083733593194997e-5 0.0)
(69.42157704846629 1.7054000261938772e-5 0.0)
(69.42497099137758 1.3764913027923874e-5 0.0)
(69.42813426211049 1.0625559645271222e-5 0.0)
(69.43110367540734 7.878049141945653e-6 0.0)
(69.43351925735449 5.620781008074394e-6 0.0)
(69.43559314954334 3.7625754032825033e-6 0.0)
(69.4372843577279 2.4691086419349284e-6 0.0)
(69.43834600899878 1.5800679464557422e-6 0.0)
(69.43909845923133 9.26152001348056e-7 0.0)
(69.43956752637165 5.089061861670449e-7 0.0)
(69.43975116435226 2.2042665670769562e-7 0.0)
(69.43988470325584 7.374688287862626e-8 0.0)
(69.43992206732241 7.297929401873996e-9 0.0)
(69.43994887527421 -8.549818640267111e-9 0.0)
(69.43999094360944 -1.0886758688258172e-8 0.0)
(69.38972044213119 0.01001638861164249 0.0)
(44.2076800243446 0.003451473348300259 0.0)
(69.38748416360528 5.671433047590845e-5 0.0)
(69.38829840034744 5.54476128402223e-5 0.0)
(69.38793410181837 6.104469772957013e-5 0.0)
(69.38801003318721 6.18152198728007e-5 0.0)
(69.3883713894146 6.298888726804575e-5 0.0)
(69.38897722997046 6.178952824959043e-5 0.0)
(69.39018704752692 5.972794503271759e-5 0.0)
(69.3918159219285 5.716999005300314e-5 0.0)
(69.39439294499675 5.2906838046151244e-5 0.0)
(69.39750928198163 4.885247265941914e-5 0.0)
(69.40095814973613 4.416198131773775e-5 0.0)
(69.40505118084633 3.892101475450323e-5 0.0)
(69.40916144388432 3.3864187417141864e-5 0.0)
(69.41345851755798 2.8375943939009268e-5 0.0)
(69.4180397322766 2.3214278323251343e-5 0.0)
(69.42211592210097 1.873074726288628e-5 0.0)
(69.4259045625363 1.4445053030181198e-5 0.0)
(69.42945049050854 1.0707947732598582e-5 0.0)
(69.43232859865377 7.635267843433524e-6 0.0)
(69.43479288324674 5.104380156007947e-6 0.0)
(69.43679704200805 3.3538692610342184e-6 0.0)
(69.43805278930616 2.1472896200287676e-6 0.0)
(69.43894060574004 1.2579192392724198e-6 0.0)
(69.43949275672333 6.934707184402003e-7 0.0)
(69.43970869649615 2.98585304644261e-7 0.0)
(69.43986528395781 9.950893528544053e-8 0.0)
(69.43990911675262 9.206543454444225e-9 0.0)
(69.43994049541206 -1.2529714055892007e-8 0.0)
(69.43998947981201 -1.5073448195160936e-8 0.0)
(69.37938478610897 0.01091365855965157 0.0)
(63.02157886199329 0.011265701615182443 0.0)
(41.631297498761704 0.0003822129995412615 0.0)
(69.37675678111418 9.479726591161226e-5 0.0)
(69.37781034546633 8.55322817004248e-5 0.0)
(69.37747051708543 8.940906212945284e-5 0.0)
(69.37766138247653 8.773706155706473e-5 0.0)
(69.37819506008272 8.787808897163529e-5 0.0)
(69.37902085741563 8.507593430660633e-5 0.0)
(69.3805662001352 8.16271685310715e-5 0.0)
(69.3826070876044 7.770134903164235e-5 0.0)
(69.38576992614946 7.161756963997434e-5 0.0)
(69.38956342297459 6.599804458883378e-5 0.0)
(69.3937389411338 5.95493843952164e-5 0.0)
(69.39866269252113 5.2435471024501014e-5 0.0)
(69.40359021351252 4.5599847485365104e-5 0.0)
(69.408720805682 3.816018839965285e-5 0.0)
(69.41416756506351 3.121492531026257e-5 0.0)
(69.41900174856659 2.518355106424332e-5 0.0)
(69.42348129453842 1.9404328714327204e-5 0.0)
(69.42766034668892 1.438367393301516e-5 0.0)
(69.43104405518085 1.0250750710149306e-5 0.0)
(69.43393273750075 6.843512358799219e-6 0.0)
(69.43627523316628 4.503529213636305e-6 0.0)
(69.43774000838116 2.8851701422356706e-6 0.0)
(69.4387728663003 1.6892480510972413e-6 0.0)
(69.43941361156932 9.34702145500549e-7 0.0)
(69.43966391824483 3.9981516609480806e-7 0.0)
(69.43984488846162 1.3268447991995305e-7 0.0)
(69.43989556880247 1.1325536085116689e-8 0.0)
(69.43993176377636 -1.8168023926995238e-8 0.0)
(69.43998796066064 -2.0663606809996963e-8 0.0)
(69.36777150021157 0.011348756769547304 0.0)
(67.88440873398788 0.012598902583846106 0.0)
(61.28003973463538 0.0014810490972334024 0.0)
(41.29374654539598 5.4160415344411265e-5 0.0)
(69.36475374969112 0.0001434245149507325 0.0)
(69.3661083652964 0.00012375811829825896 0.0)
(69.36583454012474 0.00012541534232142035 0.0)
(69.36619198422962 0.00012054860154704991 0.0)
(69.36695510413257 0.00011943789557607322 0.0)
(69.36806188719143 0.00011458284785107912 0.0)
(69.37001363988689 0.00010940655066345349 0.0)
(69.37254223780033 0.00010376635297799214 0.0)
(69.3763791821513 9.537470238644017e-5 0.0)
(69.38094152856902 8.780803392612285e-5 0.0)
(69.3859342210461 7.913405756155649e-5 0.0)
(69.3917817540434 6.965517484220126e-5 0.0)
(69.3976119295478 6.0571896250149095e-5 0.0)
(69.40365617175767 5.0634745595808885e-5 0.0)
(69.41004399293202 4.142605954289952e-5 0.0)
(69.41569813233987 3.3426247237085224e-5 0.0)
(69.42092057397744 2.573499147993024e-5 0.0)
(69.42577604345104 1.9078869590071367e-5 0.0)
(69.42969726650861 1.3590721277801654e-5 0.0)
(69.43303447586733 9.060584005398097e-6 0.0)
(69.43573247044839 5.973519349821772e-6 0.0)
(69.43741596765398 3.829938647581758e-6 0.0)
(69.43859978717246 2.241223308824651e-6 0.0)
(69.43933227628159 1.2452127174585106e-6 0.0)
(69.43961808729013 5.288727988855952e-7 0.0)
(69.43982409825894 1.7472513895489486e-7 0.0)
(69.43988181486405 1.3565220223866821e-8 0.0)
(69.43992293559198 -2.6002603242760014e-8 0.0)
(69.43998643097703 -2.8011127917017062e-8 0.0)
(69.35505291732504 0.011475544409183339 0.0)
(69.04490020363752 0.013227053824020639 0.0)
(67.17142811883808 0.0020557610557736796 0.0)
(60.86878426735995 0.0002474174936253414 0.0)
(41.19953737814039 1.9260851890381152e-5 0.0)
(69.35166166908702 0.00020412883291199803 0.0)
(69.35338482014117 0.00017117248541833563 0.0)
(69.35322887873608 0.0001700470989599987 0.0)
(69.35381254214991 0.0001610966283325859 0.0)
(69.35486847803486 0.00015854494923779432 0.0)
(69.35632172215156 0.0001511333030428148 0.0)
(69.358751718629 0.0001438800425547789 0.0)
(69.36184193715806 0.000136158713669127 0.0)
(69.36643406300828 0.0001249174515029535 0.0)
(69.37184609896102 0.00011500054495851532 0.0)
(69.37773318304501 0.00010357789885698479 0.0)
(69.38457982336631 9.118315473265092e-5 0.0)
(69.39137959697891 7.932343336746613e-5 0.0)
(69.39839737817658 6.625215414644373e-5 0.0)
(69.40577949306183 5.422887613362172e-5 0.0)
(69.4122953616471 4.377388176325953e-5 0.0)
(69.41829365048217 3.367856803094206e-5 0.0)
(69.42385087140784 2.4975991602394465e-5 0.0)
(69.42832685864593 1.77853995086676e-5 0.0)
(69.43212418880523 1.1840436521490917e-5 0.0)
(69.43518468613534 7.822972093267702e-6 0.0)
(69.43709026690877 5.020509594392052e-6 0.0)
(69.4384265327005 2.9365246164764384e-6 0.0)
(69.43925119193248 1.6387780123325726e-6 0.0)
(69.43957258458308 6.90846345799181e-7 0.0)
(69.43980354126023 2.2716505270504088e-7 0.0)
(69.43986827073766 1.5777545914768363e-8 0.0)
(69.4399142774055 -3.666474132273603e-8 0.0)
(69.43998493684087 -3.752993459630021e-8 0.0)
(69.34150695051585 0.011529366930279464 0.0)
(69.29106335112893 0.013391874381368754 0.0)
(68.81363298493953 0.002369631106838514 0.0)
(66.92373090526996 0.0004116027732326183 0.0)
(60.745053304044504 8.64872957481209e-5 0.0)
(41.13700558508211 1.3639442123133358e-5 0.0)
(69.33777377547776 0.00027809142216724697 0.0)
(69.33993323639663 0.00022848525843703003 0.0)
(69.33995379264603 0.00022398686767115592 0.0)
(69.34082688215042 0.00020994837894809461 0.0)
(69.34224006952088 0.0002058496817735938 0.0)
(69.34410403839831 0.0001953542200126424 0.0)
(69.34707858136817 0.00018570545265447175 0.0)
(69.35079545531117 0.00017554865733420192 0.0)
(69.35620854289311 0.0001608881843019593 0.0)
(69.36253218330583 0.00014822733247338955 0.0)
(69.36936914667615 0.00013349663287566673 0.0)
(69.3772646795694 0.00011759445016571215 0.0)
(69.38507512787051 0.00010238415226008793 0.0)
(69.39309944615012 8.545707743378866e-5 0.0)
(69.40150082158966 7.000415228649437e-5 0.0)
(69.40889524472819 5.654529640410905e-5 0.0)
(69.4156795255768 4.348062369715519e-5 0.0)
(69.42194290553334 3.2262401899802e-5 0.0)
(69.426974248205 2.296915776763436e-5 0.0)
(69.4312293840545 1.5270595712259606e-5 0.0)
(69.4346484102662 1.011375414332427e-5 0.0)
(69.4367727012895 6.497886049574875e-6 0.0)
(69.4382582889338 3.7991007723838834e-6 0.0)
(69.43917276974621 2.1301282634439794e-6 0.0)
(69.43952875217865 8.910906113298615e-7 0.0)
(69.43978381794547 2.9160738699882363e-7 0.0)
(69.43985532731625 1.7786310251472324e-8 0.0)
(69.43990603583434 -5.0854997185776385e-8 0.0)
(69.43998352017 -4.964615221197627e-8 0.0)
(69.32749898581544 0.011569061362458145 0.0)
(69.3296844887729 0.01341829801875619 0.0)
(69.22709554869562 0.002494139843400072 0.0)
(68.70426232027901 0.0005244160710980133 0.0)
(66.83528547564997 0.00014362016969732182 0.0)
(60.68058214865547 5.729717069168823e-5 0.0)
(41.08014276294324 1.255790327008041e-5 0.0)
(69.32347065748166 0.000365958877412796 0.0)
(69.32612718212096 0.00029593220035427234 0.0)
(69.32638400836032 0.0002874996954369563 0.0)
(69.32760689701058 0.00026729486539100864 0.0)
(69.3294361148339 0.00026169639887619424 0.0)
(69.33176710515852 0.0002476104740811807 0.0)
(69.3353396735169 0.00023533128376008314 0.0)
(69.33973211602338 0.00022244019177529334 0.0)
(69.34600943746044 0.00020379844031449742 0.0)
(69.35328021376739 0.0001880481701230393 0.0)
(69.36109472211831 0.0001694393601243724 0.0)
(69.37005745284269 0.0001494212045717983 0.0)
(69.3788889568647 0.00013025907905590142 0.0)
(69.38792204062628 0.00010867835213879525 0.0)
(69.39733641470157 8.912662623170634e-5 0.0)
(69.40559929834659 7.205907546182202e-5 0.0)
(69.41315566695143 5.538821048498455e-5 0.0)
(69.42010819516513 4.1128618372635395e-5 0.0)
(69.42567874353547 2.927947242360332e-5 0.0)
(69.430375750492 1.944070585777619e-5 0.0)
(69.4341388195308 1.2910060331375046e-5 0.0)
(69.4364721169968 8.304883328749995e-6 0.0)
(69.43809965930754 4.8540049875337985e-6 0.0)
(69.43909911341927 2.734856728527072e-6 0.0)
(69.43948774083802 1.1352099981426717e-6 0.0)
(69.4397654336678 3.6972461515771406e-7 0.0)
(69.43984330778454 1.93801273346419e-8 0.0)
(69.4398984109098 -6.934507958815302e-8 0.0)
(69.43998221430451 -6.484027599396157e-8 0.0)
(69.31344748431773 0.011606801013150403 0.0)
(69.32568559622187 0.013402581696800704 0.0)
(69.31302141741148 0.0025410802636744293 0.0)
(69.188425864466 0.0005799915607862137 0.0)
(68.65678117104271 0.00018647159584394746 0.0)
(66.79295427249389 8.821666236190989e-5 0.0)
(60.62861870334559 5.095900839716935e-5 0.0)
(41.0253320127199 1.1395032465540878e-5 0.0)
(69.30918191238028 0.0004677313322641748 0.0)
(69.31238170694799 0.0003732065486397002 0.0)
(69.31292885055363 0.0003603808470136376 0.0)
(69.31455206535915 0.00033291443568046 0.0)
(69.31684365354928 0.0003260969640460191 0.0)
(69.31968330341553 0.00030798822434358666 0.0)
(69.3238882045123 0.0002929867774781784 0.0)
(69.32898343821662 0.0002771654808391442 0.0)
(69.33614021526103 0.00025402857584340324 0.0)
(69.34436342921964 0.00023493114661957793 0.0)
(69.35315191120786 0.00021189113315196577 0.0)
(69.36316652622628 0.00018715560190326973 0.0)
(69.37299761052718 0.00016343146664436062 0.0)
(69.38301070576604 0.00013633226683889128 0.0)
(69.39340141505248 0.00011196758587620825 0.0)
(69.4024969416005 9.063568682948038e-5 0.0)
(69.41078916103783 6.965163464042813e-5 0.0)
(69.41839440560383 5.176962007745625e-5 0.0)
(69.42447318310005 3.685783716644418e-5 0.0)
(69.42958434420703 2.444327645778871e-5 0.0)
(69.43366812212452 1.6278720326989485e-5 0.0)
(69.4361954888293 1.048627784701366e-5 0.0)
(69.43795419995561 6.127501098988396e-6 0.0)
(69.43903181432317 3.4693808377897634e-6 0.0)
(69.43945040120639 1.4290929705560298e-6 0.0)
(69.43974875365133 4.6326573799150785e-7 0.0)
(69.43983243995203 2.0341605602255233e-8 0.0)
(69.43989153996931 -9.294192758090955e-8 0.0)
(69.4399810414955 -8.360175360264017e-8 0.0)
(69.29977649463463 0.011643333042611377 0.0)
(69.31413439532182 0.013369358699673557 0.0)
(69.31991375465945 0.002563645467477045 0.0)
(69.30166648756948 0.0006026512534810074 0.0)
(69.16795237037235 0.0002097102680537128 0.0)
(68.63377851125144 0.00010965689416770714 0.0)
(66.7627170300275 7.423579040923429e-5 0.0)
(60.579981872726044 4.651069809547297e-5 0.0)
(40.97229013271825 1.0542647443974039e-5 0.0)
(69.29533641830936 0.0005827601932119996 0.0)
(69.29910474146342 0.0004594888178443882 0.0)
(69.29998406982506 0.00044199107813090434 0.0)
(69.30204242484577 0.00040621435688891546 0.0)
(69.30482479231965 0.0003987726513424816 0.0)
(69.3081952582927 0.0003763379225881417 0.0)
(69.3130439779345 0.0003587219580458556 0.0)
(69.31884411387615 0.0003399238470468397 0.0)
(69.32686637098863 0.0003118621865883729 0.0)
(69.33601657055831 0.00028928309604928304 0.0)
(69.34574491437569 0.00026129921835608223 0.0)
(69.35676455068112 0.00023127158066960744 0.0)
(69.36754460733849 0.00020238032522455453 0.0)
(69.37848152832197 0.0001688369231015787 0.0)
(69.38978578707894 0.00013890584469585272 0.0)
(69.39965663506527 0.00011260549370597385 0.0)
(69.40863024540946 8.653059622895282e-5 0.0)
(69.41683644364619 6.438896937422756e-5 0.0)
(69.42338103582462 4.585262270090176e-5 0.0)
(69.42886984414828 3.0375610721823566e-5 0.0)
(69.43324459993092 2.0290264003201133e-5 0.0)
(69.43594741393655 1.3089405496050748e-5 0.0)
(69.43782418382575 7.647394519082467e-6 0.0)
(69.4389718545991 4.3510808743520206e-6 0.0)
(69.43941723960417 1.7789899401291435e-6 0.0)
(69.4397339863827 5.741084078444778e-7 0.0)
(69.43982284791139 2.0443541155215896e-8 0.0)
(69.43988549390872 -1.2248671037601628e-7 0.0)
(69.43998001255375 -1.0645291967039041e-7 0.0)
(69.28686654319974 0.011676678742603884 0.0)
(69.301905604329 0.013323013054328316 0.0)
(69.31007863014433 0.00258244527671175 0.0)
(69.31692614804821 0.0006113755021883914 0.0)
(69.29433128001584 0.00021918945521059963 0.0)
(69.15739756917505 0.00012035433577693635 0.0)
(68.61865765227604 8.759279933981576e-5 0.0)
(66.7358200939798 6.816676869044593e-5 0.0)
(60.533344197220835 4.3180792569047925e-5 0.0)
(40.92026223233768 1.0956372819175163e-5 0.0)
(69.28231262616114 0.0007098638402330062 0.0)
(69.28665024780649 0.0005535751006555916 0.0)
(69.28788708714276 0.0005313762160225185 0.0)
(69.29039610951375 0.00048634511693679305 0.0)
(69.29367704952318 0.0004792571408107021 0.0)
(69.29757938429032 0.0004523680459552224 0.0)
(69.30305956986687 0.00043249195604168095 0.0)
(69.30954253634967 0.0004108544463799748 0.0)
(69.31838921618424 0.00037755007127789146 0.0)
(69.32841372396946 0.00035150256972693773 0.0)
(69.33902170971358 0.00031811747866884504 0.0)
(69.35097360587582 0.00028226067447661746 0.0)
(69.36262885944944 0.00024760861243313883 0.0)
(69.37441227285056 0.0002066349573455452 0.0)
(69.38654806274863 0.00017034449272928934 0.0)
(69.39712147892304 0.00013832130390248502 0.0)
(69.40670946698275 0.00010630331252250834 0.0)
(69.4154547085788 7.920511920009313e-5 0.0)
(69.42241544048603 5.642329486927229e-5 0.0)
(69.42824006951861 3.734258187983327e-5 0.0)
(69.43287242202875 2.502052622612914e-5 0.0)
(69.43573006009467 1.61651092840291e-5 0.0)
(69.43771059952536 9.443579408290279e-6 0.0)
(69.43891962274552 5.3985464304323215e-6 0.0)
(69.4393884330446 2.1916523205569063e-6 0.0)
(69.43972119368355 7.042821608424426e-7 0.0)
(69.43981456066099 1.9471384119348037e-8 0.0)
(69.43988028403551 -1.588561772613383e-7 0.0)
(69.439979128199 -1.339495322887928e-7 0.0)
(69.27501552625509 0.01170416800119779 0.0)
(69.29037631535732 0.013262837145169471 0.0)
(69.29762433617272 0.002604712450783217 0.0)
(69.3090478932724 0.0006165112854292376 0.0)
(69.31452200095741 0.00022140889228500194 0.0)
(69.29034044241418 0.00012392309623377742 0.0)
(69.15051146529393 9.150812949460424e-5 0.0)
(68.60605569260123 8.091199938311416e-5 0.0)
(66.71071769132716 6.338694439173242e-5 0.0)
(60.487249087004294 4.500223982917941e-5 0.0)
(40.8696091713227 1.014961175179557e-5 0.0)
(69.27040080403332 0.0008475308817911704 0.0)
(69.27528415960063 0.0006540731357485579 0.0)
(69.27688565479151 0.0006274424178273541 0.0)
(69.27984119954579 0.0005723590508451916 0.0)
(69.28360863499553 0.000567034326600841 0.0)
(69.28802366042582 0.0005357690201022057 0.0)
(69.29410221849295 0.0005142617741409963 0.0)
(69.30122521255126 0.0004901277622247019 0.0)
(69.31083361271507 0.0004513872575051593 0.0)
(69.32165897283915 0.0004220433328550797 0.0)
(69.33306722060495 0.00038285892049533585 0.0)
(69.34586064515567 0.00034067383837601363 0.0)
(69.35830180197055 0.0002996765518182092 0.0)
(69.3708410445518 0.0002502194598368007 0.0)
(69.38371492632605 0.00020673052217954819 0.0)
(69.39490951997303 0.00016817282597598744 0.0)
(69.4050383036619 0.00012927718506145072 0.0)
(69.41425588090375 9.645871001610818e-5 0.0)
(69.42157995122871 6.874539071764981e-5 0.0)
(69.42769660950812 4.545985242257193e-5 0.0)
(69.4325520980435 3.05525935069049e-5 0.0)
(69.43554346982914 1.976894217680438e-5 0.0)
(69.43761333820201 1.1548700816099082e-5 0.0)
(69.43887500807722 6.6319198266599154e-6 0.0)
(69.43936388700735 2.6744753506103107e-6 0.0)
(69.43971031866823 8.560340788114775e-7 0.0)
(69.43980753181555 1.72237387765485e-8 0.0)
(69.43987587514982 -2.0296060203332966e-7 0.0)
(69.43997838143517 -1.6667195418981163e-7 0.0)
(69.26441771512359 0.011722980562212654 0.0)
(69.27991694301208 0.013187016369582905 0.0)
(69.28553174545986 0.002633246444224526 0.0)
(69.29680310668364 0.0006228412549859604 0.0)
(69.30798280073837 0.00022097189231893097 0.0)
(69.31331761163796 0.00012367525235983576 0.0)
(69.28741221110862 8.941060965111866e-5 0.0)
(69.14503749421007 8.539031144600329e-5 0.0)
(68.59507737518655 7.51596124670969e-5 0.0)
(66.68557872744957 6.648146286411062e-5 0.0)
(60.44228693510133 4.213643025387004e-5 0.0)
(40.82003500335508 9.569080412321168e-6 0.0)
(69.25978447229147 0.0009941553405748548 0.0)
(69.2651689121857 0.0007596186298073611 0.0)
(69.2671253223454 0.0007291437632925167 0.0)
(69.27050624031243 0.0006633740231388772 0.0)
(69.27473101476802 0.0006616812119580642 0.0)
(69.27962355819443 0.0006263351458252054 0.0)
(69.28625143669184 0.000604111255537713 0.0)
(69.29395661921582 0.0005780345706649596 0.0)
(69.30424958017744 0.0005337874709078635 0.0)
(69.3157893195494 0.000501475891736166 0.0)
(69.32790726445135 0.00045614614789309246 0.0)
(69.3414418976045 0.0004071622971283046 0.0)
(69.35457218230079 0.00035923385057411416 0.0)
(69.36777089901699 0.0003001595138271756 0.0)
(69.38128552055824 0.0002485740341988873 0.0)
(69.39301750361771 0.00020260135913858845 0.0)
(69.40361236221311 0.00015579944555811452 0.0)
(69.41323541504016 0.00011642012000559803 0.0)
(69.42087043297643 8.301566439095183e-5 0.0)
(69.42723615124913 5.485716683510854e-5 0.0)
(69.43228130396537 3.6978931615119254e-5 0.0)
(69.43538607822853 2.396247506040111e-5 0.0)
(69.43753147406758 1.3998925007658448e-5 0.0)
(69.43883753577148 8.073327047751433e-6 0.0)
(69.43934331274764 3.2356705357943002e-6 0.0)
(69.4397012214453 1.0318724328560354e-6 0.0)
(69.439801663174 1.3511367079063151e-8 0.0)
(69.43987220082542 -2.557610228907385e-7 0.0)
(69.43997776021246 -2.052562663072176e-7 0.0)
(69.25516240618173 0.011730377245372315 0.0)
(69.27066608233477 0.01309355978587244 0.0)
(69.27447921225114 0.002669605818883182 0.0)
(69.28453279864182 0.0006326552980299664 0.0)
(69.29584327602933 0.00022051690334698817 0.0)
(69.30763785172941 0.00012212561437208841 0.0)
(69.31200121322416 8.369104455277391e-5 0.0)
(69.2850119201931 8.525667549742705e-5 0.0)
(69.14102328470294 7.905061037504563e-5 0.0)
(68.58369643379736 8.030155387016637e-5 0.0)
(66.66109871281581 6.317688214855263e-5 0.0)
(60.39797560955039 3.967311177494914e-5 0.0)
(40.771405038515006 9.253664716329703e-6 0.0)
(69.25054131760554 0.0011482477754271826 0.0)
(69.25636655149812 0.0008690650577063613 0.0)
(69.25865482223065 0.0008356418207321425 0.0)
(69.2624268677493 0.0007587120192551002 0.0)
(69.26706793695558 0.0007629844214993624 0.0)
(69.2723917943199 0.000724065881138531 0.0)
(69.27950995656384 0.0007023202532422217 0.0)
(69.28773083986955 0.0006750585406943068 0.0)
(69.29862409937175 0.0006253439877926883 0.0)
(69.31078637062966 0.0005905381916345218 0.0)
(69.32351965592952 0.0005387539317894915 0.0)
(69.3376932853997 0.0004825119562579751 0.0)
(69.35141536996356 0.00042704812603643603 0.0)
(69.36517806395854 0.00035712241907090696 0.0)
(69.37923825536575 0.0002964657879122222 0.0)
(69.39142648663329 0.0002421132901600837 0.0)
(69.40241576350594 0.0001862672396312369 0.0)
(69.41238081153608 0.00013939672043247915 0.0)
(69.42027741757964 9.945710131815007e-5 0.0)
(69.42685204233848 6.56816344270949e-5 0.0)
(69.4320558374834 4.440354217606928e-5 0.0)
(69.43525527509401 2.8814704922440074e-5 0.0)
(69.43746356323454 1.6834736194600034e-5 0.0)
(69.43880650583316 9.74734914765716e-6 0.0)
(69.43932630500302 3.884447873144858e-6 0.0)
(69.4396937135219 1.2346248507092433e-6 0.0)
(69.43979682720018 8.148412559640752e-9 0.0)
(69.43986917761161 -3.183029384832579e-7 0.0)
(69.43997724980744 -2.503996613109067e-7 0.0)
(69.24724782259092 0.011723852487441575 0.0)
(69.26265495296535 0.01298051215130495 0.0)
(69.26466508322873 0.002714997167918125 0.0)
(69.27324068816586 0.0006474023861613153 0.0)
(69.2833377990187 0.00022148852388691575 0.0)
(69.2955675989204 0.00012101504754485216 0.0)
(69.30675912686787 7.587595725223936e-5 0.0)
(69.31070977388232 8.300503614654251e-5 0.0)
(69.283941627796 7.863001444393908e-5 0.0)
(69.13634251544181 8.740096321038181e-5 0.0)
(68.57275366651166 7.751734088253614e-5 0.0)
(66.63669027033255 5.914127388056809e-5 0.0)
(60.35411115709668 3.866700856000528e-5 0.0)
(40.724021520761646 8.806822720913472e-6 0.0)
(69.24265902191115 0.0013085824874606638 0.0)
(69.2488554533074 0.0009816166841231549 0.0)
(69.25144319628113 0.000946417130056348 0.0)
(69.25556432781804 0.0008579900233753196 0.0)
(69.26057375343694 0.0008710204975313168 0.0)
(69.2662769875398 0.0008292336047144312 0.0)
(69.27382218098322 0.0008094267231457281 0.0)
(69.28248947136895 0.0007819267585364696 0.0)
(69.29389809667893 0.0007268723768295011 0.0)
(69.30659195927899 0.000690173317995247 0.0)
(69.31984855306078 0.000631641063167908 0.0)
(69.33456296840887 0.0005676709108719981 0.0)
(69.34878429892106 0.0005040280407350622 0.0)
(69.36302108406709 0.0004218925955383798 0.0)
(69.3775382331173 0.00035109238522719374 0.0)
(69.39010767659738 0.00028729242772958615 0.0)
(69.40142561408673 0.0002211369039941955 0.0)
(69.4116748523151 0.00016573975090032324 0.0)
(69.41978835343886 0.00011832385517357343 0.0)
(69.42653577516823 7.810086964203925e-5 0.0)
(69.43187048452202 5.2944172302852e-5 0.0)
(69.43514790984543 3.44034891120311e-5 0.0)
(69.4374079056332 2.010178240609468e-5 0.0)
(69.43878111304107 1.1681530911572918e-5 0.0)
(69.43931240682538 4.631202383252262e-6 0.0)
(69.43968758637038 1.4674959522899473e-6 0.0)
(69.43979288531675 9.569030905813924e-10 0.0)
(69.43986671620245 -3.917130065095099e-7 0.0)
(69.43997683470198 -3.0287056475648946e-7 0.0)
(69.2406036151436 0.011701224927131134 0.0)
(69.25584047020507 0.012846032799275348 0.0)
(69.25613725278193 0.002770451871643967 0.0)
(69.2631962342296 0.000668317699880013 0.0)
(69.27173863586172 0.00022480678551138906 0.0)
(69.28286687070683 0.00012155788376083092 0.0)
(69.29460868182471 6.695121862558936e-5 0.0)
(69.30568503440925 8.024220196014595e-5 0.0)
(69.31071506928085 7.634384034098619e-5 0.0)
(69.28197957168045 9.135891895590302e-5 0.0)
(69.13205451834547 8.589134529296692e-5 0.0)
(68.56154946424661 7.196841969913782e-5 0.0)
(66.61211459212154 5.8327449889167463e-5 0.0)
(60.311244504784575 3.6942605715156404e-5 0.0)
(40.67767042841238 8.430772464402113e-6 0.0)
(69.23605896901677 0.0014742650864820845 0.0)
(69.24255306121006 0.0010968999112388536 0.0)
(69.24540315730046 0.0010613233888367418 0.0)
(69.24982795489616 0.0009611655572725392 0.0)
(69.25515552269584 0.0009861969529234896 0.0)
(69.26118504762367 0.0009424193031618038 0.0)
(69.26909450355308 0.0009262591760297077 0.0)
(69.27814076005704 0.0008996394493102376 0.0)
(69.28998388063279 0.0008394377649298509 0.0)
(69.3031239655297 0.0008015549419376733 0.0)
(69.31681834505011 0.0007359740039034435 0.0)
(69.33198336034967 0.0006637706116553031 0.0)
(69.34661955766106 0.0005912427854676177 0.0)
(69.36124917367613 0.0004953875743595582 0.0)
(69.37614379874374 0.0004132500309758398 0.0)
(69.3890275212803 0.00033881147677109196 0.0)
(69.40061581642512 0.0002609327344477524 0.0)
(69.4110982818736 0.00019585113104612507 0.0)
(69.41938947029382 0.00013990606683187597 0.0)
(69.42627816863362 9.23061748610809e-5 0.0)
(69.43171970520038 6.273456838802013e-5 0.0)
(69.43506068307069 4.081707043543632e-5 0.0)
(69.43736274576041 2.3851752515128213e-5 0.0)
(69.43876053600654 1.3906928780354167e-5 0.0)
(69.43930115763405 5.487709132731842e-6 0.0)
(69.43968263222267 1.7341206361805137e-6 0.0)
(69.43978970077085 -8.249330114046582e-9 0.0)
(69.43986472934726 -4.772495312691776e-7 0.0)
(69.43997649987331 -3.635312311932061e-7 0.0)
(69.23511539728183 0.011660671087414523 0.0)
(69.25012936590178 0.01268844502004502 0.0)
(69.24885899267207 0.0028368386093338993 0.0)
(69.2544666925406 0.0006965961942375002 0.0)
(69.26138666982416 0.00023120908457422765 0.0)
(69.27100065030783 0.00012469998781089578 0.0)
(69.28163385907689 5.759780370045885e-5 0.0)
(69.29336780824327 7.811837456370248e-5 0.0)
(69.3059630633543 7.376474991549357e-5 0.0)
(69.3096125417426 9.470711114523416e-5 0.0)
(69.28042100450833 9.184979205528945e-5 0.0)
(69.12733393861443 7.87995643639607e-5 0.0)
(68.54979204191126 7.216795875969421e-5 0.0)
(66.58805393945588 5.5953789415653205e-5 0.0)
(60.26903613864691 3.54728883992195e-5 0.0)
(40.6323719069642 8.028011268121864e-6 0.0)
(69.23062066358867 0.0016447318483925214 0.0)
(69.23733972420668 0.0012149765306726141 0.0)
(69.24041373061422 0.0011805984527728053 0.0)
(69.24509704626493 0.001068543698493763 0.0)
(69.250693825433 0.0011092634084579756 0.0)
(69.25699879645867 0.0010645242517550496 0.0)
(69.26521359792493 0.0010539499724905642 0.0)
(69.27457632520331 0.0010294856781915293 0.0)
(69.28678028281915 0.0009643707563471591 0.0)
(69.3002895628799 0.0009261056519379707 0.0)
(69.31434522381238 0.0008531448103604669 0.0)
(69.32988082568137 0.0007721439484874612 0.0)
(69.34485749212475 0.0006899392449766219 0.0)
(69.35980872279595 0.0005786729161576284 0.0)
(69.37501159904849 0.00048385769851206066 0.0)
(69.38815156404765 0.0003974432661089073 0.0)
(69.39995988189655 0.0003062559311995426 0.0)
(69.41063179394472 0.00023019030628237331 0.0)
(69.41906710635784 0.00016453489321848313 0.0)
(69.42607020616609 0.0001085158313124868 0.0)
(69.43159811062043 7.39268671007703e-5 0.0)
(69.43499041583112 4.8155651159464215e-5 0.0)
(69.43732640613445 2.814330857069593e-5 0.0)
(69.43874399637998 1.6458686901613545e-5 0.0)
(69.43929212456591 6.467330576119316e-6 0.0)
(69.43967865710997 2.0386318208229163e-6 0.0)
(69.43978714677975 -1.966642523496056e-8 0.0)
(69.43986313667729 -5.763279026338696e-7 0.0)
(69.43997623156054 -4.333581029406317e-7 0.0)
(69.23064616975438 0.011600738603748119 0.0)
(69.24539995488914 0.012506273702163647 0.0)
(69.24273804304528 0.0029148505937336 0.0)
(69.2470235311235 0.0007334272390840678 0.0)
(69.25237100816882 0.0002413700533005138 0.0)
(69.26037160820542 0.0001312742505832542 0.0)
(69.26943567531282 4.8344678400214283e-5 0.0)
(69.28007497072177 7.759373563448375e-5 0.0)
(69.2935874982953 7.203040161313061e-5 0.0)
(69.30494504522869 9.913935265695853e-5 0.0)
(69.30895014928939 9.801033057556172e-5 0.0)
(69.27832913583934 8.291504075052134e-5 0.0)
(69.12183510464067 8.085268581645033e-5 0.0)
(68.53830340742809 6.95868524106482e-5 0.0)
(66.56410601111304 5.3885477310645134e-5 0.0)
(60.22755307580358 3.3930599378700496e-5 0.0)
(40.58797875289599 7.847327114854899e-6 0.0)
(69.22620351181496 0.0018196927628077984 0.0)
(69.23307862260805 0.0013363193313510383 0.0)
(69.23633934634333 0.001304845059653975 0.0)
(69.24123883245022 0.0011807603842786602 0.0)
(69.24705950900629 0.0012413046307240907 0.0)
(69.25359352639326 0.0011967676012042893 0.0)
(69.2620605516639 0.0011939387569300062 0.0)
(69.27168404915136 0.0011730510490677293 0.0)
(69.28418393716962 0.0011032788982150825 0.0)
(69.29799506830193 0.0010655117785246075 0.0)
(69.31234552626876 0.0009847876918000313 0.0)
(69.32818265436829 0.0008943422937763423 0.0)
(69.34343585774889 0.0008015592814046788 0.0)
(69.35864780447675 0.0006729773478037466 0.0)
(69.37410002026428 0.0005639706711481691 0.0)
(69.38744699221924 0.0004640727340529886 0.0)
(69.39943280201038 0.000357793893044502 0.0)
(69.41025729401389 0.0002692815936522418 0.0)
(69.41880854912236 0.00019258785752471132 0.0)
(69.42590355453717 0.0001269786713536349 0.0)
(69.43150075452257 8.669414362523576e-5 0.0)
(69.43493420756694 5.6533114885139815e-5 0.0)
(69.4372973655356 3.304309850743841e-5 0.0)
(69.4387307927446 1.9376658521123152e-5 0.0)
(69.43928491948843 7.585245858150618e-6 0.0)
(69.43967548801905 2.3857190218460976e-6 0.0)
(69.43978511076917 -3.350932113465062e-8 0.0)
(69.43986186711287 -6.905323345956842e-7 0.0)
(69.43997601764237 -5.134493075743993e-7 0.0)
(69.22705324821052 0.011520307623813343 0.0)
(69.2415194424393 0.012298297983245937 0.0)
(69.23765003027145 0.0030049901196017997 0.0)
(69.24077816510385 0.0007800013437878776 0.0)
(69.24467266479151 0.0002559336940254141 0.0)
(69.25109086342576 0.00014205821318025817 0.0)
(69.25846950353821 3.9653235052148347e-5 0.0)
(69.26751013214577 7.95649251192559e-5 0.0)
(69.28009821352524 7.212330303179291e-5 0.0)
(69.29233977679463 0.00010592081195194328 0.0)
(69.30440140845157 0.00010624162053112177 0.0)
(69.30766271662773 8.671909303980726e-5 0.0)
(69.27529473205057 8.764866104332919e-5 0.0)
(69.11652927649791 7.846347952255228e-5 0.0)
(68.52660032727677 6.730621897861402e-5 0.0)
(66.54036620803033 5.181645137744421e-5 0.0)
(60.18657012773516 3.3167604964376076e-5 0.0)
(40.54457887975856 7.312952011165428e-6 0.0)
(69.2226629638545 0.0019990453523911324 0.0)
(69.2296307404637 0.0014617625883255943 0.0)
(69.23304384519862 0.001434998157352102 0.0)
(69.2381214051455 0.0012987554609680022 0.0)
(69.24412557846213 0.0013837258811665908 0.0)
(69.25084776872382 0.0013406799893646477 0.0)
(69.25952064485293 0.001347972501419596 0.0)
(69.26935667706958 0.0013322246025375978 0.0)
(69.28209680477029 0.0012580576973646679 0.0)
(69.29615229153664 0.0012217393448316048 0.0)
(69.31074110621111 0.0011327964617541667 0.0)
(69.32682139617383 0.0010321542434430743 0.0)
(69.34229730590063 0.0009277585293303705 0.0)
(69.35771889162538 0.0007797092487931137 0.0)
(69.37337118893109 0.0006547956513354003 0.0)
(69.38688413279718 0.0005397098541519954 0.0)
(69.39901208266627 0.000416330514747759 0.0)
(69.40995859287759 0.0003137222218739197 0.0)
(69.41860248216022 0.00022449477238826193 0.0)
(69.42577083435056 0.00014797796240731957 0.0)
(69.4314232757365 0.00010123322715657451 0.0)
(69.43488951273014 6.60789086544524e-5 0.0)
(69.43727429544384 3.862684217081919e-5 0.0)
(69.43872031498194 2.270607627426086e-5 0.0)
(69.43927920625453 8.858694247032518e-6 0.0)
(69.43967297564183 2.7807125040260416e-6 0.0)
(69.43978349583473 -5.002099146335899e-8 0.0)
(69.43986085964609 -8.2166373867224e-7 0.0)
(69.43997584773734 -6.050495131004589e-7 0.0)
(69.22419946560363 0.011418557910527776 0.0)
(69.23835664044185 0.012063578253345017 0.0)
(69.23345709280186 0.003107555490118218 0.0)
(69.23560681780988 0.0008375121322827019 0.0)
(69.23820761668973 0.00027552941400374236 0.0)
(69.24314987975728 0.0001577848840830274 0.0)
(69.24886877577833 3.1950515440179475e-5 0.0)
(69.2561738984074 8.490994571027825e-5 0.0)
(69.26728248459985 7.499328328017954e-5 0.0)
(69.27850155386986 0.00011616103147444454 0.0)
(69.29160894451134 0.00011804529954316696 0.0)
(69.30314709661211 9.190436484405414e-5 0.0)
(69.30528500675933 9.503997540818362e-5 0.0)
(69.27245387406023 8.572821069198208e-5 0.0)
(69.11084035747866 7.634484695299735e-5 0.0)
(68.51480013338687 6.515369350278492e-5 0.0)
(66.51657196311068 5.0582372778559484e-5 0.0)
(60.146265874057384 3.112497490630259e-5 0.0)
(40.50212206377982 6.993242278456346e-6 0.0)
(69.21986137148585 0.002182775703636702 0.0)
(69.22686470352575 0.0015924395456681872 0.0)
(69.23039949078378 0.0015722917101691823 0.0)
(69.23562192111385 0.0014237453379748071 0.0)
(69.24177451496571 0.0015382391288280416 0.0)
(69.24864992743935 0.0014980990185087376 0.0)
(69.25748910881417 0.0015181086086532803 0.0)
(69.26749688208352 0.0015092082446357192 0.0)
(69.28043041220837 0.001430905541085563 0.0)
(69.29468210262282 0.0013970530809003401 0.0)
(69.30946220807957 0.00129934551499316 0.0)
(69.32573714957613 0.0011876273693735026 0.0)
(69.34139116123403 0.0010704277652635026 0.0)
(69.35698016690067 0.0009004758252809209 0.0)
(69.37279194303964 0.000757707617744953 0.0)
(69.38643710955235 0.0006255042610640567 0.0)
(69.3986781882544 0.0004827577172688773 0.0)
(69.40972168448832 0.0003641913570916524 0.0)
(69.41843915521851 0.0002607442797253211 0.0)
(69.42566570851183 0.00017183579920157207 0.0)
(69.43136194218874 0.00011776783242535304 0.0)
(69.43485416143119 7.694010817355928e-5 0.0)
(69.43725606693059 4.4980550330372825e-5 0.0)
(69.43871204664079 2.6498283970853365e-5 0.0)
(69.43927470125534 1.0307242620106837e-5 0.0)
(69.43967099426659 3.2296542808734544e-6 0.0)
(69.4397822205157 -6.94739461152615e-8 0.0)
(69.43986006305903 -9.717656120508117e-7 0.0)
(69.43997571313479 -7.095730170043316e-7 0.0)
(69.22195981928014 0.011294920386408955 0.0)
(69.23578973128778 0.011801503492919571 0.0)
(69.23002174857771 0.0032226189279118303 0.0)
(69.23137004348084 0.000907151838914239 0.0)
(69.23285335569 0.00030079608358922423 0.0)
(69.23646999958031 0.0001791451169015298 0.0)
(69.24063639146674 2.5640007717263692e-5 0.0)
(69.24622255366728 9.449672570543986e-5 0.0)
(69.25567936023542 8.158952674220202e-5 0.0)
(69.26529441448547 0.00013093860449333097 0.0)
(69.27745954975387 0.00013481169172578156 0.0)
(69.29007673577088 9.981107487865911e-5 0.0)
(69.3006504308085 0.00010487254837798 0.0)
(69.30312390259307 9.38137322884214e-5 0.0)
(69.2691287124494 8.40249948480379e-5 0.0)
(69.10490556843592 7.452113580121252e-5 0.0)
(68.50258765093517 6.36822847246938e-5 0.0)
(66.4929523941442 4.7885716985269183e-5 0.0)
(60.1065848146687 2.9903223553565787e-5 0.0)
(40.46052584054314 6.800900591989697e-6 0.0)
(69.21767422814692 0.0023708643259025865 0.0)
(69.22466229973911 0.0017297123388957038 0.0)
(69.22829193301963 0.0017182336074286245 0.0)
(69.233630927415 0.0015572026721610564 0.0)
(69.23990212390112 0.0017068536881577408 0.0)
(69.24690154228209 0.0016711719148006935 0.0)
(69.25587394203211 0.001706723383184737 0.0)
(69.26601956557336 0.0017065320994708016 0.0)
(69.27910775161784 0.0016243439572251174 0.0)
(69.29351589042724 0.0015940407109900784 0.0)
(69.30844859670559 0.0014869154163615426 0.0)
(69.32487838913627 0.0013630938750342982 0.0)
(69.34067397799848 0.0012317181271296724 0.0)
(69.35639592208824 0.0010371050159645552 0.0)
(69.37233405078709 0.0008742692143770968 0.0)
(69.38608396397285 0.0007227617808348022 0.0)
(69.39841459216069 0.0005580885532746057 0.0)
(69.40953475829846 0.00042146017719121794 0.0)
(69.41831036792205 0.00030189124450090437 0.0)
(69.42558286222358 0.00019891806352374765 0.0)
(69.431313633099 0.00013655203984490146 0.0)
(69.43482634368797 8.928373874677845e-5 0.0)
(69.4372417413752 5.220187692575348e-5 0.0)
(69.43870555976437 3.081154387820975e-5 0.0)
(69.43927117004324 1.1953090199625723e-5 0.0)
(69.4396694401302 3.7393939270996863e-6 0.0)
(69.43978121756543 -9.218113245486393e-8 0.0)
(69.43985943506492 -1.143157043356703e-6 0.0)
(69.43997560663603 -8.286242132145727e-7 0.0)
(69.22022457404604 0.011149032648830605 0.0)
(69.23371041730205 0.011511833759416102 0.0)
(69.22721552002281 0.0033500103437751824 0.0)
(69.22792738818082 0.0009900893241393922 0.0)
(69.22846942625814 0.00033242137635566853 0.0)
(69.23093066139788 0.00020679615327783945 0.0)
(69.2336992188839 2.1112625397886324e-5 0.0)
(69.23767097006173 0.00010918436433698142 0.0)
(69.24546676203953 9.285628234123564e-5 0.0)
(69.25329904006816 0.0001513375012575897 0.0)
(69.26389895924687 0.00015793540291143452 0.0)
(69.27553161932589 0.00011167181413514834 0.0)
(69.28715058971714 0.00011868750989775085 0.0)
(69.29839641807803 0.00010457011471563495 0.0)
(69.30039551529407 9.272289086354045e-5 0.0)
(69.26547716245284 8.284954573388258e-5 0.0)
(69.0983463911815 7.312564948685854e-5 0.0)
(68.49024081276181 6.081085876379446e-5 0.0)
(66.46945420700816 4.627668482223582e-5 0.0)
(60.06740731469507 2.9364977197521037e-5 0.0)
(40.41989069836766 6.5651474356387775e-6 0.0)
(69.21599293473207 0.0025632132913217713 0.0)
(69.22292085446394 0.0018750952292599717 0.0)
(69.22662217013922 0.0018745949745833368 0.0)
(69.23205403437235 0.0017008464013024303 0.0)
(69.23841880846315 0.0018918738738032347 0.0)
(69.24551832045054 0.001862366752436487 0.0)
(69.25459662312333 0.001916528321070247 0.0)
(69.26485237509493 0.0019270762992593415 0.0)
(69.2780635564225 0.0018412449439954022 0.0)
(69.29259568409027 0.0018156431705791496 0.0)
(69.30764954931776 0.001698323641242146 0.0)
(69.32420183636623 0.0015612013338225307 0.0)
(69.34010938562396 0.0014140700520805635 0.0)
(69.35593634280801 0.0011916709192884042 0.0)
(69.3719739963914 0.0010062528582628933 0.0)
(69.38580645123012 0.000832963272319471 0.0)
(69.39820760116861 0.0006434719231217104 0.0)
(69.40938804807435 0.0004864032773762946 0.0)
(69.41820935541345 0.0003485651115165527 0.0)
(69.42551792205086 0.0002296399795282166 0.0)
(69.43127578468608 0.00015787423460244724 0.0)
(69.43480457669693 0.00010329937842069983 0.0)
(69.43723055209036 6.040161638527263e-5 0.0)
(69.43870050586717 3.571192582292932e-5 0.0)
(69.43926842220095 1.3821402457467595e-5 0.0)
(69.43966822898005 4.317682211030689e-6 0.0)
(69.43978043227226 -1.1849949145432807e-7 0.0)
(69.43985894120247 -1.338470105396472e-6 0.0)
(69.43997552235382 -9.640193366425014e-7 0.0)
(69.21889993675595 0.010980706210960747 0.0)
(69.23202543933931 0.011194756277059697 0.0)
(69.22492367402741 0.0034893136478894114 0.0)
(69.22514661993371 0.001087426799058075 0.0)
(69.22491299030332 0.0003711972416591286 0.0)
(69.22639096430012 0.0002413790746712456 0.0)
(69.22793843487587 1.876578387277069e-5 0.0)
(69.23045177659083 0.00012983301360667315 0.0)
(69.23667084122242 0.00010972796645075581 0.0)
(69.24271300517732 0.00017845127355807603 0.0)
(69.25154256174663 0.0001888459959050837 0.0)
(69.26153562183757 0.00012872413064713215 0.0)
(69.27205945840865 0.00013794846468542812 0.0)
(69.28448865667455 0.00011957747212798331 0.0)
(69.2954918349288 0.00010428253595729785 0.0)
(69.29727938256991 9.248902524870295e-5 0.0)
(69.2610501445056 8.17166698891231e-5 0.0)
(69.09149150390921 7.045094935392428e-5 0.0)
(68.4776987487539 5.9220361130929115e-5 0.0)
(66.44594084152125 4.6135418092407684e-5 0.0)
(60.02893616452038 2.8673475143660522e-5 0.0)
(40.38006482443694 6.401316084146439e-6 0.0)
(69.21472526045866 0.002759611428777007 0.0)
(69.22155346960805 0.0020301712460064863 0.0)
(69.22530665016437 0.0020434157369154287 0.0)
(69.2308117782144 0.0018566459565784244 0.0)
(69.23724930173906 0.002095902200246951 0.0)
(69.2444297027265 0.0020744939815069553 0.0)
(69.2535916023184 0.0021505942007008956 0.0)
(69.26393508648187 0.002174100107657877 0.0)
(69.27724365159801 0.002084865743507052 0.0)
(69.29187348482246 0.0020651909674845197 0.0)
(69.30702317161565 0.0019367616312401575 0.0)
(69.32367184379139 0.001784948219681835 0.0)
(69.33966749437384 0.0016202466447367903 0.0)
(69.35557698547287 0.0013665229463951654 0.0)
(69.3716925342132 0.0011556659993645258 0.0)
(69.38558967519236 0.0009577857357128566 0.0)
(69.39804605630819 0.0007402092471950901 0.0)
(69.40927360990398 0.0005600115383506578 0.0)
(69.41813062778552 0.00040147923295681914 0.0)
(69.42546734392862 0.0002644724467755445 0.0)
(69.43124632325465 0.00018206155105494627 0.0)
(69.43478766427887 0.00011920206348692531 0.0)
(69.43722188237913 6.970540030956388e-5 0.0)
(69.4386966057937 4.127429765404834e-5 0.0)
(69.43926630556753 1.5940675503566725e-5 0.0)
(69.43966729342287 4.973279645517057e-6 0.0)
(69.43977982068003 -1.4883508081913747e-7 0.0)
(69.43985855366485 -1.5606914242281313e-6 0.0)
(69.43997545550648 -1.1178123914654023e-6 0.0)
(69.21790727136226 0.01078991809978705 0.0)
(69.23065640473254 0.010850965224193168 0.0)
(69.22304709815558 0.0036398972064036125 0.0)
(69.2229088753864 0.0012001326220498147 0.0)
(69.22204877452708 0.0004180939837266833 0.0)
(69.22270609928889 0.00028354543330066576 0.0)
(69.22321226662518 1.9032051625248313e-5 0.0)
(69.22444806050606 0.00015732495513348625 0.0)
(69.22923109672256 0.00013313272225061725 0.0)
(69.23357464727412 0.000213382791247137 0.0)
(69.24060791726639 0.00022900735377530838 0.0)
(69.2487412433616 0.0001522430366739785 0.0)
(69.25748362243705 0.00016414587787314045 0.0)
(69.2688671487642 0.00014036075277549433 0.0)
(69.2810888399874 0.00012030922087373832 0.0)
(69.29213815647265 0.00010531227954644995 0.0)
(69.29325085952014 9.172706023260318e-5 0.0)
(69.25623076896441 7.95419506654989e-5 0.0)
(69.08426661459387 6.928431367787264e-5 0.0)
(68.46479707482052 6.021369348810849e-5 0.0)
(66.42267362451953 4.5838690727068536e-5 0.0)
(59.99093396244126 2.83129911715656e-5 0.0)
(40.34095712366947 6.387653180156176e-6 0.0)
(69.21379437103948 0.0029597570168144846 0.0)
(69.22048807733333 0.002196503268431981 0.0)
(69.22427620398328 0.002227026171469342 0.0)
(69.2298385256738 0.0020268422036602974 0.0)
(69.23633147671242 0.002321846453694929 0.0)
(69.24357768561096 0.0023107378813891724 0.0)
(69.25280509145057 0.002412383694272158 0.0)
(69.26321842695319 0.0024512780596132417 0.0)
(69.27660382765893 0.0023588911120284153 0.0)
(69.29131018748203 0.002346447594298457 0.0)
(69.30653543782384 0.0022058376271372354 0.0)
(69.32325951298442 0.0020377248547266092 0.0)
(69.33932412790857 0.001853371518783358 0.0)
(69.35529812251538 0.0015643191431137324 0.0)
(69.37147415712701 0.0013247794418467553 0.0)
(69.38542165329096 0.0010991260735270087 0.0)
(69.39792099982404 0.0008497732877343127 0.0)
(69.40918507875723 0.0006434064551788248 0.0)
(69.41806979293062 0.0004614414063654336 0.0)
(69.42542829780315 0.00030394921082080615 0.0)
(69.4312235954137 0.00020948485799896158 0.0)
(69.43477465533728 0.00013723558610652866 0.0)
(69.43721524392552 8.025558903690844e-5 0.0)
(69.43869363968241 4.7583417728692574e-5 0.0)
(69.43926470065249 1.8343152069483654e-5 0.0)
(69.43966658039989 5.716078556775632e-6 0.0)
(69.43977934787942 -1.8365305967509276e-7 0.0)
(69.43985825019713 -1.813205043509209e-6 0.0)
(69.43997540222043 -1.2923263143520424e-6 0.0)
(69.21718150724398 0.010576847935325743 0.0)
(69.22953868258111 0.010481779820312785 0.0)
(69.22150231122815 0.0038009970244727515 0.0)
(69.2211107619539 0.0013289598089283497 0.0)
(69.21975473405611 0.0004743509368766769 0.0)
(69.21973800608664 0.00033399744520428744 0.0)
(69.21937338090021 2.2416039528260714e-5 0.0)
(69.2195171371984 0.0001925986476620443 0.0)
(69.22303392984323 0.00016401044989104995 0.0)
(69.22583034916643 0.0002572498405749449 0.0)
(69.231146138375 0.00027991177412840844 0.0)
(69.23738778487386 0.00018353756919172563 0.0)
(69.24411651583733 0.00019882294052443996 0.0)
(69.25372136363895 0.00016848733944246975 0.0)
(69.26484724921379 0.00014237233305709385 0.0)
(69.27717392502107 0.00012299026600688504 0.0)
(69.28773204078668 0.00010498637172762131 0.0)
(69.28875065695243 9.035654557569134e-5 0.0)
(69.25092843243263 7.914512908123569e-5 0.0)
(69.07647204256236 7.2211602588487e-5 0.0)
(68.45185564131597 6.108578230044647e-5 0.0)
(66.3993742378584 4.613989446004036e-5 0.0)
(59.95326552093644 2.8595416635185705e-5 0.0)
(40.3024258437474 6.458705284107937e-6 0.0)
(69.21313717443009 0.003163350476637486 0.0)
(69.21966582630752 0.002375548728086131 0.0)
(69.22347446085526 0.0024280760500345663 0.0)
(69.22908087991935 0.0022139906555012816 0.0)
(69.23561478253336 0.002572926250146665 0.0)
(69.24291528172829 0.0025746981956063218 0.0)
(69.25219359085223 0.002705792564141023 0.0)
(69.2626626779463 0.0027627424814855766 0.0)
(69.27610852522456 0.002667483971353948 0.0)
(69.2908744066977 0.002663659287297694 0.0)
(69.30615911707157 0.002509625816451039 0.0)
(69.32294176159589 0.00232335982771814 0.0)
(69.33906002126433 0.0021169714778249216 0.0)
(69.35508407655092 0.0017880635018916134 0.0)
(69.37130655112495 0.001516159120370234 0.0)
(69.38529288972457 0.0012591277026498086 0.0)
(69.3978253508542 0.00097382898165839 0.0)
(69.40911742878536 0.0007378561944029144 0.0)
(69.41802339071774 0.0005293656960054993 0.0)
(69.42539855818494 0.00034867491368724017 0.0)
(69.43120630250793 0.0002405644161407066 0.0)
(69.43476480597708 0.00015767619786749952 0.0)
(69.43721025696709 9.221338890871714e-5 0.0)
(69.43869143793964 5.47351446787959e-5 0.0)
(69.43926351568787 2.1065271832692568e-5 0.0)
(69.43966604893068 6.5572232226089475e-6 0.0)
(69.43977898649541 -2.2348096290109126e-7 0.0)
(69.43985801309881 -2.0998367706414385e-6 0.0)
(69.43997535935448 -1.4901795250462174e-6 0.0)
(69.21666927277508 0.01034197863194816 0.0)
(69.22861984452403 0.010089316874841178 0.0)
(69.22022042207202 0.0039718544558138965 0.0)
(69.21966445543883 0.0014743744363122603 0.0)
(69.21792448120058 0.000541571349237392 0.0)
(69.21736156739057 0.0003935501561501436 0.0)
(69.21628034394672 2.953790201668814e-5 0.0)
(69.21550896030968 0.00023669339106357581 0.0)
(69.2179372032331 0.00020334707504724488 0.0)
(69.2193691855129 0.00031120214037874076 0.0)
(69.2231112001433 0.000343085650901403 0.0)
(69.22754024253013 0.00022394422415725746 0.0)
(69.23222189222025 0.0002435686365416268 0.0)
(69.23978633728942 0.00020558961816132944 0.0)
(69.24904236786475 0.00017209724365723538 0.0)
(69.2602424059447 0.00014718301012067237 0.0)
(69.27206078325152 0.00012313981081535407 0.0)
(69.28277326385887 0.00010478800131833918 0.0)
(69.28367017764076 9.107725946708838e-5 0.0)
(69.24490322645927 8.487687142147196e-5 0.0)
(69.06848944759194 7.506363519901262e-5 0.0)
(68.43853980012389 6.290173180996493e-5 0.0)
(66.37588766763723 4.747325709801462e-5 0.0)
(59.91570619710148 2.928461662500828e-5 0.0)
(40.26435086256066 6.450640903362671e-6 0.0)
(69.21270234882782 0.003370253941712139 0.0)
(69.21903927201012 0.002568598024528893 0.0)
(69.22285605647514 0.0026495526889979896 0.0)
(69.22849598044198 0.0024210342112234015 0.0)
(69.23505856509776 0.0028526747612237615 0.0)
(69.24240493019876 0.002870441274168007 0.0)
(69.25172238688381 0.003035199766109129 0.0)
(69.26223625673968 0.0031131326664756475 0.0)
(69.27572956321181 0.0030153438040400435 0.0)
(69.29054131158652 0.003021611407702305 0.0)
(69.3058727489866 0.0028527219874050005 0.0)
(69.32270043823847 0.002646172247660519 0.0)
(69.3388600744388 0.00241502357996122 0.0)
(69.35492259446657 0.002041147725127607 0.0)
(69.37118009957406 0.0017327015663343086 0.0)
(69.38519598900115 0.0014402097043385359 0.0)
(69.39775360830009 0.001114256657710779 0.0)
(69.40906676255116 0.0008447934303936879 0.0)
(69.41798874526067 0.0006062855505390192 0.0)
(69.425376407278 0.0003993342311596002 0.0)
(69.43119344391897 0.0002757762531502111 0.0)
(69.43475754653251 0.00018083677385509296 0.0)
(69.43720663333043 0.00010576122910481382 0.0)
(69.43868987366044 6.283776748742669e-5 0.0)
(69.43926268246636 2.41481694444034e-5 0.0)
(69.43966566823433 7.509247157089906e-6 0.0)
(69.43977871538665 -2.689180998729192e-7 0.0)
(69.43985782837737 -2.424912711563033e-6 0.0)
(69.4399753243448 -1.7143187567699634e-6 0.0)
(69.2163269810077 0.01008627500552396 0.0)
(69.22785802966403 0.009676720010609728 0.0)
(69.21914555343207 0.004151869275587015 0.0)
(69.21849665181193 0.001636539865305905 0.0)
(69.21646755840126 0.0006217906267775697 0.0)
(69.21546738567878 0.0004632301236026925 0.0)
(69.21380442454868 4.118359041332147e-5 0.0)
(69.21227844309028 0.0002908025474338163 0.0)
(69.21378949942613 0.0002522240034097593 0.0)
(69.21404851090209 0.00037644940211385843 0.0)
(69.21639554023498 0.0004201090456044991 0.0)
(69.2191606997259 0.00027483270441063234 0.0)
(69.22188020421926 0.00030000889835651395 0.0)
(69.22735117977015 0.00025335616881614205 0.0)
(69.23445369013052 0.00021118551509827102 0.0)
(69.24370710965904 0.00017962464489349651 0.0)
(69.25429083418017 0.0001478282390106983 0.0)
(69.2663076561634 0.00012459453257803512 0.0)
(69.27713396951896 0.00010702965517530712 0.0)
(69.27772564651518 0.00010063854265034088 0.0)
(69.23860370743589 9.061291931470295e-5 0.0)
(69.0599156322992 7.932197611744331e-5 0.0)
(68.42466294974751 6.620942089642855e-5 0.0)
(66.35194864313269 4.957132445311129e-5 0.0)
(59.87806716350602 2.9707671270306097e-5 0.0)
(40.22512635741611 -3.6745302027546104e-6 0.0)
(69.21244838399302 0.0035806745721989166 0.0)
(69.21857056556026 0.00277677541236407 0.0)
(69.22238489755333 0.0028947511071401445 0.0)
(69.22804985176931 0.0026514164931592025 0.0)
(69.23463048196633 0.0031649312441715343 0.0)
(69.2420170030789 0.0032025588304702124 0.0)
(69.25136414423785 0.0034055283216871566 0.0)
(69.26191443894747 0.0035076494606437634 0.0)
(69.27544496519526 0.0034077729742574216 0.0)
(69.29029158332882 0.0034256913339581565 0.0)
(69.30565973170405 0.0032403060630279137 0.0)
(69.32252154624028 0.003011029288122673 0.0)
(69.33871269112231 0.002752006696138844 0.0)
(69.35480430943348 0.0023273977718932214 0.0)
(69.37108745751381 0.001977672605315028 0.0)
(69.38512532003969 0.0016450988238301072 0.0)
(69.39770160206145 0.0012731776497767618 0.0)
(69.409030132158 0.0009658349050058664 0.0)
(69.41796384024518 0.0006933684176527839 0.0)
(69.42536055495451 0.0004567021698979371 0.0)
(69.43118426977406 0.00031565933459932864 0.0)
(69.43475245449473 0.00020707150817394555 0.0)
(69.4372041627557 0.00012110540225154757 0.0)
(69.43868885657265 7.201345292547465e-5 0.0)
(69.43926215309051 2.7638209191081208e-5 0.0)
(69.43966541621964 8.58620912460462e-6 0.0)
(69.4397785185966 -3.2064232107028425e-7 0.0)
(69.43985768503364 -2.793309138362761e-6 0.0)
(69.43997529506915 -1.968051770297316e-6 0.0)
(69.21611908109776 0.009811424754901094 0.0)
(69.22722036432536 0.009248431903921349 0.0)
(69.21823314442865 0.0043406577583177085 0.0)
(69.21754692408254 0.0018154291352902626 0.0)
(69.2153084622754 0.0007174608252560514 0.0)
(69.21396224871346 0.0005444292810045204 0.0)
(69.21183278562377 5.836492080772746e-5 0.0)
(69.20969291539936 0.0003563325818127894 0.0)
(69.21044319977112 0.0003118844231131531 0.0)
(69.20971429049857 0.00045429649298505325 0.0)
(69.21085657298453 0.0005126472331727835 0.0)
(69.21214498531614 0.00033762773421576274 0.0)
(69.21306218428833 0.0003698106937828738 0.0)
(69.21651280153844 0.0003135219602673836 0.0)
(69.22139802582731 0.00026140519579528925 0.0)
(69.2283945144056 0.00022213938146161197 0.0)
(69.23687844622728 0.000180768856683176 0.0)
(69.24760668905051 0.000151569188150396 0.0)
(69.25976645451927 0.00012885644570719243 0.0)
(69.2704837640081 0.00012167722110309133 0.0)
(69.27143711340666 0.00011034395922944954 0.0)
(69.23154893304242 9.838163841581521e-5 0.0)
(69.05052340977193 8.568417027602061e-5 0.0)
(68.40990363546696 7.076265673439308e-5 0.0)
(66.32733487863315 5.143645909469849e-5 0.0)
(59.837547399735904 -9.459445308262889e-6 0.0)
(40.3634904859753 -0.000311821294138111 0.0)
(69.21234174968487 0.003795273958970258 0.0)
(69.2182298060573 0.0030011601599735965 0.0)
(69.22203256668729 0.0031671426483665384 0.0)
(69.22771592422502 0.0029092473840388964 0.0)
(69.23430509738205 0.003513823478404585 0.0)
(69.24172847266603 0.0035762320131039528 0.0)
(69.25109769732283 0.0038223181607592296 0.0)
(69.26167823863264 0.003952114950348003 0.0)
(69.27523795824739 0.0038507507288556425 0.0)
(69.29011052890334 0.0038819578337240374 0.0)
(69.30550755876125 0.003678210851945015 0.0)
(69.32239458740577 0.0034234091167349196 0.0)
(69.33860923531876 0.0031329574141832164 0.0)
(69.35472230056473 0.002651124368748491 0.0)
(69.37102319820355 0.0022547495351356557 0.0)
(69.38507674692023 0.0018768641180376981 0.0)
(69.39766629143533 0.001452981981287371 0.0)
(69.40900539484748 0.0011028028146645719 0.0)
(69.41794722045626 0.0007919318625485574 0.0)
(69.42535007501176 0.0005216556075043345 0.0)
(69.43117824366708 0.0003608236570981997 0.0)
(69.43474923357073 0.00023678117640878283 0.0)
(69.43720270243509 0.00013847900286549612 0.0)
(69.43868832860475 8.239980513272451e-5 0.0)
(69.43926189758497 3.158756248622775e-5 0.0)
(69.43966527838079 9.803830710613275e-6 0.0)
(69.43977838452138 -3.794159406286266e-7 0.0)
(69.43985757446927 -3.2105114846492183e-6 0.0)
(69.43997526973237 -2.2550774101978366e-6 0.0)
(69.2160165319537 0.009520097771216762 0.0)
(69.22668155118652 0.008810471848678409 0.0)
(69.21744828825973 0.00453783594342484 0.0)
(69.21676592077573 0.0020111576228976926 0.0)
(69.21438501343647 0.0008312766709472578 0.0)
(69.21276822672684 0.0006391299712969695 0.0)
(69.21026920650093 8.240210423064498e-5 0.0)
(69.20763575775713 0.0004349644777033745 0.0)
(69.2077625367575 0.0003838202465553477 0.0)
(69.20621511518287 0.0005461851968057118 0.0)
(69.20633803097111 0.0006224876517327166 0.0)
(69.20635024555851 0.00041384660870983866 0.0)
(69.20566676476726 0.00045470194445769246 0.0)
(69.20725152894651 0.00038787258143497714 0.0)
(69.20999043517206 0.0003245810167613577 0.0)
(69.21465136267985 0.0002766287123582649 0.0)
(69.22070146079193 0.00022377051275324336 0.0)
(69.22922231635837 0.0001876130741872248 0.0)
(69.24002108277455 0.00015847711368350778 0.0)
(69.25205840784774 0.0001501412896499642 0.0)
(69.26341691554016 0.0001367034282122185 0.0)
(69.26423880502811 0.00012292714811769074 0.0)
(69.2234644875763 0.00010907292020683588 0.0)
(69.03992203828602 9.394627505782806e-5 0.0)
(68.39399154366079 7.521895340140944e-5 0.0)
(66.29860508947615 1.837662544635415e-6 0.0)
(59.94028578566352 -7.328464593784419e-6 -4.298366704117417e-25)
(41.03976338869437 -0.0047396542174379715 0.0)
(69.2123552985322 0.004015058554962347 0.0)
(69.21799357295939 0.0032430988324294746 0.0)
(69.22177694901463 0.0034700861322771817 0.0)
(69.22747374987541 0.003199525121495046 0.0)
(69.23406269019445 0.003903750300918714 0.0)
(69.24152179834482 0.003997293666745909 0.0)
(69.25090703045089 0.004291813138941198 0.0)
(69.2615134905206 0.004453037190144504 0.0)
(69.27509615504313 0.004351014330018974 0.0)
(69.28998736805013 0.004397215488257595 0.0)
(69.30540720200067 0.004172997338779268 0.0)
(69.32231204584016 0.0038894690992322747 0.0)
(69.33854360650635 0.0035635285962908117 0.0)
(69.35467174576758 0.0030171777973936513 0.0)
(69.37098354320376 0.0025680664332995745 0.0)
(69.38504742118263 0.0021389534343418224 0.0)
(69.39764561083445 0.001656358195325979 0.0)
(69.40899110478667 0.0012577478521025155 0.0)
(69.41793791760094 0.0009034611362109587 0.0)
(69.42534435778636 0.0005951862980358443 0.0)
(69.43117501527057 0.00041195932138798756 0.0)
(69.43474769852139 0.000270419036922477 0.0)
(69.43720216982479 0.0001581451507110101 0.0)
(69.4386882609721 9.415151547649409e-5 0.0)
(69.4392619024261 3.605481368513941e-5 0.0)
(69.43966524705338 1.1179622204198684e-5 0.0)
(69.43977830527876 -4.460941838018981e-7 0.0)
(69.43985749001968 -3.6826766608080922e-6 0.0)
(69.4399752467635 -2.579514706180073e-6 0.0)
(69.21599556968954 0.009216158978695207 0.0)
(69.22622259677463 0.008370690475089869 0.0)
(69.21676426677571 0.004742344380651066 0.0)
(69.21611356823671 0.0022246176180619765 0.0)
(69.21364654990226 0.0009657901126855037 0.0)
(69.21182102853349 0.0007501977502725128 0.0)
(69.20903332304395 0.00011505942599379648 0.0)
(69.20600739293332 0.0005287108981305093 0.0)
(69.20562763809286 0.000469887283230377 0.0)
(69.2034109830723 0.0006537435204563186 0.0)
(69.2026848893331 0.0007515782863622163 0.0)
(69.20161744025887 0.000505148261477776 0.0)
(69.1995499507848 0.000556506425411098 0.0)
(69.19947016596164 0.00047826563942104217 0.0)
(69.20022183936003 0.000402599766213422 0.0)
(69.20261261310684 0.00034505940964578766 0.0)
(69.20614014159783 0.00027872167797009283 0.0)
(69.2120870450634 0.0002347439714960201 0.0)
(69.22054900528192 0.0001979436855366514 0.0)
(69.23110633022684 0.0001882948667316269 0.0)
(69.24385227303708 0.00017217842645145186 0.0)
(69.25527767649821 0.00015573502453953043 0.0)
(69.25580371812053 0.00013951910073653644 0.0)
(69.21387961451578 0.00012255976192085898 0.0)
(69.02778067105626 0.00010231169114438844 0.0)
(68.37272390747573 2.7914219875622183e-5 0.0)
(66.34317739707969 2.537449907165728e-5 0.0)
(60.35905942400024 0.0027638123495571437 -1.12254587786475e-19)
(43.41940218555233 -0.020976595754289597 3.0631756579825504e-25)
(69.21246690602395 0.00424093415804946 0.0)
(69.2178436443956 0.0035047607626408016 0.0)
(69.22160110631879 0.0038063696823886443 0.0)
(69.22730789265282 0.0035283963742254783 0.0)
(69.2338883147776 0.004339392653002965 0.0)
(69.24138400380137 0.0044722779976241805 0.0)
(69.250780468046 0.0048210633575156495 0.0)
(69.26141013108328 0.0050176807913809105 0.0)
(69.27501092235251 0.004916144877780798 0.0)
(69.2899146810846 0.0049790931973898635 0.0)
(69.3053526510944 0.004732036772773901 0.0)
(69.32226900613206 0.0044161172763769975 0.0)
(69.3385119241138 0.004050049632398721 0.0)
(69.35464967538128 0.0034310063373911024 0.0)
(69.37096616801696 0.0029222613650203184 0.0)
(69.38503563381325 0.002435231285749437 0.0)
(69.39763836333812 0.0018863247461166806 0.0)
(69.40898643793516 0.0014329735134388831 0.0)
(69.41793539993449 0.0010296282120716516 0.0)
(69.42534307862027 0.0006784153779609012 0.0)
(69.43117440215707 0.0004698467123485635 0.0)
(69.43474776576139 0.00030849738190091754 0.0)
(69.43720253850385 0.00018040053782347897 0.0)
(69.43868865286153 0.00010744207479475369 0.0)
(69.43926216991962 4.110555887891071e-5 0.0)
(69.4396653210216 1.2732982481752051e-5 0.0)
(69.43977827628338 -5.216312990461318e-7 0.0)
(69.43985742657358 -4.216689980591456e-6 0.0)
(69.43997522472502 -2.9459250262381094e-6 0.0)
(69.2160367869727 0.008904795928587544 0.0)
(69.22582963724889 0.007939016257231478 0.0)
(69.21616131942257 0.004951310964134453 0.0)
(69.21555744289023 0.002458401575940645 0.0)
(69.21305212823242 0.0011228779077208512 0.0)
(69.21106813303251 0.0008816864398119617 0.0)
(69.20805904335089 0.00015879650945089637 0.0)
(69.20472467545892 0.0006399584159523611 0.0)
(69.20393576377137 0.0005724564769685632 0.0)
(69.20117784630435 0.0007788465879828259 0.0)
(69.19975286746673 0.0009020620999856775 0.0)
(69.19778730385497 0.0006133924616056778 0.0)
(69.19454871989912 0.0006771879993292374 0.0)
(69.19302410330528 0.0005866685665263985 0.0)
(69.19199928020834 0.0004974342833017039 0.0)
(69.1922809422215 0.0004294679177086984 0.0)
(69.1933518854785 0.0003475794687981456 0.0)
(69.19661769643689 0.00029507787062738446 0.0)
(69.20234128401839 0.0002494451862227053 0.0)
(69.21038272109793 0.00023857559840796593 0.0)
(69.22160344295715 0.00021943320124930688 0.0)
(69.23439941473143 0.0001997048371653746 0.0)
(69.24568205829995 0.00018019721734601816 0.0)
(69.24557197558133 0.000160125023460424 0.0)
(69.20239242562279 0.0001364589523779504 0.0)
(69.00901272452066 6.979973428068846e-5 0.0)
(68.38175517462389 4.4348040608068045e-5 0.0)
(66.52981602535155 0.0037540350555005887 4.628368515204579e-25)
(61.701899351191535 0.013375632873743982 0.0)
(48.774202262944335 -0.06194020330970296 -6.299108190453478e-25)
(69.21265836038366 0.004472992769384476 0.0)
(69.21776585378048 0.003789897267674442 0.0)
(69.22149241232619 0.004177700401319417 0.0)
(69.22720698064965 0.0039033806969540038 0.0)
(69.23377108705411 0.0048258100297641215 0.0)
(69.24130595247544 0.005008443222356531 0.0)
(69.25071005962599 0.005418039559153033 0.0)
(69.26136167457888 0.005654144479415605 0.0)
(69.27497691795965 0.0055546554577965285 0.0)
(69.2898880218118 0.005636125049429353 0.0)
(69.30534060011827 0.005363597083636305 0.0)
(69.32226289434864 0.005011086096230501 0.0)
(69.33851232643413 0.004599586090098645 0.0)
(69.35465481702674 0.0038987162572178707 0.0)
(69.370970080399 0.003322524637252049 0.0)
(69.38504072673716 0.002770016635367139 0.0)
(69.39764415820231 0.0021462619243846717 0.0)
(69.40899114918278 0.001631061221873181 0.0)
(69.41793954494727 0.0011723119880182264 0.0)
(69.42534618122016 0.0007726095592222715 0.0)
(69.43117638077482 0.0005353678098704208 0.0)
(69.4347494493728 0.0003515948549593362 0.0)
(69.43720383722611 0.0002055792718238561 0.0)
(69.43868953164116 0.00012246545759260147 0.0)
(69.43926271843767 4.6812999288142405e-5 0.0)
(69.43966550549834 1.4485255357347138e-5 0.0)
(69.43977829598514 -6.070843575753828e-7 0.0)
(69.4398573802812 -4.820221155142238e-6 0.0)
(69.43997520222781 -3.3593235731474405e-6 0.0)
(69.21612458749757 0.008592579531988982 0.0)
(69.2254927743798 0.00752773965974008 0.0)
(69.21562569107563 0.00515889284607484 0.0)
(69.21507137415733 0.002717751586277165 0.0)
(69.21256889094084 0.0013033775918138905 0.0)
(69.21046692791043 0.0010390056174814119 0.0)
(69.20729266953708 0.0002172353077222528 0.0)
(69.2037193849357 0.0007714832865551489 0.0)
(69.20260081450142 0.0006946045076747097 0.0)
(69.19940915465166 0.0009236981767403564 0.0)
(69.19741347676296 0.0010763031488871576 0.0)
(69.19471066928853 0.0007407075595781172 0.0)
(69.19049823051651 0.0008189024954043722 0.0)
(69.18774660865007 0.0007152067650545305 0.0)
(69.18517738773396 0.0006111857672620364 0.0)
(69.1835681961767 0.0005319849486549056 0.0)
(69.18235254504354 0.00043237504816420784 0.0)
(69.1829965619471 0.0003708125550465023 0.0)
(69.18585487998135 0.00031528600076088616 0.0)
(69.1909423846101 0.00030359173072868186 0.0)
(69.19953230351825 0.0002813570522893714 0.0)
(69.21067053039907 0.0002579847406705985 0.0)
(69.22325561613431 0.0002344945688724389 0.0)
(69.23397357291617 0.00021031167516978477 0.0)
(69.23306136261859 0.0001816206754815875 0.0)
(69.18291573898297 0.00012880737369184344 0.0)
(69.00056196328758 8.26994225486392e-5 0.0)
(68.44645378804697 0.004083079175972705 2.6089281347803324e-19)
(67.10599361803271 0.018105047454647135 0.0)
(64.11102440523938 0.03853786259503103 0.0)
(58.34649355774828 -0.15188013879083206 2.793106053834088e-18)
(69.21291447894482 0.004709966275831559 0.0)
(69.21774905195929 0.004104552242017864 0.0)
(69.22144197133717 0.004584474172535353 0.0)
(69.22716287420857 0.004333401696710977 0.0)
(69.23370369165985 0.005368702078016028 0.0)
(69.24128181113083 0.005613754915759174 0.0)
(69.25069114590917 0.006091744318385667 0.0)
(69.2613648655398 0.006371450209773126 0.0)
(69.27499179688415 0.006276078883299761 0.0)
(69.28990568473263 0.0063778277136632795 0.0)
(69.30537026889768 0.006076933051804715 0.0)
(69.32229334638107 0.005683006021940029 0.0)
(69.33854487462422 0.005219994085298078 0.0)
(69.35468752877905 0.004427131875359949 0.0)
(69.3709955714757 0.003774645902376527 0.0)
(69.38506306002398 0.003148118168641998 0.0)
(69.39766339173104 0.002439943159297398 0.0)
(69.40900556117198 0.0018548952218993514 0.0)
(69.41795063417082 0.0013336193249468828 0.0)
(69.4253538760113 0.0008791989657282877 0.0)
(69.43118108621407 0.0006095188057684336 0.0)
(69.43475286283096 0.0004003645341560725 0.0)
(69.4372061520924 0.00023405689064845439 0.0)
(69.43869095467129 0.00013943768344586762 0.0)
(69.4392635835977 5.325845019831567e-5 0.0)
(69.43966581245036 1.6459708469347197e-5 0.0)
(69.4397783657809 -7.036174791175998e-7 0.0)
(69.43985734832835 -5.5017643811418965e-6 0.0)
(69.43997517784796 -3.825169039481691e-6 0.0)
(69.21624706257818 0.008287499101919452 0.0)
(69.22520492704237 0.0071517262308197485 0.0)
(69.2151488913086 0.005356155472710948 0.0)
(69.2146344180428 0.0030108374065182164 0.0)
(69.21217058207257 0.0015075397692693698 0.0)
(69.20998309458687 0.0012286855616076076 0.0)
(69.2066909394764 0.00029595892991924943 0.0)
(69.20293639744388 0.0009264415872522393 0.0)
(69.2015518541678 0.0008403314222292159 0.0)
(69.19801552153798 0.0010909474118568228 0.0)
(69.1955558717722 0.0012769002604947949 0.0)
(69.19225408814295 0.0008895664689485454 0.0)
(69.18724313071112 0.0009840555113612476 0.0)
(69.18346730225254 0.0008662199152273802 0.0)
(69.17958522091352 0.0007461382320974967 0.0)
(69.1763282895336 0.0006548802976021186 0.0)
(69.17305916765238 0.0005352392625638594 0.0)
(69.17125436724834 0.0004642296620617627 0.0)
(69.1712998726347 0.00039786750137511785 0.0)
(69.17328709302738 0.0003860950208091083 0.0)
(69.1787609378217 0.0003610523371915225 0.0)
(69.18706487827122 0.0003340088121113283 0.0)
(69.19780139958148 0.00030612478398331524 0.0)
(69.20966239151316 0.00027710849071560837 0.0)
(69.21958158925007 0.0002420409637577642 0.0)
(69.21108026991587 0.00020787898399316683 0.0)
(69.16620209675278 0.0001441303850968091 0.0)
(69.01192286165411 0.004202308794158622 -1.3850194313590763e-19)
(68.65830166645797 0.019592437404645786 4.635738542002089e-25)
(68.00315322355375 0.051907772474036745 0.0)
(67.03622544720267 0.0857402556141289 -2.650074083645601e-18)
(72.62175275687933 -0.2936501840134286 -3.144689029525428e-25)
(69.21322241657268 0.004949662242307956 0.0)
(69.21778424393158 0.004457147112757653 0.0)
(69.221444253622 0.005026364614264375 0.0)
(69.22716998558334 0.0048283910782694756 0.0)
(69.23368206383546 0.0059748949855538335 0.0)
(69.24130870850587 0.006296838073764593 0.0)
(69.25072208187947 0.00685228631248483 0.0)
(69.26141950659394 0.007179651327547733 0.0)
(69.27505607778019 0.007091050166351875 0.0)
(69.28996861588341 0.007214768294749186 0.0)
(69.30544336339008 0.006882377166398735 0.0)
(69.32236219658284 0.006441474006612678 0.0)
(69.33861156062797 0.005919964533801087 0.0)
(69.35474982184884 0.005023851797245901 0.0)
(69.3710442371714 0.004285056572791548 0.0)
(69.38510403527981 0.003574864140310601 0.0)
(69.39769727167987 0.002771563202894196 0.0)
(69.40903058439937 0.0021076858412871053 0.0)
(69.41796937071379 0.0015159060838612073 0.0)
(69.42536665335908 0.000999796845238029 0.0)
(69.4311888214041 0.0006934240342293056 0.0)
(69.434758226477 0.00045554260476051784 0.0)
(69.43720963207528 0.0002662545893380155 0.0)
(69.43869301292114 0.00015859809665368213 0.0)
(69.43926482039295 6.0531699560395845e-5 0.0)
(69.4396662613147 1.868138688505884e-5 0.0)
(69.43977849008324 -8.124956239191996e-7 0.0)
(69.43985732877043 -6.270662428857599e-6 0.0)
(69.43997515004176 -4.349323915579686e-6 0.0)
(69.21639623658652 0.007998910597318795 0.0)
(69.22496086028903 0.006827960078596672 0.0)
(69.21472698431207 0.005533389595238539 0.0)
(69.21423036037109 0.003347233052807483 0.0)
(69.21183617532866 0.0017370900402011867 0.0)
(69.209589328961 0.0014574476479549169 0.0)
(69.20621919528081 0.00040367974906957004 0.0)
(69.20233176861967 0.0011083813130469888 0.0)
(69.20073126045047 0.0010147602744749473 0.0)
(69.19692329402213 0.001283862785103754 0.0)
(69.19408667963889 0.0015066856518801438 0.0)
(69.19030203233827 0.0010628701196022817 0.0)
(69.18464386305669 0.0011753673847514248 0.0)
(69.18002448295258 0.0010423238324976842 0.0)
(69.1750461664554 0.0009048229169521006 0.0)
(69.17038572114438 0.0008006216799169686 0.0)
(69.16532452659678 0.0006584492836755255 0.0)
(69.16131426585636 0.0005777198642966018 0.0)
(69.15872384824256 0.0004996901161566796 0.0)
(69.15765838640614 0.000488959468026097 0.0)
(69.15983959249313 0.0004617995928312494 0.0)
(69.16477779006267 0.00043147503097676066 0.0)
(69.17241226865514 0.0003991536046929144 0.0)
(69.18213284850202 0.0003649243975623618 0.0)
(69.19295431722804 0.0003224131826625945 0.0)
(69.19412783591426 0.0003111879745808254 0.0)
(69.19005658077657 0.00022944738178653378 0.0)
(69.15580535403879 0.0042510430829181605 -1.4531777593012837e-19)
(69.0794611059862 0.01999767128199277 0.0)
(68.95965904859457 0.055170148023491364 0.0)
(68.83587836252153 0.11412033213150523 0.0)
(69.6653163295416 0.17098306271000935 -2.1873337336500777e-18)
(84.58784260093296 -0.3404892760108582 0.0)
(69.21357112690278 0.0051911271192877 0.0)
(69.21786406631657 0.004857144265120998 0.0)
(69.22149679788278 0.005504201622954065 0.0)
(69.22722485241145 0.0053982858706461065 0.0)
(69.23370517133425 0.00665298870372032 0.0)
(69.24138659713337 0.00706696540251441 0.0)
(69.25080411489907 0.007710860026378855 0.0)
(69.26152844797905 0.008089962967705354 0.0)
(69.2751731640532 0.00801138476573806 0.0)
(69.29008047397984 0.008158611782823256 0.0)
(69.30556416931847 0.007791422962387757 0.0)
(69.32247358919159 0.0072971122900014965 0.0)
(69.33871642324877 0.006709049295607449 0.0)
(69.35484547198244 0.005697295041919854 0.0)
(69.37111907270923 0.004860863218838821 0.0)
(69.38516617716526 0.004056121672525603 0.0)
(69.39774788597568 0.0031457599675763755 0.0)
(69.40906777026744 0.002392988681221452 0.0)
(69.41799692008037 0.0017217973620360597 0.0)
(69.42538531300421 0.001136221012182655 0.0)
(69.43120007612085 0.0007883509137789323 0.0)
(69.43476588131665 0.0005179578199508893 0.0)
(69.43721449839435 0.0003026433878712555 0.0)
(69.43869583652291 0.00018021008740855653 0.0)
(69.43926650643098 6.873110450637587e-5 0.0)
(69.4396668801266 2.1176777971848355e-5 0.0)
(69.43977867654975 -9.350785357869983e-7 0.0)
(69.43985732041546 -7.137090487258941e-6 0.0)
(69.43997511705386 -4.937965933347267e-6 0.0)
(69.21656835497879 0.007737218293846156 0.0)
(69.22475676241149 0.006573257233992805 0.0)
(69.214359545017 0.005685564619869124 0.0)
(69.21384793792635 0.0037336677294580577 0.0)
(69.21154853431626 0.0019991346896926377 0.0)
(69.209264457276 0.0017305794302741493 0.0)
(69.20584974762014 0.000553538596701291 0.0)
(69.201870926236 0.0013214271287495573 0.0)
(69.20009277554944 0.0012242244376835982 0.0)
(69.19607267209123 0.0015065874769825205 0.0)
(69.19292863682492 0.001768712977128369 0.0)
(69.18875690663494 0.0012640346665729787 0.0)
(69.18257928573472 0.0013959486850377352 0.0)
(69.17727214809612 0.0012464780423730704 0.0)
(69.17139141491616 0.0010900895398613254 0.0)
(69.16555702978268 0.0009719458408228242 0.0)
(69.15896756815216 0.0008044904344812781 0.0)
(69.15302808974452 0.0007138319132389614 0.0)
(69.14805710835357 0.0006233810718592863 0.0)
(69.14412313323207 0.0006151836893380023 0.0)
(69.14304455548664 0.0005870310725443625 0.0)
(69.14441361942373 0.000554301825445309 0.0)
(69.1483645547841 0.0005179662123592128 0.0)
(69.15460685707826 0.00047860093159434293 0.0)
(69.16290066699732 0.00042797013141643547 0.0)
(69.16351401833657 0.00044372563608288494 0.0)
(69.17041024856395 0.0003409816466533965 0.0)
(69.17025070937201 0.004275503396336365 1.5049460228283313e-19)
(69.17258319081833 0.020080084790290477 5.48473876818822e-19)
(69.17628338983184 0.05588375860215285 0.0)
(69.19179619125532 0.11838774630507139 0.0)
(69.33262011939281 0.21206425594606945 7.693816506427581e-22)
(70.9076587733816 0.3287687787837559 0.0)
(92.21945952194534 -0.3234372165497267 0.0)
(69.21395090084138 0.0054382657195038405 0.0)
(69.21798285025613 0.005311928282546949 0.0)
(69.22159970381992 0.006022908256143288 0.0)
(69.22732612071404 0.006051627737974021 0.0)
(69.23377480609982 0.007413838695408223 0.0)
(69.24151832636123 0.007934247320381055 0.0)
(69.25094142723191 0.00867955940904214 0.0)
(69.26169771941021 0.00911490645773003 0.0)
(69.27534953221749 0.009050160384802611 0.0)
(69.29024784268351 0.009222129807542077 0.0)
(69.30573978204055 0.008816790192949134 0.0)
(69.32263422149474 0.008261609965574141 0.0)
(69.33886577614075 0.007597658066383759 0.0)
(69.35498022441838 0.006456728898057176 0.0)
(69.37122464512488 0.005509864655344107 0.0)
(69.38525327625142 0.004598298934719409 0.0)
(69.39781831907675 0.003567624602341115 0.0)
(69.40911939894453 0.0027147168261073044 0.0)
(69.4180349767481 0.0019542052728721846 0.0)
(69.42541101077258 0.001290516214974784 0.0)
(69.43121555706618 0.0008957261173727468 0.0)
(69.4347763101948 0.0005885413251112281 0.0)
(69.4372210581687 0.0003437479788068128 0.0)
(69.43869960265172 0.00020456088041224767 0.0)
(69.43926874640457 7.796323367691092e-5 0.0)
(69.43966770711415 2.397318806132652e-5 0.0)
(69.43977893647485 -1.072798857260341e-6 0.0)
(69.43985732275041 -8.111984941477737e-6 0.0)
(69.43997507681398 -5.597426038673901e-6 0.0)
(69.21676352526767 0.007513346794342529 0.0)
(69.22459078517093 0.006399499569227579 0.0)
(69.21404794612552 0.005819251264554695 0.0)
(69.21348173024685 0.004167974329486482 0.0)
(69.21129320728458 0.002310403560365275 0.0)
(69.20899281048338 0.0020504724602018764 0.0)
(69.20556057156627 0.000763778295069849 0.0)
(69.20152696798405 0.0015709405898969083 0.0)
(69.19959971059527 0.0014761051077144189 0.0)
(69.19541565927881 0.0017644880151882873 0.0)
(69.19201872338228 0.0020662540087421906 0.0)
(69.18753775384914 0.0014970739639589184 0.0)
(69.1809469032121 0.0016493902818796897 0.0)
(69.17508305621672 0.0014820614804885157 0.0)
(69.16846779496568 0.0013051832877211478 0.0)
(69.16166553971082 0.0011719394447904476 0.0)
(69.15379666775422 0.0009761324706880265 0.0)
(69.14620889413301 0.0008753391354646461 0.0)
(69.13915074289105 0.0007717490892253299 0.0)
(69.13261993648386 0.0007679221122684729 0.0)
(69.12846452614212 0.0007403317257877411 0.0)
(69.12628804498293 0.00070659623332862 0.0)
(69.12632395409851 0.0006672152718474345 0.0)
(69.1284525200196 0.0006233665274599543 0.0)
(69.13278455100675 0.0005644820875396928 0.0)
(69.12923160822002 0.0006110166760001262 0.0)
(69.13787273305499 0.0004620902304570692 -1.1962481358342509e-24)
(69.14540387638758 0.004353198342142323 0.0)
(69.17077899134047 0.020050630502235295 -5.660100757266913e-19)
(69.20649691328941 0.055966234697968256 -1.901525755740096e-18)
(69.2469994517716 0.11905558376211113 7.417942640251227e-25)
(69.29623543981234 0.21478254368385408 7.544906752029969e-22)
(69.46813034352273 0.3486061541659047 0.0)
(71.15422375584491 0.5344527455027199 -6.05109032357389e-18)
(97.07101790185366 -0.2568603804373696 -5.764170441307331e-18)
(69.21435301146765 0.005702808299150869 0.0)
(69.21813729369214 0.0058232458220791134 0.0)
(69.22175472682864 0.006593861333061588 0.0)
(69.22747497203156 0.006794794605794827 0.0)
(69.23389540056064 0.0082702373453908 0.0)
(69.2417098638886 0.008910258914027417 0.0)
(69.2511413920623 0.009771002674975786 0.0)
(69.26193679034037 0.010268415529351663 0.0)
(69.27559509276304 0.010221816916563384 0.0)
(69.29048060830846 0.010419151829320157 0.0)
(69.30598048043704 0.009972448947282683 0.0)
(69.32285372787926 0.009347736619715122 0.0)
(69.33906855858743 0.008597013485433595 0.0)
(69.35516209927687 0.007312264480524485 0.0)
(69.37136735054519 0.006240543060998755 0.0)
(69.38537059958713 0.005208320323718052 0.0)
(69.39791281965128 0.0040426932680580376 0.0)
(69.40918860621689 0.0030771414528636028 0.0)
(69.41808585862823 0.0022163411564272897 0.0)
(69.42544532488319 0.00146497771025687 0.0)
(69.43123623102895 0.0010171522275120404 0.0)
(69.43479016737194 0.0006683364792737668 0.0)
(69.43722972328736 0.0003901498406639699 0.0)
(69.43870454611792 0.00023195982536975272 0.0)
(69.43927167799706 8.834181939716626e-5 0.0)
(69.43966879282051 2.709769969522303e-5 0.0)
(69.43977928534677 -1.2271270688731618e-6 0.0)
(69.43985733590581 -9.206881729499704e-6 0.0)
(69.4399750268178 -6.333918715449803e-6 0.0)
(69.21698419638194 0.007338722374504869 0.0)
(69.22446444402935 0.006308647988141423 0.0)
(69.21379330187577 0.0059559032198033615 0.0)
(69.21313309469672 0.004635860310533298 0.0)
(69.21105781697355 0.002697823437361303 0.0)
(69.20876353353188 0.0024174280251823507 0.0)
(69.2053344708435 0.0010565047989949921 0.0)
(69.20127904713817 0.0018650399383533444 0.0)
(69.19922336555898 0.0017783144748910306 0.0)
(69.19491410797279 0.0020645548398407713 0.0)
(69.19130610120803 0.002402853876269505 0.0)
(69.18657839640726 0.0017666597162146428 0.0)
(69.17966164704205 0.0019398717174493405 0.0)
(69.17334918913359 0.0017529607874552768 0.0)
(69.16614134395063 0.0015538274191251305 0.0)
(69.15855009947065 0.001404129970018283 0.0)
(69.14962584903427 0.001176519568522476 0.0)
(69.14065619982374 0.0010653219795505888 0.0)
(69.13181147013711 0.0009478594531177257 0.0)
(69.12299919202144 0.0009505463280515177 0.0)
(69.11604804403076 0.0009254730940802977 0.0)
(69.11051485543521 0.000892654165714781 0.0)
(69.10665143263121 0.0008517846632988222 0.0)
(69.10440677620059 0.0008047738608257408 0.0)
(69.10407970194854 0.0007381943986537375 0.0)
(69.09483709675703 0.0008189543776421133 0.0)
(69.10218656495489 0.0006592506321102645 -9.506038900444101e-21)
(69.1088738302648 0.004404296024051993 1.5469675672972804e-19)
(69.14100656610883 0.02006188323809473 -5.76773674971702e-19)
(69.1881040515622 0.055918583392641476 1.9513150466812125e-18)
(69.23736579409754 0.11909106836787636 -7.624117069533172e-25)
(69.2785036219854 0.21504279952272268 2.408460282153895e-18)
(69.31761366630963 0.347807181523554 2.3683124210178644e-25)
(69.44980809277622 0.5196642438531967 6.186637806345851e-18)
(71.02850331978046 0.7785694332887654 5.242789044980888e-18)
(100.26638671272269 -0.152910741036286 1.4272875873816834e-25)
(69.21476975826137 0.006003349764206832 0.0)
(69.21832723176745 0.006387021073039761 0.0)
(69.22196433992823 0.007233813662724404 0.0)
(69.22767565531215 0.007633650475094512 0.0)
(69.23407413595379 0.009235177357835215 0.0)
(69.24197049844662 0.01000920031982525 0.0)
(69.25141514571973 0.010997905599569195 0.0)
(69.26225894312076 0.011565764866025063 0.0)
(69.27592372695467 0.011542292015650605 0.0)
(69.29079252982486 0.011764441876049277 0.0)
(69.30630025140039 0.011273563277129904 0.0)
(69.3231452197808 0.010569314971154004 0.0)
(69.33933682360109 0.009719048360456579 0.0)
(69.35540180568944 0.008274800671823639 0.0)
(69.37155576625808 0.007062014354037696 0.0)
(69.38552517620184 0.005893563057135148 0.0)
(69.3980370256932 0.004576910478445118 0.0)
(69.40927955293292 0.003484873397497446 0.0)
(69.41815263306162 0.002511719979823019 0.0)
(69.42549034504765 0.0016621740945783263 0.0)
(69.43126338321936 0.0011544240304664725 0.0)
(69.43480831840434 0.0007585080231608693 0.0)
(69.43724103551115 0.0004424888135718977 0.0)
(69.43871097324103 0.00026273436826863876 0.0)
(69.43927547943645 9.998561949687411e-5 0.0)
(69.43967020281893 3.057552374360136e-5 0.0)
(69.43977974357095 -1.399518569455432e-6 0.0)
(69.43985736065554 -1.0433617535358002e-5 0.0)
(69.43997496398677 -7.153116307845711e-6 0.0)
(69.21723326772816 0.00722632554531176 0.0)
(69.22438359370268 0.006293695724705718 0.0)
(69.21359567982994 0.006124891587863116 0.0)
(69.21280982575114 0.005117661002247241 0.0)
(69.2108329014239 0.0031906089992255384 0.0)
(69.20856936402619 0.0028351346614608345 0.0)
(69.20515887422914 0.0014534547535140865 0.0)
(69.20111078196602 0.002217063015849642 0.0)
(69.19894169895647 0.0021385438621618147 0.0)
(69.19453794136847 0.0024156920082129066 0.0)
(69.19075013028964 0.0027825350611471985 0.0)
(69.18582535842397 0.0020781355097037966 0.0)
(69.1786540058413 0.002272283486386369 0.0)
(69.17198061488834 0.0020636798576050496 0.0)
(69.16429804164206 0.0018403111202032897 0.0)
(69.15606921871151 0.0016725883762345418 0.0)
(69.14628457657066 0.001409276373541482 0.0)
(69.13617385682585 0.001287264597487808 0.0)
(69.12582908438924 0.00115512825908276 0.0)
(69.11506050014599 0.0011667285088764081 0.0)
(69.10564553951673 0.0011464815392506623 0.0)
(69.0970542938682 0.0011169986029699783 0.0)
(69.0894899421833 0.0010767907813743244 0.0)
(69.08288381627474 0.0010286578258658552 0.0)
(69.07760709811933 0.0009557487637345212 0.0)
(69.06195881825187 0.001073732221114849 0.0)
(69.0668378005838 0.0008764548681099918 9.285066301652017e-21)
(69.06943821726651 0.004492651527616163 -3.0685420409386176e-19)
(69.10270126017676 0.020067553747041986 5.801387034485154e-19)
(69.15565832355584 0.05586627978025886 9.212848247541885e-25)
(69.21170340372595 0.11902217643549873 0.0)
(69.25675970676527 0.2150078469800774 5.67231800269149e-25)
(69.28798220384039 0.3476510230593219 4.827243496782385e-25)
(69.3112681800922 0.5159883522583424 -1.7959837435563682e-25)
(69.39981699722527 0.7220822631117989 5.31238247418362e-18)
(70.80002414955405 1.0560790178456299 -9.338246305417187e-18)
(102.42967752706913 -0.022144307729837776 0.0)
(69.21519537194945 0.0063590670636719995 0.0)
(69.21855555030608 0.0070004911078485116 0.0)
(69.22223197631172 0.007958585486809036 0.0)
(69.22793534403857 0.008578571213292675 0.0)
(69.2343218781056 0.010319052556725907 0.0)
(69.2423128368923 0.011249049822215319 0.0)
(69.25177854745088 0.012373016498753872 0.0)
(69.26268179589906 0.013023088616482536 0.0)
(69.27635397849454 0.013029167512266964 0.0)
(69.2912020346072 0.013273505890755315 0.0)
(69.30671747846935 0.012736297311088038 0.0)
(69.32352599586278 0.011941129328256419 0.0)
(69.33968638093182 0.010976228997730757 0.0)
(69.35571327550706 0.009355887192191296 0.0)
(69.37180110788927 0.007983918708743475 0.0)
(69.38572616740932 0.006661739036251086 0.0)
(69.39819825189788 0.005176548640599244 0.0)
(69.40939764219182 0.0039428184574950235 0.0)
(69.4182392785912 0.002844151310844199 0.0)
(69.42554878744212 0.0018849674106966772 0.0)
(69.43129869421276 0.0013095429972214375 0.0)
(69.43483189241817 0.0008603491050039133 0.0)
(69.43725569924032 0.0005014620940624833 0.0)
(69.43871927966715 0.00029722254174831443 0.0)
(69.43928037892252 0.00011301465153381213 0.0)
(69.43967202108804 3.442749849821727e-5 0.0)
(69.43978033734888 -1.5913313130483113e-6 0.0)
(69.43985739844942 -1.1803828604209113e-5 0.0)
(69.4399748845022 -8.059498359772287e-6 0.0)
(69.21751422917936 0.007190942948292604 0.0)
(69.22435674833345 0.006349771902882816 0.0)
(69.21345665860083 0.00634545587983214 0.0)
(69.21252339157813 0.005606508453820597 0.0)
(69.2106147500025 0.003804062529071514 0.0)
(69.20840475366911 0.0033200627966685414 0.0)
(69.20502617058348 0.0019696783301563015 0.0)
(69.2010087934892 0.002647967721582237 0.0)
(69.19873812287837 0.002563884384278651 0.0)
(69.19426366082952 0.002828544703174983 0.0)
(69.19031852520911 0.003210265789711907 0.0)
(69.18523587977415 0.0024374656858010234 0.0)
(69.17786788122929 0.00265234258913474 0.0)
(69.17090360888068 0.0024194816309360614 0.0)
(69.1628427775951 0.002169583706498315 0.0)
(69.15410210446825 0.001982045188173197 0.0)
(69.14362255590545 0.0016786358779238124 0.0)
(69.13258102644365 0.0015451671192507185 0.0)
(69.12099616529464 0.0013974338210634807 0.0)
(69.1085826133689 0.0014205453670880623 0.0)
(69.09704946113607 0.0014077309362890951 0.0)
(69.08575723329054 0.0013844573273290015 0.0)
(69.07481356589902 0.0013476272864809938 0.0)
(69.06406111370504 0.0013011378345312737 0.0)
(69.05384447392188 0.0012241298543891857 0.0)
(69.03154339547875 0.001381855765105722 0.0)
(69.03340810917938 0.001140381787268552 0.0)
(69.03033701559966 0.004609675769925179 2.8490040330278876e-24)
(69.06195074916252 0.020002045221715496 0.0)
(69.11827816937218 0.055758066785220446 -1.990787822183871e-18)
(69.18051694851944 0.11892630535649759 -3.190464120798466e-18)
(69.23147562793535 0.21491810672693362 0.0)
(69.26670213581274 0.3475649097787928 4.897573570988442e-25)
(69.28647348748343 0.5156395150851951 -6.375780821792438e-18)
(69.29510304846575 0.716518313968872 -1.003613756826547e-20)
(69.3463901280502 0.9535579312272432 9.468153192164235e-18)
(70.56030943617796 1.3591166482539552 0.0)
(103.92874489508566 0.12607569335669444 1.3718922136530412e-25)
(69.21562743881883 0.00678218807853261 0.0)
(69.21882689690105 0.0076739843730371906 0.0)
(69.22256444439932 0.008775040502645465 0.0)
(69.22826288605303 0.009649809584027794 0.0)
(69.2346551671269 0.011528288002308151 0.0)
(69.24275271548593 0.012651072193444166 0.0)
(69.25225338910306 0.013910023888022205 0.0)
(69.26322811894043 0.014656279337054764 0.0)
(69.27690983426756 0.014701675718646738 0.0)
(69.29173327325182 0.014962388841225156 0.0)
(69.3072558177225 0.014377409000394635 0.0)
(69.32401843127668 0.013478728945121312 0.0)
(69.3401376149787 0.012381287453193147 0.0)
(69.35611432750115 0.010567469703405984 0.0)
(69.37211780281896 0.009016222181378306 0.0)
(69.38598532957666 0.007520699454781636 0.0)
(69.39840584521636 0.005848069212673305 0.0)
(69.40954978909836 0.004456093985848846 0.0)
(69.41835088588346 0.003217710368628616 0.0)
(69.42562413996143 0.002136527183849562 0.0)
(69.43134433923181 0.0014847268892908601 0.0)
(69.43486234959917 0.000975284101827159 0.0)
(69.43727462365118 0.0005678187876437172 0.0)
(69.43872997290534 0.00033576031477321357 0.0)
(69.43928666612534 0.0001275440181112667 0.0)
(69.43967435408443 3.86664162612743e-5 0.0)
(69.43978109967975 -1.8037127311158477e-6 0.0)
(69.43985745147587 -1.3328149605594763e-5 0.0)
(69.43997478360996 -9.05538592810872e-6 0.0)
(69.21783408397962 0.007245515023916506 0.0)
(69.22439053213665 0.006485584406346127 0.0)
(69.21338394353529 0.006612052920674488 0.0)
(69.21228511893202 0.006121961473862415 0.0)
(69.21040877626315 0.004527012950723924 0.0)
(69.2082643449991 0.003906555316844423 0.0)
(69.20493387338493 0.0026097583868741566 0.0)
(69.2009617321054 0.003185898207962526 0.0)
(69.19860021361512 0.0030619489347096943 0.0)
(69.19407317367548 0.003314383894367736 0.0)
(69.18998571955962 0.0036927409321529524 0.0)
(69.18477610535342 0.0028511412155579137 0.0)
(69.17725851507387 0.0030866476422423566 0.0)
(69.17005844231073 0.0028265765506514523 0.0)
(69.16169747748657 0.002547356182807502 0.0)
(69.15254774248905 0.0023380217998030728 0.0)
(69.14151112716709 0.001989596704104214 0.0)
(69.12971773989997 0.0018436783738027126 0.0)
(69.11712040681047 0.001679247019313852 0.0)
(69.10334525618454 0.0017165995720132125 0.0)
(69.09002692488961 0.0017140576690505408 0.0)
(69.07640831724213 0.0017002681825342835 0.0)
(69.06247400754164 0.0016700552012868018 0.0)
(69.04792926409971 0.001628670379001342 0.0)
(69.0330108528387 0.0015506641540513288 0.0)
(69.00416258845063 0.0017502224365044774 0.0)
(69.00277945393475 0.0014396226946547467 -2.1198443950096212e-24)
(68.993136670086 0.004781705853543454 5.224539674269959e-25)
(69.02113405612847 0.01997863594147223 -2.1034878104724928e-24)
(69.07880470574244 0.055605254386650274 9.727988393513024e-23)
(69.14636577141607 0.11876062302365703 4.1537744725875166e-22)
(69.20348081587964 0.21479926611682626 -2.5138031690304662e-18)
(69.24404604876425 0.3474731186050758 0.0)
(69.2676271332738 0.5155450983984718 1.289279032596569e-17)
(69.27533269819453 0.7161193959326773 -5.442507877747085e-18)
(69.26986037725763 0.9468167404334685 0.0)
(69.2906223117891 1.2079050038499672 0.0)
(70.33529747327961 1.6779141858849047 0.0)
(104.98819984532233 0.28344442058530883 -1.1671553597892933e-25)
(69.21606694360706 0.0072777018334103894 0.0)
(69.21914688910702 0.008433754208853615 0.0)
(69.22297468248001 0.009681921623273729 0.0)
(69.22866805596242 0.010874988542511814 0.0)
(69.23509799191181 0.012869560722779175 0.0)
(69.24330995012791 0.01423564402802569 0.0)
(69.25286831452198 0.01562560261602214 0.0)
(69.26392718197171 0.01647946098769132 0.0)
(69.27762152433857 0.016580190048710385 0.0)
(69.2924174249335 0.016847578730214842 0.0)
(69.30794530613137 0.016213572013851728 0.0)
(69.32465104599622 0.015198043960173751 0.0)
(69.3407164927736 0.013946846803172758 0.0)
(69.35662747400835 0.011921467605260937 0.0)
(69.37252418451173 0.010168884638651085 0.0)
(69.38631757660696 0.008478141841887624 0.0)
(69.39867161217607 0.0065979017837091685 0.0)
(69.40974474522474 0.005029891961940841 0.0)
(69.41849390143202 0.003636680640186882 0.0)
(69.42572084161556 0.0024203317887084605 0.0)
(69.43140311454262 0.0016824099871555517 0.0)
(69.43490156713588 0.001104863221199426 0.0)
(69.43729897621222 0.0006423473069750463 0.0)
(69.43874370043001 0.00037866154083060613 0.0)
(69.4392947058408 0.00014367422481951402 0.0)
(69.43967733549023 4.3291775398507625e-5 0.0)
(69.43978207141049 -2.0374485849437842e-6 0.0)
(69.4398575227513 -1.5014978112732382e-5 0.0)
(69.43997465539472 -1.013954223739783e-5 0.0)
(69.21820311425246 0.007398273190612864 0.0)
(69.22448828405705 0.006712378254892392 0.0)
(69.21339025398163 0.006908439579258457 0.0)
(69.21210650014604 0.0066916087192646755 0.0)
(69.210229225851 0.005331836427779113 0.0)
(69.20814403284083 0.004634404726016095 0.0)
(69.20488329018664 0.0033729612021730277 0.0)
(69.20096033653887 0.0038594318714815757 0.0)
(69.19851808032868 0.003644324384008907 0.0)
(69.19395295284275 0.0038828343477784553 0.0)
(69.18973144064391 0.004239246492099604 0.0)
(69.18441951353873 0.0033261635709179813 0.0)
(69.17679060183093 0.0035825781687257347 0.0)
(69.16939720933891 0.0032923653949126067 0.0)
(69.16079883774441 0.002980217392044641 0.0)
(69.15132302503618 0.002746973744819651 0.0)
(69.13984248344308 0.0023481208085269134 0.0)
(69.12744671063582 0.002188256064972429 0.0)
(69.11403104296862 0.0020057853492529074 0.0)
(69.09914300495296 0.0020601600632972864 0.0)
(69.0843438496761 0.002070893182717062 0.0)
(69.06876165382072 0.002070208936533201 0.0)
(69.05224713906111 0.0020503237919663403 0.0)
(69.03434108370912 0.0020181541148734466 0.0)
(69.01511692291692 0.0019430779810514886 0.0)
(68.98009474813517 0.002186253501405614 0.0)
(68.97544289075522 0.0018362413333636856 7.97533481506199e-21)
(68.95877214443293 0.004938610648300967 1.3760416672113708e-19)
(68.9815519845712 0.019980084793745412 0.0)
(69.03851588333023 0.05544243420815845 1.9460750083615253e-18)
(69.11012505611431 0.1185725326622517 3.1870447266314068e-18)
(69.17310157178964 0.21464948341433873 5.040315076407741e-18)
(69.21924430193866 0.3473476277872533 0.0)
(69.24734757308637 0.5154604657655656 -1.2984161279582247e-17)
(69.25838958554955 0.7160448795582011 -6.561139742658859e-25)
(69.25334694569001 0.9464314522459787 0.0)
(69.23383470158117 1.20043998771985 0.0)
(69.22965500929371 1.476802574913245 0.0)
(70.12906584004561 2.0020773513252985 -7.87110723728838e-18)
(105.74392535578124 0.44149688790634967 0.0)
(69.21651645541904 0.007853779168223435 0.0)
(69.21952484940105 0.009304191777038636 0.0)
(69.2234799879434 0.010687977000299786 0.0)
(69.2291652680549 0.012273169988488855 0.0)
(69.235680604726 0.014360640498430458 0.0)
(69.24401139577863 0.016015031959858043 0.0)
(69.25365881593034 0.017541048380972053 0.0)
(69.26481671073395 0.018504148385612377 0.0)
(69.27852641328998 0.018684619134929806 0.0)
(69.293294141424 0.018946107405401175 0.0)
(69.30882377796183 0.01826043996741074 0.0)
(69.32545974429107 0.01711466755680237 0.0)
(69.34145576066949 0.015684908251621183 0.0)
(69.35728087534939 0.013429124922609656 0.0)
(69.37304330709868 0.011451340255454407 0.0)
(69.38674164154055 0.009541187542028302 0.0)
(69.39901031585933 0.007432116968161374 0.0)
(69.40999347784935 0.005669270840814785 0.0)
(69.41867641458893 0.004105455188797629 0.0)
(69.42584449997501 0.0027401480754245407 0.0)
(69.43147859609292 0.0019052257302132759 0.0)
(69.43495194724605 0.0012507425961383195 0.0)
(69.43733024978869 0.0007258514028862454 0.0)
(69.43876128413605 0.0004261874437723776 0.0)
(69.43930495365682 0.00016147645851208856 0.0)
(69.43968113148281 4.8282499020210824e-5 0.0)
(69.4397833021931 -2.2927794771119175e-6 0.0)
(69.43985761622821 -1.686861849124283e-5 0.0)
(69.43997449252747 -1.1305189856995452e-5 0.0)
(69.21862413461692 0.007663201193743242 0.0)
(69.22465910834569 0.007011259002039202 0.0)
(69.21348075702099 0.007248633006089019 0.0)
(69.21200669696627 0.007304063741097745 0.0)
(69.21009247412623 0.006205849145749089 0.0)
(69.2080456665677 0.005517918183153578 0.0)
(69.20487598827864 0.004266614066816098 0.0)
(69.20099861288618 0.004684732955972922 0.0)
(69.19848241987334 0.004330829781139425 0.0)
(69.19389334398592 0.0045393083390086325 0.0)
(69.18953958677146 0.00486183635632908 0.0)
(69.18414551924386 0.0038703676373800107 0.0)
(69.1764366989602 0.004147919174201255 0.0)
(69.16888181594908 0.00382571676818568 0.0)
(69.16009607324945 0.0034757818740640714 0.0)
(69.15036042255471 0.0032164378255470924 0.0)
(69.13852780108549 0.0027613803583705597 0.0)
(69.12565272552064 0.002585365890009066 0.0)
(69.11158114504963 0.0023831970616118013 0.0)
(69.09579271881039 0.0024573260191417994 0.0)
(69.07978055937566 0.0024844148018126635 0.0)
(69.0625675894337 0.0025007448720232397 0.0)
(69.04387218526584 0.0024953187480179105 0.0)
(69.02306212538976 0.002477069746503 0.0)
(69.00001711029634 0.0024096177133718388 0.0)
(68.9593764497301 0.002698057933109737 0.0)
(68.95159340241233 0.0022682211374480048 -7.410611348533465e-21)
(68.92780328763456 0.005207526734540606 0.0)
(68.94409458031255 0.01996040355666569 1.9463272926899747e-24)
(68.9982798527073 0.055232992776306916 -3.718846646645629e-24)
(69.072321855243 0.11834182664958251 0.0)
(69.14051470264693 0.21444518676799934 -5.021942116615487e-18)
(69.19221449684 0.3472321213082706 4.594846915731553e-25)
(69.22507958425341 0.5153400660760031 1.3032462169534401e-17)
(69.23990897025573 0.7159714026230487 -5.4958319466576565e-18)
(69.23781527788363 0.9463661631184246 2.726341521072753e-25)
(69.21943043891385 1.2001028739828326 -8.742958334520381e-18)
(69.18627329538221 1.4688713386675083 8.196669789027734e-18)
(69.16190986477896 1.751133459600924 1.5821751610365765e-17)
(69.94142452296758 2.3189751184146106 0.0)
(106.28645953642436 0.5929101074460829 0.0)
(69.21698212221833 0.00853156601318169 0.0)
(69.2199794859776 0.010286499653587666 0.0)
(69.22409559618343 0.011833507422755867 0.0)
(69.22978275424586 0.013838476798829316 0.0)
(69.23643523269872 0.016038010752004953 0.0)
(69.24489602728676 0.017990139832693867 0.0)
(69.25466690919122 0.01967959008963595 0.0)
(69.26594479597793 0.020740924092227952 0.0)
(69.27967040887594 0.021031376941632193 0.0)
(69.2944128935117 0.021275615304988983 0.0)
(69.30993865901961 0.02053162520867926 0.0)
(69.32648922876086 0.019242577986038345 0.0)
(69.34239628252217 0.01760611661752577 0.0)
(69.35810943997544 0.015100091955915496 0.0)
(69.37370386419086 0.012871709752447625 0.0)
(69.38728082108116 0.010715793375920846 0.0)
(69.39944023373396 0.008355969468895283 0.0)
(69.41030959634182 0.006378853696977052 0.0)
(69.41890848511163 0.00462838083647245 0.0)
(69.42600214873096 0.003099973207146118 0.0)
(69.43157533556872 0.0021559589470136254 0.0)
(69.43501655090351 0.0014146395168413645 0.0)
(69.43737034537614 0.0008191084106735555 0.0)
(69.43878376164332 0.0004785016268126376 0.0)
(69.4393179730375 0.00018097078850426448 0.0)
(69.43968594614817 5.3587157315147495e-5 0.0)
(69.43978485109857 -2.5691945008190185e-6 0.0)
(69.43985773690625 -1.8886551806526042e-5 0.0)
(69.43997428600053 -1.2537267244352648e-5 0.0)
(69.21908418504965 0.008072620442540486 0.0)
(69.22492519940415 0.007337875858673462 0.0)
(69.21364511298873 0.007680284950670623 0.0)
(69.21201563294471 0.007901173573621151 0.0)
(69.21001114682129 0.0071595362031404925 0.0)
(69.20798077941829 0.006525921397390528 0.0)
(69.20491041162848 0.0053106861383887425 0.0)
(69.20107468304529 0.005655745123620774 0.0)
(69.19848304583677 0.005148921718028075 0.0)
(69.19388754437047 0.005284659093289913 0.0)
(69.18939756548001 0.005573540134987204 0.0)
(69.18393819069942 0.0044933706897163335 0.0)
(69.17617592899481 0.004790164567305193 0.0)
(69.16848225811717 0.004437183771152807 0.0)
(69.1595488091359 0.004042904732112554 0.0)
(69.14960565034164 0.0037551653401340164 0.0)
(69.1374948302031 0.003238059308179827 0.0)
(69.12424079781218 0.003042732217000914 0.0)
(69.10964721972844 0.002818785235589659 0.0)
(69.09313640291172 0.0029152210967792903 0.0)
(69.0761403422671 0.0029617190742962612 0.0)
(69.05759029059466 0.00299919341226531 0.0)
(69.03708155116908 0.0030127287403443523 0.0)
(69.01381397289796 0.003013650622640731 0.0)
(68.98746477832997 0.0029592110382801965 0.0)
(68.941859666007 0.0032946222785007447 0.0)
(68.93119322699599 0.0028107295204828396 0.0)
(68.90049080572656 0.005513011890115977 -1.2047798686510894e-19)
(68.9093869501834 0.0199896336662556 0.0)
(68.95881733725817 0.05504697609128857 -1.7917252180889623e-24)
(69.03342886053673 0.11803115141924563 -1.8019889459395356e-25)
(69.10589142256298 0.21423505284921646 2.4871774386349735e-18)
(69.16293687376294 0.34704179660386264 -3.985592512917852e-18)
(69.20069869909422 0.5152424532570842 -7.21156970003431e-21)
(69.21956692772287 0.7158708688333274 5.5163089898639046e-18)
(69.220760722516 0.9462908088845225 -6.105875203838159e-25)
(69.2050673466356 1.2000238431879386 1.7553545484519575e-17)
(69.17343162733869 1.4685720169946967 -8.24859831661026e-18)
(69.12780695410744 1.7429278028690147 -7.939595083391503e-18)
(69.0883110281194 2.0200059317538925 -1.2197091511427138e-25)
(69.77190559608613 2.617257349964656 0.0)
(106.67378537679552 0.7303769169133201 0.0)
(69.21748245710701 0.00933995360271868 0.0)
(69.22054084570054 0.011373049264543154 0.0)
(69.22483594685009 0.013178158623227316 0.0)
(69.23056741244201 0.015553237045463507 0.0)
(69.23739642058516 0.01794316176319041 0.0)
(69.24601723584652 0.020160853750136848 0.0)
(69.2559433862207 0.022056324409743287 0.0)
(69.26737020364254 0.023203905179512204 0.0)
(69.28111051547305 0.023629929135516856 0.0)
(69.29583405123476 0.023853419283848425 0.0)
(69.31134906607855 0.023037890623752375 0.0)
(69.32779462641025 0.02159206020809745 0.0)
(69.34358840922452 0.019718624240959746 0.0)
(69.35915603090952 0.016941200785221246 0.0)
(69.37454117423408 0.014435653561302428 0.0)
(69.38796376346242 0.012005949640623272 0.0)
(69.39998375016042 0.0093732881005312 0.0)
(69.41070980950579 0.007162410357411881 0.0)
(69.41920250096636 0.005209521364732565 0.0)
(69.42620254426667 0.0035039149353073996 0.0)
(69.43169909796286 0.0024374473174400826 0.0)
(69.43509925990688 0.0015982463091393528 0.0)
(69.43742167162746 0.0009228000357279061 0.0)
(69.43881243418724 0.0005356055936682796 0.0)
(69.43933445247323 0.00020209469291924848 0.0)
(69.43969202625277 5.9111357382884486e-5 0.0)
(69.43978678648057 -2.8652382995397267e-6 0.0)
(69.43985789091471 -2.1055502271182552e-5 0.0)
(69.43997402488283 -1.3808742997331272e-5 0.0)
(69.21957945488325 0.008653399002892059 0.0)
(69.22529908480885 0.00770468851058945 0.0)
(69.21388122520312 0.008207250244806343 0.0)
(69.21215318254634 0.008458247363518632 0.0)
(69.21000274118207 0.008174089718410315 0.0)
(69.20796451287583 0.007608360683649338 0.0)
(69.20498384463768 0.0065123268857025214 0.0)
(69.20118857601187 0.006751055744277786 0.0)
(69.19850930716302 0.0061214917129519 0.0)
(69.19392969144407 0.006119712606564528 0.0)
(69.18929623464655 0.006383810917054301 0.0)
(69.18378504552543 0.005207991859661404 0.0)
(69.17599294505644 0.005515721347885146 0.0)
(69.1681752175152 0.005138927491196968 0.0)
(69.15912523651134 0.004692008627844199 0.0)
(69.14901549007472 0.004373219473816623 0.0)
(69.13668544281994 0.0037886995595216287 0.0)
(69.12313368646028 0.003569657210282463 0.0)
(69.10812739967183 0.0033212807331464943 0.0)
(69.09104105051631 0.0034422285547356206 0.0)
(69.07325295768959 0.003511024308994949 0.0)
(69.05361761223394 0.0035739083891093665 0.0)
(69.03162071272499 0.0036112283138779316 0.0)
(69.00630768994733 0.003637072891382692 0.0)
(68.9771604257183 0.003601664374496808 0.0)
(68.92727449700084 0.003986007059192839 0.0)
(68.91403643000645 0.0034134572281539982 3.108878284525604e-24)
(68.87685109474161 0.005934421313794044 1.1113842595076875e-19)
(68.87782086608198 0.02006638039255276 0.0)
(68.92074224999403 0.05481331187398193 1.7422623817209817e-18)
(68.99392223296472 0.11772958568919935 4.33921966546778e-24)
(69.06943832082715 0.21392725481105523 2.261356243695081e-24)
(69.1314217396491 0.34685858780969436 3.958176796001132e-18)
(69.17411794243515 0.5151003039321547 -6.5032256821340586e-18)
(69.1972348886683 0.7157827643201305 0.0)
(69.20197107377314 0.9462138169075419 -6.103591248607187e-25)
(69.18925553411101 1.1999612374008999 -8.795666228074335e-18)
(69.16018277925177 1.468497951134074 -8.205771598015799e-18)
(69.11633825837289 1.7426444640554524 -7.884182118950793e-18)
(69.06088078487718 2.011609212414412 -2.185890365449402e-25)
(69.0118069408016 2.2735218570553717 1.090163253827992e-25)
(69.62274541647702 2.8850286538681287 -1.191619647850978e-25)
(106.94704904264422 0.8480980638197395 0.0)
(69.21804869392558 0.010307748439906091 0.0)
(69.22124766282543 0.012590039933135387 0.0)
(69.22573224387186 0.014750335532345692 0.0)
(69.23157418246137 0.01743104153336893 0.0)
(69.23861394786121 0.020089659685863577 0.0)
(69.24743762465158 0.02254453697065678 0.0)
(69.25755454077724 0.02466705529681075 0.0)
(69.26916061327472 0.0259129420818996 0.0)
(69.28291822784936 0.026482118444446992 0.0)
(69.29763012032974 0.026692990932251706 0.0)
(69.31312778494478 0.0257866029257167 0.0)
(69.32944339357903 0.024166814744291734 0.0)
(69.34509319328025 0.02202617753404079 0.0)
(69.36047265384516 0.018954911179225237 0.0)
(69.37559816729274 0.01614478667818213 0.0)
(69.388825217877 0.01341259076970355 0.0)
(69.40066793268342 0.010485700139593544 0.0)
(69.4112143824215 0.00802230158219251 0.0)
(69.41957354603655 0.00585230734335069 0.0)
(69.42645649400343 0.003955973281026832 0.0)
(69.43185714129702 0.0027524007804525285 0.0)
(69.43520496716054 0.0018030773783317062 0.0)
(69.437487260018 0.0010374016025608216 0.0)
(69.43884891927307 0.0005972490140844506 0.0)
(69.43935522007318 0.00022465879044728852 0.0)
(69.43969966393959 6.470234669372437e-5 0.0)
(69.4397891844648 -3.178393188375095e-6 0.0)
(69.43985808550761 -2.334589585734897e-5 0.0)
(69.43997369615961 -1.50758262571872e-5 0.0)
(69.22014936179428 0.009404914554378188 0.0)
(69.22575928586737 0.00821817759742385 0.0)
(69.2142223213994 0.008764927688224095 0.0)
(69.21240352135474 0.009041689719889646 0.0)
(69.21010419171829 0.009159454832712747 0.0)
(69.20800226372249 0.008742899338203226 0.0)
(69.2051000516458 0.007825214996942198 0.0)
(69.20133674767278 0.007954671246216315 0.0)
(69.1985527757947 0.007246189050940374 0.0)
(69.19401222619969 0.007052618431845489 0.0)
(69.18923024705887 0.00729307840463435 0.0)
(69.18367608191384 0.006030773444532592 0.0)
(69.1758770206392 0.0063296919704844135 0.0)
(69.16794304079805 0.005943962089082478 0.0)
(69.15880052591308 0.005435532527614849 0.0)
(69.14855591247645 0.005082023847762864 0.0)
(69.13605332347986 0.004426054166808703 0.0)
(69.12226932795419 0.004177423891944829 0.0)
(69.10693889765696 0.0039011755804979203 0.0)
(69.08939687885376 0.004048276037963536 0.0)
(69.07097476132046 0.0041419142014984 0.0)
(69.05046535941415 0.004234488654031641 0.0)
(69.02725962294863 0.004300678319682184 0.0)
(69.00026646566809 0.004357661916691796 0.0)
(68.96878948980809 0.004347882437366403 0.0)
(68.91528524830953 0.004783559341313827 0.0)
(68.89981223487138 0.004132065572070717 0.0)
(68.85671640509123 0.006429519208321967 -1.0173241134594045e-19)
(68.84957804567624 0.020194435166874667 4.2946521081586966e-19)
(68.88455340884826 0.05460897516127511 -9.555802484605029e-23)
(68.95428135564403 0.11735859548602787 2.8874673214989852e-18)
(69.031407542602 0.2135835037347338 -2.213174743059324e-24)
(69.09771537600702 0.34660729020903797 0.0)
(69.14526887761605 0.5149424518027056 -1.4775406054469352e-24)
(69.17279713420636 0.7156810893793616 5.484967195194833e-18)
(69.18131787330483 0.946138040282755 0.0)
(69.1718332437631 1.1998907534643068 8.749404228887345e-18)
(69.14558790292925 1.4684349946579538 4.1304825120039404e-20)
(69.10427118201332 1.7425712080475786 7.916971693785343e-18)
(69.05077538786566 2.0113251810223747 2.4270857014757396e-25)
(68.98944539816968 2.2649703912524792 -1.1963688109901783e-25)
(68.9373254652604 2.5012974125598886 0.0)
(69.49736807813844 3.112554117293711 2.288348413989563e-25)
(107.13520005196982 0.9416885398502804 0.0)
(69.21871846355272 0.011468873088837336 0.0)
(69.22214993885154 0.013995663431028546 0.0)
(69.22684492639208 0.016532722117956908 0.0)
(69.23285685978323 0.019523395949166123 0.0)
(69.24016410408338 0.02245787210911011 0.0)
(69.24922579916664 0.025171510517657706 0.0)
(69.25958659174232 0.02749423126296338 0.0)
(69.27139301745949 0.028884670585330022 0.0)
(69.28518124194571 0.029587441620270855 0.0)
(69.29988841970382 0.02979735567428496 0.0)
(69.31536244229964 0.028780371384410797 0.0)
(69.33151735569288 0.026960704719264587 0.0)
(69.34698324426714 0.024524887444698842 0.0)
(69.3621213428204 0.021137330167928087 0.0)
(69.37692624560238 0.017994626984503832 0.0)
(69.38990661393876 0.014932124582532775 0.0)
(69.40152499529313 0.011691678835917567 0.0)
(69.41184754140069 0.008958773945226792 0.0)
(69.42003974355723 0.006559026293468923 0.0)
(69.42677719828144 0.004459666759644631 0.0)
(69.43205853140138 0.0031030922619970126 0.0)
(69.43533978894182 0.0020302121814874375 0.0)
(69.43757088964217 0.001163010154093439 0.0)
(69.43889520319892 0.0006628089257874328 0.0)
(69.43938125104678 0.00024828665666426963 0.0)
(69.43970919491451 7.013170421642618e-5 0.0)
(69.439792125175 -3.5051064482553027e-6 0.0)
(69.43985832886928 -2.57042621793928e-5 0.0)
(69.43997328477413 -1.627203239734104e-5 0.0)
(69.22084078612804 0.010371438323077055 0.0)
(69.22630470556253 0.008947422441465267 0.0)
(69.21469753592767 0.009372690266538225 0.0)
(69.21274289655543 0.009719937611125653 0.0)
(69.21035541778345 0.010034267442579086 0.0)
(69.20809232665145 0.009922674155367038 0.0)
(69.20527038640388 0.009155092149109078 0.0)
(69.20151037117255 0.009258577381749745 0.0)
(69.19860905308587 0.00848770971362919 0.0)
(69.19412455051449 0.008098423295108487 0.0)
(69.18919783906497 0.008292200926208727 0.0)
(69.18360349680657 0.006978881015632289 0.0)
(69.17582104628926 0.00723715222891069 0.0)
(69.16777312793104 0.006864366871877732 0.0)
(69.15855552589052 0.006288351705510025 0.0)
(69.14820050154314 0.005894392530107342 0.0)
(69.13556197741057 0.005165364414473408 0.0)
(69.12159838390578 0.004879792394282553 0.0)
(69.10601533055411 0.004571127037889853 0.0)
(69.08811470567166 0.004745179656859622 0.0)
(69.06918699889059 0.004865633717534142 0.0)
(69.0479777533486 0.0049920211564369096 0.0)
(69.02379786860719 0.00509234654215384 0.0)
(68.9954388654086 0.005187115275641643 0.0)
(68.96204832398085 0.005210105527334736 0.0)
(68.90553470718432 0.005700133502986837 0.0)
(68.88815915390036 0.004976255696647864 -5.102710861933714e-21)
(68.8397978411644 0.007059717295783941 7.740990353060159e-25)
(68.82466446439865 0.02043289430690121 -3.9571880054173477e-19)
(68.85062622711465 0.05442047992360849 -3.095472988058752e-18)
(68.91497471234551 0.11697476348100318 -4.065010419370599e-22)
(68.99209345148485 0.2132215387393916 0.0)
(69.06190699121998 0.3462913637284199 3.8274212515455526e-24)
(69.11410822547101 0.5147492141473738 1.6000602305201913e-24)
(69.14614775318795 0.7155472523391351 -1.0916626917428758e-17)
(69.15867463562192 0.9460511588035109 0.0)
(69.15267553160116 1.1998141032431735 -8.756125964691414e-18)
(69.12951138510881 1.4683710248394912 4.130309250348209e-20)
(69.0909771781993 1.7425126795186758 0.0)
(69.04001415291337 2.011282301007078 4.833462714396143e-25)
(68.98079111117438 2.264722536758853 -2.166940666089198e-25)
(68.91900541667324 2.492649894182035 1.0909100253371256e-25)
(68.87048896684962 2.6950069930037563 0.0)
(69.40021407794015 3.2922315017153307 -1.5325519194998474e-17)
(107.2546713221874 1.005861282596107 0.0)
(69.21956984367044 0.012839786275834283 0.0)
(69.22330603940314 0.015628790490003347 0.0)
(69.22825175362838 0.01852261361398341 0.0)
(69.23448811348348 0.021852967366078748 0.0)
(69.24213468818373 0.025046632358267793 0.0)
(69.25147295887999 0.0280432499609411 0.0)
(69.2621370375046 0.030534945462346884 0.0)
(69.2741621248895 0.032114717219209804 0.0)
(69.28800132454872 0.03294988431221622 0.0)
(69.30271569186763 0.033152980106776406 0.0)
(69.31815577592917 0.03201184054676818 0.0)
(69.33411397150316 0.0299548534449908 0.0)
(69.349343056745 0.027198287360926904 0.0)
(69.36417422791092 0.023475441371809194 0.0)
(69.37858575915166 0.019972165616950893 0.0)
(69.39125627793074 0.01655448518951577 0.0)
(69.40259248639983 0.012985399097831904 0.0)
(69.41263774628474 0.009969111357363697 0.0)
(69.42062252428369 0.007330088090759371 0.0)
(69.42718056900391 0.005017415872455654 0.0)
(69.43231446892158 0.0034908534843854384 0.0)
(69.43551128119951 0.002279883640303237 0.0)
(69.4376772062465 0.0012990857553696856 0.0)
(69.43895368320872 0.0007311338279506538 0.0)
(69.43941366074044 0.0002723367554995898 0.0)
(69.4397209882456 7.507850003629387e-5 0.0)
(69.4397956855451 -3.841012726306136e-6 0.0)
(69.43985862956255 -2.8043215234246596e-5 0.0)
(69.43997277407024 -1.7301310105622915e-5 0.0)
(69.22168849307253 0.011642896633136625 0.0)
(69.22700124069114 0.009878602772552446 0.0)
(69.21529657333485 0.010182242086995126 0.0)
(69.21319022538168 0.010508356089439988 0.0)
(69.21076072696522 0.010839786596248546 0.0)
(69.2082529632381 0.011100412809214153 0.0)
(69.20549851689265 0.010436344750248665 0.0)
(69.20170610249801 0.010625906017895183 0.0)
(69.19867398200977 0.009804084490478709 0.0)
(69.19425591361771 0.009260923983465164 0.0)
(69.18919887624853 0.009372041715539353 0.0)
(69.18356248636721 0.008061778803809405 0.0)
(69.17582032514152 0.008245878905696636 0.0)
(69.1676576600533 0.007908699127359612 0.0)
(69.15837578399538 0.007267663827739679 0.0)
(69.14792918329279 0.006824647175457192 0.0)
(69.13518308665292 0.006024432156637378 0.0)
(69.12108209091522 0.005693570950867833 0.0)
(69.10530414384425 0.005346444498053131 0.0)
(69.08712314260309 0.005547049791696422 0.0)
(69.06779309882737 0.005695451607325356 0.0)
(69.04602580521231 0.005859367537266738 0.0)
(69.02106554694423 0.005999156547743203 0.0)
(68.9916050673389 0.006138743924189215 0.0)
(68.95665969227747 0.006202164242806105 0.0)
(68.89767532583811 0.006750327000552127 0.0)
(68.87870702651749 0.00592834694831128 9.172097578998856e-21)
(68.82574247619678 0.007829899072285502 8.581294336235814e-25)
(68.80295212566735 0.020790290925661453 5.6707634818598506e-24)
(68.81921224720153 0.05430428358636234 1.0040305918401575e-22)
(68.87644374377587 0.11656121681783373 -4.0782550059143722e-22)
(68.95183126176623 0.2127747830513467 -2.0828898124021942e-24)
(69.02413110181993 0.34596170887171235 -3.746982057563502e-24)
(69.08062239895334 0.5144876008750229 -2.8901679303253388e-24)
(69.11719603448165 0.7154087898191477 5.417726362315847e-18)
(69.13391903457762 0.9459287428375951 0.0)
(69.13165576970745 1.1997437723932611 0.0)
(69.11183625304785 1.4682999578598113 8.173134095477936e-18)
(69.07634639180539 1.7424472914478597 0.0)
(69.02817999096565 2.0111923562623186 0.0)
(68.97152875880455 2.2646748641846624 -4.313798976485898e-25)
(68.91193510344625 2.492468838990589 -1.5141751459981295e-17)
(68.85553861412342 2.6863060225174187 -1.5192976945013125e-17)
(68.8172558966362 2.8482743350414994 1.5406152456367308e-17)
(69.33761776255685 3.415424889926144 1.5244139066858373e-17)
(107.31832779701719 1.0385982432335306 -1.5674441494818236e-17)
(69.22073005539139 0.014394788667226315 0.0)
(69.22477617101495 0.017494855458746177 0.0)
(69.2300364530659 0.020750704197787597 0.0)
(69.2365763651851 0.024389333790771222 0.0)
(69.24461285484973 0.027893388701011226 0.0)
(69.25430908922749 0.031117586482893648 0.0)
(69.26530631841344 0.033808982096774194 0.0)
(69.27758856452533 0.035577433294194015 0.0)
(69.29149415603295 0.03657021559108921 0.0)
(69.30624063881639 0.036730250054962665 0.0)
(69.32162635237576 0.035451436141413765 0.0)
(69.33734474807166 0.03311457052638319 0.0)
(69.35226838474433 0.030011167351365685 0.0)
(69.36671213495733 0.025942808948327543 0.0)
(69.38064555251917 0.02205325048450714 0.0)
(69.39292903082875 0.01826073238593588 0.0)
(69.40391296204788 0.014355355788804073 0.0)
(69.41361770376064 0.011046661858498133 0.0)
(69.42134674902005 0.008162976547099956 0.0)
(69.4276854583154 0.0056295532851316134 0.0)
(69.43263857608662 0.003915287211859141 0.0)
(69.43572862046375 0.002550851241150658 0.0)
(69.4378118041848 0.0014440773054090724 0.0)
(69.43902718028586 0.000800354053890258 0.0)
(69.43945367218555 0.00029580818586208527 0.0)
(69.43973542210074 7.911777779639812e-5 0.0)
(69.43979992743229 -4.181186688985066e-6 0.0)
(69.43985899537418 -3.0229018986680573e-5 0.0)
(69.43997214694686 -1.803086676299501e-5 0.0)
(69.22281600407639 0.013151755733757006 0.0)
(69.22789060613019 0.01107953931732968 0.0)
(69.21605103255355 0.011268976435268578 0.0)
(69.21377905925469 0.011476333812489253 0.0)
(69.21129990224291 0.011719324778939763 0.0)
(69.20853415376617 0.012212038102366174 0.0)
(69.2057697085592 0.011695345889230383 0.0)
(69.20194138436906 0.011968275668656297 0.0)
(69.19873793080737 0.011185515604487701 0.0)
(69.19440151561788 0.01051160007192705 0.0)
(69.18923196577214 0.010536707369807016 0.0)
(69.18355255352242 0.009272605816464378 0.0)
(69.17587150454423 0.009367665097612573 0.0)
(69.16759340081101 0.009080130527709823 0.0)
(69.15825099990063 0.008391417064270967 0.0)
(69.14772721152653 0.00788895571157053 0.0)
(69.13489526135945 0.0070233568404293595 0.0)
(69.12069044164556 0.006639180573172834 0.0)
(69.10476434113181 0.006245668669899337 0.0)
(69.08636587102048 0.006470753203261543 0.0)
(69.06671571682674 0.006647097916831554 0.0)
(69.04450452435472 0.006851508560381254 0.0)
(69.0189217439798 0.0070359697744539415 0.0)
(68.98857823932966 0.007227739292745929 0.0)
(68.95238032798933 0.0073397530640966005 0.0)
(68.89138818989159 0.007950738595798573 0.0)
(68.87110409549499 0.007038066446946666 -4.812178202716618e-26)
(68.8141752453286 0.008755388306766825 7.533915771877451e-20)
(68.78422292114875 0.021284918272256096 0.0)
(68.79045028345844 0.054261751788372246 2.6705662767158906e-18)
(68.83908788669933 0.11617325683634097 -2.4828628860451746e-18)
(68.91098550811748 0.21228678390459557 -2.1676553053060504e-18)
(68.98457112158832 0.3455480242123199 0.0)
(69.04483453473155 0.5142000541029838 -2.609686915610598e-25)
(69.08587000532164 0.7151877708200709 -5.3482486042928944e-18)
(69.10693926603814 0.9458057157110361 0.0)
(69.10864723700458 1.199634904941786 8.625830134410457e-18)
(69.09244232043598 1.4682211608486038 0.0)
(69.06026728195705 1.7423799345166973 7.761674475895714e-18)
(69.01515018276459 2.0111568605271866 0.0)
(68.96135470406455 2.264575869556242 0.0)
(68.90438688221371 2.492344427809986 1.5187371792287674e-17)
(68.85021211048274 2.6861346566557565 1.524876165341115e-17)
(68.80525672117065 2.839481605984897 0.0)
(68.78415862615277 2.9532323311895876 -3.0474291684370514e-17)
(69.31298877861107 3.4785527994535603 2.0033369670296883e-19)
(107.32949905546005 1.0368860917497407 0.0)
(69.22225534579242 0.016146965721599627 0.0)
(69.22666137895702 0.01957012865974879 0.0)
(69.23228567327446 0.023221206688501483 0.0)
(69.23924436876742 0.027133952063719147 0.0)
(69.2477221896136 0.03098901512965961 0.0)
(69.25787448188157 0.0343745247457405 0.0)
(69.2692196081445 0.03730999971098921 0.0)
(69.28180736762626 0.039257218636888684 0.0)
(69.29580091966476 0.04041611998335056 0.0)
(69.31060786825165 0.04048653788180146 0.0)
(69.32590969008203 0.039030968671447404 0.0)
(69.34132881968036 0.03638242376665358 0.0)
(69.35586305820263 0.03290426653407255 0.0)
(69.3698212572451 0.028493131704416502 0.0)
(69.38318065187444 0.024199912215785088 0.0)
(69.39498481625995 0.02002054084870002 0.0)
(69.40553285891762 0.01578265230310678 0.0)
(69.41482392529055 0.01217972212424511 0.0)
(69.42224058778434 0.009050771848664752 0.0)
(69.42831368427076 0.006292777572016024 0.0)
(69.43304703688767 0.004373088116629763 0.0)
(69.4360026744187 0.0028395040976724796 0.0)
(69.43798121556246 0.001594910761371606 0.0)
(69.43911889054125 0.0008676715419905606 0.0)
(69.43950254302258 0.0003172405625125491 0.0)
(69.43975283795847 8.172271352812382e-5 0.0)
(69.43980487996821 -4.519662703061725e-6 0.0)
(69.43985943126138 -3.206774986373484e-5 0.0)
(69.43997138815085 -1.8285025080881225e-5 0.0)
(69.22434301936634 0.014775993476959973 0.0)
(69.22900781794561 0.012562362230543116 0.0)
(69.21703514875905 0.012637155940322957 0.0)
(69.2145337645013 0.012722727517947296 0.0)
(69.21197266007542 0.012827553269421813 0.0)
(69.20899003307926 0.013291530812046105 0.0)
(69.20607703186091 0.01301163322124747 0.0)
(69.20224925438598 0.013219812324727248 0.0)
(69.19879462197947 0.012648523224571868 0.0)
(69.19456337266756 0.011807933824952642 0.0)
(69.18929537725757 0.011800192858158094 0.0)
(69.18357705295968 0.010592255394221402 0.0)
(69.17597268311943 0.010613014237576771 0.0)
(69.16758107236043 0.010377806480571766 0.0)
(69.15817507609921 0.009674464781177153 0.0)
(69.14758438850086 0.00910580188937219 0.0)
(69.13468317246915 0.008183920511370148 0.0)
(69.12040075549497 0.007741016259628491 0.0)
(69.10436453961051 0.007291242066764128 0.0)
(69.0857992348559 0.007536410804211462 0.0)
(69.06589383602542 0.007739276086192628 0.0)
(69.04332980256893 0.007985958454143674 0.0)
(69.01725165385896 0.008219910678688703 0.0)
(68.98620314875073 0.008471469671725325 0.0)
(68.94900292928824 0.008640731941514835 0.0)
(68.88639235694991 0.009320251088882655 0.0)
(68.8650319276075 0.008313611262688342 -3.667984456456822e-21)
(68.80473087338508 0.009888985898827748 0.0)
(68.76820787884998 0.02196103929849097 4.453143674918915e-24)
(68.76438160700918 0.05435997927463179 -2.457916793259325e-18)
(68.80325369279782 0.11580980281740877 0.0)
(68.86994264262877 0.21176387829455218 2.073740254174974e-18)
(68.94346164903935 0.34508493600422613 -6.820500210943517e-24)
(69.00681009472724 0.5138406012051178 0.0)
(69.05212511111499 0.7149667972325652 1.0560042293373391e-17)
(69.07763139543526 0.9456252698122536 0.0)
(69.08353004100022 1.1995123700514536 -8.589931664580114e-18)
(69.07120551655042 1.4681240159752396 -1.9237680237845973e-24)
(69.04262823810137 1.742294080999979 -7.757146656065229e-18)
(69.0008544281776 2.0110656831198748 -4.606854107650301e-26)
(68.95015778204768 2.2645487696107662 -4.669684440208193e-25)
(68.89607224905119 2.4923307558270213 0.0)
(68.8445582829505 2.685981131834655 1.4984818655478705e-17)
(68.80184834776325 2.839284651893167 1.503763970765592e-17)
(68.77474324134525 2.9444928674942643 1.5216327371011393e-17)
(68.77509572135138 3.0070456925392564 1.51418103710344e-17)
(69.33071680894318 3.476231738455768 0.0)
(107.28310645499649 0.9978840339478515 1.4934097553911705e-17)
(69.22418710986173 0.01811528398538066 0.0)
(69.2290646795947 0.02183830831378245 0.0)
(69.23512308458162 0.025906514515802993 0.0)
(69.24261554344106 0.030121651062846155 0.0)
(69.25163928078483 0.034248804137457345 0.0)
(69.26229385314765 0.03783665890427392 0.0)
(69.27404293802962 0.0409799176850701 0.0)
(69.28695562086753 0.04315080971687218 0.0)
(69.30109629021754 0.044402297030466616 0.0)
(69.31596801257803 0.0443481094964316 0.0)
(69.33115122986511 0.04263580173659997 0.0)
(69.34618281049961 0.0396633865163206 0.0)
(69.36022993705801 0.035792314385485864 0.0)
(69.37358785327899 0.031052871297943693 0.0)
(69.38626707358173 0.02635736344050198 0.0)
(69.39748578469394 0.02179038151887962 0.0)
(69.40750033298394 0.017238870791905638 0.0)
(69.4162955417456 0.013350096551505417 0.0)
(69.42333499759539 0.009980102509305087 0.0)
(69.42908966875555 0.006997834205101804 0.0)
(69.4335583971184 0.004856370438533074 0.0)
(69.43634583306006 0.003138684763678915 0.0)
(69.43819271869727 0.0017463475166890892 0.0)
(69.43923222702088 0.00092916365543324 0.0)
(69.43956143334196 0.00033463451281799715 0.0)
(69.43977346513115 8.229288406634063e-5 0.0)
(69.43981051609703 -4.84618215870977e-6 0.0)
(69.43985993619317 -3.3293358943524624e-5 0.0)
(69.43997048815523 -1.784229695013856e-5 0.0)
(69.22630274717207 0.016552513661084338 0.0)
(69.23045448021512 0.014188287826404878 0.0)
(69.21827948583463 0.0142709754799589 0.0)
(69.21550335049058 0.014292058455011953 0.0)
(69.21280760024182 0.014244443260516554 0.0)
(69.2096501434717 0.014519820906023091 0.0)
(69.20646603213685 0.014444638175932957 0.0)
(69.20265178638716 0.01445611994132749 0.0)
(69.19887016176635 0.014189927764121004 0.0)
(69.1947406059146 0.013161235251854937 0.0)
(69.1893957176104 0.013161326392888426 0.0)
(69.18363920693248 0.012013282043905605 0.0)
(69.1761254047382 0.01197891556088472 0.0)
(69.16762412621047 0.011801924902396054 0.0)
(69.15814671009323 0.011123322023894974 0.0)
(69.14749464595707 0.010495748737621323 0.0)
(69.13453700362493 0.00952888436727206 0.0)
(69.1201966663142 0.009027255309301893 0.0)
(69.10408138681878 0.008510223526940504 0.0)
(69.08539018146796 0.008767899986448113 0.0)
(69.06528019029521 0.008994223720456029 0.0)
(69.04243532098822 0.00928326210303962 0.0)
(69.01596328664989 0.009570740977735548 0.0)
(68.98435317937385 0.009889814204873882 0.0)
(68.94635493793753 0.010125460461510593 0.0)
(68.88244792518883 0.010880348794888943 0.0)
(68.8602137713678 0.009769524327547944 -3.268263694412195e-21)
(68.79707346977759 0.011208724671747158 0.0)
(68.75461735447705 0.0228751556552565 0.0)
(68.74097014057078 0.054613896046686324 1.1252925973216009e-18)
(68.7692302604134 0.11551808179535393 -2.1748714482340876e-18)
(68.82909986368814 0.21124155132100286 -7.804075071070916e-24)
(68.90108572908217 0.34452465895977935 6.841322728306083e-24)
(68.96666344582167 0.513428145604678 -3.2151795749408238e-24)
(69.01594829676183 0.7146575239016777 -1.001181315605694e-20)
(69.0459150376788 0.9454120759380741 9.255428825722663e-18)
(69.05618927352415 1.1993479126939466 -8.472417787775358e-18)
(69.04800793472702 1.468000802909166 1.0059678325905416e-24)
(69.02331978515868 1.7421894111914351 -7.645406700467202e-18)
(68.9851753631677 2.010987516217315 0.0)
(68.93789222285133 2.264445876818971 -1.482087104192421e-17)
(68.88697208277927 2.492217204617724 -1.4813292256353403e-17)
(68.83831752652634 2.686016566466532 -1.5014797062668575e-17)
(68.79826629400277 2.8391921149113264 -1.5077980732925703e-17)
(68.77339783384511 2.944264363065462 -1.4929811977249802e-17)
(68.76799177426383 2.9983572127550437 -1.4859435347091384e-17)
(68.79384349643104 3.005199345844939 0.0)
(69.39381313116374 3.40322940319041 -1.9581179896924996e-19)
(107.16800555779321 0.9216219000467415 1.4346588840777675e-17)
(69.22665597906511 0.02024193262332841 0.0)
(69.23206834819696 0.02433201217321446 0.0)
(69.23872057925762 0.02877370121412741 0.0)
(69.24683388497097 0.03330031751135922 0.0)
(69.25652737240634 0.03761916648184354 0.0)
(69.2677152426404 0.04146236336113389 0.0)
(69.27993747833098 0.04477677750124031 0.0)
(69.29320037300346 0.047187641301371576 0.0)
(69.30755984958893 0.04840893892122339 0.0)
(69.32247628208364 0.04816242167600896 0.0)
(69.33747918749161 0.04611252976703317 0.0)
(69.35200949369893 0.042809702402858356 0.0)
(69.36545450333678 0.03856435562295902 0.0)
(69.37809045132258 0.03351786131533008 0.0)
(69.38997368511613 0.028450111967812802 0.0)
(69.40049089364439 0.023513263269521696 0.0)
(69.40986196350012 0.018683633318668028 0.0)
(69.4180720198142 0.014530796206177518 0.0)
(69.42466248705522 0.010928364033350353 0.0)
(69.43003939729063 0.007726288607456783 0.0)
(69.43419271141893 0.005350480579810152 0.0)
(69.4367714006085 0.003436346157646277 0.0)
(69.43845384820649 0.0018902958511176347 0.0)
(69.4393704898013 0.0009796689788072572 0.0)
(69.43963119611963 0.0003454450429143289 0.0)
(69.43979731033316 8.022395999758751e-5 0.0)
(69.43981672549744 -5.135854247101801e-6 0.0)
(69.43986049916239 -3.35654732422174e-5 0.0)
(69.43996944869869 -1.6438618315752393e-5 0.0)
(69.22880379157125 0.018491430770674222 0.0)
(69.23232638025144 0.015936374655543137 0.0)
(69.21983282690209 0.016087515372104663 0.0)
(69.21674062319569 0.016140767987995366 0.0)
(69.21384677511823 0.015990458799026663 0.0)
(69.21053031256419 0.016063561176742857 0.0)
(69.20702980817003 0.016060431269258952 0.0)
(69.20315894006355 0.015879420377947016 0.0)
(69.19903848623515 0.015800554545499803 0.0)
(69.19492576763773 0.014677302283096202 0.0)
(69.18955614041802 0.014600618557412941 0.0)
(69.18373879924712 0.013563053696333868 0.0)
(69.1763364591008 0.013444703407861842 0.0)
(69.16772799441507 0.013356895772964441 0.0)
(69.1581699412173 0.01273378308988236 0.0)
(69.14745629046999 0.01207867808216499 0.0)
(69.13445213662952 0.011081698634294063 0.0)
(69.12006755620521 0.01052870876946262 0.0)
(69.10389832785236 0.009934864049107846 0.0)
(69.08511458757131 0.010193331119750383 0.0)
(69.06483905775293 0.01043825893058287 0.0)
(69.04176978120603 0.010767576660022699 0.0)
(69.01498416492343 0.011111292084247222 0.0)
(68.9829268302501 0.011505535946968844 0.0)
(68.94429543747968 0.011817176046193024 0.0)
(68.87935488923816 0.012655472952679199 0.0)
(68.85641510518371 0.011451033340467735 2.9040909414605355e-21)
(68.7909050600634 0.012791822825531391 -6.742144243835952e-24)
(68.74316301758739 0.02401619916138217 7.583374588648178e-24)
(68.72012387922697 0.055080260743154134 0.0)
(68.73724594695773 0.11535643877740738 4.0362951065920686e-22)
(68.78885260651492 0.21072050526101038 -1.865397939091288e-18)
(68.85777246223735 0.3439663591115724 -4.851229178422525e-25)
(68.92456129811357 0.5129122210365249 5.779786657725694e-18)
(68.9773679913552 0.7142928744398166 -5.0977899666626744e-18)
(69.01172943024991 0.9451268393004681 -9.148132922069635e-18)
(69.02652387138576 1.1991351294831991 3.3671864738914846e-20)
(69.02273282056848 1.4678266704354783 7.877747554760103e-18)
(69.00222797383823 1.7420540015829933 4.9124371696035256e-20)
(68.96802095504478 2.0108785932641786 -1.4819183175438776e-17)
(68.92445052822413 2.264361371185452 1.481458437508325e-17)
(68.87698807755407 2.492158130577056 1.482001086589173e-17)
(68.83153205400764 2.685859095201304 2.260895099879759e-25)
(68.79434608897556 2.839157611314531 -1.4781667606975318e-17)
(68.77207431187757 2.944165496470616 2.976853659135946e-17)
(68.76884538087718 2.9980636219262533 2.964591307485467e-17)
(68.78884680956223 2.996368384446813 0.0)
(68.84225673526316 2.942904748332826 -2.8660946608206295e-17)
(69.50138597350188 3.2586619538815182 -1.3949352703735088e-17)
(106.9537328476485 0.8055408643535926 0.0)
(69.22976828874353 0.02253664121268701 0.0)
(69.23584054754012 0.027013699644456886 0.0)
(69.24320596907842 0.03175747817899558 0.0)
(69.25205847687373 0.036554783093080315 0.0)
(69.26251625632582 0.04106792513477808 0.0)
(69.27430760435408 0.04514926448519967 0.0)
(69.28705025175928 0.048665670582648056 0.0)
(69.3007427503761 0.05118807301071728 0.0)
(69.31534360818264 0.052271718877677883 0.0)
(69.33027488531336 0.051682671460217655 0.0)
(69.34497095495452 0.04927240038644439 0.0)
(69.35887955469798 0.04563141031371073 0.0)
(69.37158863140868 0.04108116562076479 0.0)
(69.38338731191928 0.035759830089062694 0.0)
(69.39435273832014 0.030378108220221724 0.0)
(69.40404709302037 0.025119678184199825 0.0)
(69.4126581596 0.020062385092972288 0.0)
(69.4201894669932 0.015681985864449962 0.0)
(69.42625455282068 0.011860064406815038 0.0)
(69.43118825870766 0.008446635549387307 0.0)
(69.43496961730015 0.005831526612392228 0.0)
(69.43729228879612 0.0037143896048803986 0.0)
(69.43877148590896 0.002015298359139828 0.0)
(69.43953630442172 0.0010128622087464932 0.0)
(69.4397120800195 0.0003467316305443123 0.0)
(69.43982401709984 7.50311634949437e-5 0.0)
(69.43982328977037 -5.324916123918371e-6 0.0)
(69.43986109588273 -3.2492704662079934e-5 0.0)
(69.43996828863169 -1.3779720818966567e-5 0.0)
(69.23195642453331 0.0205876958092312 0.0)
(69.23476380864963 0.017814412537762028 0.0)
(69.22177501450824 0.01810141826101263 0.0)
(69.21832311783098 0.01815526028636697 0.0)
(69.21511162111354 0.018053084729252825 0.0)
(69.21166616563143 0.017945011826731024 0.0)
(69.20784785994798 0.017945311781581978 0.0)
(69.20380994717212 0.01766419931064611 0.0)
(69.19938918482322 0.017553769857763742 0.0)
(69.19513103010691 0.01649640813361338 0.0)
(69.18980656033085 0.016145193178880156 0.0)
(69.18387949318176 0.015291857531455821 0.0)
(69.17661436289309 0.01499895265757348 0.0)
(69.16790213036273 0.01504423687633643 0.0)
(69.15825359707753 0.014497250488648257 0.0)
(69.14747328729004 0.013867185724676968 0.0)
(69.13442899568894 0.012866737223539135 0.0)
(69.12000845130001 0.012276606269506569 0.0)
(69.10380473540492 0.011602596582331428 0.0)
(69.08495593334497 0.01184547853740997 0.0)
(69.06454448340418 0.01210220214081048 0.0)
(69.04129451625317 0.012467317306531705 0.0)
(69.0142583552507 0.012867960762872086 0.0)
(68.98184416353466 0.013344695041390893 0.0)
(68.94271139965778 0.013742420449399233 0.0)
(68.87694987602443 0.014673426841099495 0.0)
(68.85344210908792 0.013358991662471377 0.0)
(68.78597011179421 0.014648276615673998 -4.804716236971466e-20)
(68.73357394086935 0.025468967617305698 2.0074356643134757e-23)
(68.70171295632784 0.05581143499294156 9.309174287770152e-19)
(68.70747008365625 0.11534013490105081 3.730445276587353e-18)
(68.74958606273243 0.21024662181259107 1.7565490614024455e-18)
(68.81389258531695 0.3433341504013008 0.0)
(68.88072768263095 0.5123692953267376 -7.167064916836553e-21)
(68.93645787946149 0.7138585070813804 -9.534996887798413e-24)
(68.97504755160195 0.9447830554655978 4.516262791523225e-24)
(68.99444973330584 1.198853957004313 3.3666763845169865e-20)
(68.99527475464251 1.4676047594437704 -7.827747830356208e-18)
(68.97924237362808 1.7418655219704047 7.542422553292353e-18)
(68.94929573451408 2.0107165092534904 1.4781439863628247e-17)
(68.90975569793812 2.2642480050398532 1.4538164713928235e-17)
(68.8660738335784 2.492063578993767 -1.4530971618925094e-17)
(68.82408644681324 2.6858175911359647 1.457951096117186e-17)
(68.79009476647424 2.839047973567642 1.4798786838498886e-17)
(68.77064982211128 2.944122858358794 -1.4827317760993128e-17)
(68.76991927385656 2.998008982673041 -1.477472590757881e-17)
(68.79199624603015 2.9961876669020673 -1.4438369197013364e-17)
(68.83903562423141 2.934054599997246 1.6807779454668306e-19)
(68.91837554571559 2.8197518404841992 0.0)
(69.65486350379273 3.0371119698599327 -1.3026786790042052e-17)
(106.58925394847878 0.6506060911160931 0.0)
(69.23367393129486 0.024975747393307275 0.0)
(69.24050353613588 0.029753097390113212 0.0)
(69.24868855414834 0.03477735325776767 0.0)
(69.25844245484443 0.03980670342114725 0.0)
(69.2697548465902 0.04452376891469853 0.0)
(69.28222950774358 0.04883457762625717 0.0)
(69.29556602181569 0.052491668777333675 0.0)
(69.30975165368028 0.05492936147659102 0.0)
(69.32457719473432 0.0557125586209481 0.0)
(69.33942968860372 0.054637649329671814 0.0)
(69.35364439638992 0.05188501602102173 0.0)
(69.36680219213768 0.04794251874282586 0.0)
(69.37864604566843 0.04317333426636522 0.0)
(69.38949876125338 0.037639528025817465 0.0)
(69.39942986179754 0.03201801704748895 0.0)
(69.40817771691616 0.026527055714069922 0.0)
(69.41591642618604 0.021304968695591085 0.0)
(69.42267532588681 0.016744638004098446 0.0)
(69.42813680366149 0.012722398814798353 0.0)
(69.43255714524483 0.009110906862835564 0.0)
(69.43590496448442 0.006264433012281921 0.0)
(69.43791878380443 0.003948365835522392 0.0)
(69.43915047828476 0.0021066077818076567 0.0)
(69.43973081141999 0.0010216432638051366 0.0)
(69.43980335275194 0.00033556437635675593 0.0)
(69.4398527201347 6.652117444927155e-5 0.0)
(69.43982986979296 -5.2669366241679355e-6 0.0)
(69.43986168979606 -2.970866629958839e-5 0.0)
(69.43996704497287 -9.564143957338614e-6 0.0)
(69.23589527731143 0.02278800336676994 0.0)
(69.23788507369676 0.019816622765478596 0.0)
(69.2242745184902 0.020299014674621016 0.0)
(69.22031718036129 0.020384890034538243 0.0)
(69.21667738638165 0.02033172393642894 0.0)
(69.21306702926253 0.020136730316138912 0.0)
(69.20897457480613 0.020114994104578145 0.0)
(69.20468092281126 0.019847196226437977 0.0)
(69.19998670265191 0.01961049874724065 0.0)
(69.19542278589185 0.01870083560829138 0.0)
(69.19016093909909 0.017941692446723417 0.0)
(69.18408610462942 0.017240738937429896 0.0)
(69.17696014689696 0.01669046639627689 0.0)
(69.16816484216086 0.016851866926719763 0.0)
(69.15840964229831 0.016415059306712065 0.0)
(69.14755727745391 0.015859416768721886 0.0)
(69.13447330253742 0.014908535676782273 0.0)
(69.12002023173675 0.014300080019779057 0.0)
(69.10379550197165 0.013554640774024136 0.0)
(69.08490427023028 0.013762137651577286 0.0)
(69.0643789162928 0.014021530144007923 0.0)
(69.04098154827267 0.014415796170407563 0.0)
(69.01374390395316 0.014871272908155889 0.0)
(68.98104360566194 0.015437091068253904 0.0)
(68.9415138255247 0.01593151883991543 0.0)
(68.87510199474762 0.016965834939231157 0.0)
(68.85113770725982 0.015547788230770007 0.0)
(68.78205431590172 0.01681013236735817 8.545598888095602e-20)
(68.7256042893032 0.027254449763585032 0.0)
(68.68558497674498 0.05686324147471723 -8.422124986987748e-19)
(68.68001750520077 0.11555205860784748 -1.715397390398754e-18)
(68.7116632587647 0.2098588104954605 0.0)
(68.76984949126626 0.342706366107432 -3.0150209689252705e-18)
(68.83544443562067 0.5117195449487696 -5.41512679945971e-18)
(68.8933467206225 0.7133441344450167 0.0)
(68.93588001067424 0.9443682469961939 4.005506467750312e-24)
(68.95990799108083 1.198513838763616 8.167570981205791e-18)
(68.9655402000999 1.4673223742943657 -3.487063357650731e-24)
(68.95426286984338 1.7416166439626415 0.0)
(68.92889507122908 2.0105159873263823 3.470412197348917e-24)
(68.89373466779139 2.2640653336545005 -1.4505321178792554e-17)
(68.85416829819022 2.4919171649180742 1.4513506247361163e-17)
(68.81597469138147 2.6857231771567 -1.4574668048645798e-17)
(68.78545962680894 2.8389901583621517 1.4480252001992752e-17)
(68.76914477734132 2.944035545878098 -2.1780260677690465e-25)
(68.77116154653038 2.997931999654941 0.0)
(68.79564922643182 2.99606713914591 1.7181809099215325e-19)
(68.84459942729339 2.9339708812779386 2.820521597385106e-17)
(68.91653983787664 2.810965506682303 0.0)
(69.02024441550368 2.631047585910655 1.3100982353767734e-17)
(69.85232513127119 2.7386330043569673 -1.2138589427498214e-17)
(105.97772517159275 0.4592319181006633 -1.166250706656627e-17)
(69.23846737084776 0.0274325861996103 0.0)
(69.24616380389517 0.03249576501836601 0.0)
(69.25535419534144 0.037797917837662315 0.0)
(69.2661841796246 0.043018306133860346 0.0)
(69.27843135058504 0.04793259045727332 0.0)
(69.29166105731943 0.05239996560434468 0.0)
(69.30566542280425 0.05599957188786269 0.0)
(69.32034504533183 0.05813094220079154 0.0)
(69.33532352524645 0.05838110473256046 0.0)
(69.3498950717738 0.05679440859603902 0.0)
(69.36345273446967 0.05372474288229312 0.0)
(69.3757161962144 0.04959101925998946 0.0)
(69.38659911174518 0.04465931689815274 0.0)
(69.39639259816559 0.03900976301221737 0.0)
(69.40518870119827 0.03323556935157636 0.0)
(69.41287119266569 0.027634990334166918 0.0)
(69.41964086120747 0.02232395479717064 0.0)
(69.42554090647174 0.017633504981617705 0.0)
(69.43032081909823 0.013441215783949462 0.0)
(69.43415620383153 0.009654440515066165 0.0)
(69.43700609016766 0.006603281433759099 0.0)
(69.438655442238 0.004108972001518646 0.0)
(69.43959190198191 0.002147366705450541 0.0)
(69.4399526860928 0.0009988920445941044 0.0)
(69.43990287315304 0.0003097287035171165 0.0)
(69.43988194476638 5.4963029557900665e-5 0.0)
(69.4398360154296 -4.679968485222536e-6 0.0)
(69.43986224234266 -2.5038557403976786e-5 0.0)
(69.43996575649273 -3.5149613413937505e-6 0.0)
(69.24072273977961 0.024977057791507714 0.0)
(69.24178682875828 0.021898010547615428 0.0)
(69.22753547398017 0.022612850027357915 0.0)
(69.22282445460601 0.02288203043121841 0.0)
(69.2186784795372 0.02283293684246958 0.0)
(69.21473793645855 0.02260807709919096 0.0)
(69.21044353628407 0.022523221382168217 0.0)
(69.20584519073327 0.02234671754912778 0.0)
(69.20087404610872 0.0220662601018559 0.0)
(69.19590957821906 0.021305116853445723 0.0)
(69.19062063452685 0.020204967711728215 0.0)
(69.1844080688201 0.019457728448722785 0.0)
(69.17736592155994 0.018647300599837775 0.0)
(69.16854400923756 0.018771655510421443 0.0)
(69.15865357893692 0.018507329403139833 0.0)
(69.14772851682 0.018042047764093284 0.0)
(69.1345974793494 0.017226775414553162 0.0)
(69.12010988157806 0.01662508809111516 0.0)
(69.10387119835298 0.01583239154543395 0.0)
(69.08495548125738 0.015986198449054988 0.0)
(69.0643322211639 0.01623616405361608 0.0)
(69.04081208620512 0.016651688234160415 0.0)
(69.01341074979089 0.017156511938345324 0.0)
(68.98047919752555 0.017816715900838637 0.0)
(68.94063425403456 0.018419099253674177 0.0)
(68.87370842231965 0.01956866035758544 0.0)
(68.84937719800936 0.018031334727216672 -4.053039659617712e-24)
(68.7789818904201 0.019326164039966003 -3.794821742639032e-20)
(68.7190375363894 0.02942567322255693 0.0)
(68.67157838823742 0.058299497358102984 7.594334671503951e-19)
(68.65495547959014 0.11607473466873429 -1.1656858332972139e-23)
(68.67541709716014 0.20962375985362325 -1.533064178579556e-18)
(68.72607066589116 0.34210193960615193 2.8613682603943985e-18)
(68.78905162508916 0.5110369723376145 -9.544796382846687e-24)
(68.84822250915326 0.7127414995105765 4.7092158330357885e-18)
(68.89428394903989 0.9438359644996049 8.654510194976423e-24)
(68.9228692097249 1.1980767805898986 0.0)
(68.93345360863681 1.4669421644659684 3.437445729856747e-24)
(68.92719724098929 1.7412907125969985 0.0)
(68.90673089713339 2.0102442633537265 0.0)
(68.8762975109453 2.2638353948812893 -1.6248605729767504e-24)
(68.84120111883847 2.4917349285873067 0.0)
(68.80716177915463 2.685544256127269 8.744478261348262e-25)
(68.78045217333124 2.838844636154575 -1.4475865463247034e-17)
(68.76754251932815 2.9439859593500586 -1.4343872186738926e-17)
(68.77258803755159 2.9978649660572314 4.2587331937641965e-25)
(68.79972757349 2.9959822906175875 1.432978859805315e-17)
(68.85097564919467 2.9337374592258554 -1.4055300566921545e-17)
(68.92467563706435 2.810754782168004 2.1048764703748095e-25)
(69.01924720295786 2.62232187882072 0.0)
(69.14146442237009 2.3768847590815834 1.2214580559597008e-17)
(70.09479309960948 2.364650513491672 2.2324247789092658e-17)
(104.90875257437357 0.23535975984783586 0.0)
(69.24428447908555 0.029906851290415922 0.0)
(69.25306974783562 0.035281882664734726 0.0)
(69.2635009100835 0.04079926204515919 0.0)
(69.27552076680006 0.046149002553514146 0.0)
(69.28872832671483 0.051174804103536906 0.0)
(69.30276323918523 0.05560462380409963 0.0)
(69.31746624282277 0.058886154704883 0.0)
(69.33256778552493 0.060421418943913084 0.0)
(69.34749755003304 0.06000582899380312 0.0)
(69.3615388301897 0.05796195894657086 0.0)
(69.37426309639072 0.05465765197218736 0.0)
(69.38551708242895 0.050427428214889033 0.0)
(69.39535211647508 0.04537472261060162 0.0)
(69.40397451266038 0.039705298832868045 0.0)
(69.41154592823034 0.033901744473460046 0.0)
(69.41807113153779 0.028319965501513052 0.0)
(69.42379765294997 0.023009487815303726 0.0)
(69.42876987635559 0.018235252606951517 0.0)
(69.43279311566774 0.013921545363905455 0.0)
(69.43597655170024 0.010002813814103746 0.0)
(69.43826694402217 0.00679651294458065 0.0)
(69.43949785528257 0.004165929429319064 0.0)
(69.44009131614172 0.0021210439732264642 0.0)
(69.44019715372453 0.0009383561273068034 0.0)
(69.44000662038076 0.00026854526002056625 0.0)
(69.43990960156074 4.1135808233406016e-5 0.0)
(69.43984119646623 -3.147298648657213e-6 0.0)
(69.43986273153472 -1.111450753026953e-5 0.0)
(69.24660841957356 0.027202513080616542 0.0)
(69.24657844538756 0.02396702877683944 0.0)
(69.23168415782641 0.024973263160673255 0.0)
(69.22606177750704 0.02555377037569866 0.0)
(69.22122923930559 0.025622698436311687 0.0)
(69.21678117603233 0.02539918239256764 0.0)
(69.21226136700496 0.025163610948275423 0.0)
(69.20735119877334 0.02506800031454797 0.0)
(69.20209662687842 0.024846074065519554 0.0)
(69.19669052775525 0.024278071197175916 0.0)
(69.19121506717285 0.023056816327569063 0.0)
(69.18489427916984 0.02205579483344482 0.0)
(69.1778350613333 0.021026514569855274 0.0)
(69.1690655141623 0.02086255604931808 0.0)
(69.15901095930006 0.020805387971983485 0.0)
(69.14801342624955 0.020413241405249388 0.0)
(69.13482379884404 0.019826556749092176 0.0)
(69.12029061780834 0.01927581586229515 0.0)
(69.10403883347904 0.018471835320195362 0.0)
(69.08511088647201 0.018564713385350262 0.0)
(69.06440103069237 0.01878993355360249 0.0)
(69.04077545184933 0.019219041382014784 0.0)
(69.01323909330402 0.019764372040375577 0.0)
(68.98011839091919 0.020522190841607012 0.0)
(68.94002176322056 0.021244622557831123 0.0)
(68.8726907715925 0.02252277214576617 0.0)
(68.84806430709303 0.020859803081314427 1.7982434492797623e-21)
(68.7766118046659 0.02222984135145982 -3.366195791924676e-20)
(68.71368843454452 0.03203472118205023 1.934915971815797e-23)
(68.65953282846 0.06015263346384952 -6.831503514027153e-19)
(68.63231034720657 0.11694945319538977 1.4327181650179393e-18)
(68.64114479690191 0.20962470031529604 1.4234810594607282e-18)
(68.68299811218293 0.34154523269094883 -2.698725416690292e-18)
(68.7419436013996 0.5103232566465207 9.143188985757298e-24)
(68.80133740224134 0.7120743622258101 -9.127648688044097e-18)
(68.85037138455695 0.9432269420801151 0.0)
(68.8833430730356 1.1975231802546256 -7.833984027777811e-18)
(68.89896632886112 1.466465073654354 0.0)
(68.8979638984469 1.7408575722704975 3.620778835993721e-24)
(68.88271871869108 2.0098712401454244 -3.539898085356241e-24)
(68.85736906507528 2.2635297274819575 -1.7467649059909712e-24)
(68.8271142702948 2.491483555185239 0.0)
(68.79758166012003 2.6853646277630996 -1.407219614845468e-17)
(68.77503150735762 2.83870100053212 -1.4136347380769648e-17)
(68.76588853876935 2.943788936605488 2.851095181287318e-17)
(68.77423230328704 2.9977708669878615 1.4135770604184864e-17)
(68.80427437681605 2.9959440821007797 -4.168068271135763e-25)
(68.8580273063313 2.9336970447253017 -1.3745135817735024e-17)
(68.93386695369907 2.81062977214216 0.0)
(69.0300827053386 2.622006208224102 0.0)
(69.1403930347748 2.3683167022767515 0.0)
(69.27458424265575 2.0589313909894287 -1.1173960919528909e-17)
(70.39250022852866 1.9163792456351114 4.954373345458323e-18)
(102.87497784629312 -0.00867115322519696 0.0)
(69.25142616804021 0.032472820541377914 0.0)
(69.26157000462103 0.03808027413639599 0.0)
(69.27338736892713 0.04367257675661056 0.0)
(69.28657526764475 0.049039358835900736 0.0)
(69.30073713967708 0.05400500940631874 0.0)
(69.3156232878611 0.058130687518676005 0.0)
(69.3309777318324 0.06075767114751506 0.0)
(69.34628681094851 0.06147541259758559 0.0)
(69.36085754242538 0.060425395864590094 0.0)
(69.37413260188558 0.05803227787682313 0.0)
(69.3858697230983 0.05460012738473543 0.0)
(69.39603550916699 0.05027158164898574 0.0)
(69.40470168308727 0.04515866690908157 0.0)
(69.41205770077809 0.03955589545721991 0.0)
(69.41833113342273 0.03389203391295764 0.0)
(69.42366152923772 0.028440182054197172 0.0)
(69.42830035744856 0.023222988399517218 0.0)
(69.43230124704588 0.018421624103411863 0.0)
(69.43550485847234 0.014061680633413672 0.0)
(69.4379833126059 0.010088833013239635 0.0)
(69.43966569545915 0.006798294702778101 0.0)
(69.4404307555266 0.004093007093313242 0.0)
(69.44063723668374 0.0020138926516089016 0.0)
(69.44045498166568 0.000834881730824775 0.0)
(69.44010804340299 0.00021316881270604817 0.0)
(69.43993303260494 2.6072815851978115e-5 0.0)
(69.43984482586927 -1.0428357823123027e-6 0.0)
(69.25383047701939 0.029535369408249197 0.0)
(69.25243505794533 0.02608222849411384 0.0)
(69.23682982270981 0.02730605686930536 0.0)
(69.23022358689005 0.028256836838685483 0.0)
(69.22450464805083 0.02864173883475595 0.0)
(69.2193594629019 0.028541042809448854 0.0)
(69.21446718484763 0.028166539666508016 0.0)
(69.20924372339404 0.027992426062646424 0.0)
(69.20369447871892 0.02783544866696241 0.0)
(69.19784185782414 0.027515558319630495 0.0)
(69.19202331713089 0.02643790719891358 0.0)
(69.18557566411783 0.025184759302499193 0.0)
(69.17840694029391 0.02394991892991983 0.0)
(69.16973844445259 0.023301401113931013 0.0)
(69.15952561469767 0.023348705600308422 0.0)
(69.14844024012218 0.023014870584566628 0.0)
(69.13518770856868 0.022694575924773825 0.0)
(69.12058255462007 0.022275761218546818 0.0)
(69.10431284779162 0.021498817274867778 0.0)
(69.08537745939198 0.02154552376144259 0.0)
(69.06458833354418 0.021729926669929248 0.0)
(69.04086846656281 0.022166462930164523 0.0)
(69.01321818730035 0.022741515441445637 0.0)
(68.97994037935132 0.02359715835845208 0.0)
(68.93964059130822 0.02445286363040831 0.0)
(68.87199145789958 0.025874535709462132 0.0)
(68.84712645316064 0.024084217964195177 -6.520376389292889e-24)
(68.77483375654027 0.02556896334752584 2.797298921570672e-24)
(68.70940223744391 0.03512889881851815 0.0)
(68.64929500113244 0.06253285286317388 -1.8247554891969156e-23)
(68.61207608422076 0.1182493343430372 -1.3029476161358191e-18)
(68.60910345061853 0.2098895363483886 2.0791891142355175e-23)
(68.6410756314202 0.3411332135285682 2.538475450245568e-18)
(68.6945634445389 0.5096018824147516 4.748883313552948e-18)
(68.75301128336883 0.711323964991047 9.9634785290546e-21)
(68.80431530756292 0.9425188144698972 -8.200292791422813e-24)
(68.84138792288026 1.1968786746635176 7.694888122421842e-18)
(68.86205964049529 1.465864831629613 -7.305106106669949e-18)
(68.86651108903659 1.7403117382810556 0.0)
(68.85678535684634 2.0093901990883536 1.3906963487423172e-17)
(68.83688124765548 2.263112500792415 6.605998540729357e-24)
(68.81185695635894 2.49112617746754 1.592993081190586e-24)
(68.78721543855033 2.6850901905706306 1.4034227223117665e-17)
(68.76919714021328 2.8384739555660974 1.411121285480965e-17)
(68.7641381232092 2.943663584028117 -1.6866314194007035e-19)
(68.776135020283 2.9976061038106128 -1.413193655605962e-17)
(68.80937979803828 2.9957782538974995 0.0)
(68.86587209810551 2.933635392872891 2.7353630889870156e-17)
(68.94406699217629 2.810516010078638 1.3202819661369825e-17)
(69.04226553788885 2.621966277741947 0.0)
(69.15404918019112 2.367994028344332 0.0)
(69.27186943552664 2.0505176429953655 0.0)
(69.41279638092536 1.6787357520657757 -9.946745978261613e-18)
(70.77045910478311 1.4032403779808327 -4.301062086624357e-18)
(98.14081956504997 -0.2442809393834433 0.0)
(69.26021080427725 0.03504539677134466 0.0)
(69.2718688468495 0.04068190475377378 0.0)
(69.28502969723299 0.046194651665151264 0.0)
(69.29933192841223 0.051449446456049264 0.0)
(69.3144908646084 0.0561172921551845 0.0)
(69.33020905344065 0.05956283544320893 0.0)
(69.34598918470279 0.06123782361813174 0.0)
(69.36113111948265 0.06111911633606785 0.0)
(69.3750238914001 0.05957564371760757 0.0)
(69.38734552425699 0.0569543065902497 0.0)
(69.39798104124348 0.05338286226207272 0.0)
(69.40694050111024 0.04892473888955077 0.0)
(69.4143017162876 0.043836601549241676 0.0)
(69.42032328558733 0.038438350120554896 0.0)
(69.42529163618389 0.033077148973503494 0.0)
(69.42944844505335 0.02785404944882849 0.0)
(69.43299935263376 0.022813171973963382 0.0)
(69.43601513125827 0.018086488172737097 0.0)
(69.43837040504553 0.013789345451426288 0.0)
(69.4401176866493 0.009875073295863486 0.0)
(69.44116719400697 0.006580724452018019 0.0)
(69.4414280286773 0.0038693344171017146 0.0)
(69.44120891520215 0.001813896562773108 0.0)
(69.44071056494286 0.0006827456709083673 0.0)
(69.44019677751405 0.0001453495381187086 0.0)
(69.43994883566197 9.181568435284935e-6 0.0)
(69.26263766856094 0.031848169422788654 0.0)
(69.25957040957452 0.02829482285962579 0.0)
(69.24312655865717 0.02968224924342925 0.0)
(69.23546207908761 0.030895004025347204 0.0)
(69.22869491620278 0.03171956596651059 0.0)
(69.2226919278481 0.0319397477931738 0.0)
(69.21716319573976 0.03163382116066448 0.0)
(69.2116032396305 0.03125579769899652 0.0)
(69.20569991919228 0.03104958554024189 0.0)
(69.19944164706091 0.030895117650480686 0.0)
(69.19315201180267 0.030169792987186347 0.0)
(69.18649320209387 0.02888961471853117 0.0)
(69.17915274345883 0.02748784648947828 0.0)
(69.17056294466587 0.026331451430510654 0.0)
(69.16025418521573 0.026221070517540603 0.0)
(69.14904017466577 0.025941522304886628 0.0)
(69.13573641898148 0.02582067508172409 0.0)
(69.12101553499059 0.02564269423876287 0.0)
(69.10471551910217 0.024930096984789474 0.0)
(69.08576900870318 0.024970201831256658 0.0)
(69.0649032776153 0.025105755555123576 0.0)
(69.04109526726188 0.02554527100121274 0.0)
(69.01334557266713 0.026140717441802377 0.0)
(68.97993491767834 0.027090624868039762 0.0)
(68.93946838739316 0.02809424740453406 0.0)
(68.87157108114023 0.0296763753332693 0.0)
(68.84651272203618 0.02774005605343237 -1.8949581294175788e-25)
(68.77356528199094 0.029411966152846095 5.288663095706397e-20)
(68.70605261263087 0.03878460950511472 1.5306971200110706e-23)
(68.6407242472384 0.0654700453765443 1.7228858758478338e-23)
(68.59422205503893 0.12008256456772098 -1.8590416207675186e-23)
(68.57950797775081 0.21054556486983222 1.2100444049788143e-18)
(68.60073773848922 0.34089626032471454 -2.3727917909951938e-18)
(68.64739567194975 0.5089099064467447 -4.5169509635433556e-18)
(68.70363208935305 0.7105561180427921 4.2362990571191256e-18)
(68.7563573518555 0.9416996968639216 1.589162992529131e-23)
(68.79711490775436 1.1960925193930012 -7.12516122000433e-25)
(68.82275665244512 1.4651368429592553 1.4350259859807946e-17)
(68.83280349704451 1.739620731033146 -6.949537631736316e-18)
(68.82887835993631 2.008763988943942 -1.3789839788255479e-17)
(68.81477410264662 2.2625713704661625 1.3596344392508093e-17)
(68.7953656149749 2.490678591516116 -3.1399922631524582e-24)
(68.77602990362293 2.6847041255601245 0.0)
(68.7629302220698 2.838181496449853 -1.3751044028014275e-17)
(68.76234074280644 2.94343350357561 -2.776055182925527e-17)
(68.77831531195778 2.9974308541676997 0.0)
(68.81506212946762 2.9956716492839983 7.381593546922552e-27)
(68.87460530669215 2.933468920865249 -1.680439451788691e-19)
(68.95536990254 2.8104576884394703 -1.3218501092283904e-17)
(69.05579228964052 2.621826481355162 0.0)
(69.16943607265563 2.3678660301668497 0.0)
(69.28856856560056 2.050147045789337 1.0943261609625777e-17)
(69.40522290148856 1.6705670425064285 9.92297155682344e-18)
(69.55171580273071 1.2453790621270058 3.500861555323988e-20)
(71.2694961585603 0.8365445802986436 0.0)
(78.67965150988331 -0.33599408799036545 0.0)
(69.27077901508858 0.03735635195077447 0.0)
(69.28391982854927 0.04284121367983483 0.0)
(69.29835751094126 0.04818525838307673 0.0)
(69.31380487056188 0.05313530821898014 0.0)
(69.32993839649164 0.057108615160191646 0.0)
(69.346240643372 0.05949997916563306 0.0)
(69.36200277844922 0.06015109425879137 0.0)
(69.37656549157315 0.059357451240650755 0.0)
(69.38953648914216 0.057461173968265895 0.0)
(69.4007451433834 0.05458713399583262 0.0)
(69.4101190458192 0.05077665063603312 0.0)
(69.41769802550911 0.04623688622877438 0.0)
(69.42366600082879 0.041325171778384844 0.0)
(69.42836203545181 0.036313798817262245 0.0)
(69.43211423798995 0.03135300187379482 0.0)
(69.43516381756871 0.026454049398871016 0.0)
(69.4376818329651 0.021688692033393256 0.0)
(69.43974649731754 0.017203100271815496 0.0)
(69.44128443044369 0.013106122997772909 0.0)
(69.44231281993126 0.00936235191384896 0.0)
(69.44272682186669 0.006130424924890768 0.0)
(69.44245017235043 0.0034698822882813863 0.0)
(69.44177020175734 0.0015024911716569767 0.0)
(69.44093697514236 0.00047196461035042115 0.0)
(69.44025615080903 5.425681168707162e-5 0.0)
(69.27316984584503 0.03387332021113465 0.0)
(69.26818779917807 0.030466047555148746 0.0)
(69.25074871707953 0.03214908683698037 0.0)
(69.24191894373331 0.03354929419448565 0.0)
(69.2339960605122 0.03471735489914516 0.0)
(69.22697112085682 0.035404732277740054 0.0)
(69.22057300917992 0.03545119196958585 0.0)
(69.21451406382208 0.035014322842276374 0.0)
(69.20819727492095 0.03464912829093163 0.0)
(69.2015577358423 0.03444308222563057 0.0)
(69.19472486914306 0.0340837017564046 0.0)
(69.1877323315338 0.03304335019382455 0.0)
(69.1801551060897 0.0316425512072197 0.0)
(69.1715624749941 0.030127082235409754 0.0)
(69.16124318852606 0.02959364941566602 0.0)
(69.14985739045137 0.0293142171845316 0.0)
(69.13651934590601 0.02924551549517418 0.0)
(69.12163439672713 0.029379761654760136 0.0)
(69.10527640961296 0.028781913823848166 0.0)
(69.08630829960384 0.028865191731109623 0.0)
(69.06536139083096 0.028967767708137967 0.0)
(69.04146749950829 0.0294069923917644 0.0)
(69.01362677900656 0.030020023451609583 0.0)
(68.9801016174614 0.03105724529615676 0.0)
(68.93949506934771 0.03222494507055229 0.0)
(68.87140678859036 0.033987218109643016 0.0)
(68.84619128584625 0.03189086253574717 -2.178527979638952e-25)
(68.77274782246512 0.033795107188689666 -3.695706344302836e-24)
(68.70354061131596 0.04304496455110882 0.0)
(68.63369684887685 0.06906617977377638 -4.540912193894621e-23)
(68.5787010159924 0.12250693501480507 -4.943996552168749e-23)
(68.55253236880355 0.2116454613600891 -2.2196776239918494e-18)
(68.56240025024955 0.3409389468959487 2.3859789299521248e-21)
(68.60095573280145 0.5083171265415275 -4.264677961468454e-18)
(68.65365302885495 0.7097355639101977 4.046310139659202e-18)
(68.70681366243478 0.9408002973865418 0.0)
(68.750701488046 1.1951903896672214 7.27042160649067e-18)
(68.7811267510834 1.4642526078442386 -7.032623177011396e-18)
(68.7968458573951 1.73876809165217 4.9040696505360294e-20)
(68.79896313634691 2.00797992300036 -1.3428375386591798e-17)
(68.79100423068896 2.2618600341467903 -1.34939961316646e-17)
(68.77761564607528 2.490059522373105 -3.0910602184952004e-24)
(68.76398583407784 2.6842186672467694 0.0)
(68.75623261919182 2.8377618054075717 2.7247833322034744e-17)
(68.76050573099857 2.943107849756375 2.73557822497242e-17)
(68.78082083058597 2.9972054469256473 0.0)
(68.82142429599077 2.995435373465926 1.3475714118514186e-17)
(68.88428462086695 2.933349606513645 -1.6803661714764078e-19)
(68.9679198777089 2.810249957493002 0.0)
(69.07076530879871 2.6217412186501425 0.0)
(69.18648569526484 2.3677781555801007 -1.1719287776978821e-17)
(69.30745660361828 2.0500247826252576 -1.0983254310018019e-17)
(69.42534367587702 1.6701462304374397 -4.966282972124987e-18)
(69.53164750788376 1.237758379095257 4.354568457555263e-18)
(69.70327023259141 0.7712730924498599 0.0)
(70.92439910867553 0.23040182495033634 0.0)
(35.283317748275145 0.051771236854478056 0.0)
(69.2831159804753 0.03919108127562108 0.0)
(69.29768653996784 0.044462589472360155 0.0)
(69.31340559153395 0.04948284830240047 0.0)
(69.32993601141337 0.05372534979195783 0.0)
(69.34675128410474 0.056578609139746036 0.0)
(69.3631335397625 0.057800765992877194 0.0)
(69.37838912470458 0.05760564589644829 0.0)
(69.39205212670068 0.056305639421916964 0.0)
(69.40387446655136 0.054012733507023 0.0)
(69.41373299591906 0.05074932045727081 0.0)
(69.42161781177711 0.046717622590312195 0.0)
(69.42770068964158 0.042284279590595115 0.0)
(69.43230511145117 0.03775399200272407 0.0)
(69.43579039935493 0.03323269244863035 0.0)
(69.43845979585392 0.028716350967291363 0.0)
(69.44051095340045 0.02424897643282585 0.0)
(69.4421133770382 0.01992334707081247 0.0)
(69.44334234357251 0.015862838278960664 0.0)
(69.44415358818208 0.012082435202488858 0.0)
(69.44450536530398 0.008555765400296976 0.0)
(69.44428111689842 0.005415056477867938 0.0)
(69.4434291113978 0.002846964024748087 0.0)
(69.44225646965754 0.0010442953185438907 0.0)
(69.44108723008436 0.0001751300048333788 0.0)
(69.28549203787597 0.03543622825070877 0.0)
(69.27846604787042 0.03234528627888304 0.0)
(69.259895201361 0.03455836969716248 0.0)
(69.2497350507656 0.036276205176058604 0.0)
(69.24058013014451 0.03769158826174085 0.0)
(69.23238647151737 0.03878458698101245 0.0)
(69.22494300167457 0.03935441335559575 0.0)
(69.21812127464882 0.03921173036766124 0.0)
(69.21130916920377 0.03876690147913823 0.0)
(69.20424453567982 0.03837953808387362 0.0)
(69.19687880867788 0.03814647924154049 0.0)
(69.18941464235333 0.037470112384759204 0.0)
(69.18151355135673 0.03630054897459762 0.0)
(69.17280276782377 0.03469861623246546 0.0)
(69.16251646620354 0.033675726638871084 0.0)
(69.15095348391706 0.033253950853919974 0.0)
(69.13757754584148 0.03309098994217217 0.0)
(69.12250139528656 0.03348311730143225 0.0)
(69.1060326536162 0.033078130090966516 0.0)
(69.08702895004353 0.033238966769187 0.0)
(69.06598586479161 0.033361936357939 0.0)
(69.04200473062852 0.033801401147022736 0.0)
(69.01407561691599 0.034440251127955485 0.0)
(68.98044965936559 0.03555744765103893 0.0)
(68.93972230132601 0.036906670315095445 0.0)
(68.87149097189524 0.03887271198836028 0.0)
(68.84614749538102 0.03660090012589691 -1.1018156506989122e-21)
(68.77234490994186 0.038795092844476874 -4.143738537926045e-20)
(68.7017931578939 0.04799275129747927 0.0)
(68.62810657454676 0.0733879691081967 2.748744859859281e-23)
(68.56545499954103 0.12563247447627696 2.8566464046963434e-23)
(68.52831119963389 0.21329367268011615 7.763992396623836e-22)
(68.52645086834015 0.3413123797212697 2.053182535952663e-18)
(68.55577777013683 0.5078609854890463 4.022903646470959e-18)
(68.60358915595016 0.7089354827918823 -9.930502318104562e-21)
(68.65607593303763 0.9398207699965574 1.346100034283674e-23)
(68.70239528310817 1.194159383275341 -7.086210353471389e-18)
(68.73729860196349 1.4632150144311036 -1.3701624424934732e-23)
(68.75868317568197 1.7377332074497636 4.9005835490276485e-20)
(68.76703302397685 2.007012093212913 1.3276255123559115e-17)
(68.7655430463885 2.2609722656109903 1.2551931939833976e-23)
(68.75856688035724 2.4892757189172183 0.0)
(68.75108242930632 2.683543034442715 0.0)
(68.74909596851798 2.8372197627338602 -2.680991140273342e-17)
(68.75865392772266 2.942673112545058 -1.3549838429681865e-17)
(68.78371555898157 2.9968342408644193 3.9646067933447375e-25)
(68.82851080690716 2.995190523272002 -1.3453260539699581e-17)
(68.89503970682598 2.9330991457981477 -1.3245909912813581e-17)
(68.98179762263429 2.810117326641348 0.0)
(69.08735714661447 2.6214957327825688 0.0)
(69.20536346918054 2.3676380806269366 1.1735511932941685e-17)
(69.32838729531925 2.0498559437448343 0.0)
(69.44831696828022 1.6699928875005925 -4.8938536825104525e-18)
(69.55583367714615 1.23727002232576 0.0)
(69.64840389897613 0.7651478161698857 0.0)
(69.92488774119434 0.27228933736443794 0.0)
(53.302345597081214 -0.13801707810147634 0.0)
(30.89994529694178 -0.012779894980121054 0.0)
(69.2972389226212 0.040509906391870354 0.0)
(69.31319788977285 0.04543290661156591 0.0)
(69.330071545002 0.049735109233420005 0.0)
(69.34734091298479 0.05282941214392114 0.0)
(69.36429792487539 0.054429620430673405 0.0)
(69.38022494191615 0.0546746091464308 0.0)
(69.394580096601 0.05382668424519917 0.0)
(69.40702482681472 0.05197882880927829 0.0)
(69.41737534923293 0.049148195303435824 0.0)
(69.42560673786751 0.04553548328153873 0.0)
(69.43187960962969 0.04152790695170426 0.0)
(69.43652174200552 0.03744520545559961 0.0)
(69.4398928665037 0.03339747080503835 0.0)
(69.4423104757356 0.029361476280200926 0.0)
(69.44403426016736 0.02535571428152181 0.0)
(69.44525773160672 0.021473035635151155 0.0)
(69.44613733104286 0.017761523419805664 0.0)
(69.44671073806724 0.01421131046634205 0.0)
(69.4468974820429 0.010754271210207632 0.0)
(69.44660364165168 0.0073984973638572885 0.0)
(69.44571479939769 0.00435038071787142 0.0)
(69.44424279199139 0.0019317840839067903 0.0)
(69.4425626573133 0.0003863879316095138 0.0)
(69.29963226056168 0.03650911829954288 0.0)
(69.2905286020617 0.03376938703337644 0.0)
(69.27077824881736 0.03663829767477587 0.0)
(69.25908766060398 0.03892685261939701 0.0)
(69.24858378724916 0.04069966811268411 0.0)
(69.23911868163312 0.042112256062112816 0.0)
(69.2305003216461 0.0431494827534397 0.0)
(69.22263991914795 0.04356809350311139 0.0)
(69.2151780304896 0.0433409171168682 0.0)
(69.20757104385605 0.04288477195499637 0.0)
(69.19972198457675 0.042520945780099954 0.0)
(69.1916730326598 0.04210641226950364 0.0)
(69.18335462608516 0.04127305107057874 0.0)
(69.17438277509078 0.03989524286652584 0.0)
(69.16409596104137 0.038567621116179125 0.0)
(69.15239084664805 0.037872160590984506 0.0)
(69.13894577381052 0.03752371788508517 0.0)
(69.12368709607513 0.03798217070310244 0.0)
(69.10703331244218 0.037846726527593 0.0)
(69.0879751208949 0.0380944798332671 0.0)
(69.06681064672532 0.038320533248011455 0.0)
(69.04273501748514 0.03877618109217601 0.0)
(69.01471515027083 0.03946078159557787 0.0)
(68.98099799163751 0.04065697005414757 0.0)
(68.9401635220654 0.04220623907993822 0.0)
(68.87183074469583 0.04440509552585158 0.0)
(68.8463833165195 0.041934915378297966 1.5552259611119722e-23)
(68.77234159308401 0.04448755122428522 4.863855621612923e-24)
(68.70076100286353 0.05370525353129445 0.0)
(68.6238670965944 0.07852145256321173 -4.899529307353974e-23)
(68.55442320044642 0.12954569201703434 -2.569433304019571e-23)
(68.50694426617885 0.2156183077028006 9.238164171094372e-19)
(68.49324218224571 0.34210368077796904 -1.8949983678290215e-18)
(68.51240197411379 0.5076175573735092 3.765471347768684e-18)
(68.55400747272502 0.7081823098966603 -3.675131251210657e-18)
(68.60461440105614 0.9387792634256208 0.0)
(68.65252384038205 1.1930061697508372 0.0)
(68.69146640737677 1.4620308304593648 6.627409438913632e-18)
(68.7184079958431 1.7365173566163066 6.55081403838347e-18)
(68.73312301870949 2.005827416636199 0.0)
(68.73838730545104 2.259873287680949 1.2858622712682155e-17)
(68.73820705154455 2.488285401523725 -5.9679394391136045e-24)
(68.73729602431033 2.6826976114817325 -1.300210435280228e-17)
(68.74153596161848 2.836486112317012 2.6350081334656667e-17)
(68.7568121373766 2.9421018492403364 1.315874083440228e-17)
(68.78702873218377 2.996397757090966 7.802017282084094e-25)
(68.83641748595346 2.9948310591215197 1.3077955569008976e-17)
(68.90694723030126 2.9328442361150184 -1.2887635741825008e-17)
(68.99716135330218 2.8098751606407064 -1.2564915309786431e-17)
(69.10567670746362 2.621384745157077 0.0)
(69.22624652190557 2.367392267990488 0.0)
(69.35154191758002 2.049733773359838 1.0680559035820867e-17)
(69.47377341488017 1.6697876805772258 9.771300026231702e-18)
(69.58409430565095 1.2370070763870566 0.0)
(69.67725667364857 0.7644474566390255 -1.852646370709051e-18)
(69.85498841531239 0.27519344234878784 0.0)
(61.91146364033665 -0.1864074033590413 0.0)
(48.14901170949247 -0.42326079086214013 0.0)
(29.880171291351655 -0.11468095989984223 0.0)
(69.31311245017096 0.04121021121676548 0.0)
(69.33026529913015 0.04541386858538757 0.0)
(69.34791196766967 0.04857635617569228 0.0)
(69.36536913082911 0.05039283222513275 0.0)
(69.38190643132502 0.05093554840245666 0.0)
(69.3969089374732 0.05040765636936428 0.0)
(69.40994565093823 0.048882094074772564 0.0)
(69.420773837608 0.0463843388155907 0.0)
(69.4293619197941 0.043121577938623555 0.0)
(69.43587550380636 0.03948258173987189 0.0)
(69.44062959139555 0.035789633131144145 0.0)
(69.44397529755929 0.03215448194448068 0.0)
(69.44624431904143 0.028566431856256968 0.0)
(69.44773551292818 0.025050811029239246 0.0)
(69.4487075113648 0.021687663322660183 0.0)
(69.44933577253407 0.018508128220111726 0.0)
(69.44970363340441 0.015414767019167643 0.0)
(69.4497621818116 0.01227522844776585 0.0)
(69.44937794892996 0.009030020919269778 0.0)
(69.44843556442815 0.0057795303538156284 0.0)
(69.44684594653235 0.002854684613725059 0.0)
(69.44472068349866 0.0006959696913526305 0.0)
(69.31546869891747 0.03698879312179147 0.0)
(69.3043831274942 0.03469554570238209 0.0)
(69.28355284749699 0.03819221680761465 0.0)
(69.27017844921008 0.04121051236495942 0.0)
(69.25816373439162 0.043599756383857984 0.0)
(69.24731872900392 0.045431719997578966 0.0)
(69.23743235198373 0.04685293700255627 0.0)
(69.22834515693138 0.04782884190970359 0.0)
(69.21996782995895 0.048118683085175924 0.0)
(69.21167677445806 0.047887123456458305 0.0)
(69.20329820108792 0.04741701457548837 0.0)
(69.19464077793207 0.047043191769045506 0.0)
(69.18580229690275 0.04646203486343441 0.0)
(69.1764281493274 0.04548193791328345 0.0)
(69.16603007896681 0.04416989545308745 0.0)
(69.15421340826165 0.043228852499742905 0.0)
(69.14066492101489 0.04267078944466982 0.0)
(69.125251715329 0.04297786880873224 0.0)
(69.10834615178888 0.043111248441584614 0.0)
(69.08919906585153 0.04345291085393429 0.0)
(69.06788476159184 0.04385491445963065 0.0)
(69.04369613745145 0.04437692596930106 0.0)
(69.01557922120466 0.045135315171382445 0.0)
(68.981776207547 0.04642483388051978 0.0)
(68.94084451457876 0.04819507320584353 0.0)
(68.87244833866083 0.05066262465340563 0.0)
(68.84691751497344 0.04796395205425868 -1.3744534255133335e-23)
(68.7727431895851 0.05093691037258614 1.6197277821734692e-20)
(68.70041854441304 0.06026569146536887 7.573396495269087e-20)
(68.62091466228512 0.08456786366058919 0.0)
(68.54554710998597 0.13434649577239646 4.6125858645299124e-23)
(68.4885016482939 0.21867549659518998 0.0)
(68.46308712435112 0.3434466745765475 1.7467000384887968e-18)
(68.47136129456091 0.5076162646804154 -7.039060339526835e-18)
(68.50551784070512 0.7075050127804824 0.0)
(68.5529753503621 0.937683169240476 2.473372344720911e-23)
(68.60149842461061 1.1917351135013639 0.0)
(68.64389873020113 1.460660007541577 -6.467706595535258e-18)
(68.67617656182692 1.7350963706419027 2.4259756008460032e-23)
(68.69730393339606 2.004430223952175 1.2564977240344481e-23)
(68.70956714009573 2.2585342914590605 -2.5290329812043658e-17)
(68.71654647581926 2.4870489970052314 0.0)
(68.72263793676935 2.681620915235319 1.2905096211640626e-17)
(68.73355667341359 2.835573023940729 -1.301491032404833e-17)
(68.75502480283697 2.9413236419798037 -1.3094365228977531e-17)
(68.7908401662538 2.995773563503781 0.0)
(68.84523250229394 2.9943136541732067 -2.5901783184796783e-17)
(68.92013849619529 2.932463252662529 1.285615268525808e-17)
(69.01413562272593 2.8095738772754246 2.492454276164203e-17)
(69.12592964545236 2.6210920206706234 -1.193335504942804e-17)
(69.24930071592622 2.3672163746843164 0.0)
(69.37713929880994 2.0494440001832794 -1.0686656912188905e-17)
(69.50192447218507 1.6696073277820553 -4.871317750597435e-18)
(69.61541688460417 1.2367341481997933 1.0057543348828381e-25)
(69.71349448621963 0.7639785586514968 1.86887048039541e-18)
(69.90348674410694 0.27600350191721357 0.0)
(66.07588047649622 -0.2126188065096646 0.0)
(57.71151597055145 -0.5655422253392582 0.0)
(46.84657487079928 -0.7051689168663922 -3.3307498057242387e-18)
(29.403027053486383 -0.21398227941948328 0.0)
(69.33046616974656 0.04098363260201028 0.0)
(69.34841538892098 0.04408798591905089 0.0)
(69.36628723368533 0.04599447072783005 0.0)
(69.38334460886976 0.04671755381668646 0.0)
(69.39891081670407 0.04640099690536 0.0)
(69.41247410394145 0.04510083287977307 0.0)
(69.4237425948918 0.04286037208392786 0.0)
(69.43268303463121 0.039897885269996665 0.0)
(69.43946732496069 0.03658870372508452 0.0)
(69.4443899558031 0.033235322561159145 0.0)
(69.44777027512703 0.029950104993341893 0.0)
(69.44995463303016 0.026745722009190235 0.0)
(69.45128972050877 0.023670411010935193 0.0)
(69.4520836748939 0.02079696479270203 0.0)
(69.45254005991724 0.01812835224228025 0.0)
(69.4527506811266 0.015544807100489211 0.0)
(69.45271064544991 0.012857847464745241 0.0)
(69.45231085350571 0.00994808849835926 0.0)
(69.4513902839325 0.006829683318331188 0.0)
(69.44980932284233 0.003694401467190469 0.0)
(69.44749715537422 0.0009964585546925998 0.0)
(69.3326909695367 0.03661484079553011 0.0)
(69.31984787864027 0.03501983268510223 0.0)
(69.29821650273149 0.03914459732749093 0.0)
(69.2831652127646 0.04289595952396927 0.0)
(69.26950104701673 0.04608984779633413 0.0)
(69.25714326397461 0.04859994244833746 0.0)
(69.24588638098895 0.05050390807366906 0.0)
(69.23548688653668 0.05195574322663231 0.0)
(69.22592728097814 0.052848632220073605 0.0)
(69.21676239406763 0.053115264269169606 0.0)
(69.2076802523919 0.052848702196311666 0.0)
(69.19842700165029 0.05242974531379385 0.0)
(69.18895997959517 0.051956819199539823 0.0)
(69.17908542168847 0.05129050398277061 0.0)
(69.16840336751477 0.050260859826028424 0.0)
(69.1564585188531 0.0492605312509862 0.0)
(69.14278611206227 0.04855908645670816 0.0)
(69.12723668942016 0.048611548168203476 0.0)
(69.1100562932349 0.048900490436092486 0.0)
(69.09076140200295 0.04936486990352929 0.0)
(69.06927457902036 0.04996433907843659 0.0)
(69.04493886752282 0.05064331679210986 0.0)
(69.01671405533529 0.051511066400771105 0.0)
(68.98282641100984 0.05292867642418086 0.0)
(68.94180453412355 0.054948627846274564 0.0)
(68.87338196696676 0.05772853937462797 0.0)
(68.84778594025252 0.05476924487752788 0.0)
(68.77357496330097 0.058226769300823315 -1.494504195963801e-23)
(68.70076435950755 0.06775868088270988 -6.710408281085432e-20)
(68.6192077026713 0.09162884196889966 -3.681795667310724e-23)
(68.53877490697681 0.14016087817734446 0.0)
(68.4730292758248 0.2226251177210613 -7.585423784331642e-19)
(68.43625560016437 0.34540111095294124 0.0)
(68.43316865473658 0.5079823721663463 3.276576275531014e-18)
(68.45875892831924 0.7069235404638202 5.2156633203493414e-23)
(68.50177403813501 0.9365210666132915 0.0)
(68.54981687242011 1.190310901234463 0.0)
(68.59494909456222 1.4591079324447158 6.213606200543884e-18)
(68.63221089837576 1.7334479755454923 6.14925737354995e-18)
(68.65970264346453 2.0027794746599388 -1.1233630186793202e-23)
(68.67914191441663 2.256935317759688 1.2414935008346868e-17)
(68.69361292213745 2.4855504643859745 5.727593722565433e-24)
(68.70713136141305 2.680274539545141 6.114510086125301e-24)
(68.72519962672223 2.8343857812723963 2.960642551602921e-24)
(68.75332159341546 2.940359494997562 -4.5304383562213625e-24)
(68.79521206063798 2.9949470706896046 0.0)
(68.85503493368182 2.9936823760453337 2.5456773743194164e-17)
(68.93473040856973 2.9319355179451114 -1.247940926637736e-17)
(69.03287815172878 2.8091208645793366 -1.2350377835913316e-17)
(69.14825748679922 2.620790154742427 1.1910595262629871e-17)
(69.27474166834756 2.366921729788405 1.1185577321293927e-17)
(69.40538053917089 2.0492228047694065 1.0450292156788407e-17)
(69.53301759607511 1.6692659740486067 0.0)
(69.65003181495696 1.2364217623639762 0.0)
(69.75373453493395 0.7633361186765726 -1.5364962103487265e-25)
(69.97063531353108 0.276303918981613 0.0)
(68.11219550319836 -0.2247715180071737 0.0)
(63.03654161146781 -0.6496681282001866 0.0)
(56.532029989214244 -0.9251913986814675 3.3681556326354153e-18)
(46.2330518343843 -0.9649890261392139 0.0)
(29.122116364203485 -0.30328411328834326 -9.459434682011359e-18)
(69.34883419675484 0.03957474370100311 0.0)
(69.3670378041613 0.04147779944722369 0.0)
(69.38451431561671 0.04229114622885066 0.0)
(69.4005403895915 0.042105261830922475 0.0)
(69.41454387950874 0.04096309880987259 0.0)
(69.42619445776566 0.03892749138426128 0.0)
(69.43545502981516 0.03622562679894692 0.0)
(69.44250085574787 0.03321071537931221 0.0)
(69.44761101821857 0.030153942546629724 0.0)
(69.45106973561917 0.027167086101716555 0.0)
(69.45322859635877 0.024293430909993825 0.0)
(69.45447697522032 0.02160491041235084 0.0)
(69.45516298352977 0.019155516463307206 0.0)
(69.45548579867014 0.016910907122143697 0.0)
(69.45554041545329 0.014747020748220294 0.0)
(69.45538069102534 0.012501422437995437 0.0)
(69.45499214428565 0.010038073724957469 0.0)
(69.45422885998634 0.007288353090713765 0.0)
(69.45284875352124 0.004289664456996083 0.0)
(69.45062536892193 0.0012743837169185016 0.0)
(69.35086689942082 0.035191461287334316 0.0)
(69.33660546856171 0.03452267518473066 0.0)
(69.31455105987668 0.03937734048289966 0.0)
(69.29804772816803 0.043870881358062754 0.0)
(69.28274415671126 0.04790609389998221 0.0)
(69.2687591490167 0.05130413280209785 0.0)
(69.25600831147533 0.05395611352992223 0.0)
(69.24423488419184 0.055966794537006335 0.0)
(69.23333650024239 0.05743954273488991 0.0)
(69.22308428837817 0.05831624194477495 0.0)
(69.21306622839211 0.0585786522956342 0.0)
(69.20313489790638 0.058318471268866384 0.0)
(69.1929513334772 0.05791688370713524 0.0)
(69.18249678783673 0.0573694913889442 0.0)
(69.17134906840666 0.05667046846016554 0.0)
(69.15919039869523 0.05580415217847332 0.0)
(69.14537024687577 0.055110543727056226 0.0)
(69.12968056270398 0.05496986672078872 0.0)
(69.11225091713631 0.05527042101568102 0.0)
(69.0927387144751 0.05589154233148304 0.0)
(69.07106060966213 0.05666520939188218 0.0)
(69.04653316329791 0.05760076483699091 0.0)
(69.01817967157336 0.05863329838314697 0.0)
(68.98420614166768 0.06022818351490077 0.0)
(68.94309817185389 0.06254484326404708 0.0)
(68.87468762531998 0.06568961812597805 0.0)
(68.84904271829356 0.06242719043850863 2.145498412044229e-23)
(68.77488362504401 0.06643695583698267 0.0)
(68.70182152654536 0.07627049864225768 2.833797922131835e-23)
(68.61872906442997 0.09980487141325174 1.0161108138849694e-22)
(68.5340683886709 0.14711569103747807 6.216681188280369e-19)
(68.46055639328597 0.2276016128290595 1.370434000533943e-18)
(68.41297601278794 0.3481200835744224 4.6331368219996945e-23)
(68.39830683666327 0.5087604340024784 3.027880511124318e-18)
(68.41438283876839 0.7064967763488751 3.063835540497649e-18)
(68.45168577123765 0.9353101050879877 -4.475653637433465e-23)
(68.49806345125752 1.1887034084662573 0.0)
(68.54506043231657 1.4573272599626936 -1.2018739353524825e-17)
(68.5868126689436 1.7315399099406568 -6.0054663267720835e-18)
(68.620508199001 2.000851211332119 -2.377581711385608e-23)
(68.6472231762763 2.2550470162545753 0.0)
(68.66946880213325 2.4837476803705596 -1.208497365383187e-17)
(68.69081058718034 2.678648489115203 0.0)
(68.71649790026925 2.8329181224955016 -8.790479413353993e-24)
(68.7517690684469 2.9391126669080743 0.0)
(68.80020632900174 2.9939313027893597 1.2459526447880699e-17)
(68.86593989519984 2.992805661456644 -1.2581896821151512e-17)
(68.95084076200767 2.931268035936007 1.242911191950387e-17)
(69.05352329833579 2.808613245425255 -3.7506224990898863e-25)
(69.17286220965926 2.620292071760907 0.0)
(69.30276417816869 2.366552396605898 -1.3440943445521636e-19)
(69.43650813169955 2.048874054224099 -2.075490415548688e-17)
(69.56729769875378 1.6689634598825749 0.0)
(69.68821471659939 1.2359369816556165 -9.945739044801662e-26)
(69.79809522784237 0.7626548842530967 0.0)
(70.04564817942 0.27629187226032553 -9.05210008445137e-19)
(69.12721987743721 -0.23029151623960292 0.0)
(66.01488451065322 -0.6958694943693655 -1.0991886491544574e-18)
(62.08147587607656 -1.0570713838196473 0.0)
(55.96771001259791 -1.2544128700937716 -4.203693976460751e-18)
(45.85571981531362 -1.1938173047341578 1.9748350692831233e-17)
(28.938354352961237 -0.3789213372025091 0.0)
(69.3676329949631 0.03702581104129508 0.0)
(69.38543413915185 0.03786483401773593 0.0)
(69.40181798224542 0.037755695861736216 0.0)
(69.41617350584296 0.03673128578903188 0.0)
(69.42814070885953 0.03486924585321398 0.0)
(69.43766823898112 0.032397999197058734 0.0)
(69.44492658372334 0.02964396693397795 0.0)
(69.4501936206422 0.026846529457111752 0.0)
(69.45373947884181 0.02411608302857292 0.0)
(69.4559145453941 0.02152603284216219 0.0)
(69.45712903751173 0.019169294464666364 0.0)
(69.45776138567905 0.01707798498387625 0.0)
(69.45799993591562 0.01517637629979436 0.0)
(69.45792013403421 0.013341759346198197 0.0)
(69.45762000509204 0.011468955469743384 0.0)
(69.45721332498654 0.009456288014463101 0.0)
(69.45664515865319 0.00717605752484659 0.0)
(69.45561799679065 0.004514485765917479 0.0)
(69.45372502352774 0.0014842339854436112 0.0)
(69.36943678933825 0.03276684542482586 0.0)
(69.3542554268934 0.03304715560696374 0.0)
(69.33220739122456 0.03867639295160105 0.0)
(69.31459940273236 0.04399933128263949 0.0)
(69.29788533009908 0.0488964208812962 0.0)
(69.2822986411518 0.05324991218591428 0.0)
(69.26795129210099 0.05688224843461517 0.0)
(69.25471505450766 0.059714749282523585 0.0)
(69.24240890006485 0.06185315763473142 0.0)
(69.23089723116641 0.06337415573854066 0.0)
(69.21976229314686 0.06431148421882107 0.0)
(69.20892872189313 0.06455752573940368 0.0)
(69.19796539733122 0.06438368818206798 0.0)
(69.18680051930323 0.06392604302685263 0.0)
(69.1750636548823 0.0634110076358158 0.0)
(69.16252566386683 0.0627569054347544 0.0)
(69.14850872183632 0.062196229437411106 0.0)
(69.13264627701074 0.06203099849499811 0.0)
(69.11500747035285 0.062291962496568334 0.0)
(69.09523233176911 0.06307633548193924 0.0)
(69.07333225386553 0.06401480384170388 0.0)
(69.04857437923042 0.06525880955384557 0.0)
(69.02005227184678 0.06655013126754859 0.0)
(68.98599160450804 0.06837145370282129 0.0)
(68.94479834511229 0.07105956734116822 0.0)
(68.87644146592682 0.07463424103307963 0.0)
(68.85076165654044 0.07102799566277963 -1.8947473162190826e-23)
(68.77673755679237 0.0756424069154121 -2.1401776756760333e-23)
(68.70363733603753 0.0858816235699027 0.0)
(68.61948889082704 0.10918479427193516 0.0)
(68.53140711360422 0.15532272194989175 -5.556825989177833e-19)
(68.45110371368487 0.23375403212280266 -6.175508183483732e-19)
(68.39343782993043 0.35176515545168957 0.0)
(68.36721790733424 0.510089306759429 -2.8003394099605276e-18)
(68.3730386119445 0.7062485274249571 -2.871925447146824e-18)
(68.40343241320656 0.9340117417374364 0.0)
(68.44690430766912 1.1868961289599809 0.0)
(68.494766115017 1.4552584753470852 5.7940260285846705e-18)
(68.54037135478713 1.7293193660610597 0.0)
(68.5799799587513 1.9986119012924313 1.155289032394347e-17)
(68.61397011616747 2.2528321945817216 1.1646904357311907e-17)
(68.64421044351957 2.4816214851101286 2.3697882568013326e-17)
(68.6737499064164 2.676676490050189 1.1127505892232627e-23)
(68.70750164106957 2.8311464159713 -5.845163420946218e-24)
(68.75042309784634 2.9375616350834006 -1.216110103648648e-17)
(68.80591915578597 2.9926044839117107 -1.7162314189343112e-19)
(68.87803144556355 2.991743344409631 -1.2167902930153565e-17)
(68.96861172151348 2.9303716841346628 0.0)
(69.07625212813481 2.8078690509028053 0.0)
(69.19990968564079 2.619740887999746 1.138880424472799e-17)
(69.33358796239978 2.3660341473415123 -1.3438029893058501e-19)
(69.47075860030502 2.048423797016446 1.029430623238656e-17)
(69.60503265993187 1.6685195445441459 0.0)
(69.73025015153287 1.2354458990386878 0.0)
(69.84685911520148 0.7616733846684764 1.5220017893343734e-25)
(70.12748420456883 0.2762175218860095 1.823700079287481e-18)
(69.6538123649666 -0.23262018014712263 -3.7367046782434554e-20)
(67.69017742008072 -0.7211073527850523 1.108814532157166e-18)
(65.2759891470797 -1.132352323768001 0.0)
(61.609355319143134 -1.4282765825426054 8.425965685894096e-18)
(55.608218496467096 -1.5437997578656908 -9.907231080363703e-18)
(45.59595183682346 -1.3855826886581335 0.0)
(28.81064105496126 -0.4398051316885888 0.0)
(69.38614165266608 0.03358816717924399 0.0)
(69.40279571749919 0.03352239772127803 0.0)
(69.41742479996674 0.03259482735619657 0.0)
(69.42964755350891 0.030890616468209887 0.0)
(69.4393876677488 0.02863065033155012 0.0)
(69.44679845907534 0.026112631339736212 0.0)
(69.45216617562487 0.02354927216377573 0.0)
(69.45577608218866 0.021048311575519212 0.0)
(69.45797928349519 0.018703164590432704 0.0)
(69.45917828192258 0.016620715210845394 0.0)
(69.45976911268218 0.01482106996092244 0.0)
(69.45996119678071 0.013202178924488515 0.0)
(69.45982530733917 0.0116462856561265 0.0)
(69.45945236485174 0.010097866301778387 0.0)
(69.45901841948238 0.008494099742275683 0.0)
(69.45857589819276 0.006669096027326418 0.0)
(69.45786992902472 0.00439627948442813 0.0)
(69.45641018751007 0.001561444530733542 0.0)
(69.38767052687301 0.029560223441349204 0.0)
(69.37225903844289 0.030642074239732472 0.0)
(69.35075844024637 0.036892597011699224 0.0)
(69.33244750251272 0.04307248328618272 0.0)
(69.3146850199562 0.048904143160799086 0.0)
(69.29773683050242 0.05424515081306433 0.0)
(69.28183270624643 0.058955343898244694 0.0)
(69.26705161963498 0.06286393402175826 0.0)
(69.25328257783892 0.06591976100444202 0.0)
(69.2404008010155 0.06820625221636431 0.0)
(69.22804448666861 0.06986521759144887 0.0)
(69.21607555611544 0.07085843496156362 0.0)
(69.20422852056203 0.07119796244514405 0.0)
(69.19219112530897 0.07105753362512417 0.0)
(69.1797782293397 0.07064748388510282 0.0)
(69.1666567017548 0.07018593194837981 0.0)
(69.15235168349601 0.06975817651786448 0.0)
(69.1362462465517 0.06971873905088484 0.0)
(69.11840818379282 0.07000504900281176 0.0)
(69.09836676464265 0.0709398538911302 0.0)
(69.07619104195575 0.07209339661884709 0.0)
(69.05118301635903 0.07362988325967855 0.0)
(69.02243033873022 0.07530766943306033 0.0)
(68.988279617789 0.07740101136192991 0.0)
(68.94700075594739 0.0805576603000445 0.0)
(68.87874254232834 0.08464939139743698 0.0)
(68.8530397291556 0.08065092156279824 0.0)
(68.77922977994247 0.08592930317199582 1.8905945344195317e-23)
(68.70628643117891 0.09665868652830681 4.6498589199425417e-23)
(68.62152485769917 0.11985641166848605 -2.1609399310563968e-19)
(68.53079121742623 0.1648944399970309 -4.94759954842375e-19)
(68.44469044124325 0.24123424032184965 6.575866053493993e-23)
(68.37779620435961 0.3564960794102978 0.0)
(68.34029919308733 0.5121199007910391 8.157482713628031e-23)
(68.33535618928109 0.7062895642557034 -2.662442342067763e-18)
(68.35776468265122 0.9326377112044965 -1.2660123209270515e-22)
(68.39707691584263 1.1847746247783446 -4.384448898846542e-23)
(68.44469824769862 1.4528142205715966 4.4094027576226075e-23)
(68.49336844632253 1.7266955510407964 0.0)
(68.53845709096262 1.9959701756020625 -1.128579215491981e-17)
(68.57961187179934 2.250245154070427 -2.2728466579322955e-17)
(68.6179855224625 2.4791166585678432 -1.1596781872725572e-17)
(68.65603360304438 2.67435856561282 -1.1617429382218048e-17)
(68.69829384469132 2.8289989119691636 0.0)
(68.74935160271643 2.935689864358192 1.2050995935497195e-17)
(68.81242856894181 2.990968447516723 -1.211015071009098e-17)
(68.89144298726318 2.990323377019039 1.2086594867013646e-17)
(68.9881692402909 2.9292509916175336 1.1795474762096364e-17)
(69.10121798160606 2.806900955442262 0.0)
(69.22960772724863 2.6189765782888252 -1.4925654512379423e-19)
(69.3674265043016 2.3654089512605063 -1.3434441994345128e-19)
(69.50837280215042 2.047854112233586 -7.451431357737263e-26)
(69.64649127095271 1.6679518846807022 -4.614758453757273e-18)
(69.77641937052788 1.2347707467048545 -1.9541643219323925e-25)
(69.9003052100784 0.7605186542532423 0.0)
(70.21598449053218 0.27594610272338493 -1.930075963989468e-21)
(69.94926913873785 -0.23357272632315473 7.37240689264443e-20)
(68.64137422464182 -0.7346049725763154 1.0829594564680278e-25)
(67.12507716276461 -1.1753589779469689 0.0)
(64.89168854951718 -1.5288309090467194 -4.216340005134701e-18)
(61.294796530669615 -1.754099990719094 0.0)
(55.351196969225825 -1.7860639103721532 -7.318839110517163e-26)
(45.40727782117195 -1.5390712184266016 -1.200338077377295e-17)
(28.720954725108466 -0.4852790682427518 0.0)
(69.40353148527863 0.029518137617317274 0.0)
(69.41836826028674 0.028677154342141506 0.0)
(69.43079269390931 0.027123453371419116 0.0)
(69.44069993857977 0.025063240489763335 0.0)
(69.44821582299937 0.022765568561902587 0.0)
(69.4536338005366 0.02042278276338417 0.0)
(69.45727423428053 0.018139205760946506 0.0)
(69.45949890006403 0.016014765058491538 0.0)
(69.46068227199856 0.01415977799303647 0.0)
(69.46121727687483 0.012594209443227915 0.0)
(69.46136626181882 0.011212918698014286 0.0)
(69.46124528098646 0.009906497057252477 0.0)
(69.46091520898464 0.008645083102954362 0.0)
(69.46050559223592 0.00738808881497748 0.0)
(69.46010614129742 0.005950545256280073 0.0)
(69.45957448931378 0.004046487724422754 0.0)
(69.45849735426053 0.0015052852450019613 0.0)
(69.40474570765026 0.025810520687428812 0.0)
(69.38989746014894 0.027509139099232402 0.0)
(69.36963680704278 0.03408202129191394 0.0)
(69.35113985432784 0.04095221078285408 0.0)
(69.33274759331643 0.047725891536177685 0.0)
(69.31481592210596 0.05411171589238706 0.0)
(69.2976085241574 0.059942164685328383 0.0)
(69.28133689875068 0.06505622698930999 0.0)
(69.26606548305108 0.06929486161497068 0.0)
(69.25174109149452 0.07260955392883058 0.0)
(69.23809267391165 0.07511876916773974 0.0)
(69.22485958697781 0.07696047317712947 0.0)
(69.21196958511631 0.0780729097207106 0.0)
(69.19893642379988 0.07857227587904633 0.0)
(69.18571563442723 0.07848227145699999 0.0)
(69.1718582102409 0.07822920461749783 0.0)
(69.15710524982059 0.07790379905184729 0.0)
(69.14066546042038 0.07800751805107758 0.0)
(69.12257183024701 0.07841821067333352 0.0)
(69.10228313740816 0.07949475194886627 0.0)
(69.079765318869 0.0809553347453332 0.0)
(69.05449656467682 0.08275515448518693 0.0)
(69.02544474252639 0.08493538119842696 0.0)
(68.99118794371994 0.08736793109296781 0.0)
(68.94982910398971 0.09108388652718466 0.0)
(68.88171606753623 0.09581518065262483 0.0)
(68.85600085661778 0.09137285750270432 0.0)
(68.7824797039367 0.09738428734383366 -8.759591850947541e-21)
(68.709870023475 0.10867711349915565 -4.096164666217436e-20)
(68.62490163975782 0.13187214411038226 1.9167512371380413e-19)
(68.53224605541476 0.17590386578546024 8.815190674966986e-19)
(68.4413419446339 0.2501719126418006 0.0)
(68.3661809498993 0.36250751968349 0.0)
(68.31790071894271 0.5150462474374278 2.349822868762729e-18)
(68.30193315421543 0.7067390714363987 9.82820329207852e-21)
(68.31544384544236 0.9312368849058966 -1.5594642204139708e-22)
(68.34937621085507 1.182323589096858 7.604519535729265e-23)
(68.39556904190793 1.4498704942669587 5.2523193058264294e-18)
(68.44638477033214 1.7235229712241384 5.316512038704985e-18)
(68.49637309558629 1.992813491606562 0.0)
(68.5444428962329 2.24717849680537 1.106368144904846e-17)
(68.59098981131537 2.476170901478254 1.1116842551276787e-17)
(68.63780495265766 2.6716095488295193 1.1450168203211344e-17)
(68.68896592311636 2.826451122483578 -1.1462077173998517e-17)
(68.74865015854344 2.933411646061295 1.1592025422541962e-17)
(68.8198268708088 2.988974851092404 -1.166106813051076e-17)
(68.90626359851491 2.9886118986015315 -1.1651494484466386e-17)
(69.00965616537206 2.9278143095970375 -1.6771881941770544e-19)
(69.12858005716585 2.8057286252699414 0.0)
(69.26214660209855 2.6179703350256083 -1.4919960404036924e-19)
(69.40450657655208 2.364578694909155 -1.3429815915913234e-19)
(69.54960359605734 2.047133577765807 9.865436003878822e-18)
(69.69194241008783 1.6672489632108012 9.143428067902036e-18)
(69.82701884141942 1.2339339727657292 0.0)
(69.95868648978812 0.7589800905317035 1.817111209767458e-18)
(70.31094687330976 0.2755418349428148 -1.8164756848055644e-18)
(70.13778280778932 -0.23374354968803188 -1.6368366753042345e-21)
(69.19087222611715 -0.7416738491179673 0.0)
(68.20386951060796 -1.1998978122217085 -7.088798270435514e-26)
(66.81002011918078 -1.5871522897949757 0.0)
(64.62160819329029 -1.8765738760183837 9.711206069759289e-18)
(61.059795091168546 -2.0266826107765255 0.0)
(55.15840211889577 -1.979836477809841 1.2071751300337745e-17)
(45.27101181991664 -1.6531827999256206 0.0)
(28.660661987730457 -0.515090157690345 1.3075195830651036e-17)
(69.41906863325826 0.02505054616272238 0.0)
(69.43164761887819 0.023642933908323716 0.0)
(69.44168504943801 0.021774852846242653 0.0)
(69.44927581011508 0.01968743736825022 0.0)
(69.4547126194098 0.01755765723734406 0.0)
(69.45835547947553 0.015486580554199216 0.0)
(69.46058947442627 0.013570288528874326 0.0)
(69.46175935415809 0.011912581293823383 0.0)
(69.46223356272279 0.010539784961610628 0.0)
(69.46232671696191 0.009361697390872059 0.0)
(69.46223610599134 0.008278321437414925 0.0)
(69.46201321739703 0.0072607053419713645 0.0)
(69.46168713092554 0.00627381473970258 0.0)
(69.46130282102658 0.005139557284949406 0.0)
(69.46082780538585 0.00356848771087692 0.0)
(69.46002700635984 0.0013633140031904553 0.0)
(69.4199597222225 0.02175069550420458 0.0)
(69.40637550675822 0.02388345377030481 0.0)
(69.38809140961474 0.03046611137130746 0.0)
(69.37010166406375 0.03770535857388809 0.0)
(69.3515978754221 0.04523779574866954 0.0)
(69.33311712696606 0.05265279964457765 0.0)
(69.31500056353278 0.05964338116076315 0.0)
(69.29750204355553 0.06601605571451918 0.0)
(69.28081565253568 0.07159339190264531 0.0)
(69.26502944566299 0.07621618127357165 0.0)
(69.25002536153998 0.07985404079876687 0.0)
(69.23549412175947 0.08267090826894459 0.0)
(69.22140390775017 0.08472589479239097 0.0)
(69.20731237388402 0.08610343026250622 0.0)
(69.1930979068486 0.08673923628916896 0.0)
(69.17843098047923 0.0868891452620278 0.0)
(69.1630144019987 0.08679570198988856 0.0)
(69.14615663229081 0.08697685518480852 0.0)
(69.12767763544237 0.0875695868888004 0.0)
(69.10714332664445 0.08876763108755711 0.0)
(69.0842237257259 0.09060689797146891 0.0)
(69.05866450146794 0.09270040237176141 0.0)
(69.02926608486048 0.09543895029038342 0.0)
(68.99485774205411 0.09833654731964044 0.0)
(68.95343847730966 0.10266448105193246 0.0)
(68.88551697533528 0.10819558158746377 0.0)
(68.85979813148717 0.10325158055546123 0.0)
(68.7866375359583 0.11008114839375627 1.2031185355476113e-23)
(68.71451902998164 0.12201566075582097 3.6348458167418213e-20)
(68.62971421002692 0.14529913989666138 -1.6597005671102153e-22)
(68.53582358579094 0.1884054337383534 -3.9215575803065347e-19)
(68.44109621143829 0.26063359843892026 0.0)
(68.35870372039206 0.36993241232055685 0.0)
(68.30032840401948 0.5190664443241003 -7.131808098019546e-21)
(68.27332254805839 0.7078049180010662 2.285673961772233e-18)
(68.2772214449287 0.9299061732234947 7.572196972953354e-23)
(68.30463536677834 1.1795096003219705 1.497664583333554e-22)
(68.34817363671189 1.4463207102794768 -5.0302860493347794e-18)
(68.40009238375525 1.719651701988012 -4.853622319575406e-20)
(68.45425131383979 1.9889644169192193 -4.12333754545613e-23)
(68.5088471500485 2.2434917834000423 2.091574269367897e-23)
(68.56348457691236 2.472671340043606 -1.0902240988166595e-17)
(68.61923085421141 2.668374655167951 0.0)
(68.67964098208493 2.823447645787316 1.6148535966566057e-19)
(68.74841128718872 2.9307114765314557 -2.2744687299255245e-17)
(68.82821590614982 2.9865639539241084 2.2914389351826873e-17)
(68.92261515390169 2.986512279125556 2.2924585388478243e-17)
(69.03320520812964 2.926023387788705 -1.6761648868522257e-19)
(69.15851307896737 2.804204834200657 0.0)
(69.29771128091824 2.616746183684489 -1.4912871172856472e-19)
(69.44504705180604 2.363524601947534 -2.0728755438260534e-17)
(69.59469702894987 2.0462046905438678 -9.80909835820531e-18)
(69.74165614330553 1.6663520576575226 -4.522993999295347e-18)
(69.88231691683967 1.2328452871625954 0.0)
(70.02223987813184 0.7571119269449174 -3.601727700434553e-18)
(70.41203259853081 0.2749924415217532 1.9234056714803775e-21)
(70.27899408525593 -0.23353559775309007 -6.72058483422867e-20)
(69.51873963612874 -0.7449137442674585 -1.0665635159205436e-25)
(68.84136116335196 -1.213815082954374 0.0)
(67.93834447805753 -1.620925367316916 4.112959808524956e-18)
(66.57518265965744 -1.9480798064888607 -9.746696413065152e-18)
(64.41008881191958 -2.1673758820665183 -1.7885749408909973e-25)
(60.877142618189566 -2.2445971998072154 0.0)
(55.01566778119312 -2.1238034527541254 0.0)
(45.17897270429402 -1.7277064585135928 -1.0618977575075765e-19)
(28.623954434177517 -0.5302879808587383 0.0)
(69.43227487652359 0.02048463687573945 0.0)
(69.44241153817597 0.01880192769105839 0.0)
(69.45005855679806 0.016916781540997596 0.0)
(69.45549966798433 0.014993363362946158 0.0)
(69.45912740019742 0.013130087329161154 0.0)
(69.46135857398613 0.01141395073101627 0.0)
(69.46252153847556 0.009935617592811611 0.0)
(69.46294994074482 0.00872819050632505 0.0)
(69.46298424459873 0.007724819739065182 0.0)
(69.46289979384919 0.0068354978185784405 0.0)
(69.46277038042268 0.006016677762834293 0.0)
(69.46254297806807 0.005227711950415523 0.0)
(69.46218714805428 0.004318447191502418 0.0)
(69.46173454129662 0.003039191317751881 0.0)
(69.46112464284454 0.0011829723975755391 0.0)
(69.43286083411677 0.017657790765078393 0.0)
(69.42102720041814 0.02000295973924958 0.0)
(69.40529667729649 0.026318300457033428 0.0)
(69.38858954378819 0.03357471672571711 0.0)
(69.37065259158432 0.041520823974145485 0.0)
(69.35214299048272 0.04976197089533205 0.0)
(69.33356681681317 0.057870588322373226 0.0)
(69.31524721996121 0.06552282073674459 0.0)
(69.29742554270838 0.0725004839418815 0.0)
(69.28029807187517 0.078607086466948 0.0)
(69.26392551453803 0.0836808562828051 0.0)
(69.24809998059551 0.08774168776492937 0.0)
(69.23272744837753 0.09091385266434863 0.0)
(69.21752939084872 0.09332139846958314 0.0)
(69.20218172803769 0.09500641989626886 0.0)
(69.18662246395712 0.09592387626473037 0.0)
(69.17036241832017 0.09638969746287226 0.0)
(69.15298352835013 0.09673707058270713 0.0)
(69.13397454456589 0.09753721353329411 0.0)
(69.113137128818 0.09883264788660116 0.0)
(69.0897780769822 0.10103738813914698 0.0)
(69.06385737070927 0.10352039966863286 0.0)
(69.03410096376945 0.10681215800997992 0.0)
(68.99946347860693 0.11036171953309351 0.0)
(68.95801438788233 0.11532469109842865 0.0)
(68.8903351676647 0.12182782715218868 0.0)
(68.86461522999821 0.11632185250179913 0.0)
(68.79189044850645 0.1240669448006678 1.359777509142215e-20)
(68.72040000131804 0.13674250959277207 3.201617907715636e-20)
(68.6360905777318 0.16019564634685646 1.5051295259284344e-22)
(68.54160249798522 0.20244002955307702 3.478041076530964e-19)
(68.44400400473724 0.2726633448406284 3.969087534934307e-19)
(68.3554642249837 0.37884853420946524 0.0)
(68.28784817589556 0.524328680542319 -1.9559470155595047e-18)
(68.25003115745864 0.7096586139166957 9.752405055982882e-24)
(68.24382408610259 0.9288208617322051 0.0)
(68.263704993941 1.1763960436171947 -6.734791400854257e-23)
(68.30336123573294 1.442093717927585 -1.4483384039176935e-22)
(68.35525173757306 1.7148972128601678 -4.892710822292507e-18)
(68.41271337746682 1.9842150883100649 -3.947883910044704e-23)
(68.47329166586098 2.238977321356834 1.0155665089085668e-17)
(68.53580662076601 2.468444653723701 1.1297547039160204e-24)
(68.60054567252077 2.664515122498295 -1.0612737478926923e-17)
(68.67047847405296 2.819889407383117 1.0972592679197814e-17)
(68.74875437131846 2.927512020264174 1.1139199489239339e-17)
(68.83769689642553 2.983695477976147 -1.124076039468895e-17)
(68.94060682440806 2.983978034735175 -1.711228047430877e-19)
(69.05894094316506 2.923871269655102 -1.1186230645931536e-17)
(69.19116610942764 2.8023290611585963 -1.0834017136803216e-17)
(69.33649696837145 2.6151560399508815 -1.4903848424676903e-19)
(69.48926448831169 2.36216660006562 1.0223550493612708e-17)
(69.64389365532699 2.0450056422528102 -9.510606359526086e-18)
(69.7958927405674 1.6652186332490575 8.635051455816873e-26)
(69.94257912623108 1.2315380447403577 2.9513801620293236e-25)
(70.0911592842994 0.7547753394845907 1.780265228415883e-18)
(70.51874654997799 0.27421820580940587 1.769909551864051e-18)
(70.4011922636356 -0.23308763927772327 1.6306760138165413e-21)
(69.72575365535262 -0.7460384579957835 0.0)
(69.22645741136463 -1.22148144754033 6.969612308202981e-26)
(68.60874236000166 -1.6405037122669748 -4.120734988482338e-18)
(67.72835167361262 -1.9897932192247376 0.0)
(66.38252372816885 -2.249847162093311 0.0)
(64.23969942411418 -2.399786114259826 1.6191770898245038e-25)
(60.7381445841638 -2.4064645805487572 0.0)
(54.917529324524544 -2.2178139740124942 -2.6819773650691698e-17)
(45.124930268498765 -1.7654092364675205 0.0)
(28.609150399713602 -0.5308817733145429 -1.3805259635063976e-17)
(69.44293796638962 0.016152809084069963 0.0)
(69.45062847569277 0.01446178996541744 0.0)
(69.4560695229681 0.012736775572279521 0.0)
(69.45967431364484 0.011073646106317468 0.0)
(69.46189266084693 0.009549167288340548 0.0)
(69.46305360790099 0.008238020467661781 0.0)
(69.46345905646596 0.007176876900491712 0.0)
(69.46344667191882 0.0063227280368309356 0.0)
(69.46334082683136 0.005596900525960031 0.0)
(69.46325413026088 0.004937977231998531 0.0)
(69.46310006006155 0.004294800945147752 0.0)
(69.46279008931053 0.0035521259492540132 0.0)
(69.46237447389136 0.0025193135954767365 0.0)
(69.46190441505526 0.000995884051669035 0.0)
(69.44324892766333 0.013818219036575463 0.0)
(69.43342825253437 0.01613513956721927 0.0)
(69.42056380267672 0.021922111433490682 0.0)
(69.40578666709864 0.028873150952125975 0.0)
(69.38917409364888 0.03684091832289783 0.0)
(69.37129991102223 0.04553757411887425 0.0)
(69.35278708906593 0.05453810085741946 0.0)
(69.33410875573286 0.06339819946835681 0.0)
(69.31556792576835 0.07177684495022521 0.0)
(69.29740012160467 0.07943055904030022 0.0)
(69.27978848440763 0.08613972530750037 0.0)
(69.26271125093375 0.09176365023447557 0.0)
(69.24606932854003 0.09633212510407534 0.0)
(69.22972368717038 0.09996514762111466 0.0)
(69.2132190899777 0.10286269053828259 0.0)
(69.19662949504557 0.10491652156608365 0.0)
(69.17944796277374 0.10632519145045145 0.0)
(69.16137648650535 0.10723010228323049 0.0)
(69.14176060657415 0.10833643854874211 0.0)
(69.12047917001205 0.10980343691986161 0.0)
(69.09667711015913 0.11226680468778985 0.0)
(69.07028338844906 0.115240967079275 0.0)
(69.04018003090796 0.11905445219481615 0.0)
(69.00522775338402 0.12345019362424244 0.0)
(68.96376976518744 0.12910353927311458 0.0)
(68.89640207255778 0.13671791323246582 0.0)
(68.87066406655728 0.13060457055000677 4.048815539556659e-23)
(68.79846341229066 0.13933370088743427 -6.0029798031682216e-21)
(68.72771714908866 0.152898919905232 -2.831718113398288e-20)
(68.64419469280848 0.17662797426125318 0.0)
(68.54969074529127 0.2180716907985413 -3.0929142280815595e-19)
(68.45013290634319 0.28628576777325015 -3.548954823136421e-19)
(68.35655488198944 0.3892686124343115 -7.983209642371564e-19)
(68.28068899658088 0.5308958118336253 0.0)
(68.23251548384748 0.7124545471145801 1.9140925050865496e-18)
(68.21593974058507 0.928159483973815 4.075667182945863e-18)
(68.22743358360746 1.1731060837502996 -1.365852235101722e-22)
(68.26202092354622 1.4371956703472435 4.4480393757019225e-18)
(68.31269121923508 1.7091401854700319 1.4104622423346739e-22)
(68.3724669005565 1.9783313364522068 0.0)
(68.43833676728723 2.233382803582799 -1.2663498052174191e-19)
(68.50836727825701 2.4632551892076533 1.0002241376820791e-17)
(68.58203877319318 2.6598447460557395 2.0646146303801208e-17)
(68.66167671709995 2.815642135120073 -1.0464310501020921e-17)
(68.74981988980785 2.9237219594636517 1.064093601868951e-17)
(68.84838805352229 2.9802800574231205 -1.0754997749197124e-17)
(68.96034995679187 2.9809386417098187 -1.0962643490849984e-17)
(69.08699659322212 2.921226947447652 0.0)
(69.22668511550371 2.800033847358718 1.0731729005004938e-17)
(69.37866541492077 2.6132259524127166 -1.4892856317403668e-19)
(69.5373544056232 2.3605095421459086 -9.870898027475138e-18)
(69.69741649537468 2.043523454319302 9.4326356627713e-18)
(69.85489466389143 1.6637724364072055 -1.2058497667504039e-24)
(70.00803749227647 1.2298477945092947 2.8960771804200504e-25)
(70.16558948456675 0.7519191699172085 -1.5014373734935152e-25)
(70.63048447862363 0.27335350762051175 -1.7327278409300889e-18)
(70.5174374618542 -0.23238930311617842 5.9321615602866e-20)
(69.86834938174592 -0.745723135672591 1.053715477492077e-18)
(69.46811168267605 -1.2256525924252555 0.0)
(69.01393286454704 -1.6516529836459914 0.0)
(68.4146133601666 -2.0141787451528157 9.448462257191794e-18)
(67.5487666204897 -2.2981857190227672 -1.0648420972648977e-17)
(66.2221062849242 -2.4910591975021847 0.0)
(64.10645114567956 -2.572499352733032 -1.2550159852853987e-17)
(60.64045424158872 -2.5121054871825477 1.4640861332040214e-19)
(54.85910915510416 -2.265391179313868 0.0)
(45.107410367429885 -1.7666558317268692 1.0853875451476892e-19)
(28.614838474676173 -0.5179998266772357 0.0)
(69.45103760095742 0.012311905633733898 0.0)
(69.45647870354746 0.01077543544545852 0.0)
(69.46005967089806 0.009301627638900432 0.0)
(69.46225871690376 0.007957870885897809 0.0)
(69.46341828855172 0.00680306179876145 0.0)
(69.46381894655643 0.00587341707345122 0.0)
(69.46377854501083 0.005145754067246589 0.0)
(69.46363876135744 0.0045540542158878415 0.0)
(69.4635495710145 0.0040240227017772955 0.0)
(69.46343171238323 0.003494515257213048 0.0)
(69.46317170063581 0.0028809416594147105 0.0)
(69.46281218181677 0.0020501338410003128 0.0)
(69.46245049407851 0.0008208596998260334 0.0)
(69.4511136494419 0.010445921053322878 0.0)
(69.44339381929225 0.012541023281725397 0.0)
(69.43345885138518 0.017582402880829014 0.0)
(69.42100942144435 0.02393174367480906 0.0)
(69.40635521880687 0.031551751190058513 0.0)
(69.38985429075554 0.04027079886300484 0.0)
(69.3720550610347 0.049765054924074285 0.0)
(69.35354357198219 0.05958039151776481 0.0)
(69.33475766146634 0.06925634724745004 0.0)
(69.3159805634983 0.07843412555327561 0.0)
(69.29743743055583 0.08684184058969613 0.0)
(69.27925901127186 0.09424793735423198 0.0)
(69.2614426445898 0.10052969224279397 0.0)
(69.24395256797514 0.1056996429184132 0.0)
(69.22636306806312 0.10997400491327429 0.0)
(69.2086373920229 0.11341833996100896 0.0)
(69.19051914566899 0.11608447822649744 0.0)
(69.17156322417287 0.11807732176175217 0.0)
(69.15131515643863 0.11979240776050219 0.0)
(69.12941409154112 0.12169620646855582 0.0)
(69.10518221463164 0.12435335744229241 0.0)
(69.07820036714666 0.12787044921908478 0.0)
(69.04774843259568 0.13218307577267818 0.0)
(69.01242793895274 0.13754410914871137 0.0)
(68.97094711280127 0.14403455202544943 0.0)
(68.90399530332964 0.15284450047936674 0.0)
(68.87818541389112 0.14610981775288123 0.0)
(68.80661512137468 0.15583706628956684 5.3187671124210646e-21)
(68.73671461348346 0.17044796759247757 0.0)
(68.65423311772027 0.19460503573042548 0.0)
(68.56023421397646 0.2353658064886813 0.0)
(68.4595715159277 0.3015547529566411 0.0)
(68.36206018333687 0.4012150300316778 7.178033120562478e-19)
(68.27904237541615 0.5387598850955799 0.0)
(68.2211782651085 0.7162021214883724 -1.0033698556897743e-20)
(68.19421171529176 0.9280408349442225 -3.779646329461781e-18)
(68.19665295880807 1.1697992937645405 0.0)
(68.22506365084533 1.4317064005099092 -8.385524026052715e-18)
(68.27329196563888 1.7023333820994646 -4.345135935609786e-18)
(68.33429312594534 1.9711327008739576 9.008335555686396e-18)
(68.4046207017291 2.2264253974865515 -1.8746487277294857e-17)
(68.48165937469037 2.4568063391506545 -1.9337893336695712e-17)
(68.56406691947865 2.654095719076713 -1.0017939797222574e-17)
(68.65347947087594 2.810501410003848 1.607250692654283e-19)
(68.75177803559022 2.919176270805827 -1.6725936435871093e-19)
(68.8604060229195 2.9762424237895924 1.706846549727819e-19)
(68.98194570900856 2.9773409894682947 1.048082964918462e-17)
(69.11747153669924 2.9180901077361527 -2.5764894689122033e-24)
(69.26520042733073 2.797243215205011 0.0)
(69.42437870643356 2.6108195810500474 -2.0214706195579382e-17)
(69.58949977861339 2.3584143966530173 1.339481401614788e-19)
(69.75546611049171 2.0416687248877667 6.117298539921453e-25)
(69.9188713645058 1.661993482007628 4.224987254909658e-18)
(70.07888793683478 1.2277771744452393 0.0)
(70.24561777081485 0.748430988051526 0.0)
(70.7464599464698 0.2721452397558454 8.444821232907454e-19)
(70.63346435436732 -0.23160015177127155 -5.498735935899518e-20)
(69.97795617874877 -0.7445069566538246 -1.047369173910142e-18)
(69.62956343508505 -1.2276497243129436 1.3610368508258362e-25)
(69.2662380239521 -1.6580306448768287 0.0)
(68.82862203291015 -2.0282320905993156 -9.453856689685399e-18)
(68.24290186662526 -2.3265035897743624 1.0663161717875067e-17)
(67.39500165377076 -2.5445777620510652 0.0)
(66.09355892735074 -2.67015525943368 2.5015283920488125e-17)
(64.01065147933933 -2.6852631022862496 2.6443791415164325e-17)
(60.580883045310074 -2.5656045519923714 0.0)
(54.839624921144235 -2.2668550307192508 1.4219085438299184e-17)
(45.12394426875418 -1.734136440603465 1.4312798490274567e-17)
(28.640506177783074 -0.4928067038385565 0.0)
(69.45677004215031 0.009086384468509522 0.0)
(69.46033014579072 0.007788744734006371 0.0)
(69.46250737108767 0.006612455088473106 0.0)
(69.46366344012401 0.005602530595392172 0.0)
(69.4640688451536 0.004791713428998712 0.0)
(69.46401685377303 0.00417113517003368 0.0)
(69.46384462986538 0.003687682224093599 0.0)
(69.46372898942636 0.003261794211739632 0.0)
(69.4636182806611 0.0028259677153803526 0.0)
(69.46340074966075 0.002317994954128595 0.0)
(69.46310284948747 0.0016502028904330382 0.0)
(69.46282554449806 0.0006672370868343394 0.0)
(69.45665685845015 0.007641898087151953 0.0)
(69.45092242143106 0.00940990720649402 0.0)
(69.44380148474414 0.01358261068571367 0.0)
(69.43383387757055 0.019094848196509983 0.0)
(69.42152066924585 0.026034023535936313 0.0)
(69.40701009457588 0.03435779334265378 0.0)
(69.39064014418695 0.04387042684729145 0.0)
(69.37293063711795 0.05421299474141268 0.0)
(69.3544277256846 0.06490385024090878 0.0)
(69.33553123963166 0.07546716309969807 0.0)
(69.31650084673979 0.08552443754115599 0.0)
(69.29753051310378 0.09477799822479331 0.0)
(69.27873512583751 0.1029931606071409 0.0)
(69.26018341661667 0.11003478311395269 0.0)
(69.24161276924193 0.11597615111140934 0.0)
(69.22278724778678 0.12101384822414682 0.0)
(69.20371835434484 0.12518364601187162 0.0)
(69.18379560960638 0.1286660961838713 0.0)
(69.16283938464143 0.13148976752725844 0.0)
(69.14022453123684 0.13424374308557535 0.0)
(69.11552734904734 0.1373017131127324 0.0)
(69.08791590712599 0.141380816934828 0.0)
(69.0570618620646 0.14623679630590672 0.0)
(69.02138487646674 0.15254823456727534 0.0)
(68.97982714102399 0.16009734265094513 0.0)
(68.91343522551654 0.1701570251099131 0.0)
(68.88745873443844 0.16282912610474432 2.452886949939836e-22)
(68.81662989397611 0.1735194195000951 -4.735884185089801e-21)
(68.74767387907255 0.1892804555872862 -8.405560387911434e-23)
(68.66645367921056 0.21404399904899357 -2.073047733180466e-22)
(68.57342149007926 0.25431693611963246 2.4175340904979466e-19)
(68.47243702690257 0.3185382037538519 0.0)
(68.3720626355565 0.41473519758058347 1.6142948837080076e-22)
(68.28306186648516 0.5478995576289536 -1.435383896364554e-18)
(68.21636316310524 0.7208568006480742 -1.5950682958441226e-18)
(68.17922577375418 0.9284375165620454 0.0)
(68.17216698310395 1.1665205913166627 0.0)
(68.19340449423984 1.4257354082253395 3.937059916801732e-18)
(68.23797167934443 1.6945001913323656 4.780058611472283e-20)
(68.29903125592953 1.9625169169670182 -8.643981421266835e-18)
(68.37285573021856 2.2178714285534693 8.991835872638004e-18)
(68.45624645734536 2.4487737093509234 1.8501979705895234e-17)
(68.54705094655019 2.6469382213472716 -9.471166475189446e-18)
(68.64618656729661 2.8041702512999898 1.9614062543111743e-17)
(68.75482520607576 2.913672556543287 -1.0105336324986669e-17)
(68.87389496258906 2.9713825241496834 1.0256689976487268e-17)
(69.00549967359139 2.9730534986773445 -1.0327789037400417e-17)
(69.15046633357841 2.9143344588704236 1.0139274393905886e-17)
(69.30681126355854 2.7939279256854794 1.136201561141368e-24)
(69.47375044707812 2.6079514609450323 9.917787963742227e-18)
(69.6458459943098 2.355864901854082 1.3380379373069994e-19)
(69.81821362963663 2.039369583045817 0.0)
(69.98799278655717 1.6597765757645504 -4.1762941380367445e-18)
(70.15527407748728 1.2252042872905002 0.0)
(70.33122401470551 0.7442258470711062 -1.6668323193129462e-18)
(70.86578670022102 0.270758672954706 0.0)
(70.75142155919849 -0.23047929099544032 2.603834242097287e-20)
(70.07154342770087 -0.7425221229636398 0.0)
(69.74748787243482 -1.2283766326558705 0.0)
(69.4318352768418 -1.661489063403497 0.0)
(69.08441615586594 -2.036400981811837 9.21967814256573e-18)
(68.66057795600416 -2.3429669262142054 0.0)
(68.09261259764402 -2.5760917727665307 0.0)
(67.2691939075574 -2.727575428094537 -1.2455069904272421e-17)
(65.99917456237638 -2.787031834179154 -1.3178681914880497e-17)
(63.95065116487809 -2.7422412327482926 -1.3581884885806461e-17)
(60.559354687581475 -2.5673584973671453 -1.39934680280479e-17)
(54.856421956836286 -2.22584882456654 -2.8639575773328257e-17)
(45.17252532139592 -1.6706731798196675 1.0453441924597526e-25)
(28.687792363139273 -0.4560388556910162 0.0)
(69.46051945945884 0.0065059390463845426 0.0)
(69.46267552649451 0.005482393844283581 0.0)
(69.46382558510957 0.004604954565407359 0.0)
(69.4642384595187 0.0039012939383145226 0.0)
(69.46418555963116 0.0033717780987567356 0.0)
(69.46398898800389 0.0029752026686430087 0.0)
(69.46384088115909 0.0026332810901276084 0.0)
(69.46372129155723 0.002276560734199066 0.0)
(69.46353428839689 0.0018576840358724225 0.0)
(69.46329137988941 0.0013208468590351042 0.0)
(69.46307788905497 0.0005377083177881026 0.0)
(69.46026444502617 0.005423809955745804 0.0)
(69.45621377147641 0.0068288120840202405 0.0)
(69.45160142590706 0.01012262537922099 0.0)
(69.44409714679401 0.01466914621341736 0.0)
(69.43425987247224 0.02067365482055068 0.0)
(69.42210381061642 0.028230990164690793 0.0)
(69.40775967495715 0.03729480539551977 0.0)
(69.39154250987575 0.04764583520894656 0.0)
(69.37394058499787 0.05889129700433686 0.0)
(69.35545670645095 0.07052416891649002 0.0)
(69.33644793468801 0.0820539434251879 0.0)
(69.31713900616373 0.09308224596988214 0.0)
(69.29770008332876 0.10329153916564142 0.0)
(69.27828830721504 0.11242883290970765 0.0)
(69.25885421215455 0.12037599695532941 0.0)
(69.23909331781029 0.12726806742136904 0.0)
(69.21908727638568 0.13319320662902054 0.0)
(69.19827342463962 0.1383864683614913 0.0)
(69.1764799755403 0.1428273469857618 0.0)
(69.15318253087761 0.14687853368039813 0.0)
(69.12791202486247 0.15087227739708417 0.0)
(69.09975210017369 0.15562923969498899 0.0)
(69.06839149382553 0.16122129386481224 0.0)
(69.03243580923501 0.1683788247344182 0.0)
(68.99073390723035 0.1771906833766077 0.0)
(68.92506970165269 0.18855785859203228 0.0)
(68.89881462142765 0.18068629278334303 -2.167373302831996e-22)
(68.82881589152088 0.1923504222958587 -1.306556092305351e-22)
(68.76090524470223 0.20925935622520542 7.402697154527838e-23)
(68.68113374155472 0.23476664340394562 0.0)
(68.58947903140626 0.27478792271989294 -2.1399860508111024e-19)
(68.48888408891295 0.337227239002761 2.4788793518800566e-19)
(68.38665386703222 0.42993672786046205 -5.691235857520042e-19)
(68.29286519522203 0.55837005636502 2.584257913966684e-18)
(68.21834331716443 0.726326232653094 1.4344952607366397e-18)
(68.17149593942752 0.9292255436451805 -3.143545723703275e-18)
(68.1547316996977 1.1631956972835669 -2.16241362040086e-22)
(68.167952960683 1.4192807565581587 -3.6227256183473095e-18)
(68.2076689585616 1.6857113705770324 3.878978596223787e-18)
(68.2675648362737 1.9524559000821802 -1.1928414836559323e-22)
(68.34380494320692 2.207570634773608 0.0)
(68.4327522604835 2.4388728396267108 -1.3883483808295243e-19)
(68.53147193540168 2.638010112772879 1.8274085483676952e-17)
(68.64014270462091 2.7962927832779787 -1.8833735327818602e-17)
(68.75920112334272 2.906876183539369 1.826296030885104e-23)
(68.88899928538774 2.9654957872487544 0.0)
(69.03111167755154 2.9679055349407335 -1.417231627909809e-23)
(69.18605311578439 2.9098650302143523 -9.988441645262852e-18)
(69.35159800237838 2.7899379997685423 1.1028745157550726e-24)
(69.52687449079419 2.6044782888841502 9.493715767845652e-18)
(69.70649665579285 2.352780513195464 9.282325964321322e-18)
(69.88577392814881 2.0365804900306888 -9.126485356608601e-25)
(70.06238351905766 1.6570482086331617 0.0)
(70.23725671506828 1.222077312089192 -6.935645678454064e-25)
(70.42233167689439 0.7391969550043573 3.25919616304934e-18)
(70.98743466376425 0.2689946909854108 0.0)
(70.871788548199 -0.22919197370210248 0.0)
(70.15777397153587 -0.7398148198747999 6.107711451556558e-26)
(69.84140809258086 -1.228224632581033 0.0)
(69.54996408199199 -1.6632668738401466 -3.869259660196467e-18)
(69.24976058372509 -2.0409836776885864 -9.206546699349825e-18)
(68.91674397929322 -2.352597202353865 1.0265415828576463e-17)
(68.51112959065757 -2.5944404827322285 0.0)
(67.96758932095767 -2.7614447189135443 0.0)
(67.17506222407305 -2.8470492078907954 -1.2878876606498677e-17)
(65.93840746192073 -2.8462042699472634 1.6409647607222283e-19)
(63.9269470512598 -2.7440075464769547 2.792130138237955e-17)
(60.57339879945172 -2.5211946138415837 1.4313910614752312e-17)
(54.906826189300595 -2.1458337029010264 -1.4315913695086123e-17)
(45.25354268357229 -1.5781659153498744 -2.136248717363981e-25)
(28.75828506334365 -0.4097295117173676 0.0)
(69.46278914132358 0.004537750124537187 0.0)
(69.4639316131158 0.003779803161233068 0.0)
(69.46435113670542 0.0031721829841716166 0.0)
(69.4643025975288 0.002720560307341216 0.0)
(69.4640905441596 0.00239389987490183 0.0)
(69.4639135731207 0.002119402477138704 0.0)
(69.46377918408696 0.0018294005001169163 0.0)
(69.46361151198926 0.001486156182383308 0.0)
(69.46341160028533 0.0010545814989314406 0.0)
(69.46324461553166 0.00043113859325116403 0.0)
(69.46243775350779 0.003750891079617508 0.0)
(69.45964423582699 0.004807389685825808 0.0)
(69.45707131319637 0.007291856067670572 0.0)
(69.45182345537954 0.010864757311596251 0.0)
(69.44443015230152 0.015801269328923936 0.0)
(69.43474169209644 0.02231986045834231 0.0)
(69.42276569699668 0.030524464018018796 0.0)
(69.40861305932683 0.04036613859850582 0.0)
(69.39257331334778 0.05160292265645904 0.0)
(69.37510027007426 0.06380998039315407 0.0)
(69.3566491090805 0.07645762790244086 0.0)
(69.33752656511591 0.08904237574702213 0.0)
(69.31792005591866 0.10114853729650797 0.0)
(69.29800885612147 0.11243318231391912 0.0)
(69.27790750948509 0.12262556043369424 0.0)
(69.25742857902029 0.13167202660503058 0.0)
(69.236588096882 0.13964701475684504 0.0)
(69.2150456979428 0.14674727596704498 0.0)
(69.19237875808372 0.15314881938284128 0.0)
(69.16845995349888 0.1589141046530284 0.0)
(69.14254186448615 0.16446366373471066 0.0)
(69.1139633310006 0.17026833015844975 0.0)
(69.0820392121214 0.17694931562547747 0.0)
(69.04589673749061 0.18496642835734042 0.0)
(69.00403015712175 0.19514567348072212 0.0)
(68.93925039381311 0.20789712615348002 0.0)
(68.91263110378911 0.19948964954383225 -1.890547270943002e-22)
(68.84351371020323 0.2122634780908288 -1.1474615496054886e-22)
(68.77674400447518 0.23027046686978386 1.710075489971187e-20)
(68.69857398119424 0.256570878997379 8.01431359695449e-20)
(68.6086559732204 0.29651624214297245 -1.8828341671792718e-19)
(68.50910408028084 0.35741069568442113 -2.2094928255298813e-19)
(68.40594793216458 0.4468295014734368 5.094673621187927e-19)
(68.30854615801873 0.5702943011118092 -8.259023836278303e-21)
(68.22731954089839 0.7326694896307889 -1.3036855551674209e-18)
(68.17143938329045 0.9302699138788885 2.884548956713931e-18)
(68.14502990224845 1.1595744737141847 0.0)
(68.14959347405768 1.412162687607491 3.9928926104124805e-20)
(68.18334137803538 1.6759084946247185 0.0)
(68.24081385233733 1.9409573654962555 -1.1216954060251238e-22)
(68.31827661892717 2.195458579981958 0.0)
(68.41184457367275 2.4269109504624304 -1.6752883132999126e-17)
(68.51785352271165 2.6269880466755935 -1.4980815738565226e-19)
(68.63573451007326 2.786478553173146 9.093011908583325e-18)
(68.76516341100205 2.8984339067096236 9.18106528359914e-18)
(68.90589164440449 2.958228720970251 0.0)
(69.05887494381616 2.9616603047585257 -9.471692625144507e-18)
(69.22428773251944 2.904483109604196 3.591727680067145e-24)
(69.39959363968089 2.785191962874634 -1.178720825093395e-24)
(69.58378829352885 2.600316733765734 -1.4819698272942822e-19)
(69.77150498762941 2.3490749690794366 2.3172882683863803e-24)
(69.95820704439299 2.0331610424964364 -1.7762655767711717e-24)
(70.14208604324611 1.6537400590890647 3.0087817311111423e-25)
(70.32483184500849 1.218282758349596 0.0)
(70.51871225756356 0.7332553729855924 -1.5884306658682999e-18)
(71.11031719773997 0.2668156313303215 5.802449829912262e-25)
(70.99415219119449 -0.22754396110101585 0.0)
(70.24240540543785 -0.7363297540923006 0.0)
(69.91951282609897 -1.2273702157949609 -2.372490432107557e-25)
(69.64091839963825 -1.6640128149294435 7.658835515410597e-18)
(69.36555415274904 -2.043524834325378 0.0)
(69.08004485681982 -2.3580838971650477 -1.3399060248162698e-19)
(68.76596990287285 -2.6052633143717245 0.0)
(68.38518850202726 -2.781228148422971 0.0)
(67.8725253463972 -2.8824346414136066 2.562176044351498e-17)
(67.11290246975217 -2.9074879600301626 1.3477270130932627e-17)
(65.9122437162466 -2.8481004783513444 -1.391677488895669e-17)
(63.937215577538026 -2.694843914559967 -1.4058988033633777e-17)
(60.619852115720995 -2.431162393914854 1.4378175660865642e-17)
(54.99017754132406 -2.0290043516706 0.0)
(45.366428989487616 -1.4611999547448442 1.1103962667924932e-25)
(28.855992366519967 -0.35549899605041635 0.0)
(69.46400048930276 0.003099400003620008 0.0)
(69.46442467652012 0.002577166055825457 0.0)
(69.46438219330223 0.002192468468342367 0.0)
(69.46416160753424 0.0019224616665433503 0.0)
(69.46396260161984 0.00170193873609746 0.0)
(69.46381322282026 0.00146755029606964 0.0)
(69.4636564854295 0.0011880299040225265 0.0)
(69.46348742353972 0.0008412052586753825 0.0)
(69.46335320740982 0.00034471010229278104 0.0)
(69.46359503807724 0.0025395736532309457 0.0)
(69.46170244332512 0.003298269128723977 0.0)
(69.46060543041281 0.005094527100043778 0.0)
(69.45722982770518 0.007772918047625859 0.0)
(69.45207192085415 0.011636638053784506 0.0)
(69.44480402639513 0.016979495071989464 0.0)
(69.43528473404548 0.024034281425131913 0.0)
(69.42351384586593 0.03291603521986191 0.0)
(69.40958028053345 0.04357488694249202 0.0)
(69.39374575599173 0.05574741448728543 0.0)
(69.37642662329286 0.0689791154694425 0.0)
(69.35802529909004 0.08272136246378488 0.0)
(69.33879349740302 0.09646122112405822 0.0)
(69.31889286868535 0.10976488745057653 0.0)
(69.29848324956136 0.1222562003310523 0.0)
(69.27755464876414 0.1336854818217846 0.0)
(69.25609594320485 0.14400127018470876 0.0)
(69.23400046157512 0.15328765359656665 0.0)
(69.21063220763392 0.1618579620736959 0.0)
(69.18610991680634 0.16970672161531997 0.0)
(69.15962771670196 0.1772547655229019 0.0)
(69.13068321514272 0.18470629760991944 0.0)
(69.09831884061747 0.19289551405312316 0.0)
(69.06202884917235 0.20212789999710717 0.0)
(69.02010055775452 0.21371797279576563 0.0)
(68.95631229744389 0.22799613557852316 0.0)
(68.92930141634677 0.21894191599134827 1.6704628361046784e-22)
(68.86109850404286 0.23305130652394263 -3.1414889056676225e-21)
(68.79555009190761 0.252172146214115 -1.4649154358364547e-20)
(68.71910030265413 0.27929015710224464 -2.057997150231264e-22)
(68.63120602386573 0.31920768379871944 3.327256640670047e-19)
(68.53330296878062 0.3787122269270047 1.9367847573862593e-19)
(68.43008048269814 0.46517202053791623 0.0)
(68.33019018217587 0.5836990718280722 -1.0364261358566286e-18)
(68.24343119026737 0.740028560986177 0.0)
(68.17936580838412 0.931595653640832 3.2889056401000926e-22)
(68.14363289722534 1.1554704944330132 0.0)
(68.1391508244416 1.4040217608071899 6.213397424062763e-18)
(68.16593908779367 1.6648159544965588 -3.31630595126296e-18)
(68.2197316884592 1.9278868663397315 0.0)
(68.29712163898824 2.1814736518194966 0.0)
(68.39422450977354 2.4127808810218516 1.5846773448419234e-17)
(68.5067490744419 2.6136320640654356 -8.355030080467159e-18)
(68.63337167747244 2.7743702885519324 -3.2976276849191046e-23)
(68.77299956435613 2.8879066367274824 -1.7731342814377377e-17)
(68.92473857963427 2.9492185649037417 1.7045680954332517e-23)
(69.08887933992536 2.9539679847315785 1.694040379808907e-19)
(69.26519636129451 2.8979485274115775 9.149159550974128e-18)
(69.45079900320928 2.779474641122394 1.1386932589926885e-24)
(69.64447517591215 2.5953655326179783 -1.479129195826929e-19)
(69.84085360858269 2.344596688299839 -8.609088154466582e-18)
(70.03549659627429 2.0291037688926177 1.7246974274362256e-24)
(70.22706192216971 1.6497229961598685 1.3512641262019184e-24)
(70.41787135780457 1.2136959736417179 1.6763158064077424e-24)
(70.62003124350247 0.7264036399796042 0.0)
(71.23324714703556 0.26426221912930603 -7.172356687940759e-19)
(71.11762940446275 -0.2254989102916828 -2.311474674231575e-25)
(70.33165558105335 -0.7320997331021217 0.0)
(69.9903908110943 -1.2258024750308065 -2.322500964941895e-25)
(69.71111367724464 -1.6638385316836566 -7.522836464802553e-18)
(69.45277012128813 -2.0448259291867643 7.461273268829317e-26)
(69.19245776957176 -2.361238448749041 -1.3414414729915737e-19)
(68.92629151340655 -2.6114287788439596 -1.0969213545199786e-17)
(68.63766801020806 -2.792865381290937 0.0)
(68.28809320059696 -2.903169849469683 -1.6648751258001544e-19)
(67.80825817396452 -2.9436576240680457 3.9155950281207925e-25)
(67.08400100743094 -2.9094360989130403 0.0)
(65.91856531377074 -2.797062820673422 2.802992251236174e-17)
(63.97805318971627 -2.5988706718016243 1.413625803727245e-17)
(60.69706772855998 -2.2998323283644715 -1.423477832283812e-17)
(55.10424720925602 -1.8813941007558357 0.0)
(45.51361199510666 -1.3237771101015339 1.420970032159124e-17)
(28.987564225938186 -0.2955132535718016 1.3614056928020957e-17)
(69.46447203369567 0.002092619056367432 0.0)
(69.4644354050472 0.001765529356423902 0.0)
(69.46421089073064 0.0015417980816082755 0.0)
(69.46399648813265 0.0013644303287746284 0.0)
(69.46383441111752 0.001175806536622827 0.0)
(69.46368311666922 0.0009493582906186266 0.0)
(69.46353493432966 0.0006708279502429237 0.0)
(69.46342322883828 0.00027518336219672956 0.0)
(69.46404372114023 0.0016985682768733954 0.0)
(69.46279607768301 0.0022147880280949423 0.0)
(69.46271676882695 0.0034692582358652893 0.0)
(69.46071019729021 0.005391987428531243 0.0)
(69.45740653665017 0.008272116780138556 0.0)
(69.45234911024244 0.012438507709525162 0.0)
(69.44522270812026 0.018204144064524648 0.0)
(69.43589498028301 0.02581749481783481 0.0)
(69.42435657168889 0.03540699211331346 0.0)
(69.41067251169898 0.04692384893019341 0.0)
(69.39507463520702 0.0600847977134133 0.0)
(69.3779386159261 0.07440882171521183 0.0)
(69.3596097446635 0.08933343003009686 0.0)
(69.34028536065324 0.10433981247209712 0.0)
(69.3200922743502 0.11897073919764073 0.0)
(69.29910441202398 0.13283460679187578 0.0)
(69.27735735639675 0.14569459380027833 0.0)
(69.254913008139 0.15747263785209312 0.0)
(69.23117241338976 0.16841839603612058 0.0)
(69.2061196253949 0.17866106762699935 0.0)
(69.17929053324202 0.18847706322304678 0.0)
(69.14998038243175 0.19815922372044256 0.0)
(69.11745399611975 0.20826650551738213 0.0)
(69.08103727235931 0.2193458965923808 0.0)
(69.03929558217536 0.23250920153143073 0.0)
(68.97657595081219 0.24860247847775266 0.0)
(68.9491825114027 0.23872697402746015 0.0)
(68.88195273766574 0.2543305878971159 2.7760122311589205e-21)
(68.81769012957444 0.2746705101370617 0.0)
(68.74306549338705 0.3027103878991597 -6.254626299550558e-20)
(68.65738906764031 0.342656298516517 -1.4721495812929546e-19)
(68.56167141106542 0.40073957837127205 -3.431820540675612e-19)
(68.45918970460083 0.4844679273862521 1.89808554205897e-22)
(68.35787424817487 0.5983195135432048 0.0)
(68.26677883895634 0.7484510703276817 -1.0402446736546908e-18)
(68.19548412122636 0.9333783502622899 0.0)
(68.15097254063745 1.1508595319783756 -3.069938211700506e-22)
(68.1373386494818 1.394544287999016 -2.868364631192343e-18)
(68.15637326163666 1.6519731491904643 3.109805052167124e-18)
(68.20529150544655 1.9128600891198813 -6.571888962741787e-18)
(68.28123588871108 2.1654132984730357 -1.1043810066257048e-22)
(68.38063421717654 2.3963697572806906 -7.530903625035992e-18)
(68.49873072486218 2.5977906548266443 -7.762459009884171e-18)
(68.63347275941763 2.7596935539329444 8.091241667805317e-18)
(68.78299006864523 2.8749291338050105 1.6478615706402342e-19)
(68.94571627798196 2.937993513606576 8.591373288104086e-18)
(69.12119423276239 2.9444382351074325 8.904180269960577e-18)
(69.3087773804244 2.88991322486406 -8.959825547451843e-18)
(69.50515972404092 2.772522016830557 1.0971523244723493e-24)
(69.70885550472416 2.589379080975667 -8.743311693507551e-18)
(69.91444892079166 2.3392634904633764 8.45427530605988e-18)
(70.11753360542468 2.0241973352852667 -7.914781475512803e-18)
(70.3171681033565 1.64490517834872 -2.0530442207103904e-24)
(70.51613478866838 1.208263562081371 9.857575647135543e-25)
(70.7258105117354 0.7183988491718903 -9.54833509680236e-25)
(71.35502560625649 0.2612832619814708 1.8275230886290878e-21)
(71.24102471718005 -0.22309965045344132 -1.5048709163592596e-20)
(70.42726307714219 -0.7270370087937006 1.1211892246625616e-25)
(70.06807599505164 -1.223817587514693 0.0)
(69.76992725892913 -1.6629260041355478 3.712120254981227e-18)
(69.51622021271415 -2.045042170715277 8.65033362315485e-18)
(69.27553684930368 -2.3629403119264563 -9.933096492354621e-18)
(69.03475371818975 -2.6150750672235215 1.0948292004285989e-17)
(68.79443936037707 -2.7995825937993093 -1.1665807971219882e-17)
(68.53756744163483 -2.915365095241959 -1.671140783096267e-19)
(68.22104362022804 -2.964854508156586 0.0)
(67.77631213181856 -2.9456048967150728 -4.0064797285569462e-25)
(67.0863977589471 -2.8573331738733767 -1.3960188315220886e-17)
(65.95375567951737 -2.6975159505249127 -1.417418095769712e-17)
(64.0470664091127 -2.458853117406395 1.4287045589319105e-17)
(60.80151185742345 -2.133821470371243 -1.4197488632369564e-17)
(55.249510611607136 -1.7079126411433185 -2.850211403618518e-17)
(45.70066191416022 -1.1710744890626725 -1.4271723011006742e-17)
(29.16241355923918 -0.23246989339249155 0.0)
(69.46447049516472 0.001421046312744239 0.0)
(69.46424473193443 0.0012353774480134833 0.0)
(69.46402020576453 0.001092534025411739 0.0)
(69.4638482905544 0.0009411768652473815 0.0)
(69.46369923034365 0.0007584483019333157 0.0)
(69.46356461212363 0.0005349439654623032 0.0)
(69.4634680733308 0.00021949935106053024 0.0)
(69.46403509302378 0.0011434387801600332 0.0)
(69.46321885457455 0.0014680206124587406 0.0)
(69.46383416647295 0.0023115099378795212 0.0)
(69.46277871774262 0.0036458609181710786 0.0)
(69.46082670436323 0.005699743682674325 0.0)
(69.45760275148355 0.008789506522973608 0.0)
(69.45265753769519 0.013270455743312268 0.0)
(69.44569057961482 0.019475319943895748 0.0)
(69.43657904315397 0.02766977280592088 0.0)
(69.42530309223561 0.03799827840572215 0.0)
(69.41190231798326 0.05041544670072841 0.0)
(69.39657677446326 0.06462023600896673 0.0)
(69.3796582638793 0.0801091945127292 0.0)
(69.36143172595875 0.09631214788464108 0.0)
(69.34203510446162 0.11270552487345506 0.0)
(69.32152317591759 0.12881552447169606 0.0)
(69.29994694652792 0.14424528438348092 0.0)
(69.27745606352272 0.15872591785740722 0.0)
(69.25370656344487 0.17228864345324052 0.0)
(69.22838973980599 0.18516806568246394 0.0)
(69.2014637384927 0.19750526310534153 0.0)
(69.1719264601705 0.20978618417381154 0.0)
(69.13947557192135 0.22223016574350135 0.0)
(69.10308676248411 0.23571023728498264 0.0)
(69.06182072035944 0.2508748354841693 0.0)
(69.00036614932671 0.26918991411528315 0.0)
(68.97254599654265 0.25855072124531864 6.141663275800428e-23)
(68.9064315493513 0.27562502493507274 0.0)
(68.84349191703807 0.29728835247981655 0.0)
(68.77082740508828 0.3264137529157167 2.1708907597386747e-22)
(68.68748837924522 0.3666005295534873 2.569255329332122e-22)
(68.5943751447031 0.4232565726791451 1.5176802738445018e-19)
(68.49338960479513 0.504199159099861 -3.5391179262862394e-22)
(68.39164000655974 0.6135990617724969 0.0)
(68.29742791663705 0.7576085545716432 9.385229892814536e-19)
(68.21992772941283 0.9356888667864728 2.09629456151063e-18)
(68.16734147511204 1.1459470594748316 2.3398525710453237e-18)
(68.14471356119458 1.3836584694514507 0.0)
(68.15544479604463 1.6369634761543512 0.0)
(68.19844140416517 1.8952951348924114 6.190128290972165e-18)
(68.27155685505747 2.1467867225611728 2.0568965585922067e-22)
(68.37186511868066 2.3774074824686404 1.0409135260167929e-22)
(68.49440269851316 2.5793000199216958 7.458418866150946e-18)
(68.63646002168191 2.7422553334493687 -7.811601685580735e-18)
(68.79540542416494 2.8591872925233375 1.6067986126525008e-17)
(68.9689622840996 2.9241835931219513 -8.354996632502157e-18)
(69.15586027457162 2.932625965656358 -1.6313763807064238e-23)
(69.35498207512087 2.879972063358942 -1.94805957999677e-24)
(69.56256084565413 2.7640257745852974 0.0)
(69.77676835863579 2.5821269732704852 -8.272493898940856e-18)
(69.99210344181488 2.3328460590529443 -8.021902974345504e-18)
(70.20410314964815 2.0183341573868883 7.753889245176366e-18)
(70.41213608616835 1.6391631188747577 3.5612621770039156e-18)
(70.61923160760566 1.2017698320473147 3.2318748729401026e-18)
(70.83542206813992 0.7093496387878362 2.4701845202555197e-25)
(71.47445391584093 0.2577201991141032 6.4300369802250285e-19)
(71.36318772742548 -0.22029491600120246 1.5408336616998937e-21)
(70.52594897228965 -0.7210413974824166 -6.971118370966719e-25)
(70.15448556166749 -1.2213392612047633 0.0)
(69.83671739003161 -1.6616676353093707 3.587797958195929e-18)
(69.56468869684016 -2.0443857177446296 -8.60093405669915e-18)
(69.33284546805979 -2.363429403142444 -5.747102193141936e-25)
(69.11335852197413 -2.6170768466297187 0.0)
(68.89861483513346 -2.80354373361067 2.3129829447779314e-17)
(68.69049576458173 -2.9224002543974232 -1.2384477056178408e-17)
(68.46708725177396 -2.977337800212909 -7.386183017495436e-27)
(68.18569096474485 -2.966890059493841 1.3291539408052473e-17)
(67.77483942507246 -2.892824456939427 2.049585265954224e-25)
(67.11637355614823 -2.755648380730537 -1.3887663063153546e-17)
(66.01492825451754 -2.5522179157800924 1.4038711107562687e-17)
(64.13974515750793 -2.281806733584496 1.425326895971561e-17)
(60.93172372985497 -1.9386909732368562 1.4276435846751668e-17)
(55.429153088711004 -1.514991102393219 1.125162923563734e-25)
(45.93661046895463 -1.0093633365430472 0.0)
(29.39553600872202 -0.16899438412800538 0.0)
(69.46426775936564 0.0009892396759600237 0.0)
(69.46403686306067 0.0008740587561815157 0.0)
(69.4638577397838 0.0007528254627720673 0.0)
(69.46370917995807 0.0006057954217888684 0.0)
(69.46358314361179 0.0004265906755627803 0.0)
(69.46349667294936 0.000175005008030263 0.0)
(69.46382898572824 0.0007918052249353538 0.0)
(69.46320611416496 0.0009797605262298313 0.0)
(69.46426332494005 0.0015188782632178112 0.0)
(69.46386663190982 0.002411121318401672 0.0)
(69.46284719581656 0.0038279949494645143 0.0)
(69.46095569368865 0.006017728182306138 0.0)
(69.45781984739685 0.009325039521679885 0.0)
(69.4529999792116 0.014132400526382961 0.0)
(69.44621247328436 0.020792851219550833 0.0)
(69.4373441847973 0.029591040095296152 0.0)
(69.42636362341531 0.040690408090366045 0.0)
(69.41328388863353 0.05405159999535413 0.0)
(69.39827154180443 0.06935843417282932 0.0)
(69.3816110416986 0.08609028289365167 0.0)
(69.36352227190041 0.10367475058681525 0.0)
(69.34406565261781 0.12159030054968852 0.0)
(69.32323876488942 0.13935726924527447 0.0)
(69.3011612309347 0.15654731872690567 0.0)
(69.27776507171075 0.17291846173501332 0.0)
(69.25262924265417 0.18861154890132895 0.0)
(69.22587542774566 0.20374068659457872 0.0)
(69.19650450382034 0.21880961482131583 0.0)
(69.16425773687371 0.23401791964627638 0.0)
(69.12825533364358 0.250180967647785 0.0)
(69.08766660480276 0.26792518533088033 0.0)
(69.02795765553813 0.28880990358792796 0.0)
(68.99955329631632 0.27797395982433365 -1.113668773227979e-22)
(68.93484052424601 0.2964262602194203 -2.1561638676380362e-21)
(68.87320019912231 0.31951357825259497 9.61737565790382e-21)
(68.80268366512848 0.3497334560872686 3.792244977630342e-22)
(68.72179518282154 0.39050539472678886 -6.64810172906198e-22)
(68.63156450659135 0.4460150022070813 -2.5315860360374875e-22)
(68.53276019647294 0.5240120981685693 -3.0876539572161727e-19)
(68.43146211151047 0.6290007532625842 3.430647767326801e-22)
(68.33537272353864 0.7668375866509036 4.175409533801076e-22)
(68.25276820600686 0.9381729126428802 -1.9017675912707216e-18)
(68.19291681513916 1.1408251089083117 -2.1400859706328553e-18)
(68.16166799000372 1.3715430629500371 0.0)
(68.16379111758292 1.6196591686381592 -2.5738210772749988e-18)
(68.20002916827428 1.8746653052130884 3.5464905069429024e-22)
(68.2690149910259 2.1248937244335604 6.041537528717039e-18)
(68.36875941514133 2.3553235176586185 -1.9444679200799585e-22)
(68.49441844097976 2.5578145077097085 6.854850831950083e-18)
(68.64276776613198 2.7218539513005218 -7.210993061162785e-18)
(68.81049258239591 2.8404620092026285 -1.5207147350310913e-17)
(68.99458353911645 2.907443400627857 3.0082121585652943e-23)
(69.19286632000701 2.9181063754466097 7.952131922017333e-18)
(69.40370215579873 2.867692827344738 8.049301770893298e-18)
(69.6228216659466 2.75354320475338 5.6816551636257254e-24)
(69.84796714821438 2.5732808640376295 1.6022030924649795e-17)
(70.07352136419209 2.3250643680319643 7.842865905028433e-18)
(70.29486511123179 2.0113059801677085 -7.353024639434977e-18)
(70.5115605392829 1.6323258384553783 -3.4756767042614365e-18)
(70.72662305801272 1.1941641752131396 -3.143514626894744e-18)
(70.94808485275267 0.6991010837605807 1.752888625223587e-24)
(71.5903663982136 0.253655172345155 -4.589310558466679e-25)
(71.48296893406571 -0.21692946435697144 1.2070222519773142e-20)
(70.62782006228653 -0.7141060106043599 0.0)
(70.24100112726582 -1.2182505089951285 4.715346907595861e-25)
(69.91434748153088 -1.6601266280266365 -3.552299023995383e-18)
(69.62132796845852 -2.043423679908362 -8.310990638961009e-18)
(69.37232603110293 -2.362907493162322 9.443602776120927e-18)
(69.16478000547485 -2.6177840131556143 1.043314953579383e-17)
(68.97247893429602 -2.805797900008536 -1.1455462271813578e-17)
(68.79022215627917 -2.92661168065437 -1.2028530457840401e-17)
(68.61598806121162 -2.9845517392330874 1.2633274719528614e-17)
(68.42799058123708 -2.9793264879001677 -1.3287933156919913e-17)
(68.1803080494997 -2.9137600926067457 -1.3484053417424659e-17)
(67.80005489179705 -2.7898316306665247 1.3903747314482242e-17)
(67.17068156299872 -2.6072630483124746 -2.798434311013664e-17)
(66.0968590919253 -2.3685815064488955 0.0)
(64.25310176871135 -2.073635718522874 2.0005201790861397e-25)
(61.08835379915482 -1.721570184924887 0.0)
(55.64929344013458 -1.3106117460182718 1.60887158200867e-24)
(46.23788453775754 -0.8448458820666612 0.0)
(29.708339876353055 -0.10800759720615269 0.0)
(69.46404854364522 0.0006988313738842704 0.0)
(69.46386431964191 0.0006018312595881338 0.0)
(69.46371544802437 0.0004837614939110223 0.0)
(69.4635947096831 0.0003401798335319148 0.0)
(69.46351487709458 0.00013949353877498472 0.0)
(69.46360666664887 0.0005584739504496977 0.0)
(69.46300321607478 0.0006748396412214419 0.0)
(69.46424539712177 0.001005129245155438 0.0)
(69.46427988774387 0.0015710839221061207 0.0)
(69.46390183444285 0.0025135562856774198 0.0)
(69.46292268785471 0.004015552317845358 0.0)
(69.46109790439905 0.006345811105956172 0.0)
(69.458059307809 0.009878554161562378 0.0)
(69.4533794764514 0.015024043364150851 0.0)
(69.44679366618479 0.02215625303788833 0.0)
(69.43819830496743 0.0315808009274331 0.0)
(69.42754941020223 0.043483339584098654 0.0)
(69.41483319168248 0.05783355067744697 0.0)
(69.40018097636242 0.07430367603364232 0.0)
(69.38382595041811 0.09236116813531974 0.0)
(69.36591342947166 0.11144041518920525 0.0)
(69.34642683607517 0.13103243795318842 0.0)
(69.32536545420145 0.15064460201123994 0.0)
(69.30276260166403 0.16982487926551007 0.0)
(69.27831321293108 0.1884368022491252 0.0)
(69.25208087258018 0.20655362576947078 0.0)
(69.22341076015684 0.22454352034388686 0.0)
(69.19160797205085 0.2428405597310345 0.0)
(69.15641627647703 0.26188190763087765 0.0)
(69.11668789494107 0.28264470813897424 0.0)
(69.05938421340396 0.30630403314729254 0.0)
(69.03027045772173 0.29612473287036506 0.0)
(68.96735823028084 0.3161146212692559 1.844003297711105e-21)
(68.90699083512433 0.34082325800038876 -1.7558717325669e-20)
(68.83878858395538 0.3720013043718294 3.1762823876377214e-22)
(68.76054052788275 0.41350715867881654 -9.755782340954318e-20)
(68.67336296849916 0.46842695682516006 -2.0540185062767956e-23)
(68.57734993183747 0.5435923540188046 2.742007091941513e-19)
(68.47725477817157 0.6441888298029094 6.383424192238452e-22)
(68.38048418514356 0.7755394976324534 -3.6951925113698523e-22)
(68.29398431761294 0.9400647335648191 1.669614827297179e-18)
(68.22777487824187 1.1351464520598185 0.0)
(68.18845843734697 1.358275332669088 5.051239863421332e-22)
(68.18186889560192 1.6002180045854053 2.3862610016438312e-18)
(68.21072844973281 1.8507769380336736 5.131602157114395e-18)
(68.27445504458278 2.0990738159619826 -1.1262244672543334e-17)
(68.37216381265623 2.3293222383974737 0.0)
(68.49948354499773 2.532676895003799 -6.540336889860726e-18)
(68.65287448642037 2.6980804193120345 1.5431171494561523e-19)
(68.8284944430158 2.8185077009303425 1.6148722555808635e-19)
(69.02263455090015 2.8875291965801524 -7.349759610071246e-18)
(69.23213431548525 2.9005412914792115 -1.5256926103671728e-17)
(69.45475223778914 2.8526392028540895 -7.824178186914795e-18)
(69.68566656254094 2.7406532801874426 3.496730078546381e-24)
(69.92210337327569 2.5624346326163723 -7.737902920338169e-18)
(70.15828915847082 2.3156347175920953 6.4477858003872666e-24)
(70.38934354240209 2.002869970871963 1.1331307170151668e-19)
(70.61487750446372 1.624156520383947 0.0)
(70.83759728993485 1.1853165840534896 4.640982063410609e-24)
(71.06286661355003 0.6876747599873435 0.0)
(71.70166879071968 0.24902166607227993 -5.61949950067706e-19)
(71.59919483644916 -0.2130958831737538 1.7715924720489212e-25)
(70.73416287065808 -0.7059953715921693 6.440451916973214e-25)
(70.32890858120219 -1.2144131170239003 -2.6498599398347196e-18)
(69.98984087073643 -1.6580633811714807 0.0)
(69.69070020999371 -2.0422794736879184 8.242853024666492e-18)
(69.41971248782856 -2.362120854476294 -1.863914844212039e-17)
(69.19619414302197 -2.6173571265237747 -1.4916425265857244e-19)
(69.01811038120749 -2.8066556324154246 3.4849553609319606e-25)
(68.85920423459254 -2.9290717770520156 1.1999145370220838e-17)
(68.71119640902857 -2.9888758809345055 -1.2612224834742815e-17)
(68.57273742853955 -2.986608179719891 0.0)
(68.41860686014941 -2.925929643813983 2.6792715492897585e-17)
(68.20107086359857 -2.809988318579546 1.358882886535487e-17)
(67.84848529696336 -2.639551079493651 1.393438611499648e-17)
(67.24368100155999 -2.4196143818139073 0.0)
(66.19545937006689 -2.1526866648853566 3.981678171964442e-25)
(64.38566624151571 -1.842140909215906 -2.2406922811335862e-25)
(61.27433888740361 -1.4914594919287223 -7.179458791037332e-18)
(55.922671561021446 -1.1023474853424118 -1.879759902250408e-24)
(46.62918146646761 -0.6842688278699893 7.61755783906598e-18)
(30.133165085266597 -0.052362291225619945 0.0)
(69.46386895100154 0.00048091054569856275 0.0)
(69.4637194569882 0.0003862268336973165 0.0)
(69.46360194187508 0.000271257935473976 0.0)
(69.46352643850238 0.00011116794193215016 0.0)
(69.46342566874226 0.000384150413099739 0.0)
(69.46278428785926 0.0004752047098534772 0.0)
(69.46403117580918 0.000688577127693182 0.0)
(69.46425641325763 0.0010310315265468488 0.0)
(69.46429714266705 0.0016246132566530066 0.0)
(69.46394009567622 0.002618733314757046 0.0)
(69.4630056872526 0.0042083871623710785 0.0)
(69.46125411923563 0.006683797477486481 0.0)
(69.45832273282177 0.01044974547994912 0.0)
(69.45379934698354 0.015944838258207066 0.0)
(69.4474398427055 0.02356466990954926 0.0)
(69.43914987239131 0.03363804080678957 0.0)
(69.42887265616255 0.04637631634404062 0.0)
(69.41656780787712 0.06176185300632305 0.0)
(69.40232996747977 0.07945895132694637 0.0)
(69.38633543925096 0.09893115630534398 0.0)
(69.36865226822103 0.11963056418450688 0.0)
(69.34921442992028 0.14106608915420785 0.0)
(69.32797308146701 0.16272699411371386 0.0)
(69.3047400106044 0.18420405884035787 0.0)
(69.27948865867779 0.2053726409373143 0.0)
(69.25200234819027 0.22639068511735652 0.0)
(69.22118608065789 0.2478772328989055 0.0)
(69.18716997115939 0.2700677637237872 0.0)
(69.14868943438226 0.29403690865667437 0.0)
(69.09430131072449 0.32067801809734325 0.0)
(69.06465746744084 0.3117489165705229 8.388902831530371e-23)
(69.00389333785746 0.3338021526506218 1.5623864692363345e-21)
(68.94499667443293 0.36042252086663323 1.5342464339071478e-20)
(68.87912148643566 0.3926987790726583 5.630022139101703e-22)
(68.80382019623971 0.4347308260078963 8.636981307528272e-20)
(68.71981003703722 0.4895120286715663 1.7030785371199408e-23)
(68.62714406842966 0.5622681672814877 4.562727042639832e-22)
(68.52890769639946 0.6588248484828523 5.547251931543338e-19)
(68.43249412266258 0.7834581821107823 -1.2695974077505258e-21)
(68.34340826619544 0.9406571941756114 -2.9889887247622987e-18)
(68.27185333030984 1.1281340942205726 -1.6862027850584013e-18)
(68.22522042651498 1.3434461930829575 0.0)
(68.20998780583894 1.5787080551775874 2.1182026151421234e-18)
(68.23101485958955 1.823766171227386 -4.7785479884572556e-18)
(68.28855097834553 2.069040100042876 1.033743655606695e-17)
(68.38284649539588 2.298663847986306 1.670955927647825e-22)
(68.5103170722889 2.5029898077021544 0.0)
(68.66730347102985 2.6702198408669067 1.527175948847932e-19)
(68.84968200478274 2.7928582179463723 6.802348592973427e-18)
(69.05314271104636 2.8641583786369655 1.6425134016094359e-19)
(69.27351213752384 2.879664008311735 1.6513520403025103e-19)
(69.50784434034631 2.834483623798196 1.439195883827713e-23)
(69.7507108943664 2.7249580534158433 -1.833692087297367e-24)
(69.99870453818674 2.549167994612826 2.7734906467322738e-24)
(70.24585752416421 2.3041843534890303 6.1627338861494496e-24)
(70.48690639084057 1.9927082449179156 6.859648480515783e-18)
(70.72135886007798 1.6145149659935252 -5.12483786321679e-24)
(70.95126270730483 1.1749981679309671 -2.18168996009621e-24)
(71.17870084023379 0.6751775248948423 -1.5840988931886116e-24)
(71.80735867887581 0.24377387469107206 5.240728268077371e-19)
(71.71076348181728 -0.20874274623316538 -6.447643929441245e-21)
(70.84434176609541 -0.6968276525101541 -9.535550590672075e-26)
(70.42230325630067 -1.2097398780932884 2.5982028317876804e-18)
(70.06440474068421 -1.6553547931144306 -3.3263994649338552e-18)
(69.75650512653488 -2.040659865626728 -5.41576675772517e-25)
(69.48113986673245 -2.361181522181608 1.823842693539614e-17)
(69.2350371210452 -2.616641192336885 -1.4912385676251712e-19)
(69.0420951227818 -2.806269776160748 0.0)
(68.89915150992142 -2.929977317653679 -1.1625450288813621e-17)
(68.77522431415373 -2.9914240664048 1.2239435945232614e-17)
(68.66340263342255 -2.9909570714326232 0.0)
(68.5591493966447 -2.93312076398571 -1.681273678294986e-19)
(68.435069599987 -2.8217485521055696 -1.358471157346069e-17)
(68.24436078176208 -2.6585777014495062 1.3637668839835234e-17)
(67.91420000171658 -2.449565629371972 -1.379897231692222e-17)
(67.33049171639766 -2.1989854162920177 0.0)
(66.3078073013868 -1.9123672605895614 -1.4100948627512987e-17)
(64.53777033493589 -1.596641375733257 7.218469818862338e-18)
(61.497748804474014 -1.2570354629621845 0.0)
(56.269061583685755 -0.8988337753162498 -7.704167031408378e-18)
(47.14891291106017 -0.5333919299982354 0.0)
(30.714058415311694 -0.004971207662513605 0.0)
(69.46372204925656 0.00030829166903732297 0.0)
(69.46360646703774 0.00021628039934971837 0.0)
(69.46353378234053 8.858102384239638e-5 0.0)
(69.4632799738791 0.00024603290539765147 0.0)
(69.46260632419526 0.000326748452646144 0.0)
(69.46379953023137 0.00048406455382135806 0.0)
(69.46404075614697 0.0007024859306370506 0.0)
(69.46426770401389 0.0010574695871247773 0.0)
(69.46431525795764 0.00167943546951794 0.0)
(69.46398176718779 0.002726547206114986 0.0)
(69.46309673953394 0.004406316535916101 0.0)
(69.46142517000352 0.0070314125041347165 0.0)
(69.45861187045311 0.011038147150092837 0.0)
(69.45426316924187 0.0168939496328148 0.0)
(69.44815701892874 0.025016805443659786 0.0)
(69.44020778257578 0.03576111365560382 0.0)
(69.43034626259747 0.049367859171234055 0.0)
(69.41850677502859 0.06583559209036069 0.0)
(69.40474561017938 0.08482642103988358 0.0)
(69.38917900926214 0.10580888045319722 0.0)
(69.37180691457435 0.12826353327945197 0.0)
(69.35250494792021 0.1517185071175306 0.0)
(69.33106547309256 0.17567978291107123 0.0)
(69.30736218442391 0.19977306315850604 0.0)
(69.28145557367638 0.2238608747279583 0.0)
(69.25232571247975 0.24845376606526148 0.0)
(69.21987856564344 0.2739642600818655 0.0)
(69.1832842623323 0.30119268751007866 0.0)
(69.13213072737217 0.3311119799261359 0.0)
(69.10243578770827 0.3237144175230365 1.4391040608453156e-22)
(69.04406824073519 0.34834757101394437 -1.4644016975396246e-21)
(68.98716853843726 0.37711769423140246 -1.6486633627033375e-22)
(68.92354796758131 0.41113068023420013 3.057401047787068e-20)
(68.85154095092159 0.4535415347029281 -7.438076194692678e-20)
(68.77081561644852 0.5082705806283597 0.0)
(68.6819694338881 0.5790022065752284 -2.064781503493328e-19)
(68.58627673443621 0.6720724253147364 -4.941125289461256e-19)
(68.49103393542902 0.7904129443454646 5.663525996550166e-19)
(68.400700782938 0.9396490521551724 1.3344453906444416e-18)
(68.32489156266246 1.1191141867711205 3.143021018352898e-20)
(68.27191419406532 1.3262151688713268 1.69787311350362e-18)
(68.24833876124836 1.5546535442551712 -1.9500064059107983e-18)
(68.26120594463794 1.7936933009963314 5.355427298640858e-22)
(68.31177992089513 2.0348557893372186 -1.157066521831784e-19)
(68.40140661024707 2.262991848487685 -5.079667894642922e-18)
(68.52756172790546 2.467925202884359 -5.4820284951809594e-18)
(68.68659698689183 2.6373029550602594 1.50834055650572e-19)
(68.87435966627362 2.7627497095792193 -6.197191255662518e-18)
(69.08614062644261 2.8368332189423286 1.626833950179441e-19)
(69.31679713245306 2.8551444228125837 1.3580833458200497e-17)
(69.56259618159261 2.812930712807639 -6.857517891824135e-18)
(69.81744929876152 2.7060874088277647 6.914696066804686e-18)
(70.07716341172731 2.533121298451157 0.0)
(70.33552711749157 2.2902872522941102 -6.713930950472223e-18)
(70.58676739606278 1.980528059179472 -6.883654381753728e-24)
(70.83009327956631 1.6030796680640624 6.667810016947401e-24)
(71.06656089863567 1.1631228734467618 8.436621470226721e-24)
(71.29438899219363 0.6615007002874917 2.9932606681647838e-24)
(71.90654984612125 0.23799744634662423 0.0)
(71.81666488630546 -0.20384523179012876 6.013053262029652e-21)
(70.9575668030283 -0.6864546594673003 -1.1722782991881477e-24)
(70.52094133912604 -1.2041980966445274 2.474084203940821e-18)
(70.14430145026206 -1.6520091971117508 3.276045212090086e-18)
(69.81934509160773 -2.0384084495604484 0.0)
(69.53797601768653 -2.3598290291243065 -1.7818798003735254e-17)
(69.28868133581625 -2.615902826435521 -1.4908178755321923e-19)
(69.07295898141535 -2.8056076106250605 0.0)
(68.91622943153448 -2.92967919730573 1.1578593391312746e-17)
(68.80956441470752 -2.9923720336129045 -2.4230134859698852e-17)
(68.72244926447897 -2.993497047634688 -3.714883237254929e-25)
(68.64531558212958 -2.9373782200380765 -2.604923463784994e-17)
(68.57135168513771 -2.8286460547027925 -1.3247490940198655e-17)
(68.47370424195763 -2.6697215115499198 -1.5241510286788517e-19)
(68.30408501294954 -2.467153025718521 1.380523008202216e-17)
(67.99180549807828 -2.2261947350668545 4.337761613185004e-25)
(67.42711486151948 -1.9535584828090733 1.4137335328979245e-17)
(66.43213921913097 -1.6577082908538803 -7.155450234924104e-18)
(64.71358828728543 -1.3463904911575209 0.0)
(61.77214235763976 -1.0276416980049516 7.719519661844189e-18)
(56.71949641123562 -0.7071133370422293 0.0)
(47.851126515755645 -0.3976761275486271 0.0)
(31.507742029005755 0.03173854197906134 0.0)
(69.46360929800436 0.0001724251998932993 0.0)
(69.4635384432439 7.057329306227215e-5 0.0)
(69.46316941093183 0.00013744373722168523 0.0)
(69.46246444071726 0.00020909465139387458 0.0)
(69.46361042533553 0.000332719197717192 0.0)
(69.46380671290247 0.0004929638569732639 0.0)
(69.4640509193352 0.0007165671383648639 0.0)
(69.46427933913478 0.0010844457052786945 0.0)
(69.46433442628845 0.0017355075135295245 0.0)
(69.46402727075466 0.0028368695307782322 0.0)
(69.46319643823914 0.004609113636184167 0.0)
(69.46161197421728 0.007388294934352838 0.0)
(69.45892862963362 0.01164310534840694 0.0)
(69.45477474428665 0.0178702032312441 0.0)
(69.44895141602153 0.02651084859228247 0.0)
(69.44138115066664 0.03794776080743421 0.0)
(69.43198356204594 0.05245516269754574 0.0)
(69.42066984516539 0.07005267333012555 0.0)
(69.40745741872624 0.09040633706596074 0.0)
(69.39240315652884 0.11299984973478429 0.0)
(69.375438446205 0.13735086066534946 0.0)
(69.35632427365307 0.1630248426641758 0.0)
(69.3347971342332 0.18957185188316622 0.0)
(69.31090881335328 0.21658643656121546 0.0)
(69.28405698640574 0.24416375977133561 0.0)
(69.25371272756485 0.272882232966993 0.0)
(69.2196682709007 0.3033285515349226 0.0)
(69.1722408704597 0.3366949757714703 0.0)
(69.1429530256552 0.33130890452483 -1.2270686706340324e-22)
(69.0873815202509 0.3586402556909666 -1.4386791680375566e-22)
(69.03302711411246 0.38969282778647296 -5.334750677568627e-21)
(68.97186200713458 0.4260309645868471 -2.7242367145801326e-20)
(68.90336118555636 0.4692970263704484 1.2894514697020008e-19)
(68.82618005984338 0.5239087410361287 5.864202848641535e-22)
(68.74142037333158 0.5928536219791073 3.625670357683271e-19)
(68.64908998482922 0.6826300125416278 -4.084209891680961e-22)
(68.55566515186614 0.7956791978982082 -5.065239067545819e-19)
(68.465371326126 0.9368770103274995 -1.1491886955760406e-18)
(68.38642529587538 1.1078531908647167 1.3556846844174704e-18)
(68.32822821195565 1.3059390396439607 -1.5468691701824963e-18)
(68.29694346974738 1.527117970558688 4.107600101366106e-22)
(68.30148929017835 1.7600720960809086 -4.822637447482867e-22)
(68.34446693263267 1.996505349459246 -4.340470370897965e-18)
(68.42825146495615 2.222318227457153 4.762724730673123e-18)
(68.55169018076533 2.427058200971524 5.1720072945215845e-18)
(68.71122157426731 2.598443711767228 5.557546517330455e-18)
(68.90284396969604 2.727160367932123 5.908115955844181e-18)
(69.12167811248992 2.804763707193332 6.2081148175426076e-18)
(69.36176499717129 2.826461029680839 -1.6208256167373472e-19)
(69.61854631079531 2.7876390038474925 6.605748628010824e-18)
(69.88525007550001 2.683756671796241 -6.674628468011366e-18)
(70.15672884674572 2.513916266891495 1.1637137682152549e-23)
(70.42643656634984 2.273650547091032 6.492758335057202e-18)
(70.68795707461193 1.9659325403584462 -6.102831497844562e-18)
(70.93999688956322 1.5895950538879975 2.8520729186381944e-18)
(71.18225137012826 1.1495396863910612 0.0)
(71.40864211210243 0.6468454155012594 -2.8159415448051865e-24)
(71.99848707855855 0.23159961135896343 4.454224001940062e-19)
(71.91600563320706 -0.1985142036486378 0.0)
(71.0728952844126 -0.6749092671364726 0.0)
(70.62442973711799 -1.1975755254033453 -3.363634944775618e-20)
(70.22948758961807 -1.647938663461912 -1.1902544699471729e-24)
(69.88701810155568 -2.035593651642615 7.752910237720477e-25)
(69.59016649557528 -2.357802230601375 1.3391337408929888e-19)
(69.336913223076 -2.6146786005039653 -1.4901238944891745e-19)
(69.11895264621667 -2.8049716595253105 0.0)
(68.93963995042631 -2.9290960533934167 0.0)
(68.82018162324854 -2.9921129684066243 2.3791930070039473e-17)
(68.75126283482099 -2.9945267081727285 -1.232632329779975e-17)
(68.6993957684614 -2.9399061238231443 2.5649127095997042e-17)
(68.65304125204403 -2.8327349078081294 1.3223939903976217e-17)
(68.60562355415593 -2.676181888483394 -1.3465847377480574e-17)
(68.52834507869596 -2.4774469931352607 -1.351854368764255e-17)
(68.37450600361198 -2.242084083687265 -1.3708784253062052e-17)
(68.07662934852293 -1.977646151602607 0.0)
(67.53044867380497 -1.693373092756063 7.176428854311907e-18)
(66.56979198263747 -1.398041596846536 0.0)
(64.92135578489709 -1.1014306784522732 -7.777964428669349e-18)
(62.11922812194992 -0.8112566050838441 0.0)
(57.31706792076916 -0.5339250835365832 0.0)
(48.80734270046078 -0.2814197797675291 0.0)
(32.58548426547151 0.0554815338360998 0.0)
(69.46354139751013 5.6218201389178604e-5 0.0)
(69.46310287817589 4.477619336740477e-5 0.0)
(69.4623577203654 0.00011667803120338467 0.0)
(69.46346046277242 0.00021275174536496204 0.0)
(69.46361396469989 0.00033869627363066764 0.0)
(69.46381456610597 0.0005018917451501495 0.0)
(69.4640617046345 0.0007308234354294118 0.0)
(69.46429138908479 0.0011119584022059332 0.0)
(69.46435490284586 0.001792773703629204 0.0)
(69.46407708611308 0.002949544150834087 0.0)
(69.46330545320984 0.004816506464138799 0.0)
(69.46181555652066 0.007753984765424176 0.0)
(69.45927508203634 0.01226374827388679 0.0)
(69.45533801749419 0.018872037379169947 0.0)
(69.4498293448237 0.028044504707184767 0.0)
(69.44267906010329 0.040194685808454894 0.0)
(69.4337978527836 0.05563437381989389 0.0)
(69.42307719661211 0.0744089862411359 0.0)
(69.41049642317907 0.09619605208544608 0.0)
(69.39605144319957 0.1205047293306359 0.0)
(69.37958306904339 0.14690310931509334 0.0)
(69.3607622142976 0.1750244475190397 0.0)
(69.33943466713508 0.20442723369610472 0.0)
(69.3153119427882 0.23478640979985071 0.0)
(69.28768364251015 0.26643811214795615 0.0)
(69.25667015212332 0.29990940422453644 0.0)
(69.21379775045402 0.33649470718720703 0.0)
(69.18525224971117 0.3339379781304661 -5.0242171354891226e-23)
(69.13322653828902 0.3638583008899336 1.2267490600936412e-22)
(69.08170007667698 0.39731166019034736 -4.7045352339392375e-21)
(69.02362765751741 0.4359196779398324 -3.5481949326328187e-22)
(68.95867858435605 0.4808863601506297 -1.1048849543182724e-19)
(68.88554752469487 0.5355848391602795 -5.066815129751353e-22)
(68.80491876743324 0.603203374412401 -1.5903986357727603e-19)
(68.71681982366138 0.6894034083888078 0.0)
(68.62584565696257 0.7979450966930677 0.0)
(68.53677174198049 0.9316818264868727 1.0328712216742392e-18)
(68.45585158999326 1.0941891481060297 -5.621585707461874e-22)
(68.39354319979086 1.282573840882093 0.0)
(68.35554020713413 1.4953733999718128 -7.6832703744081525e-22)
(68.35186721696961 1.7219835773707435 4.317795521147589e-22)
(68.38681510246204 1.953428079158032 9.415948303102697e-22)
(68.46365421859234 2.1765600809313868 0.0)
(68.5829850749688 2.3803485200549015 -4.594901888077766e-18)
(68.74148329751164 2.5531497151733413 0.0)
(68.93537355098515 2.6851710149877692 -1.6310424270653277e-22)
(69.15980536159753 2.7669089098127366 -5.6099115913200085e-18)
(69.40818987403843 2.792817786116975 -6.014364420909362e-18)
(69.67518588085727 2.75807614604042 -6.030804891184785e-18)
(69.95337671720773 2.6576259880942588 6.161180294476824e-24)
(70.23650014326321 2.491286322618661 -6.118634165456661e-18)
(70.5175593406553 2.2539346860635048 -6.006560437952612e-18)
(70.78933550197345 1.948686941878297 5.8798468068918704e-18)
(71.04980392449923 1.5738339576917466 -2.7419476071780946e-18)
(71.29694533151269 1.1340891249222151 0.0)
(71.52009014949797 0.631228867589228 0.0)
(72.08256090342178 0.2247327612636032 -4.1032451023405394e-19)
(72.00802399576462 -0.19267871912163057 1.3066981471414976e-21)
(71.1892488754225 -0.6623116046445992 1.0495708253778817e-24)
(70.73222589036874 -1.1898315246291857 -2.3145799097411696e-18)
(70.3198184671188 -1.6430505011221788 -1.73597994113618e-24)
(69.95957475109645 -2.0321403249357424 1.5055081045823298e-24)
(69.64657939694473 -2.3552290746373443 1.33767684218591e-19)
(69.37910075142672 -2.6128386552677796 -1.4890649145350778e-19)
(69.15879958598448 -2.8038621965521777 0.0)
(68.97815989539986 -2.9285424848504764 1.0954249299577095e-17)
(68.83660892998127 -2.991550543571073 -1.1753512786892437e-17)
(68.75584542141794 -2.994274987323726 1.2277627307135864e-17)
(68.72284614717987 -2.9409059440504484 -1.2699340412662367e-17)
(68.70218090637565 -2.83518182115063 -1.2866474055052683e-17)
(68.68283950320983 -2.680067638399683 -1.3135021408154266e-17)
(68.6557379076445 -2.48343265885891 1.3502295334263492e-17)
(68.59301625059229 -2.2513833115626323 1.3702968526838342e-17)
(68.45049919417046 -1.991649148311626 -1.3830387664953542e-17)
(68.16463981832258 -1.7140950473077676 0.0)
(67.63980372073162 -1.4279749114269613 0.0)
(66.72514672987676 -1.143803565660318 7.75885754877813e-18)
(65.17499879625991 -0.8702773558212724 0.0)
(62.56848888714898 -0.6153619312664322 4.615375254863841e-18)
(58.116490679287345 -0.38448520910838047 0.0)
(50.1098290123744 -0.1867281275091714 0.0)
(33.99273183122414 0.0640311199012473 0.0)
(69.46229363305355 3.797994859150502e-5 0.0)
(69.46334880195204 0.00011859226369926036 0.0)
(69.463461615673 0.00021641797207325227 0.0)
(69.46361787778568 0.0003446657475451629 0.0)
(69.46382312521763 0.0005108375869394747 0.0)
(69.46407313072186 0.0007452567513898308 0.0)
(69.46430396071557 0.0011400020984786148 0.0)
(69.46437698955094 0.0018511620591836339 0.0)
(69.46413177025231 0.003064386259318818 0.0)
(69.46342454193591 0.005028172612297861 0.0)
(69.46203706580903 0.008127907643990491 0.0)
(69.45965343146318 0.012898956258485268 0.0)
(69.45595705219897 0.01989753123632947 0.0)
(69.45079697051571 0.029614702707529052 0.0)
(69.44411036975276 0.04249781830443417 0.0)
(69.43580228149847 0.05890002030844924 0.0)
(69.4257491558753 0.07889804879442364 0.0)
(69.41389288643559 0.10218962162729199 0.0)
(69.40015991641415 0.12832074692254128 0.0)
(69.38430320929635 0.15693400977184382 0.0)
(69.36601564220767 0.18772806751614243 0.0)
(69.34503433787063 0.22029287263997785 0.0)
(69.32069673837167 0.25452335602614995 0.0)
(69.29305214564171 0.2907287824765379 0.0)
(69.25553763986447 0.3300008099901604 0.0)
(69.22823553135025 0.3308977635116267 -1.302992420114582e-22)
(69.18062132016324 0.36339680763122134 4.247972070121115e-22)
(69.13225088344804 0.3993706639088599 8.140245654538908e-21)
(69.07793452373816 0.4399084480035605 0.0)
(69.0167352335961 0.4868711754257606 1.702941566606072e-21)
(68.94819764911486 0.5421663890582233 0.0)
(68.87185748630068 0.6092134454594129 -1.3306340565294505e-19)
(68.78861727738114 0.6919359027928069 0.0)
(68.70088381953235 0.7959788131195245 0.0)
(68.61402204050111 0.9229283064310185 0.0)
(68.53245536301317 1.077345878786256 -9.86664893536316e-22)
(68.46701301736383 1.2562214929120268 0.0)
(68.42351822243526 1.4593614989305506 -1.3431634315020983e-18)
(68.41204125525445 1.6787552683025764 3.044745031656093e-18)
(68.4388329262735 1.904675130727889 -3.4145272522799297e-18)
(68.5078017833005 2.1250709454978187 -9.378352267973958e-22)
(68.62159994890182 2.3276773115017075 4.301921818478213e-18)
(68.77751206811978 2.501300463922765 -4.532894869036346e-18)
(68.9720350543451 2.636249512343533 1.4975750456395682e-22)
(69.20049301639855 2.722340856352809 5.33201178365204e-18)
(69.45582980007526 2.7531830747331663 0.0)
(69.73198452259285 2.7234466096563 1.559819712614046e-19)
(70.02102230177097 2.6271726880970294 5.7207345982464366e-18)
(70.31546127762012 2.4648853062642693 5.875702599503002e-18)
(70.60770862292611 2.230903336099042 5.771205537755552e-18)
(70.88959372087479 1.9284891712888912 0.0)
(71.1580816819593 1.5555978880684946 -2.9480004218998966e-24)
(71.40911558079995 1.1167534973065159 5.3332705070838135e-24)
(71.62733213735896 0.6148773581383532 -9.656652526606672e-19)
(72.15829710902149 0.2173929674072828 3.7364778417252166e-19)
(72.09210519979119 -0.18650316980010742 -1.2037344260550183e-21)
(71.30541606519907 -0.6485610965019949 -1.9733389307484333e-24)
(70.84361275620157 -1.1808520906004074 -3.4917640728701694e-24)
(70.41502848036157 -1.6372338396597665 2.909763185262238e-18)
(70.03699780820216 -2.028043114928526 1.4583423182863009e-24)
(69.70730375468497 -2.352114007247047 8.287815778039036e-18)
(69.42485767884166 -2.610414327514718 -1.8384525166370455e-17)
(69.19145380878882 -2.80209668059788 -9.96968137055915e-18)
(69.00984365966212 -2.9275497816160496 -1.677036656658798e-19)
(68.86783429952123 -2.9910682635110026 -1.1344357488514528e-17)
(68.7657562537173 -2.993765215001882 0.0)
(68.72184089340256 -2.940700716594421 1.2311852266836855e-17)
(68.72041017760428 -2.836134455915349 2.548470140801355e-17)
(68.72706344006356 -2.6823664473256907 1.3099579514233813e-17)
(68.72849004309393 -2.487001254170469 0.0)
(68.71558340916077 -2.2568048891522663 1.3429026046996114e-17)
(68.66229674463032 -1.999873825438954 1.1318826157506732e-19)
(68.5274140640858 -1.7261522629642596 0.0)
(68.25378998386492 -1.4453329946310671 0.0)
(67.75691019252223 -1.1681367642394394 -7.790525734394442e-18)
(66.9064784963778 -0.903840436664781 0.0)
(65.49308741457527 -0.6607237909460552 -4.669424769102571e-18)
(63.155292469451354 -0.4456172557630146 -2.404324654070616e-24)
(59.18272632814572 -0.2611418064701987 0.0)
(51.82483544316164 -0.11492768194724201 0.0)
(35.692001299295455 0.05729835581674716 0.0)
(69.46328211314074 3.8571746418346016e-5 0.0)
(69.46334957981712 0.0001205183944229445 0.0)
(69.463462852386 0.00022008570763208606 0.0)
(69.46362219442234 0.00035061307927041553 0.0)
(69.46383239679857 0.0005197895173787839 0.0)
(69.4640852285486 0.0007598683066911071 0.0)
(69.46431717967546 0.0011685645903292442 0.0)
(69.46440105108135 0.0019105828256099353 0.0)
(69.46419195749029 0.0031811788888702155 0.0)
(69.46355455785174 0.005243731577908744 0.0)
(69.4622777650233 0.008509358952998652 0.0)
(69.4600660614654 0.013547384497187755 0.0)
(69.45663580762091 0.020944204416426304 0.0)
(69.45186027058693 0.031217813623831834 0.0)
(69.44568367961303 0.044851925855984034 0.0)
(69.4380100161352 0.06224488335621675 0.0)
(69.4287064560012 0.08351104950336574 0.0)
(69.4176771638037 0.10837751111664287 0.0)
(69.40477785862863 0.13644505190076467 0.0)
(69.38972889064566 0.16744297528261223 0.0)
(69.37220308148315 0.2011342684586752 0.0)
(69.35160851858762 0.23726218219405754 0.0)
(69.32769669771298 0.2757974472330305 0.0)
(69.29591831752506 0.3172801994836749 0.0)
(69.27067990187024 0.3217463997368876 -3.5027984693038e-23)
(69.22809100010474 0.35675774355844203 1.7465643462342681e-22)
(69.18370440445626 0.395185280549138 -3.944040227749533e-21)
(69.13347078397393 0.4377189997184809 0.0)
(69.07665059680828 0.48624613419738755 4.105458781709681e-20)
(69.0129652030057 0.5425338409414123 -4.7414885816522966e-20)
(68.94153644864802 0.6094677929937491 4.26474831066499e-21)
(68.86338052748178 0.6897909240050831 -1.0965675140888648e-21)
(68.7799050458234 0.7890991974165867 0.0)
(68.69598239722085 0.9097015115038501 -7.583175506350463e-19)
(68.61530419846446 1.0560544127346383 8.964255315728515e-22)
(68.5476681792669 1.2263007474660312 -1.0262050998629653e-18)
(68.4999593980925 1.4192741490173726 1.2213588582306437e-18)
(68.48136671357031 1.6303785119660836 -2.7857166731119336e-18)
(68.50018076389387 1.8496555874767617 3.1441254350492267e-18)
(68.56072361834094 2.066818793023795 0.0)
(68.66761803332005 2.2683899341511022 4.6098063388436335e-22)
(68.8193303366103 2.442688741891951 4.2518222997362475e-18)
(69.01275406836949 2.580227402839514 0.0)
(69.24356557559763 2.6705150037514636 -4.747533674979399e-18)
(69.50436257992834 2.706653544441828 -7.881415617086599e-23)
(69.7883832638666 2.6827507804468995 1.536624514314829e-19)
(70.08733678213878 2.5916521514963238 -5.466357008858479e-18)
(70.39250793988398 2.4342101521434563 5.349773418665924e-18)
(70.69556981707098 2.20426403427092 5.279431343819632e-18)
(70.98726631521592 1.9051685667270015 0.0)
(71.26325196170598 1.5347509857680433 0.0)
(71.51713771380234 1.097530571389281 -9.97287827150447e-24)
(71.72896783788288 0.5979966693073797 9.070913395600012e-19)
(72.22534907466091 0.20976594452465191 -6.820768735405472e-19)
(72.1677716181753 -0.17997428522635384 -1.3517249358999835e-21)
(71.42009427054582 -0.6338554248710426 1.846690314494037e-24)
(70.95769222318128 -1.1704273122560966 1.438302311288612e-24)
(70.51470409718881 -1.6303192447774277 -2.839828344999829e-18)
(70.1191794289474 -2.0231065561968293 -6.8196914480883005e-18)
(69.77239227306482 -2.348375358651432 -2.083715819717188e-24)
(69.47427812206895 -2.607520793055852 9.013214234967672e-18)
(69.22700115762834 -2.799793612213423 9.875552545898712e-18)
(69.03338065403445 -2.925880336771398 -1.6760829387792155e-19)
(68.8915791959609 -2.9901038285344854 1.1268552461163414e-17)
(68.78991331543935 -2.993333910895486 1.1636691449340845e-17)
(68.72574677243388 -2.9402378124293524 -1.2251618384722263e-17)
(68.71427727942051 -2.835944553671967 -2.5054324794883108e-17)
(68.74023380375672 -2.68326311808402 0.0)
(68.76782648877364 -2.489115731928571 0.0)
(68.78375374868995 -2.2600024047488194 -1.3398688047732683e-17)
(68.77959387059812 -2.0045950403989905 1.3689659825087939e-17)
(68.73120819681867 -1.733143757854822 0.0)
(68.60235731717 -1.4553936969252494 0.0)
(68.34403451923478 -1.1822433474426715 0.0)
(67.88624305060962 -0.9229602406044319 8.410820198289132e-18)
(67.12478444348004 -0.6862934418278929 0.0)
(65.89640390384946 -0.4790265302976309 0.0)
(63.916427576489 -0.30469469211413686 -3.1491682665822193e-18)
(60.54680894514765 -0.16536329303336975 0.0)
(53.92123457687139 -0.06456631224392446 0.0)
(37.497572130489814 0.03945878873997593 -8.702817982158397e-19)
(69.46328323592638 3.9168388603940505e-5 0.0)
(69.46335036086114 0.00012245462245500624 0.0)
(69.4634641966177 0.0002237470324372817 0.0)
(69.46362691794371 0.0003565221726000361 0.0)
(69.46384238985266 0.0005287347108879092 0.0)
(69.46409802179404 0.0007746572136860258 0.0)
(69.46433120546361 0.0011976258675963955 0.0)
(69.46442751164247 0.0019709253623528523 0.0)
(69.46425835615456 0.003299667841206332 0.0)
(69.46369643281747 0.005462736320846572 0.0)
(69.46253911680661 0.008897521433400502 0.0)
(69.4605153354876 0.014207329716341916 0.0)
(69.45737818753527 0.022009181181880184 0.0)
(69.45302494242091 0.03284938244324216 0.0)
(69.44740756857641 0.04725055609781068 0.0)
(69.44043499955937 0.06566009968526976 0.0)
(69.43197196972973 0.08823605898748316 0.0)
(69.42188764412377 0.11474815049041835 0.0)
(69.40998877926432 0.14486694653235316 0.0)
(69.39597736132535 0.17841064131950465 0.0)
(69.37933930186419 0.21527139839605178 0.0)
(69.35954977609275 0.2553440109333336 0.0)
(69.33351608756422 0.29863623876060535 0.0)
(69.31119489057 0.30664996169197667 5.980384470010713e-23)
(69.27402303109666 0.34376528918997107 -2.9575422165594013e-22)
(69.23465705499403 0.3842342442196875 2.789472079999155e-21)
(69.18889449862633 0.4289634050366969 -8.833418787688352e-22)
(69.13720028929703 0.47875826325579773 0.0)
(69.07855834828662 0.5359977550143571 4.196614032563822e-20)
(69.01282426682432 0.6027074227059146 1.0077967923780744e-19)
(68.93993626834438 0.681798419279897 9.358498512230275e-22)
(68.86172886344596 0.7768257393571242 -3.555652527930143e-23)
(68.78139013796252 0.8915476084890969 6.755522112815834e-19)
(68.70308133320947 1.029522108670907 7.66547576560843e-19)
(68.63441530094484 1.1915722181232822 9.2554309937066e-19)
(68.58369715370449 1.374773065151655 3.704649080383204e-23)
(68.55893152528415 1.577013371330744 5.977679972522156e-22)
(68.57010597266839 1.788555751846794 1.334594396292646e-21)
(68.62212059251783 2.00116752141317 0.0)
(68.72099248487433 2.201487126032632 -3.3673530125911404e-18)
(68.86690563801714 2.376618711681966 0.0)
(69.0573831936365 2.5168224764651344 -2.5043665351623024e-22)
(69.28870389434898 2.611240970960602 1.4973949561184678e-19)
(69.55333490453539 2.6526956488320703 -4.584493474225536e-18)
(69.84374499510797 2.635138999971098 4.937333103845996e-18)
(70.1514261107728 2.550180479988675 9.920878460693142e-24)
(70.46647933246162 2.3985700528385223 -5.101232592662257e-18)
(70.77973786697852 2.1735893310450747 -5.0369942006136815e-18)
(71.08077488553008 1.8784868200596516 4.745925050153849e-18)
(71.36362128348816 1.5112560380923519 -1.4595481535201947e-23)
(71.61932429676305 1.07649265950606 -6.1721598041319334e-24)
(71.82362796709754 0.5808317328594825 0.0)
(72.28349167378606 0.20206656276657883 3.102802013801296e-19)
(72.23467603146045 -0.17324594977514907 3.684244009467604e-21)
(71.53190049474695 -0.6181846714696336 0.0)
(71.07339862566629 -1.1585033263970057 -1.3643122989759974e-24)
(70.61828124611947 -1.6220863903598541 0.0)
(70.20589808307706 -2.017225017960671 6.6810503816066885e-18)
(69.84182631348169 -2.343870268440977 -7.644610234347724e-18)
(69.52745563377796 -2.6040169119097265 8.60095838591173e-18)
(69.26554811645047 -2.796990571391142 0.0)
(69.05913318786048 -2.923725585551602 -1.0364871930592866e-17)
(68.90638157812279 -2.988515092655511 -1.0839801780388514e-17)
(68.80595145249659 -2.9924674464304877 -1.7161807908156022e-19)
(68.74311866728485 -2.939848585896955 4.230844102514697e-24)
(68.7126951294572 -2.8355192753592453 2.4603536559026315e-17)
(68.72946942898297 -2.6831105155298562 0.0)
(68.7761453668793 -2.4899317472762843 -1.4736055290188e-24)
(68.81814847201056 -2.261893430059148 1.4933932338383378e-24)
(68.842938629716 -2.007426712755898 0.0)
(68.84246408433056 -1.7372349247260515 0.0)
(68.79620486428925 -1.461235560670405 0.0)
(68.67413520719096 -1.1902928814136728 0.0)
(68.43741827243822 -0.9337853871003838 -8.435673019170691e-18)
(68.03391674200077 -0.7006216068843383 0.0)
(67.3914015511753 -0.49753603309726524 5.4321252526251174e-18)
(66.40263712454359 -0.3279765303995003 3.2122942768403567e-18)
(64.85497225337708 -0.1943738593787512 0.0)
(62.14648125428606 -0.09562682262488402 0.0)
(56.18169127863544 -0.03151465920515319 1.2336048678701687e-18)
(39.01930733832798 0.019331354060734912 0.0)
(69.46328438152085 3.976980760096212e-5 0.0)
(69.46335116579208 0.0001243992437678749 0.0)
(69.463465649996 0.0002273931427337212 0.0)
(69.46363205650877 0.000362375670022021 0.0)
(69.46385309526332 0.0005376587175953866 0.0)
(69.4641115402872 0.0007896199990532271 0.0)
(69.46434622854038 0.0012271558351484263 0.0)
(69.46445684936776 0.0020320541088952792 0.0)
(69.46433172000431 0.003419556141236392 0.0)
(69.46385126535417 0.0056846854429884 0.0)
(69.4628225933156 0.009291378706381612 0.0)
(69.46100372144335 0.0148768460047513 0.0)
(69.45818787734422 0.023089009297065175 0.0)
(69.45429652778 0.03450409694766375 0.0)
(69.44929119322646 0.04968611102660745 0.0)
(69.44309320384312 0.0691343540652905 0.0)
(69.43557366727573 0.09305866100971004 0.0)
(69.42657797862952 0.12128445911827435 0.0)
(69.41588101379959 0.1535611894088606 0.0)
(69.40309171259398 0.18982363192586513 0.0)
(69.38761296930186 0.23014409427543667 0.0)
(69.36721517315375 0.2744672164958639 0.0)
(69.34836016814128 0.2861360691875314 -2.549468269339261e-23)
(69.31704670878642 0.324772471522655 -4.870153686340516e-22)
(69.28326928532567 0.3666691125337222 -2.1693712475155183e-21)
(69.24289618993677 0.4131317602268491 0.0)
(69.19672098650321 0.4643588125599572 8.808119787813164e-22)
(69.14377809445038 0.5222683286009264 -3.255905064899747e-20)
(69.08407103684881 0.5886328742261991 0.0)
(69.01710659524234 0.6665477357594931 0.0)
(68.9447673748191 0.7583753708658939 2.66368688754798e-23)
(68.8689831908548 0.8678456689301367 -2.7760839173316795e-19)
(68.79407902460073 0.9977837992044399 -6.861207363033519e-19)
(68.72594054508224 1.1511103941028076 0.0)
(68.67330799948934 1.3250418866803724 9.06968385946601e-22)
(68.6436237371277 1.518241329844276 2.066187825289468e-18)
(68.64755367286217 1.721768425733809 -2.3634748354420895e-18)
(68.69126505863743 1.9283155322214818 1.3747504105683677e-23)
(68.78139353774512 2.1263723121581486 3.1175329045591348e-18)
(68.92008029420984 2.3021400919069896 3.3180899995440102e-18)
(69.10576713380951 2.4452795513826353 2.2350212277270858e-22)
(69.33553526027384 2.5442238039949245 4.067191497034321e-18)
(69.60217926635302 2.5910728591938796 8.499964708152953e-18)
(69.89732741697107 2.5801019337120565 -4.3812526984379345e-18)
(70.21232883324366 2.502017240607221 9.13067375438977e-24)
(70.53617549555884 2.357199127421536 4.582115273310268e-18)
(70.85875345885552 2.1383227576392363 -3.2034564282710335e-23)
(71.16846752753342 1.848112341851242 -4.508226615926796e-18)
(71.45743360086438 1.485030192444727 1.826670463693046e-23)
(71.71397062775156 1.0538229006973654 1.8490900028237634e-18)
(71.9100243642324 0.5636714083556957 9.941983016007158e-24)
(72.33259907921298 0.19443358815532913 -2.79418161053685e-19)
(72.29259636392398 -0.16648889887420293 -2.232523219409041e-21)
(71.63942127416735 -0.6017225679156777 4.889190683646771e-25)
(71.18948408313337 -1.1448733764689039 0.0)
(70.72502741494883 -1.6124135699983402 2.549680081723761e-18)
(70.29681406560866 -2.0102111932836486 -6.304594421112194e-18)
(69.91551030602692 -2.3385293794123627 7.507141659854131e-18)
(69.58442684420591 -2.599824224739269 -1.4816462177184108e-19)
(69.30719355978371 -2.7936599479574835 -1.0364130317078275e-24)
(69.08720751033042 -2.9210770841587324 0.0)
(68.9227447098157 -2.9864099728221287 2.131563569184942e-17)
(68.81243057329385 -2.9909597901627705 -1.1299147436568175e-17)
(68.75176393589423 -2.9390535032914262 0.0)
(68.72358353874768 -2.8351562548108316 -1.2146940969691518e-17)
(68.72296508026288 -2.6827328765935956 0.0)
(68.7613270735144 -2.489797097359583 2.9023679740638553e-24)
(68.82178089089464 -2.2626314636044 1.615852858219014e-24)
(68.87225045807435 -2.009075606486542 -1.672472193122509e-24)
(68.900547682125 -1.7396304943319252 -6.864060510325958e-18)
(68.90025203635552 -1.464564124392912 3.2354111680304142e-24)
(68.85537044000317 -1.194978442564195 0.0)
(68.7432383329318 -0.9399786750832613 8.390763694493045e-18)
(68.53705515169581 -0.7085585101177765 2.399286097613275e-24)
(68.20567577756647 -0.5076593834100798 -5.476719553654646e-18)
(67.71318468947712 -0.34030316065877475 0.0)
(67.0016094755426 -0.20905131885734143 0.0)
(65.9009060889504 -0.11291726315859518 0.0)
(63.77717347602298 -0.047856533700059045 0.0)
(58.12529621994923 -0.011951469719280853 0.0)
(39.94023251522844 0.005744899549632694 0.0)
(69.46328556915128 4.037602419278083e-5 0.0)
(69.4633519948918 0.00012635032104728878 0.0)
(69.46346722393099 0.00023101456254376744 0.0)
(69.46363760304477 0.0003681546528714892 0.0)
(69.4638644980283 0.0005465455211605434 0.0)
(69.46412581652336 0.0008047494015640721 0.0)
(69.46436246681914 0.0012571114372153358 0.0)
(69.46448956723657 0.0020938044025198424 0.0)
(69.46441293061696 0.0035405113250193284 0.0)
(69.46402011996088 0.005908967610166127 0.0)
(69.46312984817087 0.00968979168538253 0.0)
(69.46153360241362 0.01555362620528426 0.0)
(69.45906837056053 0.024179649464024754 0.0)
(69.45568075174111 0.03617584327734793 0.0)
(69.45134494685244 0.05214917742055409 0.0)
(69.4460038243276 0.07265419158631588 0.0)
(69.43954619947017 0.09796021574400166 0.0)
(69.4318065014509 0.1279598272431274 0.0)
(69.42250738100779 0.1624968736697574 0.0)
(69.4111588522755 0.20166687123577418 0.0)
(69.39618580402635 0.24567387280888336 0.0)
(69.38099725553074 0.26082868249840613 0.0)
(69.35597933501778 0.3004585722403027 -3.971542165287145e-22)
(69.32788295435932 0.34325047988041646 1.8809138531014334e-21)
(69.29388534181841 0.3904346901814243 -6.070464152222739e-22)
(69.25349898793303 0.44287712694114334 7.4508155994693e-22)
(69.20714816293895 0.5012383087710847 2.977194640814948e-20)
(69.15359477434424 0.5674351610686422 -1.0839018887373226e-21)
(69.09343734504407 0.6436088431014537 0.0)
(69.02727262585888 0.7328676815580916 -1.9815969338498227e-19)
(68.95728603779442 0.8375903475607133 2.4752005279240136e-19)
(68.88646470962402 0.9607520577407129 -5.605771593965078e-19)
(68.82058049323183 1.104868931391072 -6.604406018812564e-19)
(68.76712779960195 1.2695803180426457 -7.736751914191876e-19)
(68.73402914749563 1.4533231437874066 -1.8765983889171603e-18)
(68.73132237796557 1.6490532987559903 4.22017328655191e-18)
(68.76707073708893 1.8487701082587205 -2.349727847178265e-18)
(68.84812471845288 2.043239257995232 -1.3162027007280874e-21)
(68.97842297161354 2.2187761767063376 -3.076847532147002e-18)
(69.15767328091438 2.3646448478656574 -2.0009052643944483e-22)
(69.38370918863515 2.468744549850648 -2.2169180187283044e-22)
(69.65029838879592 2.5214600719761333 -3.9237793154451976e-18)
(69.94831564396192 2.517408096828354 8.115586598659023e-18)
(70.26900520984667 2.4467523927115264 0.0)
(70.60035142587108 2.309474675622231 -1.3161624775135396e-19)
(70.93113379345391 2.097855688183567 0.0)
(71.24866922016807 1.8136787535087298 3.478184754139502e-23)
(71.54291835435923 1.4559859312898222 -1.2573003501312435e-23)
(71.79941080517804 1.029592433268889 -1.7357657676374864e-18)
(71.98696300129646 0.5468444177219237 -9.115932448920903e-24)
(72.37261737248411 0.1871115880246933 5.053089992599578e-19)
(72.34141372475958 -0.15981442590963285 4.2064428959527325e-21)
(71.7412447039672 -0.5846082976909147 0.0)
(71.30455120564885 -1.129443243812591 0.0)
(70.83402959830678 -1.6009232623294753 -2.467247932292019e-18)
(70.3914486384359 -2.001823753081391 1.132538918131255e-19)
(69.99325452481575 -2.332137855344242 -7.09385730512803e-18)
(69.64517382318418 -2.5948488151735676 -1.478797102847668e-19)
(69.35201708525348 -2.7896551461355976 -1.0044617456531396e-24)
(69.1177026575799 -2.917936305287255 -9.641126620234593e-18)
(68.94074922536355 -2.9838684447534645 -1.7111401157019124e-19)
(68.81982670709917 -2.9889679683477364 -1.085728344967907e-17)
(68.75038575470987 -2.9376323212480697 -1.1335618007088743e-17)
(68.72517416340185 -2.8343964587214705 -2.755146887037568e-24)
(68.7277056259151 -2.6824007179702876 -1.2086097141168923e-17)
(68.75052797496927 -2.4894671419119128 2.8548193203654354e-24)
(68.80348645837753 -2.2625012680191525 -6.085122472087405e-24)
(68.87139024184276 -2.00968065590304 0.0)
(68.9245640543863 -1.7409972768881457 6.835573879143128e-18)
(68.95235333313542 -1.4665151547984814 0.0)
(68.95056021350183 -1.1975780184940514 7.622256369467662e-18)
(68.90818479096944 -0.9436273245805866 -1.6736825562141807e-17)
(68.81092608136747 -0.7132100356849203 4.71483936783436e-18)
(68.64553184914573 -0.5132368490263757 -5.488764415804651e-18)
(68.40294915634348 -0.34689945573188063 0.0)
(68.0765441675138 -0.21655281740098248 0.0)
(67.6333582682854 -0.12117434438347262 0.0)
(66.89890190187698 -0.05661843179852028 0.0)
(65.10116825442445 -0.01879355770188551 0.0)
(59.34209952338811 -0.0025444822609195176 0.0)
(40.27954136985321 0.0006904365698600065 0.0)
(69.46328679725211 4.098703747783371e-5 0.0)
(69.46335286000026 0.00012830579258136656 0.0)
(69.46346892046206 0.0002346009829096754 0.0)
(69.46364354771977 0.00037383889158017344 0.0)
(69.46387657301784 0.0005553771699687279 0.0)
(69.46414088269819 0.0008200327804664276 0.0)
(69.46438014097494 0.001287433695149882 0.0)
(69.46452627823004 0.002155986326570348 0.0)
(69.46450278751257 0.0036621303606401657 0.0)
(69.46420421350852 0.006134909363571645 0.0)
(69.46346251881452 0.010091419960025253 0.0)
(69.46210726899697 0.01623500246569008 0.0)
(69.4600231339483 0.025276529613520237 0.0)
(69.45718374638244 0.037857217066411965 0.0)
(69.45358105977 0.05462872925706599 0.0)
(69.44918931110128 0.07620301736359451 0.0)
(69.44392647669113 0.10291602263035893 0.0)
(69.43761776537899 0.13474005737518752 0.0)
(69.42991881683415 0.17164159385547906 0.0)
(69.419918868032 0.21387792908023595 0.0)
(69.40835293965661 0.23171246950264365 0.0)
(69.38970133831312 0.271629103873407 -3.2071401628675804e-22)
(69.36736910230633 0.31483416710994444 1.0594797231844752e-21)
(69.34007083871423 0.3619826749517456 -2.3178166838159047e-21)
(69.30609320443435 0.4146206436929392 6.057052207079506e-22)
(69.26671325889181 0.4730885753081822 -2.3872872305425147e-20)
(69.2199949557989 0.5390387967277431 -5.565311175908863e-20)
(69.16701757326723 0.6135447366737411 0.0)
(69.10769530993961 0.6999649552543316 3.4226932748811926e-19)
(69.04432547322926 0.8002170909200328 -1.6186455529270467e-21)
(68.97854864898987 0.917514230550633 5.028119899443584e-19)
(68.91625481693661 1.0531031441694976 5.92345537924115e-19)
(68.86337735776962 1.2084345091108437 6.95534638550847e-19)
(68.82828516767376 1.3821897843690871 -1.5459643799625246e-18)
(68.8200637313162 1.5697218531418713 -1.877539108978254e-18)
(68.84821951498012 1.7625934741892755 2.1484544926130838e-18)
(68.92019370643891 1.9525498243176453 5.804941979534596e-22)
(69.04117578008277 2.1268286764530187 2.6053371730883758e-18)
(69.21262417029617 2.274516279200562 -7.169342595661219e-22)
(69.43286588992164 2.3839055996127567 3.1541615108437552e-18)
(69.69712536437962 2.44319522660161 3.3974096338997903e-18)
(69.99592081275021 2.446687242890731 -3.74263792178692e-18)
(70.32038421481982 2.384216112001242 3.75374446574581e-18)
(70.65773101575478 2.255075365597579 -3.9648380017483236e-18)
(70.99539623812093 2.0517615050115694 -2.7091100123488156e-23)
(71.31972611016067 1.7748081629631598 0.0)
(71.61834852839873 1.4239823916964707 -2.3164361869238658e-23)
(71.8740742326002 1.0039704539540846 1.4536983758318856e-23)
(72.05338278748016 0.5305620641947099 1.664352148880707e-23)
(72.40353935014579 0.18020968625170417 -4.54491594433641e-19)
(72.38108407519636 -0.1534949852836659 -8.699688096737588e-21)
(71.83599126448767 -0.5670433558728165 0.0)
(71.41706895861381 -1.1120862994729555 -4.0868031783525884e-24)
(70.94420393697072 -1.587411461831635 0.0)
(70.48916905274686 -1.9917329978068392 5.865937012745684e-18)
(70.07476160326598 -2.32442625639749 1.3739057162736126e-17)
(69.70961566507133 -2.5888532046789186 -7.89406236921328e-18)
(69.40005055255573 -2.7848995322783274 1.0819124028332749e-24)
(69.15071853543304 -2.9141801096502924 1.8860150120398987e-17)
(68.96050633195027 -2.980820676397257 -1.0175494635025759e-17)
(68.82821304301389 -2.986558359307954 2.132310719831033e-17)
(68.74930808436532 -2.9357700030529172 1.1232970872842961e-17)
(68.71644238068431 -2.8330515422696894 8.179046492475934e-24)
(68.72261188601043 -2.6817154284540488 1.1995929098961794e-17)
(68.74951145321046 -2.489156091269274 0.0)
(68.78900020155547 -2.262233966306273 1.2510995785257489e-17)
(68.85022625766412 -2.009586681803918 3.248568001707925e-24)
(68.91934124235922 -1.7415361299784475 0.0)
(68.97062149556227 -1.467693427025729 0.0)
(68.995561657285 -1.1991924465562496 -7.590539554296099e-18)
(68.99214301430227 -0.9456410811077739 2.653393771241157e-20)
(68.95476521265046 -0.7157403612408438 -4.708279800318416e-18)
(68.87808460981444 -0.5162960927248326 1.0986674110056093e-17)
(68.76190275997249 -0.35042528767755654 0.0)
(68.61345974288726 -0.22040542099304197 0.0)
(68.43753932716521 -0.12517652917940997 0.0)
(68.19626561754787 -0.060393068378429615 0.0)
(67.65868293636942 -0.022413144333557827 0.0)
(65.90791917929833 -0.004570657438475974 0.0)
(59.826783504156076 9.944147499898516e-5 0.0)
(40.225415838494584 4.928595174158288e-5 0.0)
(69.46328807528188 4.160285528035406e-5 0.0)
(69.46335376573566 0.00013026336579006277 0.0)
(69.46347074541407 0.00023814145981856342 0.0)
(69.46364987407863 0.00037940686351497317 0.0)
(69.46388928160616 0.0005641332171977466 0.0)
(69.4641567481362 0.0008354504573816241 0.0)
(69.46439956593632 0.0013180496710301028 0.0)
(69.46456750047312 0.002218362940742831 0.0)
(69.4646022000571 0.0037839693157568177 0.0)
(69.46440470834827 0.006361722875985583 0.0)
(69.46382221128012 0.010494721696726439 0.0)
(69.462727005115 0.01691799418755038 0.0)
(69.46105557595178 0.02637422705563495 0.0)
(69.45881244210139 0.03953968933915353 0.0)
(69.4560134202936 0.05711147792535226 0.0)
(69.4526731793954 0.07976027666624211 0.0)
(69.4487462352392 0.1078954459522672 0.0)
(69.44404814452524 0.14158651161356073 0.0)
(69.43830216263872 0.18094197326252415 0.0)
(69.43013453414976 0.20033648840254356 0.0)
(69.41739223970777 0.23944528276324376 0.0)
(69.40089422939896 0.28228632306454127 -2.9025856349287964e-21)
(69.380046376089 0.3290050801605476 2.5610836489606005e-21)
(69.35315191127042 0.38078934523472474 -1.62853242931475e-20)
(69.32067146196685 0.43860094980941966 2.045880356845961e-20)
(69.28174246042045 0.5035636978376146 5.159592171601925e-20)
(69.23594604050493 0.5767990395397238 -9.128935455226307e-22)
(69.18445782451919 0.6600698616633409 -1.464605533038626e-19)
(69.12796837339579 0.7560577536636003 1.6699942685216068e-19)
(69.06860152784313 0.8673194679615776 4.020705127710472e-19)
(69.01069594503717 0.995608324683421 -4.797425187605709e-19)
(68.96016136199908 1.141671442314234 0.0)
(68.92420222755271 1.305537369263814 7.513811107336616e-20)
(68.91211103322654 1.4836849797869989 -7.751741463949046e-22)
(68.93321002333008 1.6695467990477768 8.905573347834274e-22)
(68.9963924489136 1.8544094641861848 2.0227794200602788e-18)
(69.10737259082514 2.026809060123862 -1.1590737128610786e-19)
(69.26982258569019 2.1753253263907864 0.0)
(69.48251714825591 2.28929564528167 -2.9297517338595346e-18)
(69.74209138719391 2.3555880612132447 -3.1680842011786733e-18)
(70.03945037299133 2.3672815402793037 -1.0374244005987186e-22)
(70.36545526886495 2.314140545834966 -3.519944172947337e-18)
(70.70706388496787 2.1938623459655053 0.0)
(71.05009126217145 1.9998754734225623 3.4907053505161215e-18)
(71.380045954451 1.7313399558337816 -3.4061948384695675e-18)
(71.68210156018652 1.3889585270305513 1.6033541223745387e-18)
(71.93653247959162 0.9770268674040883 2.653433451208307e-23)
(72.10836020971209 0.5150815754508221 -3.3476915811565624e-24)
(72.42537486674044 0.17380744624598088 4.0767385299584907e-19)
(72.41161033203507 -0.1477372436649232 9.87166998509624e-21)
(71.92236270584641 -0.5493523586896035 -5.686987315338539e-24)
(71.52540585329533 -1.092745610044166 7.605835436671038e-24)
(71.0542854398804 -1.5715658451910282 2.1588822237992957e-18)
(70.5891917641522 -1.9796070900711156 5.965897815977915e-24)
(70.1596185247059 -2.3151092807837856 -6.635277876464874e-18)
(69.77759098759125 -2.581612337432468 -7.440707459913647e-18)
(69.45129363303482 -2.779182665762923 -1.0435617472543392e-24)
(69.18632637615423 -2.909717859572824 -9.20755532569461e-18)
(68.98211692317999 -2.977214945249439 9.703906210968035e-18)
(68.83769073379763 -2.983690125179697 -1.0454282073064598e-17)
(68.74859926526827 -2.933503159809618 1.0782446973803298e-17)
(68.70743926188301 -2.8312908524147593 5.44139021023003e-24)
(68.70708073529202 -2.6804796700984785 -5.684766404763045e-24)
(68.73819078942019 -2.4885198850059136 5.5024672445434846e-24)
(68.78257637876493 -2.261943192010237 -1.2416818140284e-17)
(68.83270310080513 -2.0093577543862042 1.2693694137383746e-17)
(68.89595572525916 -1.7413898229159586 0.0)
(68.96112204996606 -1.4680322590217556 0.0)
(69.00748099324085 -1.1999604292756552 -7.478862068459737e-18)
(69.02847881027121 -0.9467612029338625 2.655495047949782e-20)
(69.02436256844611 -0.7170341658522726 4.2236553108419865e-24)
(68.99505056338015 -0.5179495685860838 -5.479680579246653e-18)
(68.94289829881801 -0.35228709189975344 0.0)
(68.87674032592142 -0.22237027685082283 -2.049702420497339e-18)
(68.80833892103344 -0.12712560784067714 0.0)
(68.73725431267835 -0.062392207414263205 0.0)
(68.59957106372154 -0.023806439666289706 0.0)
(68.10911773962144 -0.005722941745483741 0.0)
(66.24815938846781 -0.00022727294202139745 0.0)
(59.8323808627752 5.475905970413723e-5 0.0)
(40.259256858117396 -1.992476308969635e-6 0.0)
(69.46328940490787 4.2223451899127336e-5 0.0)
(69.4633547228567 0.00013222060033823345 0.0)
(69.46347270528639 0.00024162447227850994 0.0)
(69.46365655604794 0.00038483570516670024 0.0)
(69.46390254937816 0.0005727901879273797 0.0)
(69.46417349343935 0.0008509772016984654 0.0)
(69.46442095674485 0.0013488587293830855 0.0)
(69.46461386067362 0.0022806684895522724 0.0)
(69.46471198070248 0.0039055108551152968 0.0)
(69.46462269518831 0.006588503749735061 0.0)
(69.46421055125734 0.010897984652397762 0.0)
(69.46339491808256 0.017599112124346422 0.0)
(69.4621693544215 0.027466621766683855 0.0)
(69.4605744648321 0.04121318411087287 0.0)
(69.45865646605192 0.05958143316351821 0.0)
(69.4564767546635 0.08330132899266939 0.0)
(69.45403159719939 0.11286294459190913 0.0)
(69.45162142873092 0.14845056682680025 0.0)
(69.4464609155795 0.16841516388244587 0.0)
(69.43883122174442 0.20556128287465086 0.0)
(69.42786768969253 0.24689564389584895 2.0618291906142573e-21)
(69.41308151698541 0.2925288416911049 6.43566738142836e-22)
(69.39335782245196 0.34289243842243144 2.664680072343813e-20)
(69.36787779376473 0.3991418227524999 0.0)
(69.33700489729112 0.4621394070127449 0.0)
(69.29881439662799 0.5335953680222493 9.18926180659095e-20)
(69.25556611640766 0.6139011720228699 1.141530648252542e-19)
(69.2065297474371 0.7057095706154051 -1.507223259876536e-19)
(69.15446968705892 0.8107534044004843 -2.2768534065917822e-20)
(69.10190623115707 0.93201771688169 8.265727709885465e-19)
(69.05522382984181 1.0692843390223334 4.775742116576359e-19)
(69.0196581135679 1.2237841551070283 2.3135705835308372e-18)
(69.00532141621906 1.3918617607816388 0.0)
(69.02037842391091 1.5698315019579756 1.5250147057052054e-21)
(69.07523574932925 1.7488936097578924 -1.8479126901086e-18)
(69.17596725147523 1.9188453890927448 -1.0972789919715403e-19)
(69.32826079280589 2.0677678608613776 -5.608566086668723e-22)
(69.53197674450328 2.1852491219398735 2.465410150126454e-18)
(69.78455611953481 2.2584545911918306 2.688159105173565e-18)
(70.07826896855764 2.278587893836642 9.266546050766485e-23)
(70.40334789659642 2.236008755669134 -3.0367816270298025e-18)
(70.74720654522925 2.125611205577723 -3.1331978353983614e-18)
(71.0938781694998 1.9421470558303724 -6.425575842598985e-18)
(71.42815208777115 1.6833595349474473 6.277730354683159e-18)
(71.73270785536874 1.350985455748728 -2.9539892548592642e-18)
(71.98554822375465 0.9489676683205229 0.0)
(72.15112594110977 0.5006304107549655 -3.0425663574194702e-24)
(72.43812924605272 0.16787923665054477 -1.829563872250538e-19)
(72.43300839904558 -0.14274421587693506 -1.0836446752330687e-20)
(71.99915545238652 -0.5320212147512162 5.167279883891408e-24)
(71.62786511493 -1.0714371327146148 3.922238878447538e-24)
(71.1628438045267 -1.5531728441475128 -2.0683408610370244e-18)
(70.69055348369766 -1.96498439744053 8.588326342219044e-24)
(70.24727978709905 -2.30379159239262 -1.1879230404312775e-23)
(69.84885463064666 -2.5727954489600746 1.4396309607614937e-17)
(69.50569145000222 -2.7722420816590208 -1.0038586335661718e-24)
(69.22458114535863 -2.904355255715813 -3.3172440297964166e-24)
(69.00568625151266 -2.972921770499498 -9.562223469827605e-18)
(68.84837798722204 -2.9802730215847357 -9.978712747186169e-18)
(68.74835188436859 -2.930815174434554 -2.1144471743762837e-17)
(68.69822324036336 -2.8291576688345197 0.0)
(68.69075506262077 -2.6788632984323972 0.0)
(68.71651217912236 -2.4873884547166356 0.0)
(68.76546819103508 -2.2613610292424196 -1.153363782719971e-23)
(68.82121299721304 -2.0090828582307005 -1.2586798308582733e-17)
(68.8759664135314 -1.7412503562510995 0.0)
(68.93610079279314 -1.4679208069672358 -6.867575198180158e-18)
(68.99382288572326 -1.200187622454325 7.421884767705627e-18)
(69.0332936350872 -0.9471334291135611 2.656836205316463e-20)
(69.05005974470296 -0.7178800986703143 0.0)
(69.04668390728256 -0.5186720005753768 -5.4931266777727416e-24)
(69.02704510159057 -0.35323351802855746 0.0)
(68.99881845100025 -0.22333757892703096 2.055190456943266e-18)
(68.97283554449272 -0.12805322789973447 0.0)
(68.95765166647665 -0.06324128840786516 0.0)
(68.94125263424691 -0.024761328107370358 -4.2701257995080005e-19)
(68.83554726274524 -0.006287639686053886 0.0)
(68.3131622136017 -0.0004917393728872974 0.0)
(66.2885533848582 1.3590655530428724e-5 0.0)
(59.86840692069297 -1.895345726527158e-5 0.0)
(40.296872726125024 -6.009927362279471e-6 0.0)
(69.46329079322912 4.2848784075226085e-5 0.0)
(69.46335574540484 0.00013417490213884912 0.0)
(69.46347480493513 0.0002450379476078394 0.0)
(69.4636635362065 0.00039010125079692404 0.0)
(69.46391635992096 0.0005813232527643454 0.0)
(69.46419108332653 0.0008665734699696672 0.0)
(69.4644446436603 0.0013797433610011098 0.0)
(69.46466590106604 0.0023425891591222106 0.0)
(69.46483283764388 0.004026163701841873 0.0)
(69.46485923320718 0.006814248379668612 0.0)
(69.46462893579593 0.011299201338110892 0.0)
(69.46411318444288 0.018274483918699017 0.0)
(69.46336833443537 0.02854664595660159 0.0)
(69.4624776850302 0.04286581961503736 0.0)
(69.46152355662386 0.06201978588689042 0.0)
(69.46061788411558 0.0867975635042204 0.0)
(69.46053503733599 0.11777686978955483 0.0)
(69.45780005979489 0.13738168252098357 -2.4451976261194425e-22)
(69.45435566383873 0.17170967636144518 4.721641644860593e-22)
(69.44822446635531 0.21043898689391832 -5.0821515669710964e-23)
(69.43898138966371 0.2538844964495711 -1.0265699679065304e-21)
(69.4258585745202 0.3022416391347488 -1.5806439688782566e-20)
(69.40754409003277 0.3562318175143564 -8.048716418840006e-22)
(69.38431017527326 0.41658202747134165 -3.0682181733015225e-20)
(69.35442550963668 0.4849926629190613 -8.272565020622979e-20)
(69.31911576852893 0.56224603331537 -1.0124404463292095e-19)
(69.2785525758423 0.649692376564619 0.0)
(69.23390136158409 0.7490787357380763 -2.2172538800759987e-20)
(69.18813436636172 0.8627645116657459 -3.573720384794965e-19)
(69.14605486651519 0.9917030800295832 -4.2619348426852715e-19)
(69.11270496250226 1.136818678945151 -1.0101503575199503e-18)
(69.09722967621649 1.2953392258144616 0.0)
(69.10790552109084 1.4642813213613552 0.0)
(69.1549199998885 1.6367731721431125 -7.524513261636836e-22)
(69.24577953809244 1.8030597813151195 -1.8171559008983733e-18)
(69.38688272101933 1.952238599839952 0.0)
(69.58039793093724 2.0724107074147744 -4.4294749571796895e-18)
(69.82383141346324 2.152190969924685 -2.4882643182467144e-18)
(70.11171098046808 2.180596060069874 0.0)
(70.43335775937094 2.1493443445763134 2.826131723614067e-18)
(70.77718547111614 2.0499743111222855 5.724070329128136e-18)
(71.12561550556416 1.8784333309115437 2.9448458105172698e-18)
(71.46274156068263 1.6309841606765643 -2.8808566718490586e-18)
(71.76890960840454 1.3102279646784114 1.3553437437732153e-18)
(72.02011506938413 0.9200849888178204 -1.4843498384600854e-23)
(72.18106907959678 0.487399113309618 0.0)
(72.44178156977351 0.1624522157159984 1.6220519819227173e-19)
(72.445281071931 -0.13853034546195955 5.32667350944215e-21)
(72.06530216259817 -0.5155124089960857 -9.34222448406184e-24)
(71.72272611073478 -1.0483419878522247 -1.6593498932023367e-23)
(71.26829847890458 -1.5321120530282293 0.0)
(70.79212054021956 -1.9475629375673842 2.5413419662618204e-24)
(70.3370529906619 -2.2900008252470974 6.206276156136691e-24)
(69.92306216158558 -2.561982508396941 -6.945501896350462e-18)
(69.56313006719964 -2.7637636959769636 0.0)
(69.26550865628637 -2.897854334968044 8.395596896197525e-18)
(69.03131385809046 -2.9677730993557634 1.30950368241886e-23)
(68.86039155099242 -2.9762305915729055 1.7068397667672721e-19)
(68.74868561322099 -2.9276264836223387 1.0349657942703735e-17)
(68.68888592340166 -2.8266261563637216 -1.0634499383543035e-17)
(68.67368819218896 -2.676904115618569 -1.0286064092493209e-23)
(68.69357619763457 -2.4859092618812237 -5.271320001000716e-24)
(68.73829401729736 -2.260353651529456 1.1801699879224253e-17)
(68.79879375129019 -2.008544541497889 6.152450430811312e-24)
(68.85972457066916 -1.7409372477985985 6.463830010028435e-24)
(68.9140404816227 -1.4677679731619766 6.8023085172657964e-18)
(68.96763777574132 -1.2001013155025821 0.0)
(69.01555507434452 -0.9474355792080714 1.6115442971187104e-17)
(69.04696090853767 -0.7180768109905338 -4.640984667714637e-24)
(69.05969961648672 -0.5191022423705992 5.383581148982773e-18)
(69.05731567031734 -0.35353390681202557 0.0)
(69.04664897729208 -0.22376027042825955 0.0)
(69.03681279988653 -0.12845024686215967 0.0)
(69.0381420376012 -0.06361862323550692 0.0)
(69.05560452255881 -0.025119878780104576 4.406650961515082e-19)
(69.06318066864023 -0.006588625484198803 0.0)
(68.95446921792207 -0.0006823172471841861 0.0)
(68.36087631956948 -4.9925731687188005e-5 0.0)
(66.31811885895674 -3.9598206726343606e-5 0.0)
(59.905409850775364 -2.7994238530643327e-5 0.0)
(40.33522232435679 -6.450482276297134e-6 0.0)
(69.4632922498092 4.3478774229311866e-5 0.0)
(69.46335684858379 0.00013612348607652792 0.0)
(69.46347702655301 0.0002483693506989422 0.0)
(69.46367081893925 0.0003951796385781975 0.0)
(69.46393057088271 0.0005897009180741137 0.0)
(69.4642095867465 0.0008821924423827265 0.0)
(69.46447089541414 0.0014105570996960214 0.0)
(69.4647240918556 0.0024037640423667226 0.0)
(69.46496542564836 0.004145274905248394 0.0)
(69.46511507120273 0.007037774701686682 0.0)
(69.4650787218235 0.01169615329607033 0.0)
(69.46488397965385 0.018939709287418824 0.0)
(69.46465650232882 0.02960614359623116 0.0)
(69.46452948399443 0.04448383499136603 0.0)
(69.4646257826416 0.06440480825570548 0.0)
(69.46598430452744 0.09021611086417951 0.0)
(69.46493343333583 0.10845023256393417 -7.414748914200305e-25)
(69.4646477064945 0.13928170470994658 1.1776030685195733e-22)
(69.46244101349463 0.17465549380490927 -1.5631541401718362e-21)
(69.45798420579844 0.21486698581123212 -8.118636380491899e-22)
(69.4505686786624 0.2602692193125549 1.4805842130693602e-21)
(69.43906754726038 0.31131186174953157 -1.287548998376092e-21)
(69.42298278521118 0.36854280150183644 2.5794091216951324e-21)
(69.40150705881423 0.43301180099256914 0.0)
(69.37402050258737 0.506337907702791 -7.56799749779718e-20)
(69.34230056419543 0.5890039222412535 -9.147350967101487e-20)
(69.30532512557149 0.6830646931535197 -2.461103609461357e-19)
(69.26733492329899 0.7892123650157403 2.771479390010742e-19)
(69.23058615649674 0.9098634433132311 -3.306205362157096e-19)
(69.20113877051594 1.0451961001762038 -7.89146627961108e-19)
(69.18558447160204 1.1946143284495592 -9.34292412137388e-19)
(69.1936659688971 1.3539930820373112 0.0)
(69.23356314703386 1.5193095083415216 0.0)
(69.31529588319569 1.68041704706238 -1.4665549682287254e-18)
(69.44465699961026 1.829074055053246 -1.6669961169325597e-18)
(69.62682694309088 1.9513853334660285 3.850129311613016e-18)
(69.85929699835921 2.037301480419901 2.06460444228729e-18)
(70.13906393830699 2.07396963368324 2.2421797775081342e-18)
(70.454924419524 2.05407030171172 -2.3890510241570343e-18)
(70.7962116001183 1.9668185356548065 -1.1215825230975898e-19)
(71.1444225963857 1.8084913244067138 -1.1466525262837482e-22)
(71.482757977628 1.5742736972783966 1.1207776565517947e-22)
(71.7897215517666 1.2667770031779204 0.0)
(72.03947871997437 0.8907145360164281 1.0616504838166202e-18)
(72.19772970433617 0.47550964913349864 1.2206339881887308e-23)
(72.43626975409391 0.15758329682555994 -2.898672439677048e-19)
(72.44839548644661 -0.13497933584271302 -6.6039124465593085e-21)
(72.11988155604188 -0.5002925426828669 1.0989929008670171e-24)
(71.80829970866345 -1.0236040013154184 6.641849026699554e-24)
(71.36894356453757 -1.5084330295739274 -1.754625355154556e-18)
(70.89258476174186 -1.927019406486328 0.0)
(70.4280840185668 -2.2733847581853293 -9.595329505291137e-24)
(69.99974713690308 -2.5487301323355855 -2.4055212835230196e-24)
(69.6234319426295 -2.7532886210649226 -5.146671254023767e-24)
(69.30910810589316 -2.889863612385432 -8.22184734467512e-18)
(69.05909293828803 -2.961534599257167 -8.7324200568412e-18)
(68.87387581795925 -2.9713615246972283 9.50424628412615e-18)
(68.74974147932853 -2.923842349859873 9.863121172092886e-18)
(68.67955093150863 -2.8236381087084896 1.6149625358306432e-19)
(68.65596471417497 -2.6745999331264465 -1.07463019344607e-17)
(68.6694283181346 -2.484131198614446 -1.1139607191047789e-17)
(68.70946622217892 -2.2590363047866395 -2.320100607543297e-17)
(68.76684720605499 -2.0076908465145245 0.0)
(68.83247785694643 -1.74043623183484 6.271242940370997e-18)
(68.89324211467684 -1.467523611931297 0.0)
(68.94375455216968 -1.1999217204545325 0.0)
(68.98850954509979 -0.9471244940085016 -7.951187936948344e-18)
(69.02526793984245 -0.718179902850194 -4.512591131415622e-18)
(69.04815007717252 -0.5192961735540028 -1.0632284023175056e-17)
(69.05616294576649 -0.3536194282748431 6.5040592242881554e-24)
(69.05424189092597 -0.2235395983173788 -2.026872431055201e-18)
(69.05036162507363 -0.1283831244027298 0.0)
(69.05530575694941 -0.06374975267122182 0.0)
(69.0804707409322 -0.025295010183078167 0.0)
(69.12002031934169 -0.006770639189515154 0.0)
(69.13638428117112 -0.0008334792508329523 0.0)
(68.99796278722582 -0.00012371092598637774 0.0)
(68.38677165506665 -6.65989158424506e-5 0.0)
(66.34285932773527 -4.8278895488103945e-5 0.0)
(59.94266509359446 -2.909682450855828e-5 0.0)
(40.37417543854012 -6.694270998070963e-6 0.0)
(69.46329378442378 4.4113279223455246e-5 0.0)
(69.46335802795386 0.00013806335924918266 0.0)
(69.46347942242333 0.0002516067792397326 0.0)
(69.46367828863434 0.0004000442231816389 0.0)
(69.4639451337755 0.0005978905466063568 0.0)
(69.46422901040954 0.0008977720941657256 0.0)
(69.46449994960304 0.0014411248781061208 0.0)
(69.46478890313877 0.002463794406066477 0.0)
(69.4651100763385 0.004262084707260127 0.0)
(69.46539081245179 0.007257775943389125 0.0)
(69.4655610862142 0.012086320558820782 0.0)
(69.46570950116232 0.01958978183995958 0.0)
(69.46603776014253 0.030635836729553667 0.0)
(69.46673599323418 0.04605149646021573 0.0)
(69.46891612254224 0.06671177380808634 0.0)
(69.46885633080868 0.08272115231320575 -5.65653018692565e-25)
(69.47064433142744 0.10941640389568481 0.0)
(69.47131285179604 0.1408638992554817 5.60219765246508e-22)
(69.47069885306523 0.1771841856349493 -5.652582895408089e-22)
(69.46801333660655 0.21872326687628454 3.8269278868900345e-22)
(69.46239180306756 0.2659607583991314 -7.736374785274489e-21)
(69.45291167714548 0.3194199662945781 3.5194624471824385e-21)
(69.43915429950285 0.3796157656114382 0.0)
(69.41973216184476 0.4480435583296392 4.287281496139603e-21)
(69.3962675587088 0.5254009878519403 8.375275867173775e-20)
(69.36774652253844 0.6134932021593187 -1.5022559319428239e-21)
(69.33739072480726 0.7127629243446411 -2.4498547848440626e-19)
(69.3073439495524 0.8248833691715383 2.9761513910048957e-19)
(69.28246254828666 0.9506107202185506 5.24263057089511e-20)
(69.26861810877065 1.0902087120496835 8.402020945840824e-19)
(69.27519012840115 1.2401775097650583 3.458861366647094e-24)
(69.30948352227377 1.397502234570899 1.0796882088426155e-21)
(69.3826239680742 1.5527083055504631 2.5789996954597494e-18)
(69.50054781005774 1.6991604052651912 1.5219224306852393e-18)
(69.67022406040024 1.823015933406261 -1.712674635643374e-18)
(69.89044210253074 1.9142074570822374 -1.8974941849945933e-18)
(70.15968377051118 1.9595167280110002 -2.066684481535156e-18)
(70.46761797764287 1.9505885404269987 4.30283901138768e-18)
(70.80371606287518 1.8764379763653778 -4.50347292911117e-18)
(71.14970175572502 1.7322957859589816 7.54262302456392e-23)
(71.48745671427406 1.5132110862757697 7.628361268418501e-23)
(71.79446099828549 1.2206376400807861 1.059450916665071e-18)
(72.04313972024465 0.8610615625778913 -9.749771563452338e-19)
(72.20079755719418 0.4647579224596234 -1.5320381002281475e-23)
(72.4214693425867 0.15344877383205044 1.2930219795921942e-19)
(72.44227626928404 -0.131860060571329 1.276709726871307e-20)
(72.16213911197617 -0.4865549607701595 9.787327255422075e-25)
(71.88299094265359 -0.9975118487284592 -1.0835612582552884e-23)
(71.46299870119608 -1.4821823532082024 4.175077714619256e-20)
(70.99046940620777 -1.9032654821117467 0.0)
(70.51934808769002 -2.2535586543348183 1.104714464314159e-23)
(70.07830726122452 -2.532659248669107 0.0)
(69.68632625379236 -2.740371574552069 -3.1493638050661986e-24)
(69.35533327818992 -2.879965490484826 1.776114922564744e-24)
(69.08911377926815 -2.9538579032903116 1.6938953316291053e-19)
(68.88897552698856 -2.965460511380344 0.0)
(68.75169041970251 -2.919293592562256 -1.6726608700132655e-19)
(68.67037854588352 -2.820090312703131 1.0168865316177087e-17)
(68.63772860638487 -2.671861379942173 1.0591582755855571e-17)
(68.64416522179646 -2.482032377993117 2.1833052429061403e-17)
(68.67903188170376 -2.257465156375178 1.1384084333918564e-17)
(68.7329118559181 -2.0065170560720347 0.0)
(68.79648648814808 -1.7397190036823804 -6.190405811992699e-18)
(68.86160054705886 -1.4670195971880347 -5.8909630889402494e-24)
(68.91849814689846 -1.1996829409943166 6.356352448217248e-24)
(68.96268710705878 -0.9471119313975447 0.0)
(68.99733198084657 -0.7177791254046038 4.446838799701991e-18)
(69.02275631973896 -0.5191388222630541 1.0455558398647522e-17)
(69.03621466244884 -0.3536616692664399 0.0)
(69.03916837888859 -0.22376277528442906 7.825864980589542e-22)
(69.03772134560745 -0.12827012064630403 0.0)
(69.04265125434712 -0.06351416248039707 0.0)
(69.06840108440291 -0.02537555267670697 0.0)
(69.11659909330741 -0.006900809092174352 0.0)
(69.1710317714632 -0.0009715419895644487 0.0)
(69.17393600705053 -0.00020705559987822095 0.0)
(69.02257698160923 -9.935003974785444e-5 0.0)
(68.40376764826321 -7.059889813948679e-5 0.0)
(66.36673474145545 -4.88780871680056e-5 0.0)
(59.98007937598696 -2.9815211742084087e-5 0.0)
(40.41367137024071 -6.633597771567278e-6 0.0)
(69.46329538615045 4.475206088636725e-5 0.0)
(69.46335935170556 0.00013999184696750655 0.0)
(69.46348193469187 0.00025473707703125697 0.0)
(69.46368592750792 0.00040466991668203586 0.0)
(69.46395993204085 0.0006058536178721818 0.0)
(69.46424933894554 0.0009132351296636224 0.0)
(69.46453210255015 0.0014712483156298552 0.0)
(69.4648605596071 0.002522219662793709 0.0)
(69.46526697508264 0.004375764819194788 0.0)
(69.46568673888922 0.007472766737050148 0.0)
(69.46607702825311 0.012466831112470192 0.0)
(69.46659196620199 0.02021906550042756 0.0)
(69.46751559534937 0.03162525938463601 0.0)
(69.47006694620295 0.047551110149303695 0.0)
(69.47052255724805 0.0609449604399826 -4.075716556786585e-24)
(69.47345302584573 0.08311439671645086 -3.071126334444863e-22)
(69.47589370547743 0.11011442555426773 1.5657486141363509e-21)
(69.4780142779568 0.14208078539769484 5.645825481721254e-22)
(69.47903227540546 0.1792121415063075 3.959335951175858e-21)
(69.47814281010001 0.22191870792226506 6.83945639987462e-21)
(69.47441072268442 0.2707871395480403 1.623236199556983e-20)
(69.46730302548008 0.3263027023344455 3.865711325220621e-20)
(69.45574754484123 0.38933237293328554 5.3853769037689196e-20)
(69.43990466772492 0.46088173639732644 3.9471853990615564e-21)
(69.42011803888401 0.5421535666193408 -1.2176734386304112e-21)
(69.39710609163177 0.6345318235542378 0.0)
(69.37473975187801 0.7380981144075027 0.0)
(69.35477506618452 0.8547167184236816 5.826403314685085e-19)
(69.34449280057594 0.983687535070367 1.3077167148816623e-21)
(69.35026797276396 1.1241991159180749 1.5421523500110257e-21)
(69.38095612855817 1.2724028667056848 1.8194161459417697e-21)
(69.44588696247644 1.4215882780216829 -1.1305393446005196e-18)
(69.5533483846481 1.564042934897267 1.2072667731344627e-18)
(69.70958653797383 1.6886699964588108 3.381161619864292e-22)
(69.9167431738446 1.7837531813891967 0.0)
(70.17315848111163 1.8378700552123974 0.0)
(70.47113220965572 1.8395417075550011 -1.9294755195107874e-18)
(70.79943045337451 1.7793672232861322 2.0268049589993317e-18)
(71.14112329937211 1.6502187200716523 0.0)
(71.47646337153014 1.4478605628311347 1.9713023125286522e-18)
(71.7827689626664 1.1718977120417013 -9.745022121086718e-19)
(72.030861433384 0.83111921577246 8.469886102035117e-19)
(72.19009789426727 0.45466452981825994 0.0)
(72.39716863324217 0.1500959869193138 -1.136099339425268e-19)
(72.42680361551137 -0.12915540422544627 -6.131500833119953e-21)
(72.19148634524103 -0.4741135187587719 0.0)
(71.94535976368836 -0.9702272368687803 -1.964034206446352e-23)
(71.54866339471332 -1.453330278810358 3.018756702385203e-18)
(71.08417204991396 -1.8762654740009377 3.9604607014231736e-18)
(70.60964858868488 -2.2302895191298515 -1.0351791234142169e-23)
(70.15798982870866 -2.513397579213876 -1.0259518196120685e-23)
(69.75143235861805 -2.7245945673161165 1.665162260736913e-24)
(69.40407982651269 -2.8677052627151807 7.346571225887118e-18)
(69.12144659421487 -2.944352333929486 8.196316566548351e-18)
(68.90586357914839 -2.9581749412223015 0.0)
(68.75472953354888 -2.9137741032228397 -9.354701454147699e-18)
(68.66156803947568 -2.8158440314755033 -9.674384939633477e-18)
(68.61914783041874 -2.668627789472363 0.0)
(68.6179353946693 -2.47955221046611 -1.0678747875064923e-17)
(68.64710263402651 -2.2556078576288754 0.0)
(68.69707594544083 -2.005133456325756 -1.1430779464867626e-17)
(68.75828909273609 -1.7387342545012632 6.0019895104589804e-18)
(68.8222519477392 -1.4663433492508537 6.460376728336116e-24)
(68.88296342829805 -1.1992369293955585 6.99844749496782e-24)
(68.93301970766952 -0.9466454590424506 -1.464955532665599e-23)
(68.96905371770401 -0.7177384587275011 0.0)
(68.99351736708894 -0.5186230849492878 -5.126276431102546e-18)
(69.00740223093915 -0.3533888491296289 0.0)
(69.01194051857027 -0.22350238569091477 1.9531136285109292e-18)
(69.01139280332644 -0.12825581616080425 0.0)
(69.01567365335723 -0.06362836247081965 0.0)
(69.04054926247346 -0.02540249531004037 0.0)
(69.09101859007593 -0.007011867440894475 0.0)
(69.15815549302697 -0.00111469934765402 0.0)
(69.2043878681509 -0.00030396644539241807 0.0)
(69.19883047382486 -0.00014007526647432845 0.0)
(69.03645459393252 -9.599667648083704e-5 0.0)
(68.41884410640336 -6.923718519377476e-5 0.0)
(66.390155329049 -4.9244256002466646e-5 0.0)
(60.01752016515776 -2.941157348965164e-5 0.0)
(40.454014608953806 -7.091380621578455e-6 0.0)
(69.46329711521415 4.5394927151673076e-5 0.0)
(69.4633607812022 0.0001419054431854571 0.0)
(69.46348461127252 0.0002577486806146791 0.0)
(69.46369365547909 0.00040903058720490813 0.0)
(69.46397482426491 0.0006135463244766696 0.0)
(69.46427063474786 0.000928491761531484 0.0)
(69.4645674849446 0.0015006910990113045 0.0)
(69.46493923844787 0.002578544222958619 0.0)
(69.46543599274155 0.00448539345499299 0.0)
(69.46600279415692 0.007681056292790695 0.0)
(69.4666273933635 0.012834438211303941 0.0)
(69.46753349811021 0.020821230873995934 0.0)
(69.470046485514 0.03256278040741323 0.0)
(69.4706697052885 0.043293095762028756 2.9367133808875114e-24)
(69.47410302716932 0.061016188499874696 -5.801690561570106e-23)
(69.4774181752808 0.08329894714451606 5.890223524981856e-22)
(69.48110754209655 0.11051590209556107 -6.841822074892864e-24)
(69.48466880566905 0.1428829482195476 0.0)
(69.48734442435547 0.18066964250940423 3.47032024044002e-21)
(69.48825150978458 0.22435347685267526 1.200152855424123e-20)
(69.486660869619 0.2745536767930352 -6.356286404455799e-20)
(69.48194611142256 0.3318667165280583 0.0)
(69.4733423102687 0.39719317786593694 4.623888265893815e-20)
(69.46158962738592 0.47134995008836783 -3.90086483338096e-21)
(69.4462174832981 0.5560331080361126 1.4660738808315182e-19)
(69.43116652138096 0.6511857670190979 -1.4636155959428415e-21)
(69.41714065505342 0.7585887428443963 -4.383480535590618e-19)
(69.41102668700375 0.8772609740435817 0.0)
(69.4175108087119 1.007561948016633 -6.295447623797591e-19)
(69.44584776991402 1.1459774123527968 -7.744544889455719e-22)
(69.50373811200933 1.2882017785339848 -1.9399337858070772e-23)
(69.60148164934304 1.4256676557731478 -8.165822291595145e-20)
(69.74418778961264 1.5498288341063464 -1.1607709551877888e-18)
(69.93751410446626 1.6476476469205412 -3.3834435072018426e-22)
(70.17939933040697 1.7097548947337196 0.0)
(70.46527867013414 1.7218141880812485 -1.575575823802518e-18)
(70.78345681573602 1.6760893422209922 1.6736978359189149e-18)
(71.11863042466965 1.5628442444967188 1.7314416113298228e-18)
(71.44983039844794 1.378405232175223 -3.544128261175148e-18)
(71.75461175317956 1.1208886758452563 -8.314220004654955e-19)
(72.0026665721192 0.8007244572359844 -2.243899265330618e-20)
(72.16555269184985 0.4446096155371309 0.0)
(72.36305154785629 0.14746032905498374 2.0189103898949095e-19)
(72.40180840185192 -0.12708018992572348 0.0)
(72.20748030884744 -0.46257299077082775 -8.786569535179758e-24)
(71.99418399818504 -0.9419630726314161 0.0)
(71.62419333567838 -1.4215775837671456 -1.3999399326373591e-18)
(71.1720159343843 -1.845927403622274 -3.762077599668271e-18)
(70.69764956564885 -2.203351977060199 4.563560119555086e-18)
(70.2378814236331 -2.4907256114555123 -5.423162223747484e-18)
(69.81824388999686 -2.705594622220449 6.2301720694569216e-18)
(69.45516620343147 -2.852618758912717 -7.141077185143843e-18)
(69.15613281417596 -2.932570492461158 1.4997345957210052e-23)
(68.92470634169027 -2.949146027183552 -1.569647844856795e-23)
(68.75909876460256 -2.906947937091087 -8.83130938171229e-18)
(68.65336378728351 -2.8106922392973592 1.6077364164269945e-19)
(68.60045789759091 -2.664754418592203 -9.783256072585296e-18)
(68.5909358434474 -2.4766206311613823 1.0214644530264578e-17)
(68.61383885764116 -2.2534211620844244 -8.96283243444339e-24)
(68.65945381648739 -2.003516976150952 1.1241296540923643e-17)
(68.71797514365322 -1.7375008863075867 -5.902028697857984e-18)
(68.7805757780005 -1.4655661582787638 0.0)
(68.84097284801163 -1.1985503131610808 6.094661838378673e-24)
(68.89413372120018 -0.9463843702486265 0.0)
(68.93506831358815 -0.7171837132785308 8.931696580106474e-25)
(68.96208544479406 -0.5185159397616206 4.9977324974994245e-18)
(68.97608390596612 -0.3528841095397682 1.2197644636884767e-23)
(68.98013354636512 -0.22314187530044433 -1.8991665021051104e-18)
(68.97906705376688 -0.12794596652580204 0.0)
(68.98245394746009 -0.06345026447115655 -1.4963431670462487e-18)
(69.00636398462258 -0.025398060634129117 0.0)
(69.05733998070177 -0.007122455956348892 0.0)
(69.12974310295169 -0.00127566232067769 0.0)
(69.18940417470971 -0.0004202324258805032 0.0)
(69.2307704264153 -0.000191820277530899 0.0)
(69.21229978447883 -0.0001277691213954738 0.0)
(69.04771583387051 -9.120835932215868e-5 0.0)
(68.43294141462498 -6.842149654733064e-5 0.0)
(66.41301005342773 -4.824006821865046e-5 0.0)
(60.055491843698434 -3.093409528326617e-5 0.0)
(40.49510758797099 -7.174370459565882e-6 0.0)
(69.46329892379713 4.6041324462831015e-5 0.0)
(69.46336238545618 0.00014380127287455264 0.0)
(69.46348744643542 0.0002606300448466331 0.0)
(69.46370137309883 0.0004131001182081065 0.0)
(69.46398974707303 0.0006209219609121046 0.0)
(69.46429282701483 0.0009434296305135623 0.0)
(69.4646062742724 0.001529194864476058 0.0)
(69.46502491917656 0.0026322277379688375 0.0)
(69.46561667878642 0.004589949751771096 0.0)
(69.46633860929475 0.007880739616745281 0.0)
(69.46721282413137 0.013185463311339485 0.0)
(69.46946443180856 0.02138924016065086 0.0)
(69.46991112543006 0.029557076019955383 -2.59476951308651e-24)
(69.4733792967836 0.04320514491228548 5.126189020530646e-23)
(69.47698743424135 0.060934716511056065 0.0)
(69.48132720295219 0.08325983526488555 -1.1829922116953333e-21)
(69.48622800759463 0.11059486956839126 -1.5329599611150545e-21)
(69.49122341304458 0.14322781419834524 -3.2097446709433045e-21)
(69.49554186419225 0.18148997151177926 -1.270604714997352e-21)
(69.49834251453619 0.22592147306041488 2.842362260220739e-20)
(69.49905920740761 0.2771438247801449 3.1921577621083877e-20)
(69.49695549145429 0.33588092774811545 -3.9896018471114694e-20)
(69.49216616498734 0.402896971048208 1.4723613838281178e-23)
(69.48452795080134 0.4793467936739424 -1.2838398269275968e-19)
(69.47603829090592 0.5659663824347932 0.0)
(69.46879104605128 0.6636704992300717 7.433017598623389e-19)
(69.46669622312176 0.7726151202721566 1.7568118587727924e-21)
(69.4757478835586 0.8920343480012385 1.0791560273041595e-18)
(69.50221172808705 1.0206189641894834 6.13159309121122e-19)
(69.55511681198644 1.154101050960653 -7.443345969360142e-22)
(69.64330436643962 1.2860806476091777 -1.7643958884412626e-18)
(69.77351102531263 1.4079119306491648 8.071369168237586e-20)
(69.9520120488744 1.507967045087432 0.0)
(70.17856160706737 1.5763246980958596 0.0)
(70.4500622208578 1.5987359994310446 1.4411934017756557e-18)
(70.75622959004266 1.567118489660804 -8.93039419058719e-20)
(71.08248896198093 1.4707436894313186 -8.353241732745965e-20)
(71.40801913215589 1.3050281497581555 7.373300945377895e-20)
(71.71028155920894 1.0680446767347338 3.0097806572609776e-20)
(71.95884638596283 0.7696073145855776 -6.829822343602185e-19)
(72.12715188662132 0.43429376837754763 0.0)
(72.31872249648195 0.14523759655501756 -1.7815583903619318e-19)
(72.36704785234973 -0.12604771992052036 -7.292934010322082e-21)
(72.209800097494 -0.451556382782909 9.078102992373831e-24)
(72.02849579058879 -0.9129593564850776 8.911009066877782e-24)
(71.68796728626147 -1.386475813928782 1.234680180871552e-18)
(71.25232247503497 -1.8119720054639699 -2.940049717772651e-23)
(70.7819250179187 -2.172419705944669 -4.353997500512713e-18)
(70.31694390984525 -2.4643668268259944 5.207908934629694e-18)
(69.88611963747957 -2.6831445017817686 -6.0138748526118415e-18)
(69.50830537016954 -2.83435756239794 -1.3129490921708305e-23)
(69.19316091062696 -2.918084117231638 -1.3635189095253237e-23)
(68.94567894880367 -2.9379104410701786 7.901672476657032e-18)
(68.76505493719999 -2.898464966709317 1.7091671153214756e-17)
(68.64606516574719 -2.804340322770329 1.809759042511033e-17)
(68.58194876498177 -2.660052362743183 9.586201729976562e-18)
(68.56342917734537 -2.4731163811001315 -1.001745869457677e-17)
(68.5794709049135 -2.2508507508289646 -2.0549386013997252e-23)
(68.62023192466924 -2.0015851176795243 4.141805198105507e-23)
(68.67569776560576 -1.7360697020440168 -5.69434656906631e-18)
(68.73669342769996 -1.464504712244099 0.0)
(68.79666525704755 -1.1978013800529332 0.0)
(68.85021251813836 -0.9456344545872202 -7.27686475745304e-18)
(68.89352553241204 -0.716914714144906 0.0)
(68.92429254876104 -0.5179497960936317 -4.868375133738163e-18)
(68.94109450357486 -0.35248171137924394 2.948262649335902e-18)
(68.94622371484158 -0.22271552093018693 1.8375087519104755e-18)
(68.9450602724163 -0.12757897049238004 2.3165628520420706e-18)
(68.94774245059628 -0.06323330242923161 1.4420008407575664e-18)
(68.97076597690668 -0.025192912848837994 0.0)
(69.02154621122017 -0.007246409085819515 0.0)
(69.09662019501658 -0.001464230665892793 -7.193917056516605e-21)
(69.16030683466289 -0.0005625138772509634 0.0)
(69.21827498159989 -0.00025852054497798904 0.0)
(69.24522234862629 -0.00016926734612827932 0.0)
(69.22277554327427 -0.00011813632341073109 0.0)
(69.05759172254326 -8.830932971084909e-5 0.0)
(68.44600543563178 -6.622958254756007e-5 0.0)
(66.43591386541569 -4.956812872793862e-5 0.0)
(60.09381915995921 -3.120848327193482e-5 0.0)
(40.53709452230809 -7.503399903352626e-6 0.0)
(69.46330086970539 4.669077088128665e-5 0.0)
(69.46336418197599 0.00014567607599562653 0.0)
(69.46349042246864 0.0002633703925505664 0.0)
(69.46370906324391 0.0004168546647432551 0.0)
(69.46400451122567 0.0006279245584433088 0.0)
(69.4643159324257 0.0009579227616986085 0.0)
(69.46464855753088 0.0015564731619517385 0.0)
(69.46511738840995 0.002682688121005807 0.0)
(69.46580829906746 0.004688321351822739 0.0)
(69.46669348583796 0.008069667448802878 0.0)
(69.46873561012202 0.013515763038067022 0.0)
(69.46882921541666 0.0193682356246261 0.0)
(69.47192957454494 0.029417372719939914 3.789487702086066e-23)
(69.47538902780717 0.043010164856045745 -1.8420116478121483e-22)
(69.47981771246505 0.06069276140825561 5.312945053344999e-23)
(69.48514120244154 0.0829838590296462 -1.1906321900283549e-21)
(69.4912237698161 0.11032895069236627 7.617727899038777e-22)
(69.49762582081121 0.14307193150577413 -9.227328299217146e-21)
(69.50360286205148 0.18162054304560224 1.213620310773372e-21)
(69.5084383668745 0.22652792069120323 -2.806776740463388e-20)
(69.51155944769178 0.2784307988142746 2.7498040301095554e-20)
(69.5126678359392 0.3381373384771027 -2.460168882731837e-21)
(69.51193061939917 0.4063780393367176 9.236269917723981e-20)
(69.50977816368004 0.48417044276336946 0.0)
(69.5089479773205 0.5720705197525903 -5.956544385290477e-19)
(69.51126793219903 0.6710146218840113 -1.3984618081955304e-21)
(69.52347488649083 0.7796392545840617 -4.607056372371673e-19)
(69.5491525848653 0.898085797310907 -5.518572517723534e-19)
(69.5985490354152 1.0218098572866647 5.9368665552870985e-19)
(69.67788194797141 1.1472046051456417 6.570215952388406e-20)
(69.79674978259237 1.2649197195734667 7.251272871355004e-20)
(69.95987391747848 1.3663701697517407 2.2734952723322857e-22)
(70.17076029460945 1.4392502462953305 1.0404755860771295e-18)
(70.42587921179515 1.471792113616634 0.0)
(70.71838148712673 1.4534662643890435 -1.3181840867017307e-18)
(71.0333794149142 1.37443669855671 -2.6678379444367267e-18)
(71.35179621910311 1.2280099099936348 1.3815480994112764e-18)
(71.6504276718365 1.01341528536002 2.855853605431537e-20)
(71.89994744131121 0.7374172636579882 0.0)
(72.07493978671687 0.4237409000415041 3.7154918352578084e-23)
(72.26376619710065 0.14302281192529556 1.000691258801906e-21)
(72.3221719987654 -0.12605490835326227 1.3893009111226596e-20)
(72.19824588049599 -0.4411220701751309 0.0)
(72.04756966412558 -0.8835265794266923 7.044120542880784e-19)
(71.73853511007279 -1.3477791618399624 -2.2661685973596536e-18)
(71.32346361554585 -1.7737745346135003 0.0)
(70.86101639195626 -2.1370038020945916 2.707826591494505e-23)
(70.39405378870877 -2.433841193829432 4.710708443226338e-18)
(69.95430699751009 -2.6570100622496056 -5.555023176397531e-24)
(69.56311058179091 -2.812629760207758 -2.871116398627614e-24)
(69.23244996971417 -2.900551548566495 -6.894344955479184e-18)
(68.96891669965223 -2.9241113489067585 -7.684242676768409e-18)
(68.77288340783164 -2.8878943726275956 -1.6331121722300903e-17)
(68.64001459570325 -2.7964422813648713 -1.7353137299697662e-17)
(68.56397627836307 -2.654259213947514 0.0)
(68.5357529568068 -2.4688610863315636 -1.1296961041262941e-24)
(68.54429421804102 -2.2477798906293738 1.4845008710597928e-24)
(68.57968396345679 -1.999399238013639 -9.57588323314537e-24)
(68.63168771569904 -1.7344708373616085 5.574826187280622e-18)
(68.69080416941057 -1.4632872128647783 0.0)
(68.75021141324235 -1.196938911650659 -1.1569306076895464e-23)
(68.80414895132236 -0.9449575165879055 7.100143929311e-18)
(68.84842752943788 -0.7161473961806324 0.0)
(68.88117552951681 -0.5174348895809987 -4.710174240069893e-18)
(68.90075177734931 -0.35208664338366885 -2.8497106349795457e-18)
(68.90856123969884 -0.22194759444515788 1.2961092872839763e-23)
(68.90935343507019 -0.1271713986777907 -2.218166925706799e-18)
(68.9130697740033 -0.06300010432562515 -1.3764213801360453e-18)
(68.9361727053974 -0.025377777683848825 0.0)
(68.98659008076771 -0.007188727829803549 -1.1095161457167048e-19)
(69.06299412162448 -0.0016901607946608215 7.026691849762522e-21)
(69.12715814533269 -0.0007378219766712722 0.0)
(69.19242517920762 -0.0003449824083734768 0.0)
(69.23444051930119 -0.00022411640325874116 0.0)
(69.25646150498822 -0.00015332940521025257 0.0)
(69.23154972431945 -0.00011216642046855485 0.0)
(69.06606686566515 -8.413829813788157e-5 0.0)
(68.45879876565036 -6.648236795424729e-5 0.0)
(66.45865611019812 -4.9820271460918096e-5 0.0)
(60.132705446514905 -3.21606854027104e-5 0.0)
(40.57999156757948 -7.542873512069071e-6 0.0)
(69.46330295738012 4.734248001265979e-5 0.0)
(69.46336617742679 0.00014752646186140596 0.0)
(69.46349360896431 0.0002659612138481674 0.0)
(69.46371658943232 0.0004202689931665368 0.0)
(69.464019024839 0.0006344951579611011 0.0)
(69.46433992789952 0.0009718263910312463 0.0)
(69.46469434099917 0.001582213117537226 0.0)
(69.465216279167 0.0027293131267472253 0.0)
(69.4660098374657 0.004779300761221727 0.0)
(69.46794206783434 0.008245430827678682 0.0)
(69.46778105780407 0.012210943003281904 0.0)
(69.47034173727883 0.01923794946205126 -5.4589986579425575e-22)
(69.4732604181074 0.02920652214473719 1.2788632172553143e-23)
(69.47735291792665 0.04270397752889784 3.7389068887760027e-23)
(69.48256498519014 0.06028317500757679 9.365234175928616e-22)
(69.48883729211025 0.08245929030079498 -1.0533802764108217e-21)
(69.49606364450095 0.10969217733714845 4.164348715755533e-21)
(69.5038590426502 0.1423878642632506 -1.8822437247038436e-21)
(69.51155753590884 0.18100606665275037 1.176281317120736e-21)
(69.51851743558738 0.22607522500237578 -2.6092468190896632e-20)
(69.52433927543775 0.2783417755333849 0.0)
(69.5291093206618 0.33849499700611035 -8.197683558463258e-20)
(69.53295213760806 0.4073541104297116 2.4535343801849145e-23)
(69.53763581117167 0.48566619698803115 2.508830898078362e-19)
(69.54492459843273 0.5741325995985519 2.7438115301547805e-19)
(69.55982502916689 0.6722452058577422 1.3871542793428947e-21)
(69.58632039207622 0.7798523559577915 0.0)
(69.63256285722706 0.8938233752616265 -5.32814025432461e-19)
(69.7049389129997 1.0109717005366927 1.1999439664828713e-18)
(69.81281550504075 1.1235837939097757 1.3990644131961237e-18)
(69.96128834439584 1.2243072483728135 7.6845653591388355e-19)
(70.15589527652986 1.3005838624137487 -1.8149590338583133e-18)
(70.39361854375993 1.3421849445212635 0.0)
(70.67065274429707 1.3365954416354056 1.2405166352511764e-22)
(70.97245649806862 1.2746231348298553 7.239257699600123e-20)
(71.28212196932355 1.1479618089553785 0.0)
(71.57606767566185 0.9565916486348014 5.780569278560899e-19)
(71.82668815217808 0.703726728720215 5.047421690179611e-19)
(72.00905782707068 0.4128262968818985 0.0)
(72.19781431970738 0.14046550326038001 1.3776118582708614e-19)
(72.2667102935124 -0.12637146746210426 8.842188290730307e-22)
(72.17274856399392 -0.43158307550502706 0.0)
(72.05088395086752 -0.8538954565395167 -6.46869430842629e-19)
(71.77464866411646 -1.3058797337369326 1.0355914689442134e-18)
(71.38388375622456 -1.7306574891826954 3.7318810934898065e-23)
(70.93347559417157 -2.0964818166210737 0.0)
(70.46805156319466 -2.398352013462461 -4.491871083340839e-18)
(70.0219872144609 -2.6267678625493858 5.111173248534388e-18)
(69.6191112428802 -2.7871344365473396 2.862147051654491e-23)
(69.27384214663745 -2.8797017066838064 1.651373645542593e-19)
(68.99452345292887 -2.9074184811518444 -2.76006851227764e-23)
(68.78286160087087 -2.8748819466415028 1.6466031848932904e-19)
(68.63559441705007 -2.786624079399626 8.372013699591323e-18)
(68.54695791827145 -2.6470628759289005 -8.696163813390396e-18)
(68.50831765547348 -2.463623144939939 9.15698917505634e-18)
(68.50869421078956 -2.244062347621588 -1.9128555660629806e-23)
(68.53813370480235 -1.9967293262707058 2.0252300363681907e-23)
(68.58624220266783 -1.7326598500032653 1.0763255115820433e-23)
(68.64317584985936 -1.4620310352429833 -2.190426477903414e-23)
(68.70186016910527 -1.195952897590972 6.192437521942031e-18)
(68.75618269188375 -0.9442744480940397 -6.854728720312349e-18)
(68.80156896258511 -0.7155036994207769 0.0)
(68.83594050055966 -0.5168058370267261 4.5532645917232355e-18)
(68.85762573027401 -0.35127570584849166 -1.0975904225554708e-23)
(68.86804883886616 -0.22169436460195335 0.0)
(68.87173291711281 -0.1264340380121412 -1.675559841058253e-23)
(68.87811540541983 -0.06276688545607374 2.6050672493996652e-18)
(68.9028493169808 -0.025398937284018815 0.0)
(68.9535563481677 -0.007594066887097204 2.1118352821197923e-19)
(69.03072966917382 -0.001962511473798619 0.0)
(69.09359576059724 -0.0009538431866766286 0.0)
(69.16298273178694 -0.00045701417174372693 0.0)
(69.21071596795362 -0.0002964440567593613 0.0)
(69.24719258764443 -0.0002001660210953787 0.0)
(69.2657360657374 -0.00014314612144494506 0.0)
(69.23859640011015 -0.00010514533698262567 0.0)
(69.07407445496703 -8.251484145403236e-5 0.0)
(68.47107412214942 -6.632620910321726e-5 0.0)
(66.4814612255357 -5.020123043546367e-5 0.0)
(60.172161504411676 -3.230806028713049e-5 0.0)
(40.623815043227644 -8.098013801511492e-6 0.0)
(69.46330517815802 4.799539095021043e-5 0.0)
(69.46336846529606 0.00014934956584516907 0.0)
(69.46349696094879 0.00026839396910804687 0.0)
(69.46372391623756 0.00042332127673554365 0.0)
(69.46403317273517 0.0006405684321552369 0.0)
(69.46436476614814 0.000984976492941915 0.0)
(69.46474358443024 0.001606082126575344 0.0)
(69.46532106428924 0.002771465646429786 0.0)
(69.46706853719854 0.004861590949072551 0.0)
(69.4667912063693 0.007424008929214881 3.6700730803119315e-22)
(69.46894436764899 0.012106052640574877 -2.6396991267746244e-23)
(69.47118198758963 0.019063562925505404 1.3804677655106128e-22)
(69.47455656550368 0.02892237755608657 1.5414060876018765e-21)
(69.47924960638457 0.042282824618624044 7.198229165088499e-22)
(69.48521049709703 0.059699533166189235 1.0465769442701403e-21)
(69.49239156317051 0.08167099530911058 -4.9940213481977495e-21)
(69.50073809507839 0.10866928140434505 7.042871723241867e-21)
(69.50994145084331 0.14114744307839586 -1.0326139287054379e-20)
(69.51941292624092 0.17957503650099135 -3.8193547751646986e-23)
(69.52865926390862 0.22455506253231106 1.4769752956722128e-21)
(69.53754930286391 0.27675291481582487 0.0)
(69.54630664607663 0.3368319437535486 0.0)
(69.55576449325478 0.4057115073895061 1.7880935461873946e-19)
(69.56775108166953 0.48380200289673403 -2.742801952056606e-20)
(69.5852515498289 0.57136589246508 -1.0822725969124124e-21)
(69.6131703454047 0.6678368059558883 -1.3099230414440324e-21)
(69.65678009151164 0.7717984078691678 3.8915228988072524e-19)
(69.72389503871521 0.8795959770178443 -5.137428000391388e-19)
(69.8212224076031 0.986300266334274 -6.0109771109533205e-19)
(69.95639588567938 1.0839154035520178 -1.3267255713211308e-18)
(70.13407097900509 1.1624863953123685 1.5091028716037478e-18)
(70.35431002352236 1.211121095058718 5.349912017529742e-23)
(70.61401951249998 1.2178533963476041 1.0477704702020967e-22)
(70.90122384694749 1.172170648979215 1.0055216898548229e-18)
(71.20018614947607 1.0657536880720582 0.0)
(71.48852108927805 0.8972126462924996 0.0)
(71.73985652009681 0.6682915996920624 -4.55791518444694e-19)
(71.92983885785257 0.4007059610055126 -1.8128078459375445e-19)
(72.12054870830788 0.13740752009292428 -6.083301421154016e-20)
(72.20016662446889 -0.12597172263784714 -6.647732405494563e-21)
(72.13338320565488 -0.4229662086681252 0.0)
(72.03811901318687 -0.8240159893585395 5.470498302288606e-19)
(71.79529967341702 -1.261744174515834 8.895162051934715e-19)
(71.43209383324377 -1.6822852203998118 2.5067178608482944e-18)
(70.99786726431185 -2.0503688422575994 -2.763911297633232e-23)
(70.53776396649202 -2.3569119406683052 4.003232737445369e-18)
(70.08831794353188 -2.5916623697425716 -4.883918158430686e-18)
(69.67579096195537 -2.7574115314109893 -5.439170530355167e-18)
(69.31712821525521 -2.8551944754610945 1.2367576718313781e-17)
(69.02255137834486 -2.8875981673004754 -6.721008627540207e-18)
(68.79525761221772 -2.859121602375951 1.4748718067659885e-17)
(68.6332091880744 -2.7745435606445032 3.0305031098282275e-23)
(68.53136884536863 -2.6381307412653574 1.6766566079521995e-17)
(68.48161266397862 -2.4571244370633893 -1.7691958264992984e-17)
(68.47313638388835 -2.2394945593727855 -3.4105451239688965e-23)
(68.49602740837895 -1.9935460258021902 0.0)
(68.53974607473842 -1.7303750785135636 -1.8818067250521436e-23)
(68.5941607633894 -1.4605059820957103 1.0024328452689019e-23)
(68.65194002335689 -1.1948381693716736 -1.2002573358018802e-17)
(68.70662598123083 -0.9433539401483413 2.645435292670523e-20)
(68.75326898984981 -0.7149809561954864 3.752352120143161e-18)
(68.7895934187486 -0.5160554001477212 1.5924372085208977e-23)
(68.81373816415788 -0.3509010234310688 0.0)
(68.82711815216413 -0.22099856842060953 1.6061914947756045e-18)
(68.83421832481464 -0.12630231695081165 0.0)
(68.84409243114122 -0.062236701042245816 -1.0936049470151088e-22)
(68.87134002025353 -0.025464071564470343 0.0)
(68.92282228992202 -0.007842581849796791 -9.931907966464455e-20)
(69.00052847813743 -0.0022886535276827836 0.0)
(69.06117451512857 -0.0012175305989925145 0.0)
(69.13330803929924 -0.0006009731962717519 0.0)
(69.18363327369227 -0.0003910102512277198 0.0)
(69.22534640598981 -0.0002623340322544417 0.0)
(69.25773434626336 -0.00018438601988087305 0.0)
(69.27296711985298 -0.0001322642678907726 0.0)
(69.24503330700105 -0.00010073439333240133 0.0)
(69.08132881270114 -8.144680048198413e-5 0.0)
(68.48309611398008 -6.51470362661383e-5 0.0)
(66.50433640652233 -5.040505262412181e-5 0.0)
(60.21219997705371 -3.4193222272439504e-5 0.0)
(40.668567523055145 -8.186123522709997e-6 0.0)
(69.46330760738475 4.864832469865892e-5 0.0)
(69.46337102370208 0.00015114155976056994 0.0)
(69.46350053476479 0.0002706631473893607 0.0)
(69.46373098955334 0.0004259913041687272 0.0)
(69.46404683679407 0.0006460723367728567 0.0)
(69.464390411441 0.0009971923467694463 0.0)
(69.46479617906414 0.0016277307520512214 0.0)
(69.46625552394431 0.002808493961889697 0.0)
(69.46580920608467 0.004356275144050313 0.0)
(69.46771735407525 0.007338033617316574 -1.0699961140551942e-21)
(69.46945373580581 0.011975312451192245 0.0)
(69.4719974142659 0.01884387130945339 2.611868480528208e-22)
(69.47580340517321 0.028563073328973357 -1.8551217672697038e-21)
(69.48106473455174 0.0417434636559387 0.0)
(69.48773482724104 0.05893307715896336 0.0)
(69.49579669975105 0.08061043470407132 -4.917424487236809e-21)
(69.50525966502013 0.10724566908653063 1.386646594602437e-20)
(69.51588197217286 0.139305779180776 -1.5626184729881883e-20)
(69.5272307684304 0.17733714944443282 -2.3314905944617485e-21)
(69.53898185180437 0.22190198731837468 -2.9119778114648453e-21)
(69.55123931733887 0.27356570264021973 5.507936689927064e-20)
(69.5645817935261 0.3331981799942395 -2.9400420122342294e-19)
(69.5803503696713 0.40130970540017724 -1.9351671583702104e-19)
(69.60064050380925 0.4783012809041336 2.103248052615184e-19)
(69.62962328899776 0.5638873213694188 1.075791098524715e-21)
(69.6716484795356 0.657180342785846 -3.4741720288973156e-19)
(69.73401393187423 0.7552872378030447 -3.7288144051158615e-19)
(69.82229397412213 0.8547297725584639 4.406588961877801e-22)
(69.9449209755988 0.9478697768781537 5.695759760738715e-19)
(70.10604547415856 1.0269295779833392 -5.896081258632547e-20)
(70.30867242471287 1.0805232005374419 -6.684553460878458e-19)
(70.54990879009125 1.09827449593014 -7.366466476727073e-19)
(70.82122722495149 1.0680438081095498 -1.0703482791100832e-22)
(71.10759508055253 0.9818976202381254 -1.1257722233172206e-22)
(71.38924941484811 0.8355445841120541 4.0526648737267475e-19)
(71.64033399836057 0.6311185132049276 3.935165957857149e-23)
(71.83783861326341 0.38615399535295336 3.195947568344259e-19)
(72.03165613419378 0.13383935735134905 0.0)
(72.12221286568057 -0.12453981833484572 0.0)
(72.08031081047531 -0.414352381791743 -2.0504618122231657e-23)
(72.00924357462948 -0.7936708086401375 -2.233427379627706e-20)
(71.79976435407862 -1.2161228798059296 -3.423214709182825e-20)
(71.46671813135228 -1.6290029585787031 -2.336173303803743e-18)
(71.05275018010406 -1.9984505614306354 2.946019137581307e-18)
(70.60197447857307 -2.308760719770411 -1.3154942114061694e-19)
(70.15243607570228 -2.550609043953954 -8.863445499282064e-24)
(69.73262293101828 -2.722737898388147 1.5598386093001703e-19)
(69.36208084961228 -2.826487961845272 -1.6208410498678597e-19)
(69.05302898100577 -2.8643616153193405 1.642629960882492e-19)
(68.81031909054394 -2.840393365895041 -1.393193983276384e-17)
(68.63327437257742 -2.7599251544158805 7.412946490337568e-18)
(68.517725871276 -2.627170406987693 -1.4994300377648693e-19)
(68.45619551280909 -2.4490736957972974 1.6903679578990174e-17)
(68.43817784204649 -2.2338432340864136 8.853454960511341e-18)
(68.45388199504818 -1.9896586218836136 9.355192474584337e-18)
(68.4926937697114 -1.7277445753018048 -4.963771210436202e-18)
(68.54420250641832 -1.4586158978219588 2.143283776047599e-23)
(68.60086399609774 -1.1935769651977592 5.7982461754249556e-18)
(68.65587380185508 -0.9424248055264683 6.399506003700352e-18)
(68.70391398990714 -0.7140528683118147 -3.6147383698895396e-18)
(68.74252638996501 -0.5154747373538479 0.0)
(68.76968394382152 -0.35006597468105155 -1.9992295614542168e-23)
(68.78675309137111 -0.22047901559461486 -3.039643726581109e-18)
(68.79813174108537 -0.12589689666929307 0.0)
(68.81238350551611 -0.06239633689604732 -2.2787697656151244e-18)
(68.84283407307734 -0.025424347880082684 0.0)
(68.89531921791246 -0.008159486638574801 9.245026457180792e-20)
(68.97315225975933 -0.002676679752889714 0.0)
(69.0308339822837 -0.0015357943451184393 0.0)
(69.10481219691461 -0.0007834396864406235 0.0)
(69.15642538742928 -0.0005130038802073823 0.0)
(69.20032430924667 -0.00034392532544641344 0.0)
(69.23751811277418 -0.00023920915649998397 0.0)
(69.26591381924332 -0.00016842480513865589 0.0)
(69.27945936087117 -0.00012394439051288547 0.0)
(69.25052844466843 -9.82760727616517e-5 0.0)
(69.08814737202044 -7.772474439545316e-5 0.0)
(68.49487387251473 -6.50922505876449e-5 0.0)
(66.52729361855025 -5.2231857060268664e-5 0.0)
(60.252768596430194 -3.4584862238434954e-5 0.0)
(40.714228462209796 -8.610610961255771e-6 0.0)
(69.46331020244133 4.9299438495963556e-5 0.0)
(69.46337392842132 0.00015289914444563532 0.0)
(69.46350436621802 0.0002727650753095823 0.0)
(69.46373775611991 0.00042826061835596915 0.0)
(69.46405993582022 0.0006509296362662396 0.0)
(69.46441681526233 0.0010082767801421325 0.0)
(69.46566010358507 0.0016467984109644767 0.0)
(69.46494510228457 0.002506407125607694 0.0)
(69.46657934366473 0.004287129947107311 0.0)
(69.46801119323254 0.0072374599277522265 9.688971587306961e-23)
(69.46994397933928 0.011818027027005032 2.169648886612174e-22)
(69.47277915444309 0.018577885373460307 4.853472551590196e-22)
(69.47699228132102 0.02812731233722082 0.0)
(69.4827848224013 0.041081485826018435 2.8027131097501938e-21)
(69.49013228006336 0.05797982377170772 0.0)
(69.49906208964956 0.0792697902331543 -6.31899880529905e-21)
(69.50963294543138 0.10539425759930778 1.0767354279244759e-20)
(69.52173758271512 0.1368782237035743 1.771897373555115e-21)
(69.53509054854156 0.1742646225697032 -2.2327268474980357e-21)
(69.54956083069102 0.21804125376803304 -4.7129353711859366e-21)
(69.56558779270347 0.2688993635732319 1.7403329586533986e-19)
(69.58409303399908 0.32744042646562493 2.181302887799146e-21)
(69.60679188439073 0.3941277436819727 -1.875323399194241e-19)
(69.63657855074464 0.4691366805716266 0.0)
(69.67758280966285 0.5515851454647623 2.468951484153831e-19)
(69.73548575034685 0.6397577446951829 3.343048738250225e-19)
(69.81626782689153 0.7306019895302758 3.548193170648746e-22)
(69.92688733152893 0.8183405172425099 -2.339314784142241e-22)
(70.07273562502996 0.8958057073842601 -5.135240831858824e-20)
(70.25737831457586 0.9527212829491729 6.033759145543638e-19)
(70.47997926765478 0.9791683925314225 6.656625924643528e-19)
(70.7339422189772 0.9633058466427428 -1.7896251874496064e-22)
(71.00638262617407 0.8963993657370808 1.57656504905224e-22)
(71.27972870228578 0.7722294939873292 -3.65497934830535e-19)
(71.52929022051467 0.5921429903717254 -9.353041627032341e-23)
(71.73369903554392 0.3687316027778432 -5.2084119054666245e-21)
(71.93091821484998 0.1296467356046324 0.0)
(72.03277532122975 -0.1227008767588009 0.0)
(72.0136860784923 -0.40429304418665174 0.0)
(71.96462731177903 -0.7626497367760772 -2.1372835406364662e-20)
(71.78765856138735 -1.1687257076900008 -7.234398834858254e-19)
(71.48664805292044 -1.571630994279054 -8.893015771707712e-23)
(71.09670753148289 -1.9407255446837939 -5.405741729837612e-18)
(70.65939803817352 -2.253792523229113 -3.448252270050445e-18)
(70.213410712921 -2.5025475170037157 -8.127665983636032e-24)
(69.78906614664156 -2.6821362472198067 1.536455346851848e-19)
(69.40847828302512 -2.7927627570154105 -5.456577577953727e-18)
(69.08599554198977 -2.8371775673968087 1.6270314324502861e-19)
(68.82829442103747 -2.8184431968363794 1.6148353183363286e-19)
(68.63621476803 -2.7425443939033864 -7.15707270023132e-18)
(68.50657848481642 -2.6139523716914885 -7.647872357664133e-18)
(68.43268330237387 -2.4392236578319815 -1.3872309848968545e-19)
(68.40445050993664 -2.2268588826470803 -1.702782658606592e-17)
(68.4123125885756 -1.9848459211689762 -9.06411816846994e-18)
(68.44565523984582 -1.7245652858113794 4.807178212018505e-18)
(68.49384137563 -1.456523006822097 4.1109138405908213e-23)
(68.5491272518244 -1.192024531794329 2.0108478636860314e-23)
(68.60439312653871 -0.9413559735289901 0.0)
(68.65395803025208 -0.7132758612024346 3.4496823254019793e-18)
(68.69518792412367 -0.5147663198127105 -1.6041403720046014e-23)
(68.72589296803314 -0.3495711000309935 0.0)
(68.74737354009204 -0.21995890707093543 2.8607903260875537e-18)
(68.76387454471342 -0.12542199413855476 0.0)
(68.78335441565139 -0.06231999676417727 1.0548504084700465e-18)
(68.81767901313683 -0.025818234687289825 0.0)
(68.87148168484062 -0.00856103011176226 -1.705634422213194e-19)
(68.94920105954908 -0.003135719364729803 5.60670693507022e-21)
(69.00341831274194 -0.0019160777041873516 0.0)
(69.07841854909 -0.0010114396961560218 0.0)
(69.13047621818284 -0.0006680187883903927 0.0)
(69.17526615750086 -0.0004494213458969631 0.0)
(69.21429500865835 -0.0003112408114020444 0.0)
(69.24700136365675 -0.0002166827701502454 0.0)
(69.27322495444324 -0.00015476784570143327 0.0)
(69.28482957897427 -0.00011958478836444095 0.0)
(69.2554625578941 -9.089378244325588e-5 0.0)
(69.094544830391 -7.695278223671139e-5 0.0)
(68.50642493373938 -6.593266491151425e-5 0.0)
(66.55023941591057 -5.293196921404858e-5 0.0)
(60.29384461038332 -3.5983213311121856e-5 0.0)
(40.76116742905024 -9.307815640004234e-6 0.0)
(69.46331301492127 4.994664805163853e-5 0.0)
(69.46337722964859 0.00015461864820502948 0.0)
(69.46350848623891 0.0002746978885750992 0.0)
(69.4637442020489 0.0004301137430387952 0.0)
(69.46407240535939 0.0006550578108599496 0.0)
(69.46524204730807 0.0010180183999255398 0.0)
(69.46432679619275 0.0014671571075047353 0.0)
(69.46561966451881 0.002458102598383053 0.0)
(69.46674053152525 0.00421021409464955 -7.875029789672979e-23)
(69.46829012884024 0.0071220536595525 2.1395414567492625e-21)
(69.47041067611734 0.011633643833033336 -4.288801312368694e-22)
(69.47352349596721 0.018265073144670085 9.776065189224962e-22)
(69.47811543364196 0.027613181431243486 -2.4773138443882726e-21)
(69.48440720453716 0.040295893061278405 -2.7611704667849607e-21)
(69.49241080346538 0.05683617446204347 7.567273406650481e-21)
(69.50219080468631 0.07763264149895788 6.164111546592914e-21)
(69.51390541200519 0.10313177381661343 2.0990489386343762e-20)
(69.52757040301516 0.1338535976339657 -1.7659920862399552e-21)
(69.54305277405096 0.17031465773671503 -3.35079975845506e-20)
(69.56054659878299 0.213089086727907 -8.768900937568104e-20)
(69.58071456426822 0.2626678850164676 1.746404947693305e-21)
(69.60490960316444 0.3195661313276123 1.2667825766051714e-19)
(69.63530206961455 0.3842561507389836 1.5633528912297154e-19)
(69.67521536724821 0.4561889443663724 -2.2062263441871127e-19)
(69.72928955972279 0.5342291903245794 -9.513098558714832e-22)
(69.80325555092925 0.6158434148473957 2.82888898479684e-19)
(69.90300593392782 0.6969003706844605 -2.1949513589230218e-23)
(70.03463491533648 0.7710630565029545 -8.254101455844184e-19)
(70.20160153220888 0.8295667373424994 -4.91048933583424e-23)
(70.40560439546967 0.8624876042816104 -5.275856260928302e-23)
(70.64107585660496 0.8591424378797837 0.0)
(70.8985860804307 0.809604755027179 1.322421163148486e-22)
(71.16159900196813 0.7075368886978934 -1.6285672474126921e-22)
(71.40829031612562 0.551015737257938 5.786479121851525e-23)
(71.6180437665732 0.3491330938066116 -1.210620692594041e-19)
(71.8185047887635 0.12449267864865934 0.0)
(71.93185116799877 -0.12082944934882259 0.0)
(71.93370927855925 -0.3921081888048645 -7.127594453699541e-20)
(71.90496159727897 -0.7309214472204985 -3.744060577086308e-19)
(71.75897075534276 -1.1184662059249775 -6.014776586456795e-19)
(71.49120419901489 -1.510721499160301 -6.202656579625327e-23)
(71.1284742178997 -1.877054093872735 2.469395796373645e-18)
(70.70873132082666 -2.192403818678024 0.0)
(70.27019317736354 -2.4469026056887095 0.0)
(69.84450216474731 -2.6346880538418156 4.424880269467555e-18)
(69.4560863658353 -2.7530010975630597 -7.726479079613257e-23)
(69.1215113145774 -2.805194215481118 5.650532121909993e-18)
(68.84946318944324 -2.792802170380878 6.212722343351202e-18)
(68.64247393874193 -2.722142645515158 -6.580858910630817e-18)
(68.49850246271059 -2.598290306140974 -7.080701301884521e-18)
(68.41174088814064 -2.427399837575369 -1.525928183385959e-17)
(68.3726602713192 -2.2183423900236505 8.161870163885872e-18)
(68.37202760415704 -1.9790010496505093 0.0)
(68.3993000522358 -1.720612299151884 0.0)
(68.44370079926134 -1.454035711742279 4.8764450771998165e-18)
(68.49731554920155 -1.1904004091568599 0.0)
(68.5527358586364 -0.9402754110850751 -2.357640123506892e-23)
(68.6039178564816 -0.7124177151407081 -3.2982913812538745e-18)
(68.64805767479886 -0.5140304576522273 1.4081677402044005e-24)
(68.68280050098464 -0.3490614597020578 0.0)
(68.70933807911993 -0.21956811759069658 -1.3399870309771135e-18)
(68.73167378536222 -0.1252208435251302 0.0)
(68.75705334184417 -0.06236332368405962 0.0)
(68.79576719505032 -0.026159247140132718 0.0)
(68.85118614257756 -0.00906455148974379 9.904065376132296e-25)
(68.9287154397665 -0.0036756152564537234 -2.5100039987175265e-26)
(68.9793137696033 -0.00236623689121186 0.0)
(69.05471038357581 -0.001292350675563832 0.0)
(69.10659071669537 -0.000862022824094454 0.0)
(69.15148937730405 -0.0005836702696241274 0.0)
(69.19110800060724 -0.00040443392023282884 0.0)
(69.22524447008138 -0.00028034570034977827 0.0)
(69.25547939342708 -0.00019586120639529831 0.0)
(69.27922539460357 -0.00014791380679234125 0.0)
(69.28952583182596 -0.00010718400140950243 0.0)
(69.25985636812723 -8.901503572412356e-5 0.0)
(69.10054652128575 -7.5997999662173e-5 0.0)
(68.51762520070169 -6.670297322571504e-5 0.0)
(66.57315974692622 -5.417730432285644e-5 0.0)
(60.33598923336136 -3.867374663050769e-5 0.0)
(40.809153950746676 -9.648765356764698e-6 0.0)
(69.4633160674574 5.058727101847696e-5 0.0)
(69.46338096527269 0.00015629576255696054 0.0)
(69.4635129547882 0.0002764621171565101 0.0)
(69.46375033181317 0.00043153813497512426 0.0)
(69.46487449062779 0.0006583702592414752 0.0)
(69.46389728773924 0.0009050250636077822 0.0)
(69.46494659727114 0.001437533859922467 0.0)
(69.46570624937802 0.0024059340508114516 -1.104372266796374e-21)
(69.46689211319053 0.0041255872170597105 0.0)
(69.46855194736028 0.006991616413043302 -1.4207993886373238e-21)
(69.47085238540319 0.011421801276548956 -8.278675736732441e-22)
(69.47422609198368 0.01790438130645385 -9.769634887231442e-22)
(69.47917265284919 0.027020896770331176 4.7514154409140816e-21)
(69.48593947989845 0.03938586921599126 -5.435177028333112e-21)
(69.4945739154869 0.05549283732188513 -7.786269880501854e-22)
(69.505220875026 0.07571383432680977 -2.1269620929349387e-21)
(69.51812675182215 0.10045427215979529 -2.6844619249179854e-21)
(69.53342461422918 0.13021008798446654 -2.5677672808616462e-20)
(69.55125183264852 0.1655877629601072 3.257343240205269e-20)
(69.57201355833672 0.20700720050159344 -8.178803650521489e-20)
(69.59671349493564 0.254881765576994 -2.1481106101680974e-19)
(69.62712906022124 0.3097434939515157 -2.6566381090471675e-19)
(69.66574607810091 0.37153201442666745 1.2889994792175135e-21)
(69.71643189197854 0.4395313260494178 -1.857134868282816e-19)
(69.78400252360652 0.5118184665805868 -2.5234679069918174e-19)
(69.87407256920592 0.5851146874473435 0.0)
(69.99228156605376 0.6545120576432493 3.713797262486476e-20)
(70.14267233132252 0.7125328061365981 0.0)
(70.32796090279437 0.750144939460149 1.1003489487606116e-22)
(70.54463431339799 0.7568846447549008 4.486223635609923e-19)
(70.78589829128471 0.7227988848720674 -1.1008820383787237e-22)
(71.03690810188014 0.6413227756730605 -2.4218547682769543e-19)
(71.27901174490252 0.5075269173902727 -2.3079955626262e-19)
(71.49176794737596 0.32796728376242196 -9.91935293363749e-20)
(71.69512926299477 0.11819780080664267 0.0)
(71.81936975017314 -0.1180753681087664 0.0)
(71.84085502360547 -0.37836992368886263 1.2248390890022172e-19)
(71.83094514991603 -0.6982188510572661 3.007278153798836e-19)
(71.71408785360586 -1.0651317822157327 3.00157403069539e-20)
(71.48012506006675 -1.445905256836017 1.5403716993725397e-18)
(71.14711888517255 -1.8072257898386817 9.443734810723032e-23)
(70.74878517799195 -2.124671974750321 -2.6794212684341785e-18)
(70.32165903883505 -2.3837768543661824 3.2858846168813467e-18)
(69.89817914210693 -2.5797369031770896 -3.896382922787621e-18)
(69.50458295161215 -2.7063881889492714 7.10965688685359e-23)
(69.1596319937481 -2.7673079796037046 -5.078023691092e-18)
(68.87413533864773 -2.762722805628493 -5.6328595041124706e-18)
(68.65254119369273 -2.698269505194527 1.5432253277067538e-19)
(68.49411449694934 -2.5799349151071334 6.803470546046659e-18)
(68.39407501138119 -2.413468057294954 1.4409807433221205e-17)
(68.34356894681653 -2.208154418281261 0.0)
(68.33378981194183 -1.9718385145322486 8.105732786036469e-18)
(68.35439076307159 -1.7159860591416476 -3.168631828179028e-23)
(68.39449767653059 -1.4510055909914903 -9.33280443431261e-18)
(68.4460924194976 -1.1885327941113477 -5.043655238996967e-18)
(68.50151163737394 -0.939074501914231 5.559241074965162e-18)
(68.55435312455617 -0.7116832685656077 3.12181964418715e-18)
(68.6016474418066 -0.5134531575463804 1.438272808348707e-23)
(68.64085169543118 -0.34855405698546094 1.6788825167061672e-23)
(68.67298545128418 -0.2192812057011394 -1.2482744420469856e-18)
(68.7017046274375 -0.12513847761337424 0.0)
(68.73344666601288 -0.06244239994548131 0.0)
(68.77687865600132 -0.02664821588639128 -2.5661429852638095e-19)
(68.83414134817122 -0.009569563631814635 7.098891548056144e-20)
(68.91149123176179 -0.004307187409186977 -4.714028135892709e-21)
(68.95856505066334 -0.002894657030146414 0.0)
(69.03392384835833 -0.0016338010419790572 0.0)
(69.08520794391107 -0.0011012459620757312 0.0)
(69.12968697107098 -0.0007518120212346605 0.0)
(69.16918824870929 -0.000523042097657612 0.0)
(69.20358328816775 -0.0003630115230266907 0.0)
(69.23504323497966 -0.00025005302381633494 0.0)
(69.26244928630224 -0.0001858027851759472 0.0)
(69.28443562119342 -0.00012879567535479833 0.0)
(69.29357667836892 -0.00010382456381038672 0.0)
(69.26374424664071 -8.539224356386681e-5 0.0)
(69.10600321176219 -7.647820393760798e-5 0.0)
(68.52846994294912 -6.692542752018385e-5 0.0)
(66.59669952899776 -5.7873445810768475e-5 0.0)
(60.37881826510878 -3.991308770252035e-5 0.0)
(40.85835794602007 -9.836196024355631e-6 0.0)
(69.4633193667714 5.1217879948774376e-5 0.0)
(69.46338519206161 0.00015792562334870846 0.0)
(69.4635178353743 0.00027806035564594727 0.0)
(69.46454025697757 0.00043252476653053755 0.0)
(69.46352805085208 0.0005825169848134372 3.67221798898277e-22)
(69.46448470318326 0.0008856569786501434 -6.477141854951827e-24)
(69.46499212089812 0.0014059841746525941 5.880009630158037e-23)
(69.46578846474205 0.0023499989249413885 1.0708254184731955e-21)
(69.46703302041021 0.004033317645680825 3.0106950742063884e-22)
(69.46879636958766 0.006846034065911376 -7.134346347115086e-22)
(69.47126688764153 0.011181794092932632 3.2488425899318806e-21)
(69.47488795395832 0.01749606232096681 -1.9026777923610276e-21)
(69.48017078057786 0.026350828895228898 -4.2127696354771946e-21)
(69.48738512717316 0.03834675341639928 -1.1226461771816095e-20)
(69.49665251422043 0.053962009566706576 -1.456244993515169e-20)
(69.50819122891667 0.07351321288076303 0.0)
(69.5223305442014 0.09735024707732291 2.543420989684902e-20)
(69.53940993049112 0.1260316097607688 0.0)
(69.55974543640298 0.1600667515436629 7.352784976384182e-20)
(69.5840353277308 0.19982115985488047 9.032303059719611e-20)
(69.61367140709021 0.24570349033883818 1.4003029608983563e-20)
(69.65064480425131 0.2978596731477722 1.1982934408545347e-19)
(69.69801309560545 0.35609689916223114 3.118304091044396e-19)
(69.7597400606648 0.4191193201058611 1.7624682924994953e-19)
(69.84087658953855 0.48427577873371996 0.0)
(69.9466574916577 0.547691288519175 2.8087984681260966e-19)
(70.08153768686937 0.603273229638027 0.0)
(70.24848293007003 0.6435021000480587 3.2977251950609953e-19)
(70.44644830856421 0.6580011207717141 -4.025437098851388e-19)
(70.67004112322213 0.6375328864831142 -3.9197742602649764e-19)
(70.9079052700117 0.5739819575135281 2.172281656206957e-19)
(71.14299546892097 0.46205716555232274 4.000560241924435e-19)
(71.35646753483105 0.30468146666202295 8.843491552481178e-20)
(71.56172263387562 0.11115345342446058 2.0362713574506438e-23)
(71.69563301834226 -0.1133823580997565 0.0)
(71.73590618982787 -0.3633763591622853 -5.071353469490362e-21)
(71.74318519042035 -0.6639772672399833 -1.8694520322267882e-20)
(71.65378171321407 -1.0099211549131544 2.8460091748709116e-20)
(71.45338585783938 -1.376440399835096 -2.752593156848305e-18)
(71.15214009130739 -1.7313157821391574 -6.29527914746381e-23)
(70.77860454229845 -2.049781913700822 4.8781663506890795e-18)
(70.36676171008433 -2.3134902092849976 -3.081267224577745e-18)
(69.94922709468842 -2.516940948271735 7.201483277500424e-18)
(69.55349678875984 -2.652536900798533 -4.10548769226107e-18)
(69.20031886534764 -2.7225830363741728 4.826111161466092e-18)
(68.90262121556822 -2.727211167332289 5.370191578602526e-18)
(68.66694082774956 -2.670250611705007 5.884864122539675e-18)
(68.49408247877729 -2.5584441879595397 6.2276458513497286e-18)
(68.38044222803998 -2.3972380354847695 -6.8421245227968625e-18)
(68.31798992475322 -2.1961935471952465 0.0)
(68.29845033131396 -1.963423263420348 -7.777885106714873e-18)
(68.31174300522918 -1.710264861965861 6.573227169171713e-23)
(68.34701795498198 -1.4474585285328476 4.449782155927297e-18)
(68.39619341221878 -1.186372875089843 3.3312091739229307e-20)
(68.4513972503046 -0.9379131245198156 -5.296408033205836e-18)
(68.50587910172128 -0.710981705504524 -2.9615291929490866e-18)
(68.55649469590956 -0.5129210525109525 -3.936611225979306e-23)
(68.60048511258258 -0.34840332499601745 -1.96126740947641e-18)
(68.63861172088816 -0.21913576494185782 1.1590393772281563e-18)
(68.67407978538115 -0.12530651166059195 -1.3752086314332004e-18)
(68.71243767154947 -0.06287965776653302 -8.100223450088723e-19)
(68.76074001886985 -0.027317345355184344 4.648866974999158e-19)
(68.81999135670874 -0.010454137685109421 -6.420582332489006e-20)
(68.89721735509656 -0.0049208213868915515 0.0)
(68.94102403893359 -0.003510571225767925 0.0)
(69.01607043884069 -0.00204378962595143 0.0)
(69.06650751668656 -0.0013921825868980068 0.0)
(69.11022535118735 -0.0009592187359609654 0.0)
(69.14915234606899 -0.0006715588571892318 0.0)
(69.18317273747739 -0.0004685414010442399 0.0)
(69.21475198997248 -0.00032039041314611285 0.0)
(69.2431282683893 -0.00023593823151447452 0.0)
(69.26850409540229 -0.00015784323922881415 0.0)
(69.28889160459309 -0.00012355727054567175 0.0)
(69.29702570327865 -9.649513082620659e-5 0.0)
(69.2669529120284 -8.534757354313345e-5 0.0)
(69.11091788347933 -7.48538368300844e-5 0.0)
(68.53972041063751 -7.116481344987614e-5 0.0)
(66.62040403650813 -5.939266618130487e-5 0.0)
(60.42255289688844 -4.061808061231577e-5 0.0)
(40.9086585543722 -1.0298431783661267e-5 0.0)
(69.46332293470239 5.183427489250689e-5 0.0)
(69.46338995767486 0.00015950238143220692 0.0)
(69.4643048125473 0.0002794972217981993 0.0)
(69.463199301956 0.0003816305896587757 -3.1740155446129525e-25)
(69.46409710751513 0.0005679534607637895 -3.6682902405462293e-22)
(69.46450506442325 0.0008653106240836666 -2.5840917067022414e-23)
(69.4650360255817 0.0013725226820837612 -1.8503357974683843e-21)
(69.46586580975395 0.002290397458993495 2.0926075358759414e-21)
(69.46716340650408 0.003933490650612715 -5.954723130504028e-22)
(69.46902248176464 0.006684961629517195 1.3717062138834674e-21)
(69.47165571141463 0.010913666773679153 -3.188025798620865e-21)
(69.47551444518449 0.017040387492589897 3.94834689415317e-21)
(69.48111213350836 0.025600598811187387 6.998339618920148e-21)
(69.48876880291829 0.0371881686736225 7.793307796924783e-21)
(69.49867670001616 0.05224537299969963 1.4439748966947185e-20)
(69.51112679454451 0.07102453036737058 0.0)
(69.5266041139591 0.09388548209571783 1.821783883480501e-20)
(69.5455699281781 0.12131120264418767 0.0)
(69.56858906702803 0.15378302620655895 0.0)
(69.59669694867598 0.19167031327190356 8.448331260027131e-20)
(69.63148561280454 0.2350705117978958 -1.0586816230577696e-19)
(69.67541088941583 0.28404564542816235 -1.721934029963627e-20)
(69.73169278186457 0.3379531647221253 -1.579777037472099e-19)
(69.80454876829135 0.39492049451999656 -1.6617022741457733e-19)
(69.89887570781673 0.4517102975296847 4.901785968758692e-23)
(70.01910586192868 0.5034193954910703 5.1352931881502933e-23)
(70.16864598072006 0.5438895712088792 -5.600794758030908e-19)
(70.34798777366781 0.5639327907208475 -1.6138899856937574e-22)
(70.55317091538197 0.5548380511823092 3.5120048005174356e-19)
(70.77657335404972 0.5069169302888934 0.0)
(71.00207152294688 0.4153556002212816 -1.1669626243591071e-20)
(71.21416981767727 0.2787111013591737 -2.822539032129651e-23)
(71.41928025526231 0.10367893050788819 0.0)
(71.56180416498383 -0.10703931800146879 -2.286640735431192e-24)
(71.61964471939143 -0.345830736890535 -4.2324264453115504e-20)
(71.64266227308367 -0.6278009854578239 -2.279774707367945e-19)
(71.57903617718591 -0.9536910643356005 7.818356915763687e-19)
(71.41119336741104 -1.3026379423033985 7.378326775133158e-20)
(71.14333390814514 -1.6497023026626956 0.0)
(70.79748142410219 -1.966803984298154 -1.1202442346004507e-19)
(70.40466881955982 -2.235765401544073 -2.626973275490024e-18)
(69.99678795476737 -2.4460486065484375 -3.313459499229156e-18)
(69.60223385475656 -2.5912536011010934 7.59656574604761e-18)
(69.2433745086338 -2.6705922309284262 -4.268789713143448e-18)
(68.93514070953843 -2.685329437219171 1.4751423920408768e-22)
(68.68619625771099 -2.637271175394417 -5.3076750687385565e-18)
(68.49911392350096 -2.533138566506959 -5.941909298549926e-18)
(68.37165101353503 -2.37835280885059 0.0)
(68.29679050576584 -2.182316888737067 1.0683763969248502e-22)
(68.26688832095806 -1.9535572005925805 7.220254982283255e-18)
(68.27224299524343 -1.7036901921175671 6.199795937580676e-23)
(68.30210860315442 -1.4432698264797945 0.0)
(68.34841301382846 -1.1838501867651186 3.327917044068089e-20)
(68.40310596147918 -0.9365157077501847 -4.97550815881782e-18)
(68.45912832812144 -0.7103929529506142 2.778921019501593e-18)
(68.51313235886525 -0.5126703139958912 -4.6145123152740284e-23)
(68.56211078795027 -0.3483507095994714 3.655818255469963e-18)
(68.6064709931822 -0.21951771661259464 0.0)
(68.6488678025481 -0.12571914970351675 2.518844347166555e-18)
(68.69389723050853 -0.06353724241992682 7.353901563335356e-19)
(68.74705978328218 -0.02800117752388016 -2.0969903709972757e-19)
(68.80835936476434 -0.011382730949847297 1.24368610032373e-24)
(68.88552972306795 -0.005895263276579195 0.0)
(68.92642001149024 -0.0042242870495118375 0.0)
(69.0010049136364 -0.002530843901934333 0.0)
(69.05048029208596 -0.0017416755662234488 0.0)
(69.09324746051001 -0.0012115100404416603 0.0)
(69.13131731376946 -0.0008546853718823302 0.0)
(69.16457299041214 -0.000601012488418495 0.0)
(69.19569247987828 -0.0004101259226853945 0.0)
(69.22399954270418 -0.0003012049207859608 0.0)
(69.25016738474199 -0.00019651681939212434 0.0)
(69.27368923836416 -0.00015028046911275413 0.0)
(69.29264754818138 -0.00011122399634045945 0.0)
(69.299675627258 -9.576682628399876e-5 0.0)
(69.2694919976952 -8.102259252877126e-5 0.0)
(69.11619272713702 -7.934964071827672e-5 0.0)
(68.55083997020277 -7.241295685364945e-5 0.0)
(66.64450755513701 -6.0347486081504444e-5 0.0)
(60.466973453173956 -4.257611169354921e-5 0.0)
(40.96002909405951 -1.1118029337272447e-5 0.0)
(69.46332678041799 5.243130034583687e-5 0.0)
(69.46417855802764 0.00016101895572541197 0.0)
(69.46296775446235 0.0002473634620880683 0.0)
(69.46376107270609 0.0003715598292797818 5.029099249645485e-24)
(69.4641041696436 0.0005530068190971131 -1.4386464416513512e-21)
(69.4645243194795 0.0008439656298953495 0.0)
(69.46507802612652 0.0013371655579121108 1.618587975585168e-21)
(69.46593842922238 0.002227230595274262 -1.5699561665794524e-21)
(69.46728293754697 0.0038260624606384556 2.949474948221693e-21)
(69.46923188444671 0.006508461741605011 2.0834717776096158e-23)
(69.47202274579963 0.010617400698409076 -3.1078440375410983e-21)
(69.47610625709878 0.016535821794730475 8.956578671197102e-23)
(69.48201468425219 0.02477695588660468 -9.288993189837834e-21)
(69.4901123999948 0.03591223965864142 -8.613563381051931e-21)
(69.50066448313008 0.050340085493706076 -1.4164077570159665e-20)
(69.51409699869532 0.06829681058499973 -1.7274079352819193e-20)
(69.5309778535186 0.09005791775342883 1.2681820361583942e-21)
(69.55194777102835 0.11607753722879569 0.0)
(69.5778554760179 0.14685217654715108 -9.467255315390578e-22)
(69.60991793033972 0.1825180960643364 7.30038121614049e-20)
(69.65013212390915 0.22310268507262562 -1.8937578716182876e-19)
(69.70111870570085 0.26832051844468513 -4.345549956247311e-22)
(69.76634229857609 0.3170999256681654 1.483914653874812e-19)
(69.85007320216076 0.3670183763759528 -1.555040841276762e-19)
(69.95657260668686 0.4140165616239682 -1.8294016189289854e-19)
(70.08965819235735 0.4528638682270492 4.477495990818383e-19)
(70.25066602635647 0.47607913721467116 0.0)
(70.43744067133824 0.47557655757541184 -2.596451583911867e-19)
(70.64472314284772 0.4415903507717659 -1.5243565756375676e-22)
(70.85874500027074 0.3681561577837002 -1.4399631154588986e-19)
(71.06669831194355 0.25101561944785034 -2.398275208615424e-23)
(71.26947418513409 0.09531143504975552 2.942283259059359e-23)
(71.41941872968388 -0.09997591169405488 0.0)
(71.49289701870616 -0.32462540615917546 -2.888098803257826e-20)
(71.5309763440146 -0.5895310964825591 5.712780742903625e-23)
(71.49089508476403 -0.8954629685441607 -3.420773237222443e-19)
(71.35430386876538 -1.2260757031878533 1.0508307920863508e-18)
(71.1205830852063 -1.5626552501934026 1.384586712425159e-18)
(70.80493721144462 -1.8760744158742115 -3.776751200097033e-18)
(70.43471188757468 -2.149540165358105 2.4447502068859997e-18)
(70.04016097130311 -2.3667956916535204 9.14925283472835e-23)
(69.65018719224082 -2.5219943573843957 -3.499112001524682e-18)
(69.28847011061852 -2.6113514320400406 1.4974583153876232e-19)
(68.97175680001928 -2.636453838924852 -1.3500468135639084e-22)
(68.710742342728 -2.598618100632888 5.035684372809448e-18)
(68.5099072609994 -2.5032470492065797 0.0)
(68.36854393180249 -2.356202751290809 1.7532349533835907e-22)
(68.28088102878269 -2.16626049757028 0.0)
(68.24004221339057 -1.942176089521179 -6.8788252879478915e-18)
(68.236812354 -1.6961139230026074 0.0)
(68.26066865381246 -1.4385079184046332 0.0)
(68.30357550388179 -1.1810474271232416 4.292020284742103e-18)
(68.3573879806045 -0.9352385623917845 9.381219370629735e-18)
(68.41475770199045 -0.7098706587124879 -9.94442109170415e-21)
(68.47209672388597 -0.5126489752985278 -2.9477087863635785e-18)
(68.52611854903374 -0.3486226728896443 -1.6966403526706082e-18)
(68.5767813651751 -0.21992258099383896 9.847670522998199e-19)
(68.6260956185256 -0.12650703081992348 -1.1490669990737377e-18)
(68.6776712574798 -0.06461104272364439 0.0)
(68.73554676695247 -0.029337358942471962 0.0)
(68.79887698444246 -0.012400488559839344 5.1893129923801675e-20)
(68.87605508877778 -0.006880560137445551 0.0)
(68.91441706692716 -0.005047396269335897 0.0)
(68.98848117191109 -0.003104184078874685 0.0)
(69.0369800173966 -0.002157030220193285 0.0)
(69.0787278227059 -0.0015146087823882902 0.0)
(69.1157965535417 -0.0010773400959371664 0.0)
(69.14806181147713 -0.00076468896245466 0.0)
(69.1783758466691 -0.0005226861704528331 0.0)
(69.20608862808369 -0.0003846765940095393 0.0)
(69.23206737539441 -0.00024714599557520707 0.0)
(69.2562158445167 -0.00018612501553740072 0.0)
(69.27806997900596 -0.00013131148315511125 0.0)
(69.29548217958794 -0.00010969608913017931 0.0)
(69.30154259703775 -8.776064866524897e-5 0.0)
(69.27242107984979 -8.562353506319273e-5 0.0)
(69.12119617782702 -7.976769602105572e-5 0.0)
(68.56209732805311 -7.318309542525749e-5 0.0)
(66.66874144962674 -6.356902242134756e-5 0.0)
(60.511997775786796 -4.5967953325019074e-5 0.0)
(41.0124019990652 -1.161303618545494e-5 0.0)
(69.4641186380074 5.300273840077934e-5 0.0)
(69.46283793412584 0.00014316479040578877 -1.2276278174410213e-25)
(69.46352912311936 0.00024195445382641282 -2.2061411144924725e-24)
(69.46376519309841 0.0003614346143238344 1.2654938310696389e-21)
(69.46411039189046 0.0005376762206190698 2.8627885514380476e-21)
(69.46454243139772 0.0008216011798048341 1.6047270116683122e-21)
(69.46511836434273 0.0012999335089649152 -1.5846449372353138e-21)
(69.46600607576339 0.002160521885293639 -1.0330000468772117e-21)
(69.46739295384819 0.0037111750621400237 -2.6917396802894705e-23)
(69.46942757148844 0.006316519298583024 7.279133154522823e-23)
(69.47236772066435 0.010291899944492073 1.1073823598309713e-22)
(69.4766758035286 0.0159864516501992 -1.8446858563263553e-21)
(69.48289274994556 0.023881567805542018 -8.447330038468787e-21)
(69.4914274597694 0.03451790367513562 1.3676053257147026e-20)
(69.5026695936578 0.04828113184780445 1.580567872362425e-21)
(69.51712294820855 0.06532996450611678 -2.795929480430612e-20)
(69.53548392417267 0.0858909337268786 0.0)
(69.55860389976601 0.11042101104221394 -4.683323083725179e-20)
(69.58748041193167 0.13925229807993308 -6.202267463439672e-20)
(69.6236910749695 0.1724673430242547 7.743616306585051e-20)
(69.66938614977471 0.2098251613269591 0.0)
(69.72742967127536 0.25070362544367053 2.305073013147112e-22)
(69.80140806750053 0.2935896394858226 1.387767775216444e-19)
(69.895182234267 0.33537380110800546 1.6341681142981678e-19)
(70.01270518838928 0.3715420401735989 -1.8866292355214072e-19)
(70.15596448373404 0.3958439210756971 1.8280724916419462e-22)
(70.32452132762752 0.4011201982427135 2.269479829816078e-20)
(70.51442961366075 0.37884271039346984 1.46657504872523e-22)
(70.71559012565855 0.3212299423307382 1.1015090597150486e-19)
(70.91600283179754 0.22310432383509649 4.996624169299485e-20)
(71.11485069731951 0.0857389862807962 2.48819187505053e-23)
(71.26978140019662 -0.09226592389515272 -1.0717404473036791e-24)
(71.35715297883151 -0.30084065924552666 2.5759107073739674e-20)
(71.40964658559872 -0.5487372943317378 -2.518263884364575e-23)
(71.39074722584745 -0.8341679931257401 2.6288882157510914e-19)
(71.28403348082979 -1.1475485143574227 0.0)
(71.08399978338501 -1.4705328513059803 -8.35204485358662e-20)
(70.80071311695889 -1.7790498070068188 1.691795696043267e-18)
(70.45622434016931 -2.054053230989674 -2.0354237330108334e-18)
(70.07878878343922 -2.2788533021236494 -8.124967992310001e-23)
(69.6968202567974 -2.4437758802822906 2.9998567169707676e-18)
(69.33526035173989 -2.5446606601911017 3.642766520783975e-18)
(69.01238706569872 -2.5803393095992893 -3.990392002289196e-18)
(68.74086315395053 -2.553789931259191 0.0)
(68.52707183225294 -2.4681847483430905 -4.943222940627504e-18)
(68.37194458458093 -2.3300679770801924 0.0)
(68.27119464470752 -2.147560751506693 5.8542102980411284e-18)
(68.21887925726269 -1.929088375284987 9.356930719273264e-23)
(68.20640966138491 -1.6874768129179674 3.4023352470727796e-18)
(68.22361039326223 -1.4332175272485352 0.0)
(68.26253253022959 -1.1780585251384008 -3.9911505057209744e-18)
(68.31500852878617 -0.9338892519606702 -4.4047784186566605e-18)
(68.37340992736274 -0.7096578845867291 -4.874450924004215e-18)
(68.43389319733024 -0.5129862422908661 5.48677350461819e-18)
(68.49285433726833 -0.3494028182156773 1.5650542861739905e-18)
(68.5497154076377 -0.2209314851208099 -9.034841443906108e-19)
(68.60575772151803 -0.12768861120404898 0.0)
(68.66359491527807 -0.06579149274578776 -1.772839103888851e-23)
(68.72592723208871 -0.030765367837731677 0.0)
(68.79120391932418 -0.013827912263427491 0.0)
(68.868440580982 -0.00801553587521573 0.0)
(68.90465793351095 -0.005992988695967365 0.0)
(68.97820035956576 -0.003773917626565384 0.0)
(69.0257737171254 -0.002646156974279751 0.0)
(69.06651969021596 -0.0018748369435130203 0.0)
(69.1025511256977 -0.001344704458829718 0.0)
(69.13372793001352 -0.0009640257605845391 0.0)
(69.1630453724598 -0.000661652741751839 0.0)
(69.18986419986362 -0.0004895862624766814 0.0)
(69.21517358023686 -0.00031220188821971773 0.0)
(69.23902230175028 -0.00023335348758292664 0.0)
(69.26135137419888 -0.00015849184602533326 0.0)
(69.28140225091975 -0.0001288967060023267 0.0)
(69.29741881422599 -9.681913680399136e-5 0.0)
(69.30385408660524 -9.237734409177775e-5 0.0)
(69.27500260349481 -8.474046957299376e-5 0.0)
(69.12624476756113 -7.982960171528786e-5 0.0)
(68.57317347081494 -7.754451936870442e-5 0.0)
(66.69299244205219 -6.894398209208874e-5 0.0)
(60.55750183301889 -4.8100358244476636e-5 0.0)
(41.065981323443395 -1.2347241528817758e-5 0.0)
(69.46276822915613 4.737622974080759e-5 1.0846855307691213e-25)
(69.46340092973507 0.00014092685497772543 -9.889636396957352e-22)
(69.46353456487499 0.00023655892153464454 -8.739063881436294e-24)
(69.46376919424267 0.00035126620052529985 1.2011042648290085e-21)
(69.46411597230583 0.0005219608127902946 -4.3319162615767494e-21)
(69.46455978964897 0.0007982035554358166 1.5699430323743221e-21)
(69.46515673458083 0.0012608022544126122 2.264117172400709e-21)
(69.46606967080403 0.00209037725818044 -1.0139728890406067e-21)
(69.46749573472499 0.0035889081034453196 -2.3315625141618283e-21)
(69.46960907809382 0.006108533651338706 4.767429410051992e-23)
(69.472699570353 0.009939444389949344 3.0965365878480714e-21)
(69.47723124057956 0.0153930944614698 7.474244795091387e-21)
(69.48375159055993 0.022913841086299985 -8.299006399541993e-21)
(69.4927535616253 0.03302902179191734 -2.5939839975181773e-21)
(69.50470604096007 0.046069295418062234 2.49222175500359e-20)
(69.5202282305617 0.06214184237335196 -1.935430756210435e-21)
(69.54017173091776 0.08145220605416847 4.6391120679388665e-21)
(69.56548639583792 0.10432839659457172 1.4722001227689694e-21)
(69.59746856613305 0.1310654059872607 -9.0711306030589e-22)
(69.63785100905 0.16154493773491943 0.0)
(69.68900313776251 0.1952607847788364 0.0)
(69.75394523701075 0.23123776272514918 2.047681158204877e-22)
(69.83602128277785 0.2674031616543867 1.1341368126550915e-19)
(69.93900026167445 0.3001986147382586 -1.297350471407156e-22)
(70.06532397035834 0.3242143578081631 -2.9218844944650585e-22)
(70.21584868140276 0.33308785655506923 3.545220227109338e-19)
(70.38792323660799 0.31959164055959993 8.960935946544538e-20)
(70.5746664503749 0.2755588002197977 -9.801899942909478e-20)
(70.76483581354593 0.19536523853747706 -4.44042252497034e-20)
(70.95787860425585 0.07573774248344459 0.0)
(71.11473918825277 -0.08364792714381543 2.1854816786590435e-25)
(71.21447137091688 -0.2760086086206476 1.0281230522291118e-24)
(71.27978176300333 -0.5052211103479903 1.9885187817020752e-23)
(71.28056190958554 -0.7705344081669243 -2.3719309949478303e-19)
(71.20172674045727 -1.0660710638006299 0.0)
(71.03442092220844 -1.3742609010766842 -2.0874826788888985e-18)
(70.78472135436976 -1.6764846527871307 1.3658589617066166e-18)
(70.46862249588571 -1.9502027555961918 3.64950847435114e-18)
(70.11205476608143 -2.181817532066679 0.0)
(69.74163795956879 -2.355966161082653 -2.7973736205082616e-18)
(69.38342751793157 -2.469560916711901 1.9745374072777058e-22)
(69.05690341657699 -2.516838137677262 3.747464442597986e-18)
(68.77669737737169 -2.5023516730565505 0.0)
(68.55106973014142 -2.4276998857546284 4.663672421594728e-18)
(68.3825822770283 -2.299342546665418 -1.499588528026428e-22)
(68.26863111329514 -2.1256868785391685 -1.2056540346924824e-19)
(68.2043690415031 -1.913899119817163 0.0)
(68.181999993267 -1.6776917256312274 -3.2148427952075257e-18)
(68.19185970517526 -1.4273712132738923 -1.0988343089802055e-22)
(68.22614171048731 -1.1748451968925941 7.480353068588897e-18)
(68.27671395308086 -0.9326788680310417 4.08106397023717e-18)
(68.33570506724448 -0.7097260479499287 4.532121653269378e-18)
(68.39900270715616 -0.5137028658759089 -5.0794486882586016e-18)
(68.46263411880658 -0.3506812384071089 -1.4426438166818765e-18)
(68.52541170180227 -0.22240817850796635 -8.2463366300855e-19)
(68.58782284406446 -0.1293230874679781 -5.793476353490616e-23)
(68.65150724996862 -0.06770560940786623 0.0)
(68.71795469918929 -0.03245138592695085 1.907380383469771e-23)
(68.7850392925607 -0.015399259151355487 0.0)
(68.86236710691063 -0.00931938318760846 0.0)
(68.89679414964745 -0.007075877489307673 0.0)
(68.96984858599573 -0.004551251367833193 0.0)
(69.01658471514348 -0.0032177428830545795 0.0)
(69.05640126181225 -0.0022990403913810947 0.0)
(69.09143424329778 -0.001662307258540444 0.0)
(69.12152094836402 -0.0012037078636460065 0.0)
(69.1497680937035 -0.0008307705563068049 0.0)
(69.17553919894274 -0.0006193062101246572 0.0)
(69.19991581533371 -0.0003942766091623046 0.0)
(69.2230257821218 -0.0002943628788851465 0.0)
(69.24495481419157 -0.00019458130748193055 0.0)
(69.26530880589513 -0.00015512800783726288 0.0)
(69.28371744112872 -0.0001096888637425528 0.0)
(69.29985815348404 -0.00010136510856248776 0.0)
(69.30575886202301 -8.97314710818333e-5 0.0)
(69.27760786244862 -8.369516327182334e-5 0.0)
(69.13096444811772 -8.524464971836013e-5 0.0)
(68.58393171444179 -8.483886298705876e-5 0.0)
(66.71711343038801 -7.257274313871828e-5 0.0)
(60.60377720601713 -5.093279846737331e-5 0.0)
(41.12115406932673 -1.3792723158566725e-5 0.0)
(69.4633335998531 4.712504022241607e-5 1.749502104402872e-21)
(69.46340627073798 0.00013866391148744826 1.0034573171266954e-21)
(69.46354036152215 0.0002311780342178681 2.2588744195990332e-21)
(69.46377329373199 0.0003410615589756306 -4.9861303259920185e-21)
(69.46412133565039 0.0005058566338994281 2.4683925024090646e-21)
(69.4645762131268 0.0007737352378110004 -2.781548451181478e-21)
(69.4651937788262 0.0012197946538567838 8.961477794178717e-22)
(69.46613069607042 0.0020168581062602322 1.002438225222637e-21)
(69.46759049512536 0.0034590051214877654 4.8507081585779043e-23)
(69.46978312902402 0.005885772135285342 0.0)
(69.47302296528129 0.009560354762752464 3.0093204667257787e-21)
(69.47777364759853 0.014755246666878663 7.344942842507346e-21)
(69.48461901023481 0.02188912845058153 -2.0787843100713615e-21)
(69.49409835558953 0.031446311746685614 -2.4853310068711728e-21)
(69.50679032617042 0.043717364754416344 0.0)
(69.52345310003611 0.058781520239343965 3.1612340842009055e-20)
(69.54500048247738 0.07673342600925004 -1.1140973272147553e-21)
(69.57260436251121 0.0978619154387803 6.798876671318431e-22)
(69.6076997982307 0.12231448097043475 0.0)
(69.65222237102876 0.14977186468520298 -6.19730047550645e-20)
(69.70870027211598 0.17944585277950728 7.498029674109743e-20)
(69.78001877589918 0.20990807218320126 -1.9022581898030217e-19)
(69.8695672919594 0.23868943913296736 1.129674201866088e-22)
(69.9799823774091 0.261429852030193 -1.0197988428882174e-22)
(70.11290209086339 0.27246787366417485 -1.5120353884468287e-20)
(70.26716239192385 0.2652255810203804 -7.972523228348382e-20)
(70.43796292813323 0.23235090405598016 -7.384383397772597e-20)
(70.61620210674093 0.1677625191008409 0.0)
(70.80066512502691 0.06606680985766124 1.3840227633973488e-20)
(70.95724062072561 -0.07456288779817055 0.0)
(71.06667697112921 -0.24993903324223465 -2.1065041572426002e-25)
(71.1431105289379 -0.45991754062839907 8.632384019581787e-20)
(71.16223323717875 -0.705651716510347 1.0649762968966444e-22)
(71.10876519748105 -0.9812778918251821 8.238135928265726e-23)
(70.97331281969454 -1.2747619483556527 7.240046348443651e-20)
(70.75713340688908 -1.5680519092500946 -8.93571338310237e-20)
(70.47168203280141 -1.839781260571308 -1.6286486173152149e-18)
(70.1391672895515 -2.0755923386026693 -2.8765726657819265e-23)
(69.78408015538871 -2.2588843146955093 2.343875666317368e-18)
(69.43256637077069 -2.3847687138869835 2.783578494209884e-18)
(69.10518251463579 -2.445528193964302 -1.9906613518971656e-22)
(68.81829725731265 -2.4437306091529667 -2.2827171338493973e-22)
(68.58222369700275 -2.381625567781848 0.0)
(68.40104087382625 -2.263742447702476 -4.5511198184293644e-18)
(68.2739885974807 -2.1001428578617993 -1.0080468492292994e-17)
(68.19744131490387 -1.8962886781210313 0.0)
(68.16453504147668 -1.6663845756027666 2.9344758474865767e-18)
(68.16634072199354 -1.4210107719187268 0.0)
(68.19524713908636 -1.1715925053073475 -6.94978222151308e-18)
(68.24323103213817 -0.9316686544886229 -3.813275652268159e-18)
(68.30225128111441 -0.7103101192637357 -4.196312192451095e-18)
(68.36787412160311 -0.5150146633695979 2.34548877835066e-18)
(68.43572785737426 -0.3525618668426977 0.0)
(68.50396597331772 -0.22466096533690338 7.515651252170339e-19)
(68.57223966388747 -0.13161177950364658 8.550026465812087e-19)
(68.64125280677051 -0.06983047815946417 4.840172525676036e-19)
(68.71140712851508 -0.034611449825358 0.0)
(68.78012586011643 -0.01724410143254896 3.6867947218788213e-20)
(68.8575571276458 -0.010813657315657678 0.0)
(68.89050629010478 -0.008312842040338046 0.0)
(68.96312284024961 -0.005448714526375863 0.0)
(69.00912586175077 -0.003881438695185015 0.0)
(69.04811445945185 -0.0027947385564494475 0.0)
(69.08223391421204 -0.0020361335937128574 0.0)
(69.11129381332834 -0.001488726001450783 0.0)
(69.13848394498787 -0.0010339872776112342 0.0)
(69.16316186626113 -0.0007773540164986401 0.0)
(69.186479897356 -0.0004960685808262594 0.0)
(69.20862079265979 -0.00037166240254281655 0.0)
(69.22974863950134 -0.00024149187656561066 0.0)
(69.24958100867086 -0.00019023061644375149 0.0)
(69.2681284958321 -0.00012781221041878135 0.0)
(69.28658963579402 -0.00011404041689553247 0.0)
(69.30183150604535 -9.644547298494132e-5 0.0)
(69.3076865187361 -8.723138046481856e-5 0.0)
(69.27980268060742 -9.033172705869046e-5 0.0)
(69.1351970440638 -9.45957962941022e-5 0.0)
(68.59420424323078 -8.991247643320559e-5 0.0)
(66.7414335723143 -7.658391220454323e-5 0.0)
(60.65142896403085 -5.637695177527044e-5 0.0)
(41.17740440913946 -1.3409923127933733e-5 0.0)
(69.46333724239514 4.685133353599651e-5 -1.7537682492763196e-21)
(69.46341194194567 0.000136368361207618 1.9299194616997662e-21)
(69.46354667003253 0.00022580960920252083 -2.1380684614148407e-21)
(69.46377782915965 0.0003308229928752627 2.635141342055454e-21)
(69.4641264698593 0.000489344244995165 -3.4800057195867724e-22)
(69.46459233400023 0.0007481845363049015 0.0)
(69.46523044618526 0.0011769081918784905 -8.228208185772483e-24)
(69.46618786961389 0.001939825470313679 3.9905529687197595e-21)
(69.46768239943907 0.0033221797825503697 0.0)
(69.46995287538755 0.005648438337110486 -2.568406463201739e-21)
(69.4733367628696 0.009154222654272655 -3.006464764818808e-21)
(69.47832243318713 0.014082237084386575 0.0)
(69.48549733991115 0.020807762405653546 2.076248542744917e-21)
(69.49547171193116 0.029778322506656546 2.144877613820484e-20)
(69.50895423570215 0.04125943110497811 -2.2718454706703814e-20)
(69.52676570636585 0.05524373722908547 0.0)
(69.54998172635305 0.0717803927727935 1.1133586742593387e-21)
(69.5798721305898 0.09103964762811037 3.9694432331336995e-20)
(69.61804931245267 0.1130158886330109 5.554409288631602e-20)
(69.66660657979813 0.1371758947567735 -8.097996126645601e-21)
(69.7280034135518 0.16236878631797289 1.4946963339586535e-19)
(69.80522350595264 0.18682397569264309 7.347863502136035e-23)
(69.9008701144459 0.20737283901923073 -1.8517822844267406e-22)
(70.01700260723608 0.21937812891035494 -1.196653904521534e-19)
(70.1537024288973 0.21675184658039665 1.0884929769142322e-22)
(70.30771568238049 0.19279013824231886 6.559071798078682e-20)
(70.47255641574488 0.1412038448099487 -4.2986234155131605e-23)
(70.64582841557379 0.05659919023187749 -1.2250490940637067e-20)
(70.80016422953872 -0.06564912208969984 -6.2963066287134744e-21)
(70.91571213951977 -0.22233507505257763 0.0)
(71.00217732242183 -0.4139201317363069 -1.162930531328552e-20)
(71.03719305916295 -0.6395677778950254 -1.3831703362652977e-19)
(71.00713149579937 -0.8950057404235204 -1.0309702656883025e-22)
(70.90192910739432 -1.1722314773611002 7.654823726291302e-19)
(70.7187283879949 -1.4543436803869159 -1.0606874034134416e-18)
(70.46546459308897 -1.723320499612519 -1.2994841587197829e-18)
(70.15948223735337 -1.960974831792619 -1.3327443030833416e-22)
(69.82343317666873 -2.153097964231056 -2.1695822154573273e-18)
(69.48207127173838 -2.2899692827515357 -2.5863206142833242e-18)
(69.15698459729946 -2.3655594176001093 0.0)
(68.86565741872829 -2.377324630468469 0.0)
(68.6207490043869 -2.329410087794051 0.0)
(68.42776754362168 -2.2232239605202126 4.266652450839992e-18)
(68.28791849327702 -2.0705803326459122 9.22965296207792e-18)
(68.19891711953339 -1.8759453094071383 -4.976018646817469e-18)
(68.15490041397554 -1.6532590751124472 -2.7515780917748155e-18)
(68.14792391324443 -1.4137758310192237 0.0)
(68.17065323556203 -1.1683012893425622 3.281080628647441e-20)
(68.21526107580752 -0.9310996884552847 0.0)
(68.27360622064423 -0.7114333363101206 9.967059927653935e-21)
(68.34089718623797 -0.5171711929482796 0.0)
(68.41236018339715 -0.35531697262124895 0.0)
(68.48544593200418 -0.22750199389390063 0.0)
(68.55895296774752 -0.13458186891101526 -7.710442508928626e-19)
(68.63269223008459 -0.07270354379972048 -4.3350501380307487e-19)
(68.70610028537861 -0.03718393250265309 -3.034335203216161e-23)
(68.77624997320673 -0.019335236445087434 -3.278515389914228e-20)
(68.85377476278792 -0.012522592159007733 0.0)
(68.88551306764322 -0.00972288966301116 0.0)
(68.9577464468868 -0.0064803891849884694 0.0)
(69.00312202544019 -0.004648055668084665 0.0)
(69.04139443015805 -0.0033702876147411083 0.0)
(69.07470807244283 -0.002472754022235687 0.0)
(69.10284244658962 -0.0018244749874919176 0.0)
(69.12904614574198 -0.001275524091802793 0.0)
(69.15266381024382 -0.0009674281827680999 0.0)
(69.17489747635992 -0.0006203896672933831 0.0)
(69.19596884674736 -0.000467856464726791 0.0)
(69.2160951642639 -0.000301219104284238 0.0)
(69.23504217005913 -0.000236139000583122 0.0)
(69.25295085131758 -0.00015267675117186253 0.0)
(69.27155298883628 -0.00013178031297158006 0.0)
(69.28893291293096 -0.00010625142325605039 0.0)
(69.30382824981622 -9.21444503513239e-5 0.0)
(69.30913912383011 -9.545084261523936e-5 0.0)
(69.28140661493421 -0.00010218918918064838 0.0)
(69.13875208544708 -0.00010110566633972752 0.0)
(68.60437907076057 -9.461738190671223e-5 0.0)
(66.76666147048948 -8.393253141752515e-5 0.0)
(60.699589593471984 -5.4976846668578966e-5 0.0)
(41.23544404242677 -1.5224614324718947e-5 0.0)
(69.46334102370066 4.6550627081940736e-5 -3.432834274203021e-21)
(69.4634180050227 0.00013402996243297815 -5.797057620085128e-21)
(69.46355369630534 0.0002204451451977953 6.785707804631755e-23)
(69.46378283122151 0.0003205396641973043 -4.860457546924943e-21)
(69.46413200858044 0.0004724174142631556 2.732124135556575e-21)
(69.4646089226479 0.0007215281275656456 -3.8502300648067206e-21)
(69.46526527039855 0.0011320299172007959 -1.751803242424249e-21)
(69.46624508683442 0.0018596371420395881 -1.9584317902277023e-21)
(69.46777334690763 0.003178561535515648 0.0)
(69.47011612804685 0.005396290856173236 2.5664987815734334e-21)
(69.47365563627531 0.0087265671441503 0.0)
(69.47887644880005 0.01337415155523429 -5.004715178902033e-21)
(69.48639102705597 0.019675004698739604 -1.6803631992605358e-20)
(69.4968974318189 0.02804757645395345 4.1163003659162925e-22)
(69.51117246296279 0.03869194178378526 0.0)
(69.53017823061188 0.05156100397921261 0.0)
(69.55505576567457 0.06660677174198856 -3.637762171478394e-20)
(69.58720246656007 0.08387331993976341 0.0)
(69.6283784740959 0.10318950260564043 -5.2516256747104395e-20)
(69.68065875843354 0.12374616573294721 -1.1786180564862878e-19)
(69.74662068052493 0.14410839991405233 -6.49707096769059e-20)
(69.82868465720217 0.1619102968222271 -1.633990373524968e-22)
(69.92909963868826 0.17368532904823583 1.8682533257888373e-22)
(70.04876991049397 0.17431266135118995 4.7369397110546117e-20)
(70.18588528527444 0.15752234756728126 -1.104920389467605e-22)
(70.33597738093115 0.11698157822999458 0.0)
(70.4964508598287 0.04736339961930203 -2.4890200118367554e-23)
(70.6457337531492 -0.05706267482782497 5.5730909457869186e-21)
(70.7644202324132 -0.1945055765475907 0.0)
(70.85902942591369 -0.3674128296050516 -5.849218904639783e-20)
(70.90743293375371 -0.5726876197980518 1.2407772833034343e-19)
(70.89890782166465 -0.8087916732250812 -8.30790241440876e-23)
(70.82141316022197 -1.0674937308006995 0.0)
(70.67072129257038 -1.337191768403282 -9.542540570822297e-23)
(70.45006596758448 -1.600491438907182 1.18864986817269e-18)
(70.1728603472931 -1.8392795906848476 0.0)
(69.85888019456884 -2.038595734214627 1.7705082356850956e-18)
(69.5312282949597 -2.186149495394871 2.146814274714284e-18)
(69.21175643901599 -2.2761071435229367 6.323245859476443e-22)
(68.91864503769645 -2.3027966837896163 2.9390327621673256e-18)
(68.66673331382827 -2.2700531923760168 -4.10026901986643e-22)
(68.46310607839158 -2.1776042821464268 0.0)
(68.31092003567348 -2.036731340033544 -1.1525719188522782e-19)
(68.20947389361139 -1.8527689803863419 4.6509308575804064e-18)
(68.15388117694872 -1.6381748698217642 -2.4806048400592677e-18)
(68.13741261973995 -1.4055412268940746 -1.593542576316731e-22)
(68.15312261770525 -1.1648206148121472 2.9748655766834366e-18)
(68.19344741938866 -0.930758547680188 0.0)
(68.25026775322856 -0.7133758808128403 9.889942035837939e-21)
(68.31842405730204 -0.5200912540676105 0.0)
(68.39272254015137 -0.35890606213476 0.0)
(68.46990044041404 -0.23142962952931412 -6.166127093382113e-19)
(68.5479045901204 -0.13828404160271512 0.0)
(68.62569766653033 -0.07610812166904231 -2.2907061498581434e-23)
(68.70187606277266 -0.04025438995080042 0.0)
(68.77323133074823 -0.021847612933599107 0.0)
(68.85082496796994 -0.014473464033177851 0.0)
(68.8815742219087 -0.011327543990897283 0.0)
(68.95347660246347 -0.007662144792521621 0.0)
(68.99832324949232 -0.005529768654336315 0.0)
(69.03598921589169 -0.004035052797454288 0.0)
(69.06861091560633 -0.0029794640526073666 0.0)
(69.09593785381986 -0.002216870045405932 0.0)
(69.12125806384854 -0.001559966119207103 0.0)
(69.14389852159638 -0.0011934725929517655 0.0)
(69.1650929633313 -0.000770197226088549 0.0)
(69.1850868917764 -0.0005856486411025306 0.0)
(69.20413402997701 -0.0003758324476951556 0.0)
(69.22202556418392 -0.0002948662938546888 0.0)
(69.23896621350184 -0.00018583518932197316 0.0)
(69.25696588473193 -0.00015598608373218405 0.0)
(69.27438310673548 -0.00012042065717148843 0.0)
(69.29129616677679 -9.97795648353767e-5 0.0)
(69.3052852837321 -0.00010246360222297395 0.0)
(69.309913126545 -0.0001105117613515969 0.0)
(69.28220401523662 -0.00011043140631387297 0.0)
(69.14208924755167 -0.00010617234604437352 0.0)
(68.61529457132013 -0.00010312159138773802 0.0)
(66.79176185109277 -8.224816071470759e-5 0.0)
(60.749389104109675 -6.122470578061082e-5 0.0)
(41.29513419108047 -1.6050619065377127e-5 0.0)
(69.46334501382098 4.6216796826493486e-5 3.432879086362502e-21)
(69.46342466018137 0.00013163545225126363 -5.130941026420832e-23)
(69.4635614437513 0.0002150668046776425 0.0)
(69.46378878865161 0.0003102000781684021 5.01939423318437e-23)
(69.46413865381541 0.0004550588842073002 -8.137667482826196e-21)
(69.46462469831883 0.0006936857808121593 3.0737164692893853e-21)
(69.46530124543115 0.0010853140499496932 5.156075768211279e-21)
(69.46630310615681 0.0017763228328102146 1.9351528500390964e-21)
(69.46786074472276 0.0030280142193042318 0.0)
(69.47028488957149 0.005132489950210988 7.472112583446777e-21)
(69.47397686585178 0.008277447370527765 5.9332617877167864e-21)
(69.47943706464412 0.012634149427208358 -1.4872851730988548e-20)
(69.48731774830024 0.01850514052782243 1.643228844835448e-20)
(69.49835502315348 0.026251511065566578 1.1838450316627438e-21)
(69.51345609697393 0.03603705923854086 0.0)
(69.53364946991447 0.04774318974169935 2.5721791959627078e-20)
(69.56016280411932 0.0612207436146868 3.1337809306142084e-20)
(69.5945016460424 0.07637678123706428 -3.681163329977516e-20)
(69.63843873939453 0.09282548355015195 9.311453617745227e-20)
(69.69418413029358 0.10953702809821568 5.812578710353277e-20)
(69.76390374500362 0.12459700739453104 5.99321647520077e-20)
(69.84981449366232 0.13533214748249692 0.0)
(69.9533069547296 0.13779658410053772 -4.1767205592533216e-20)
(70.07380029093304 0.12658497215630202 -1.0530055075426744e-22)
(70.20838419609059 0.09557408046477144 0.0)
(70.35506280140663 0.03900186627928342 0.0)
(70.49642040916565 -0.048722100288144124 -5.928938294727353e-24)
(70.61577467558818 -0.16783509972711078 0.0)
(70.71538253515298 -0.3209154205579405 3.393533568791499e-20)
(70.77562659371881 -0.5063507079617429 0.0)
(70.78564426499008 -0.7225880488350569 6.586919278703641e-23)
(70.7337000087962 -0.9626237892148138 1.3097094765656153e-22)
(70.61401040659925 -1.2179883861360512 0.0)
(70.42588595363752 -1.472639698343344 0.0)
(70.17927304019281 -1.711176088166787 0.0)
(69.88978612931308 -1.915605067733945 -1.6276066653347013e-18)
(69.5793039069463 -2.0740956990547073 -1.980156316961174e-18)
(69.26867315167576 -2.1772026426554847 -2.2244275474112564e-18)
(68.97685097870598 -2.219983489295178 -2.7259974592560642e-18)
(68.72005382612515 -2.2027962469588434 -2.9793736927855192e-18)
(68.50725545965206 -2.1262193432540144 8.326560791813724e-22)
(68.34337167578416 -1.9983284097857767 -3.857182525624109e-18)
(68.22963650254849 -1.8264982491884454 0.0)
(68.16212800486248 -1.6211087785106912 2.308207984659177e-18)
(68.13548803999322 -1.3961767208638354 3.039709943188608e-22)
(68.14332132075675 -1.1611923227561212 -2.6946340122492124e-18)
(68.17836879385221 -0.9309000107688526 3.6215012994314394e-22)
(68.2326946771717 -0.7160418705248623 1.6300331298923405e-18)
(68.30076836996209 -0.5241015865506887 -1.790911547715768e-18)
(68.37697160576695 -0.36353027271443067 0.0)
(68.45736018058656 -0.23618629793915394 5.5733075191814035e-19)
(68.53903264778296 -0.14297988748051432 1.8343238921598852e-23)
(68.62015922517513 -0.0802796082127617 2.0445141009924626e-23)
(68.69860803139858 -0.04385278895923106 2.400103791734555e-23)
(68.7709299642233 -0.024735788705709884 0.0)
(68.84855211389599 -0.016647713200034546 -1.733233445852284e-21)
(68.87848951162042 -0.013151159262453537 0.0)
(68.95010636041279 -0.009011879509991457 0.0)
(68.99451093797381 -0.006540321755451788 0.0)
(69.03167102822877 -0.004799587907766292 0.0)
(69.06371019555186 -0.0035644301548384814 0.0)
(69.09034984968989 -0.0026724713630785235 0.0)
(69.11490260044454 -0.0018923693999389538 0.0)
(69.13667582037074 -0.001459758655905261 0.0)
(69.15692028150328 -0.0009486509837216226 0.0)
(69.17589306539877 -0.0007278699423392826 0.0)
(69.19386906918704 -0.0004674832274370567 0.0)
(69.21065123399273 -0.000368491388972793 0.0)
(69.22648156646575 -0.00022889526866048897 0.0)
(69.24356830409687 -0.00018810847674091019 0.0)
(69.2603208202246 -0.00014023483997800473 0.0)
(69.27722531796482 -0.00011137289199702871 0.0)
(69.29305202520032 -0.00011285553659334334 0.0)
(69.30597600651492 -0.00012163075748877709 0.0)
(69.30976631580624 -0.00012102269874932452 0.0)
(69.28273304669807 -0.00011573889818569902 0.0)
(69.14619423698477 -0.00011555378810987357 0.0)
(68.62572843046458 -0.00010084218594683666 0.0)
(66.8180671585183 -8.914383370835943e-5 0.0)
(60.800553832432826 -6.661970075938884e-5 0.0)
(41.35681001491794 -0.0031633065616061685 0.0)
(69.4633493944623 4.584282402277613e-5 2.644066025913391e-23)
(69.46343188583607 0.00012916481944289535 3.813352759766018e-21)
(69.46357025865217 0.00020965379961636625 0.0)
(69.46379628217747 0.00029978414575415293 9.569159123877201e-21)
(69.46414535012842 0.00043721356509536844 1.0752783157442038e-20)
(69.46464213565297 0.0006647237767641403 0.0)
(69.4653384969509 0.0010367372975779606 -5.134714493220275e-21)
(69.4663590028221 0.00168976196708201 3.823807457189499e-21)
(69.46795413616528 0.0028721868484178716 -1.0884098359047647e-20)
(69.47045583550633 0.004857093747660041 -2.495245704612379e-21)
(69.47430064967422 0.007808800444234972 1.3079762833473817e-20)
(69.48001787071577 0.011871100193939329 0.0)
(69.48826031190445 0.017296290073583253 0.0)
(69.4998536155641 0.0244044024681124 0.0)
(69.51577650426181 0.03330128311240766 -4.4406524181994724e-20)
(69.53713868884604 0.04379564783386007 -2.7362044636720906e-20)
(69.56524078625053 0.05563165158754486 3.2396226394032273e-21)
(69.60159376644991 0.06854173916119628 -3.9086236880463867e-20)
(69.64810480989074 0.08196068735285263 4.1351260011855134e-20)
(69.7067033172168 0.09449060747982732 -5.350150788694817e-20)
(69.77944695192872 0.10394618969534272 0.0)
(69.86791290278063 0.10719930006374052 -3.086380693155185e-20)
(69.97237024707614 0.0999433951155012 3.279001679458031e-20)
(70.09128459478075 0.07679093869750016 -7.449194067176835e-23)
(70.22340971260448 0.031822419662384874 7.487623122455781e-21)
(70.35492000258137 -0.04066452010488071 0.0)
(70.47209690996385 -0.14254044243395664 1.2844842003356653e-23)
(70.57378340428752 -0.2759425938547973 -3.026675155835175e-20)
(70.64377227332682 -0.4416378278941853 7.9747424174495e-23)
(70.66926681916081 -0.6371322040436809 -2.289699865656284e-19)
(70.64087589276949 -0.8589806430483449 0.0)
(70.54955008865592 -1.0979151482841265 -5.441161783222938e-19)
(70.39371388683207 -1.3424406413118173 0.0)
(70.17836667852808 -1.5772711848197793 -1.0057298723352666e-18)
(69.91582515648184 -1.7854312252714855 0.0)
(69.62542662537028 -1.9535474121464325 1.5990915457413908e-18)
(69.32692004596638 -2.06975652530992 2.050346251824062e-18)
(69.0394953018575 -2.1285790984040585 -2.8555626058587525e-22)
(68.78032557166426 -2.1277215929868256 2.7583373312824952e-18)
(68.56013702955181 -2.0681137173764563 0.0)
(68.38551005858496 -1.9550533521929723 -8.323106595087143e-22)
(68.25976658610345 -1.796608946783896 3.7291633147757586e-18)
(68.18015102910353 -1.6020856156217627 0.0)
(68.14270025059784 -1.385540984617728 -2.872607351748093e-22)
(68.14180609363434 -1.157312183767824 2.489119624525481e-18)
(68.17053551767951 -0.9314277836764062 -1.7220091785640392e-22)
(68.22128427366793 -0.7196241250439962 -1.475560613983839e-18)
(68.2881925785776 -0.5293075738129593 1.634277902336069e-18)
(68.36524203032437 -0.36947624741061463 0.0)
(68.44784935436856 -0.2421312025507528 -5.010520914563881e-19)
(68.53228726788858 -0.14858343119658265 -3.286146445095263e-23)
(68.6159945769964 -0.08525403798391079 -1.2615212329948458e-24)
(68.69620044422821 -0.04806144529459056 -2.131224879219805e-23)
(68.76923671164508 -0.028107530076839495 2.2896134817696084e-20)
(68.84682954025915 -0.01922749392213929 1.3130242484361027e-25)
(68.87609492719989 -0.015221266828269416 0.0)
(68.94746340534168 -0.010549764686323291 0.0)
(68.99149921107563 -0.007695237039562946 0.0)
(69.02824133886992 -0.005675820578978645 0.0)
(69.05979691715201 -0.0042368410012118465 0.0)
(69.08586239236806 -0.0031986128323504112 0.0)
(69.10976358903665 -0.0022783778205953046 0.0)
(69.13078888491212 -0.0017709816731584836 0.0)
(69.15019511518193 -0.0011591861807125508 0.0)
(69.16824179946993 -0.0008975303779142626 0.0)
(69.18521287982945 -0.0005784335237398278 0.0)
(69.20091120685156 -0.00045916360078005657 0.0)
(69.21559926784072 -0.00028350943509979786 0.0)
(69.23164137994505 -0.00022964215583279253 0.0)
(69.2474465419454 -0.00016701453598169379 0.0)
(69.2636762468205 -0.00012816459913602275 0.0)
(69.27939094014117 -0.00012799944998260443 0.0)
(69.29395187379049 -0.00013721839448162666 0.0)
(69.30563172653488 -0.00013514988087958048 0.0)
(69.30931888207806 -0.00012656543638584576 0.0)
(69.28413703278295 -0.00012591486884421457 0.0)
(69.1496370569996 -0.0001120067458878708 0.0)
(68.63725720999507 -0.0001065543550201226 0.0)
(66.84522043283079 -0.00010277032460982451 0.0)
(60.853549932331056 -0.010175994247158497 0.0)
(66.89747845538369 -0.0033647799577619752 0.0)
(69.46335422784283 4.5416791916316215e-5 0.0)
(69.46343996074151 0.00012659597111274915 0.0)
(69.46358050937972 0.00020417697692379168 4.193809968867757e-21)
(69.46380439633404 0.00028924216175366357 -1.0059292406545879e-20)
(69.46415422697157 0.000418906138510007 -5.347010496806728e-21)
(69.46466125790133 0.0006346194799363303 -2.9725197404173947e-21)
(69.46537406536338 0.0009861991243733225 -3.3816293797484666e-21)
(69.4664203243672 0.0016007416797823254 3.822475287779402e-21)
(69.46805009202656 0.002711079849535612 4.293321479161171e-21)
(69.47062891334733 0.0045712550613353845 4.8385560288328426e-21)
(69.47463808235405 0.007326045747377095 -1.1073819404282336e-20)
(69.4806042840902 0.011083815784269762 -1.6054543479208938e-21)
(69.48922629021644 0.016057383508398297 0.0)
(69.50137342192598 0.022510257053906423 1.286754881147784e-21)
(69.51810592920133 0.03048786231261786 6.675113482028181e-22)
(69.5406046769524 0.039724189335259084 2.625589199967554e-20)
(69.57016670319348 0.04983260315658515 5.328873301221673e-23)
(69.6084021696702 0.06039290778848204 -6.975417749881968e-20)
(69.65702723223954 0.07054810963649508 0.0)
(69.7179426923332 0.078681861407718 -1.7221156270808528e-22)
(69.7927417648548 0.08222296103175793 5.2071241819377366e-20)
(69.88214993804867 0.0776640542412434 -2.885380290557044e-20)
(69.98568213810579 0.060571942042603626 0.0)
(70.10285190476081 0.025573801155804952 -6.6229970926260024e-21)
(70.2232489941171 -0.03315934402791432 -4.887836052142864e-21)
(70.3355054392945 -0.11868662308901551 0.0)
(70.4369669862496 -0.23361749165955822 -1.3446586527997067e-20)
(70.51345662851288 -0.3794025493368859 -8.171542301365617e-23)
(70.55222559554358 -0.5544346851666324 2.0542990088916384e-19)
(70.54427873964664 -0.7570104953175846 2.8855523662782296e-19)
(70.47916702781251 -0.9789119791445023 4.915725023001459e-19)
(70.35413166658317 -1.2114761333870725 -4.189584410804864e-23)
(70.17009283351267 -1.4397496581194222 1.7485756727912454e-18)
(69.93648210210844 -1.6495469156811473 2.8304881648133617e-22)
(69.66866555765904 -1.8248402944843225 -1.4649761905512068e-18)
(69.3856623305551 -1.9543538831346374 0.0)
(69.10558212852465 -2.0284781683199693 1.9837680419674764e-18)
(68.84688420391548 -2.0451710116209565 1.1543742151954642e-21)
(68.62132693431812 -2.0027739971202703 0.0)
(68.4373177591207 -1.906470890024496 -2.999862967127631e-18)
(68.30005325049517 -1.7626060191076154 -3.4476666212199812e-18)
(68.20830596506738 -1.5806808148025764 1.8519339330175934e-18)
(68.15948478732983 -1.3737450171007894 -2.0344744412375235e-18)
(68.1490242926023 -1.1531399728002087 0.0)
(68.17036729669506 -0.9324199424251316 0.0)
(68.2163575481964 -0.7240626295453902 1.3485539693039862e-18)
(68.28091504097009 -0.5357203581000878 -9.411238095603792e-23)
(68.35764504095033 -0.37668177484582593 0.0)
(68.44138471560039 -0.24940531094190405 4.508320488837475e-19)
(68.52762798783176 -0.15530600544735482 -4.976427011714789e-19)
(68.6131393120764 -0.09112251767447352 2.2369246002817744e-24)
(68.69457480559578 -0.05290738499730676 -1.8908621197689331e-23)
(68.7680647927108 -0.03191631544915865 -2.028585046865464e-20)
(68.84555885597841 -0.022103543349519295 2.721474381239552e-21)
(68.87425996368933 -0.017568959922357078 0.0)
(68.94540695083026 -0.01229849596319929 0.0)
(68.98913350817405 -0.009012019860446507 0.0)
(69.02553173414381 -0.006677246267178583 0.0)
(69.05668951825068 -0.0050070634976198194 0.0)
(69.08228199321996 -0.003803532407477498 0.0)
(69.1056394047614 -0.002724347651807812 0.0)
(69.1260336549878 -0.002132364566924283 0.0)
(69.14471982567748 -0.0014056009516680362 0.0)
(69.16195407709758 -0.0010978852027045177 0.0)
(69.1780203959198 -0.000711106070493137 0.0)
(69.19271294816522 -0.0005691281228918487 0.0)
(69.20630057345946 -0.00035137928724210925 0.0)
(69.2212706321507 -0.0002821189052825705 0.0)
(69.23601742991652 -0.00020211530731224715 0.0)
(69.2513109821869 -0.00015142791971117762 0.0)
(69.26628677051022 -0.00014927169087177984 0.0)
(69.28061114660689 -0.00015882718029082646 0.0)
(69.2937018320952 -0.00015467692357037469 0.0)
(69.3049557732 -0.0001409718043003745 0.0)
(69.30987661278013 -0.0001375273124008462 0.0)
(69.28476217828405 -0.00012064369179678158 0.0)
(69.15426646451111 -0.00011534104980839717 0.0)
(68.64942952876146 -0.00013152400327034506 0.0)
(66.87376518169597 -0.011131823930676285 0.0)
(67.43737632731035 -0.011072395920338537 0.0)
(69.19647441987418 -0.000252278666989237 0.0)
(69.46335972954323 4.492321191509098e-5 0.0)
(69.46344912403984 0.00012390099774116343 0.0)
(69.46359149395013 0.00019858673091769169 -3.671649279645854e-21)
(69.4638148356792 0.00027856380461680397 4.7090023084991814e-21)
(69.46416528441374 0.0004001119324397101 0.0)
(69.46467936725253 0.0006033052578348639 1.4976257875326037e-21)
(69.46541417164109 0.0009340897373712868 0.0)
(69.46648351488115 0.0015092001589608421 -5.026323394883827e-23)
(69.46814800842377 0.0025452434132749533 -2.1505059591153632e-21)
(69.47081335087746 0.004278058318602101 1.4555241198945856e-20)
(69.4749773485451 0.006828641721375275 -1.389349526128036e-21)
(69.48120317770956 0.010277932026285817 1.6054862210789624e-21)
(69.49020213891396 0.014790790366425164 1.5303807077207087e-20)
(69.50289602246811 0.02057086176451849 0.0)
(69.5204175323227 0.02760025919161343 -7.805820468209528e-23)
(69.54396156879632 0.03552328952337021 9.148754752958016e-23)
(69.5748947578137 0.0438393123710296 2.9223683535391674e-20)
(69.61467511163318 0.051893342308226884 -2.6397932448983183e-22)
(69.66502840400867 0.05863853630500815 0.0)
(69.72754061310003 0.06215001073211438 -4.206622969442613e-20)
(69.8031782720854 0.059523397316085976 1.6638353918103139e-22)
(69.89209217973682 0.04704065771278368 0.0)
(69.99440720036763 0.020142540955220556 0.0)
(70.10273248430923 -0.026559462404490315 4.323417916893963e-21)
(70.20797066468515 -0.09688242390912824 0.0)
(70.30694692320112 -0.19435920762428782 1.1983223784453466e-20)
(70.38686932325824 -0.3207359118548343 0.0)
(70.43639594159137 -0.47590928852864 -1.287482813571848e-19)
(70.44543711597234 -0.6581659414011671 -2.595209737739436e-19)
(70.40459811992173 -0.8627494671542942 3.359379732013703e-23)
(70.30779901296154 -1.080907977829148 -4.964920106766403e-19)
(70.15496657712329 -1.3012970016548586 -1.4378173129056499e-18)
(69.95090461490217 -1.5092692293754417 0.0)
(69.70824244729772 -1.6899479177084666 1.1453857754025411e-18)
(69.44367103130301 -1.8309222177562534 -1.417920920366811e-18)
(69.17414490736317 -1.9203025569749257 -1.0981124676146618e-19)
(68.9187380010688 -1.9548221650410986 -5.060878913950862e-22)
(68.69016814848072 -1.93047666072574 -1.3771863358841958e-23)
(68.49840657795217 -1.8519930972098042 2.76426847313673e-18)
(68.3504661676126 -1.7242175901162726 -3.791681343719352e-22)
(68.24674467248416 -1.5563509574549752 -4.3895591867816607e-20)
(68.18615041165454 -1.3605462388564282 3.849682725005369e-20)
(68.16529219451974 -1.1485404832140078 -2.013139773231917e-18)
(68.17818263047047 -0.933956871853567 -2.2066250154438616e-18)
(68.21818336708532 -0.7294381798758202 1.4249547099340204e-22)
(68.27912169815522 -0.5434306485904417 9.150853928132419e-23)
(68.35427999040003 -0.3852971739161247 0.0)
(68.43799193034394 -0.2579663492366323 -4.754937362216688e-23)
(68.52503266500666 -0.1632646794828226 4.448217304110829e-19)
(68.6115534647726 -0.09794489953702415 0.0)
(68.69368170916776 -0.05853138670862602 6.503513274912464e-23)
(68.76735787890597 -0.03620157301373586 0.0)
(68.84466949829667 -0.025367928853965556 -1.2046235125486667e-21)
(68.87288235682243 -0.020229328764723883 0.0)
(68.94382398817525 -0.014283551436045048 0.0)
(68.9872876043315 -0.010510357217137785 0.0)
(69.02340239473747 -0.00781912892162605 0.0)
(69.05423431273573 -0.005886808111188762 0.0)
(69.07944115777305 -0.004496501876078557 0.0)
(69.10235024638651 -0.0032374792309951034 0.0)
(69.12222097156786 -0.0025497666115773935 0.0)
(69.14030108096826 -0.0016921541657866415 0.0)
(69.15684045786067 -0.0013325127918884729 0.0)
(69.17211734063922 -0.0008681489051642105 0.0)
(69.185911566449 -0.0007007712997170567 0.0)
(69.1984880489203 -0.0004342783228195981 0.0)
(69.21242758546703 -0.00034711381290974323 0.0)
(69.2261035781433 -0.00024692168542736785 0.0)
(69.24036377881933 -0.00018246403987783172 0.0)
(69.254365237052 -0.00017808116494271955 0.0)
(69.26786564226676 -0.00018801129305099582 0.0)
(69.2805689985145 -0.00018134905942185714 0.0)
(69.29308714592015 -0.00016083494313981554 0.0)
(69.30541637373584 -0.00015269322398668502 0.0)
(69.30955289363224 -0.00013020908784378696 0.0)
(69.28674603548473 -0.00012035270610584518 0.0)
(69.15952062138882 -0.00015456588248084101 0.0)
(68.66292036686137 -0.01157146436301066 0.0)
(68.45028332166913 -0.01234965284652633 0.0)
(69.0695379577359 -0.001006802372282971 0.0)
(69.40014267990301 -2.046685368756283e-5 0.0)
(69.463366088445 4.434336187360353e-5 0.0)
(69.4634589483562 0.00012103794664400532 7.319238385932058e-21)
(69.46360442259342 0.00019285226939447253 4.1062307337467695e-21)
(69.46382751751402 0.0002677103185094509 5.784601814722252e-22)
(69.4641762153944 0.00038077466146039054 6.476985534309475e-21)
(69.46470177021997 0.0005709940925369972 -2.9157496083158584e-21)
(69.46545528324903 0.0008803519857819757 0.0)
(69.46654743499596 0.001415342067865495 -3.7231919564089406e-21)
(69.46825562082643 0.0023762422029532794 -4.22289051577592e-21)
(69.4709995844306 0.003977295671462783 0.0)
(69.47532466449834 0.006320116770394643 -9.36527897708377e-21)
(69.48180550844192 0.009455030383545004 0.0)
(69.49117618129164 0.013497538476874604 4.463022857810751e-22)
(69.50440475407345 0.018588128679783916 1.6409516830750392e-20)
(69.52265209176068 0.024634218192354746 -7.256187543123136e-23)
(69.54718283071179 0.031202633014760013 2.2134830034109178e-20)
(69.57924409320528 0.03762312761079169 1.2044747549064378e-23)
(69.62030017017159 0.04307637006577495 1.4801524239332128e-20)
(69.6718559173558 0.04625423751917552 1.802326171573104e-20)
(69.73505719692507 0.044955439105317865 -1.5696931433157265e-22)
(69.81046058353569 0.03606320627487527 -1.6804001695410195e-22)
(69.89855379879994 0.015654212252369733 0.0)
(69.99432008886106 -0.02095627598300308 0.0)
(70.09095149644001 -0.07773150190843495 -9.761157607703639e-24)
(70.18527582698954 -0.15876053566586903 1.7030994907689042e-23)
(70.26617396689238 -0.266636151831897 -3.091279114725947e-23)
(70.32329617289133 -0.4022749344677504 2.2760116325066027e-20)
(70.3464441494169 -0.5644860639903212 9.86133361962806e-23)
(70.32679802799287 -0.7506526364059284 -7.552002783964686e-23)
(70.25607089955159 -0.9529974586352828 4.482038916624095e-19)
(70.13322558187733 -1.1634153607272804 1.168214262016916e-18)
(69.95876059941682 -1.3668095379548846 -1.8159810459546914e-22)
(69.7432033738379 -1.5508090695776848 -1.9979175415015288e-18)
(69.49950568060665 -1.7004040597961845 9.74019568501682e-20)
(69.24402648342108 -1.8048082253114721 -1.5640912259652348e-18)
(68.99463364918437 -1.8563081048714172 0.0)
(68.76581009048238 -1.8514866649599286 -2.036684766851293e-18)
(68.56805796495345 -1.7911882556585725 -1.1635923355684956e-21)
(68.41069486116453 -1.681309291486102 -1.3131445281311535e-21)
(68.2953811719061 -1.5285135009535935 -1.5232571425604245e-18)
(68.22282399984557 -1.3456356102742069 1.67906867049283e-18)
(68.19082177946554 -1.1433222842763062 1.84012359734218e-18)
(68.19421887892298 -0.9358584463231956 3.998325335016289e-18)
(68.22698505031455 -0.7358858310218191 2.7835834904774744e-22)
(68.28296341128843 -0.5524668788889449 -1.1711990644976979e-23)
(68.3552412623085 -0.3955234244253431 8.361622304731592e-23)
(68.43770823332193 -0.2679740291322244 -8.509105844961778e-23)
(68.52450286914636 -0.17251234265850451 5.018292091240077e-23)
(68.6112207556997 -0.10588209753062808 -2.1657510690136328e-19)
(68.69349642663485 -0.0649714019228654 0.0)
(68.7670810372575 -0.041183112541988566 -3.200273236066109e-23)
(68.84411071087496 -0.02903758940251242 0.0)
(68.87188322239332 -0.023241947752676604 0.0)
(68.94262543435096 -0.016533470655861936 0.0)
(68.985860107171 -0.012212297683173915 0.0)
(69.02173922887427 -0.009118708990163416 0.0)
(69.05230387350366 -0.006889305332928893 0.0)
(69.07719850087749 -0.005287956989798551 0.0)
(69.09974093614201 -0.0038259551215275816 0.0)
(69.11918290751062 -0.003029796485428019 0.0)
(69.13676069868832 -0.0020236737817191488 0.0)
(69.15271713444785 -0.0016053989405596888 0.0)
(69.16732155844696 -0.0010525136158370477 0.0)
(69.18033668359517 -0.0008566790184737699 0.0)
(69.1920165730032 -0.0005340925484679583 0.0)
(69.20501094499535 -0.0004262670991988115 0.0)
(69.21766767022058 -0.00030285344556111086 0.0)
(69.23089031114046 -0.00022259448625195732 0.0)
(69.24383935709997 -0.00021586371235902764 0.0)
(69.25630716045563 -0.0002263587261492185 0.0)
(69.26807548135984 -0.00021691761994040387 0.0)
(69.28012816815529 -0.00018789280316548073 0.0)
(69.29373378256494 -0.00017321132766030982 0.0)
(69.30489290357359 -0.00014309697186007516 0.0)
(69.31078127579734 -0.0001248086982735179 0.0)
(69.28939972599727 -0.0001778023975389617 0.0)
(69.16624370772038 -0.011674876527539072 0.0)
(69.00910753401584 -0.012981401422880212 0.0)
(69.15364810954749 -0.0014222937367482885 0.0)
(69.35829412699898 -0.00010294083582598087 0.0)
(69.42190245236932 -3.2582167670456648e-6 0.0)
(69.46337323959044 4.364668844159734e-5 -6.460652707585703e-21)
(69.46347022329485 0.00011797173176701555 -7.320285907963807e-21)
(69.46361917409048 0.00018692788423965327 3.507230318775985e-21)
(69.46384052994668 0.0002566176954469709 -4.558559980806938e-21)
(69.46419148483763 0.000360996192744042 -2.595138946781242e-21)
(69.46472533697255 0.0005376644171322228 2.871570571198038e-21)
(69.46549619529401 0.0008250815507104336 -3.2375250820252057e-21)
(69.46661862886235 0.0013199116896217625 0.0)
(69.4683646435779 0.002203906111021993 0.0)
(69.47119306426815 0.003670993817025218 8.323709230573124e-21)
(69.47567416866126 0.005801643037722373 -1.1884870145212219e-20)
(69.48240384148636 0.008615865884653141 0.0)
(69.49213825703313 0.012178632756846731 -2.8842407897287496e-20)
(69.50585960558128 0.016558987110506775 1.598327014077412e-20)
(69.52479611862734 0.021595752468989413 -1.985005946989454e-20)
(69.55013909203632 0.02674089639070627 2.1340929082417674e-20)
(69.58314400264078 0.031204947775018043 -1.2922479276419327e-20)
(69.62510185710327 0.03395290801680074 1.3864728858517532e-20)
(69.67719734087557 0.03343220096279152 0.0)
(69.74029954704481 0.027245596207199418 0.0)
(69.81515653592051 0.012066370842433505 0.0)
(69.89847914006681 -0.016208004074437208 3.769983250437156e-21)
(69.98541880903254 -0.061358609941824 0.0)
(70.07327242344084 -0.12748278681243658 2.2237705828599744e-23)
(70.15285900005723 -0.2179157559633212 -1.677778645733084e-23)
(70.21462263195394 -0.33447102273455526 1.4622083437083887e-19)
(70.2490579655135 -0.4771893142590548 0.0)
(70.24702205346927 -0.6441366413000948 2.0251575460568625e-19)
(70.20023861600461 -0.829999926769673 3.203662468859162e-23)
(70.10501776893418 -1.02761312558309 -5.872415505984895e-20)
(69.96023622287537 -1.2247337037667185 5.982849446813759e-19)
(69.77233982437703 -1.4087486844683201 8.076167176731169e-20)
(69.55199231813661 -1.5651275606085377 2.089911354404342e-18)
(69.3134826620137 -1.6824461102964485 -1.236982049811981e-18)
(69.07324843115066 -1.7503866342197365 -7.5025864160762265e-22)
(68.84698257589118 -1.7653088560246648 1.8631455377652443e-18)
(68.64540667972443 -1.7241533090725956 -2.0428261696389483e-18)
(68.48006646539322 -1.6333614669178316 1.1578947320001446e-21)
(68.35391946818471 -1.4970718774089438 3.5245932809099896e-23)
(68.26939093402015 -1.3284205277918137 -3.727665245786467e-22)
(68.22571895085903 -1.1372985781253264 0.0)
(68.21861143629509 -0.9378966421602765 -2.6289542286785395e-20)
(68.24292597911986 -0.7433665606578833 0.0)
(68.29256267820718 -0.5629038606908896 1.0708690565478854e-18)
(68.36061105033467 -0.40724727799839666 -5.874970662878798e-19)
(68.44058123759 -0.27963427933822016 0.0)
(68.52606084621907 -0.18310629399813474 8.929047059474549e-23)
(68.61214550596311 -0.11496230637931136 2.0114905878322498e-22)
(68.69402075029872 -0.0723308647426351 -2.630259470319748e-23)
(68.7672190159679 -0.046794691378320964 1.40560958046172e-20)
(68.8438484002329 -0.03325443548357894 -9.425127506051707e-22)
(68.87120466496104 -0.026651413511965896 0.0)
(68.94174265636192 -0.0190801781397119 0.0)
(68.98477089732495 -0.01414240427325085 0.0)
(69.02045059605342 -0.010595410987301044 0.0)
(69.0507942684079 -0.00802950059097514 0.0)
(69.07543705962549 -0.006189625905058464 0.0)
(69.09768075393538 -0.004499086384780587 0.0)
(69.11677503570205 -0.0035799294054018028 0.0)
(69.13394114144147 -0.002405678406709089 0.0)
(69.1494156330914 -0.0019210262440406273 0.0)
(69.16345767488474 -0.001267545293718501 0.0)
(69.17581228710048 -0.0010397060447792361 0.0)
(69.18671882839216 -0.0006528739506094509 0.0)
(69.19887627102896 -0.0005213209986079497 0.0)
(69.21060494123311 -0.00037138706987349353 0.0)
(69.22284524406713 -0.0002731658382330342 0.0)
(69.2347515208121 -0.00026407440642559304 0.0)
(69.24612918045788 -0.0002754891862912394 0.0)
(69.25678173809825 -0.0002631725038432061 0.0)
(69.2678529393282 -0.00022387674022095172 0.0)
(69.28106347115148 -0.00020070114919466036 0.0)
(69.29329344048509 -0.0001611903798804637 0.0)
(69.30611318088832 -0.00013072436179401164 0.0)
(69.31273140177609 -0.0002054786719391472 0.0)
(69.293763020476 -0.011689424409355716 0.0)
(69.23534946708075 -0.013177305145339763 0.0)
(69.2523824359785 -0.0016758500919614391 0.0)
(69.35093325717258 -0.0001876902404694807 0.0)
(69.4054057029655 -1.849269623734773e-5 0.0)
(69.4269812364718 -1.5067661505648572e-6 0.0)
(69.46338155262157 4.2802717283897786e-5 6.808705740325946e-23)
(69.46348287592738 0.00011466342336340211 7.166918661057555e-21)
(69.46363426952745 0.00018074864497731228 -1.6165184793662563e-20)
(69.46385739596515 0.000245312153133108 1.1825489934629497e-21)
(69.46420840968918 0.00034075706656636317 0.0)
(69.46474896972798 0.0005033799330485384 -2.857834274618775e-21)
(69.46554249823818 0.0007686765912273116 -3.187686102196936e-21)
(69.46668963350258 0.0012227571559036113 -3.595266964281379e-21)
(69.46847978648837 0.002029233169684996 0.0)
(69.47138997789948 0.003359888025834822 1.0494682212469383e-20)
(69.47602131645975 0.005273884855947685 -1.0048646203164878e-20)
(69.48299256069492 0.0077611842726470716 1.2272347764437943e-20)
(69.4930620540684 0.010832040933583698 -1.4165760534198645e-20)
(69.5072558312218 0.014487022266535525 0.0)
(69.5267584751118 0.018469919722695266 -1.8626682823805568e-20)
(69.55278767809781 0.022151243192624633 -9.906476991690811e-21)
(69.58647265223809 0.024588975408702543 -1.2286678426215833e-20)
(69.62885799982483 0.02454362059366596 -1.2918158050439292e-20)
(69.680929962175 0.02027083879484449 -6.995208051953996e-21)
(69.74366275804104 0.009171883478661132 0.0)
(69.81508768271487 -0.012258667887277214 8.583973791470803e-23)
(69.89186755694907 -0.047584430610107295 0.0)
(69.97192738744899 -0.10069731166230493 -4.9799888223553076e-21)
(70.04804565221144 -0.17516615318231124 -5.596506747305067e-23)
(70.11185281826903 -0.27355807849909564 -1.559115125275186e-20)
(70.15456605286981 -0.3971058208519308 -8.221529537828832e-23)
(70.16701023083502 -0.5448266492501256 -3.322878249740766e-19)
(70.14112989772195 -0.7133321040510743 0.0)
(70.07118366216251 -0.8963633251214029 -5.128261205024185e-20)
(69.95510042067158 -1.0848566980873453 -1.019373146750504e-18)
(69.79496066961134 -1.2658531502675108 7.256625324519867e-20)
(69.59986286218418 -1.4269808421707206 -8.173345577802094e-20)
(69.3806496080617 -1.5543971881710215 2.1612913980877935e-18)
(69.15301585846817 -1.638248997452339 6.387795813457533e-22)
(68.93199011283828 -1.671643640570708 0.0)
(68.7293894278537 -1.651075811227903 3.633023034283268e-18)
(68.55758377428022 -1.5796708669936537 -5.170099943538107e-22)
(68.42184968943286 -1.4619666231729316 -5.877141195874686e-22)
(68.32549969157701 -1.308342910861757 6.599860383166456e-22)
(68.26991396050616 -1.1302276386481833 0.0)
(68.25139584597818 -0.9397443986261699 -1.6137483813870678e-18)
(68.26610168620465 -0.7517132192605238 8.729171768806776e-19)
(68.30804395725075 -0.5747235202689817 -9.650061628723692e-19)
(68.37047981678963 -0.4206121705041509 2.9532793026334227e-21)
(68.44669006223047 -0.2928760400028284 1.4565858805653426e-22)
(68.5297582062962 -0.1951802310823423 -3.701562356827525e-23)
(68.61436434506102 -0.12533195975824826 1.7058093575832322e-19)
(68.69527867663719 -0.08060443823522553 2.1887063201896068e-23)
(68.76777147161069 -0.05313585175618325 -1.245827583665799e-20)
(68.84386619063868 -0.03798268932395514 2.5938128852417694e-25)
(68.87080811795263 -0.030507875416271136 0.0)
(68.94112450576296 -0.021959399227193234 0.0)
(68.9839579149287 -0.01632787044351722 0.0)
(69.01946401716596 -0.012271038685762967 0.0)
(69.04962197983998 -0.009324272118054519 0.0)
(69.07406162067844 -0.007214657808260662 0.0)
(69.09606169325102 -0.005267463868767241 0.0)
(69.11487604135073 -0.004208630776555874 0.0)
(69.13170731935818 -0.0028445162073641355 0.0)
(69.14678757663226 -0.0022844686267882255 0.0)
(69.16036578970369 -0.0015170851653744748 0.0)
(69.17217017327407 -0.0012530531145018599 0.0)
(69.18242386459183 -0.0007929056695321171 0.0)
(69.1938600254889 -0.000634166372366039 0.0)
(69.20477161162367 -0.0004540917636340721 0.0)
(69.21612091050574 -0.00033556981311869805 0.0)
(69.22704897028652 -0.00032419216167359205 0.0)
(69.23736183342476 -0.0003370506313176884 0.0)
(69.24686337700759 -0.00032194058581885127 0.0)
(69.25679171131377 -0.00027054776320769414 0.0)
(69.26910948998686 -0.0002367486301951423 0.0)
(69.28081176329627 -0.0001861992571414127 0.0)
(69.29477785998469 -0.00013950705590260997 0.0)
(69.30809416508531 -0.00024061704370282607 0.0)
(69.31665939566207 -0.011678857294175253 0.0)
(69.30632967299483 -0.013249767802199872 0.0)
(69.31010836966432 -0.0018083652281004456 0.0)
(69.35528864582898 -0.00026305572445082886 0.0)
(69.39703838429111 -3.942960711924408e-5 0.0)
(69.41636221877013 -8.261372720518558e-6 0.0)
(69.42984979485823 -8.98972967094766e-7 0.0)
(69.46339104700297 4.178164854667859e-5 6.813476233758224e-23)
(69.46349594246527 0.00011105907917098767 -1.4482654829427018e-20)
(69.46365227048615 0.00017430352936492343 1.1015462826421489e-20)
(69.46387588712622 0.00023375822754273732 1.008889360148027e-20)
(69.46422603718214 0.00032008033367571644 7.52182066091067e-21)
(69.46477753509996 0.0004683871435467851 0.0)
(69.4655876329565 0.0007110728085938065 6.369908827468177e-21)
(69.46676448579377 0.0011243377620276046 -3.5507575781018816e-21)
(69.46859824662607 0.0018525461617865731 7.989185968651361e-21)
(69.47158743684626 0.0030444218049299064 1.819935702663516e-20)
(69.47636333752307 0.0047375114924536445 -3.2505345846909643e-22)
(69.48355444577463 0.0068899046956412404 1.8176282919909404e-22)
(69.49394783384483 0.009459855150126335 0.0)
(69.5085298402877 0.012362099475944237 0.0)
(69.52851601698919 0.015265165274590506 4.318490789357427e-22)
(69.55504553725842 0.017435058026814297 9.761601849633596e-21)
(69.58907222504885 0.01778596410131286 5.001218135784877e-22)
(69.6314909191454 0.014912177420090817 6.280502699216118e-21)
(69.68332273919229 0.006869098533777369 0.0)
(69.74361436026308 -0.00911926514962642 -3.0232359149439293e-21)
(69.8102595346425 -0.03624868184432813 -6.65213786838555e-23)
(69.88177703443793 -0.07819159112539224 4.444804852337759e-21)
(69.9526906554361 -0.1385100683341291 0.0)
(70.01610400627791 -0.2201678350558054 -3.677971587242082e-20)
(70.06414679955371 -0.3252128200439829 1.123936148056097e-22)
(70.0881283493955 -0.4539575772998629 2.438901677835463e-19)
(70.07977883089885 -0.6043302292375833 0.0)
(70.03273869975264 -0.7718432396555708 -5.748972122425597e-19)
(69.94313221369116 -0.9489621103963436 4.320605389276034e-19)
(69.81082681561584 -1.1247422071493862 1.0914600917136903e-18)
(69.64158743360524 -1.2872569346848557 -1.4220288950282374e-18)
(69.44409207799865 -1.4227720478261867 -9.39087163911044e-19)
(69.23185815743824 -1.5205526620297163 0.0)
(69.01910154558412 -1.5714368527618876 -1.2937339134918594e-21)
(68.81840439052272 -1.571620237507815 -1.6096277817174972e-18)
(68.64211763732506 -1.5201140081036666 8.972914351750867e-22)
(68.49830279215385 -1.4225091057969619 0.0)
(68.3906662132486 -1.285201399359127 0.0)
(68.32309921276729 -1.1214913599345702 3.0460717395620587e-22)
(68.29253679806182 -0.9412290094203578 -3.357394613168626e-22)
(68.29652458602557 -0.7605348587516564 -1.1050731142112185e-20)
(68.32952526201011 -0.5878802569609782 2.017463293303073e-22)
(68.38493870070587 -0.4354439156875319 9.359591819908994e-19)
(68.4561294492232 -0.30791718199476426 1.2945110412506393e-22)
(68.5356776810482 -0.20875434743131804 -6.573331318886936e-23)
(68.61793996916934 -0.13697345517763942 7.390128640596639e-23)
(68.69731444525587 -0.09001867663565848 -4.0817425263837946e-20)
(68.7687661987909 -0.06027407931712487 -1.1008296752214599e-20)
(68.84416838425507 -0.04328975531058079 7.605322125363119e-22)
(68.87067143689445 -0.03486732350011433 0.0)
(68.94073500395542 -0.02521123350575914 0.0)
(68.98337439236897 -0.018798607662256973 0.0)
(69.01872321306985 -0.014169928963197166 0.0)
(69.04872085269216 -0.01079267819543819 0.0)
(69.07299580299528 -0.008377752610842323 0.0)
(69.0947958704425 -0.006143111667739963 0.0)
(69.1133859487658 -0.0049254858423927635 0.0)
(69.12994600777732 -0.003347529256859798 0.0)
(69.14470607985893 -0.00270149196148008 0.0)
(69.15790559937015 -0.001805588931466103 0.0)
(69.16925776594968 -0.0015003521069030515 0.0)
(69.17896948255225 -0.0009567777382232449 0.0)
(69.18979682959568 -0.0007668975180027612 0.0)
(69.200007611933 -0.0005526753650259356 0.0)
(69.21057449043256 -0.0004112776229621494 0.0)
(69.22062124997 -0.0003977387580509904 0.0)
(69.2299453424878 -0.0004127280188502135 0.0)
(69.23833910837308 -0.000395084082688937 0.0)
(69.2471030467081 -0.0003296973677043814 0.0)
(69.25837087206156 -0.0002829523149364431 0.0)
(69.26908495497392 -0.00021980576611650712 0.0)
(69.28265076748816 -0.00015232851719348533 0.0)
(69.2970436164941 -0.0002856131847511532 0.0)
(69.31232550291496 -0.01165708424365403 0.0)
(69.31844323241276 -0.013291372745378156 0.0)
(69.33072855742725 -0.0018953190868817528 0.0)
(69.35887600737499 -0.00032345898061348635 0.0)
(69.38983003033934 -6.50052505873401e-5 0.0)
(69.4103937149028 -1.761480719197201e-5 0.0)
(69.42164338684397 -4.976113809611489e-6 0.0)
(69.4320562048244 -5.985376031679358e-7 0.0)
(69.46340142437488 4.054010518152697e-5 2.6503841553858295e-22)
(69.46351104887668 0.00010713546611028777 1.4109342789393172e-20)
(69.46367143561326 0.0001675556503900017 -4.967354131027725e-21)
(69.46389515644773 0.00022194148500418516 -5.0570947367024254e-23)
(69.46424848060214 0.0002991021581539742 -4.991576350066696e-21)
(69.46480539069017 0.0004326896295429682 0.0)
(69.46563512298408 0.0006525412305701571 4.697624382431132e-21)
(69.46684094150808 0.0010247841120873476 -3.564906859283829e-21)
(69.46871785526096 0.0016740127745969488 -9.535872333832487e-23)
(69.47178414705677 0.0027250200765450584 8.745800435792369e-21)
(69.4766888165331 0.004192112751520219 0.0)
(69.48409256511583 0.006003436155653977 1.1211484088695019e-20)
(69.49475125772027 0.008055488467482157 -6.879167239105862e-21)
(69.50967122484049 0.010189408049873647 7.184752790355669e-21)
(69.5300137495023 0.011981800872912023 -8.918647500639768e-21)
(69.55680308730008 0.01259829590071007 9.379346383385088e-21)
(69.5908951771144 0.01083691392619345 7.815694143613005e-23)
(69.63317817192961 0.00512120447218508 1.2836636864605191e-21)
(69.68330788229919 -0.006674427887047504 0.0)
(69.74015924387815 -0.02718080191600305 0.0)
(69.80285828917245 -0.059695334802134715 6.586563496744113e-23)
(69.86740012788376 -0.1077014955195291 2.5216129191652693e-21)
(69.92831949643697 -0.174348462867596 -4.2489988114880116e-23)
(69.9789323176003 -0.26216190395422134 -3.786226757987278e-20)
(70.01137532202415 -0.3724605699470418 -9.742972208711971e-20)
(70.01741082831884 -0.5044641791226993 -2.664336066967108e-23)
(69.99039470920835 -0.655479770942725 3.77520024185241e-20)
(69.92486315641574 -0.8192855373784417 1.7298608417497484e-22)
(69.81944923921782 -0.9874156723808659 -4.635860225962407e-19)
(69.67613446471202 -1.1480556758771951 6.093763359280118e-19)
(69.5022578521467 -1.2893195373814037 1.9326342547671435e-23)
(69.3077052149019 -1.3983242880930855 -8.925439134187703e-22)
(69.10647610601761 -1.4658887995894936 1.0824712486978406e-18)
(68.91040899905653 -1.4856104456169477 6.571523462769117e-22)
(68.73235595321606 -1.45497096454492 -7.7268917402029975e-22)
(68.58201596054279 -1.37776588732693 0.0)
(68.4642854410626 -1.2588120783514423 9.973032322028023e-19)
(68.38474710286113 -1.11032288027301 -5.378890045150729e-22)
(68.34190179007766 -0.9421662549890591 -2.029158179922634e-23)
(68.33413114880354 -0.7693826451036341 -6.989296183035346e-19)
(68.357082572083 -0.6022172272483808 0.0)
(68.404103461681 -0.45170557029703595 -4.1765981119209137e-19)
(68.46901753429367 -0.3245647333681958 2.2965332589080327e-22)
(68.54394344981326 -0.22398829570069298 0.0)
(68.62296476064269 -0.1499809500009509 6.751542748446837e-23)
(68.70020231938643 -0.10053388931228065 3.612752847902874e-20)
(68.77025316704167 -0.06828587673280942 9.715070034305687e-21)
(68.84476947739043 -0.04929870117707565 0.0)
(68.87078618887715 -0.03979118997770813 0.0)
(68.94055170190788 -0.028880929213248734 0.0)
(68.98298664591854 -0.021587354986322017 0.0)
(69.01818554015294 -0.016319019190528052 0.0)
(69.04803937186998 -0.012456229455941116 0.0)
(69.07217919601759 -0.009695300504068902 0.0)
(69.09381274937431 -0.007139633237263418 0.0)
(69.11222362155733 -0.0057413358423234135 0.0)
(69.12856404756728 -0.003923250846748439 0.0)
(69.14306499504517 -0.003178664232589777 0.0)
(69.15595744045598 -0.0021382643097227786 0.0)
(69.16694168522051 -0.0017857613496482813 0.0)
(69.17620929331619 -0.0011474754019432983 0.0)
(69.18653080069681 -0.0009218735702912314 0.0)
(69.19615265861401 -0.0006690387620728229 0.0)
(69.20604944046397 -0.0005018842956392565 0.0)
(69.21532623294841 -0.0004863100786051135 0.0)
(69.22376635919898 -0.0005042651499840357 0.0)
(69.23114226586563 -0.0004845121148476011 0.0)
(69.23879479472745 -0.00040314749172498616 0.0)
(69.24898898076829 -0.00034093165330972657 0.0)
(69.25858301458561 -0.00026370384024411924 0.0)
(69.27129924400342 -0.00017029722483376345 0.0)
(69.285272304946 -0.0003425861762343004 0.0)
(69.30182783709165 -0.011625699161307432 0.0)
(69.31152692320852 -0.013325969937840238 0.0)
(69.33016548091761 -0.0019741724466692183 0.0)
(69.3567080009924 -0.00037807880673736263 0.0)
(69.38253606722985 -9.341275045002231e-5 0.0)
(69.40358150748433 -3.066324704181412e-5 0.0)
(69.4170118304097 -1.072088747046249e-5 0.0)
(69.42555226540475 -3.2959391621199416e-6 0.0)
(69.43385653967215 -3.8893055086759744e-7 0.0)
(69.46341324573072 3.9051258282552066e-5 6.263674311999696e-21)
(69.46352703542122 0.00010286790125742689 -7.454549109821777e-21)
(69.4636910610816 0.00016047787953627429 9.771968246598874e-22)
(69.4639184352217 0.00020992412052214804 -5.512886378598501e-21)
(69.46427093912547 0.0002778333137349532 2.4733244467512328e-21)
(69.46483565145427 0.0003964805783511798 -2.7526641786485728e-21)
(69.46568326713417 0.0005931984411406514 -6.196018322938677e-21)
(69.466917319374 0.0009241544232369981 -3.5156052299360545e-21)
(69.46883809400639 0.0014937990130769378 -1.1755614776362849e-20)
(69.47197227004372 0.0024015232596350084 2.255221603255135e-24)
(69.477002457722 0.0036387148031027574 -1.0089609892554071e-20)
(69.48457589891926 0.005097881003590852 6.0825535360978424e-21)
(69.49546959389171 0.006622043420135831 4.05638617490268e-22)
(69.5106440625229 0.00796868550620264 2.383048267790571e-22)
(69.53117724109687 0.008623256063670546 -8.003185169146176e-21)
(69.55803423545765 0.007667786314253744 0.0)
(69.59205787081977 0.0037817189479422415 -1.2937462353709326e-21)
(69.63318278643591 -0.004764815627689591 -1.3164611947232293e-21)
(69.68088518752647 -0.020066122545026023 4.763604523326362e-21)
(69.73483548843056 -0.04486724800846078 -4.890058698600711e-23)
(69.79231883743945 -0.08237368451042125 -6.846748363696436e-21)
(69.84916977704366 -0.13579911797093497 0.0)
(69.89993620825108 -0.20798315990325414 3.3845461513960774e-20)
(69.93780573708965 -0.3008836649415578 -5.0907564239840775e-20)
(69.95508861172004 -0.41484914926924404 -9.217465926123583e-20)
(69.94492018598594 -0.5486195548862881 1.800121547772654e-19)
(69.90103696818927 -0.697795549825111 2.1886123701527495e-23)
(69.82050738208855 -0.8556404977445362 -3.189235363200548e-22)
(69.70300060906392 -1.0118800616834152 4.3212229354131534e-19)
(69.55335393851955 -1.1554667502850364 5.929691269782468e-22)
(69.37889407054116 -1.2734222979037353 -1.4809049944904184e-21)
(69.19183119095294 -1.3555980422272211 -9.792540015477948e-19)
(69.00343839079025 -1.3938181892845694 0.0)
(68.82647610061206 -1.3840842233047734 0.0)
(68.6715852638939 -1.3274813951632336 0.0)
(68.54537984758805 -1.2284973165715978 -9.013984205687698e-19)
(68.45423964135156 -1.0961957964800784 -4.72345317217997e-22)
(68.39915236515334 -0.9419107510148267 5.589543930698932e-22)
(68.37884231504002 -0.7780440438048681 6.074979732869643e-19)
(68.39072144798003 -0.6173019483896599 3.181066772747641e-22)
(68.42812775333545 -0.46932647504464603 0.0)
(68.4854809341354 -0.3427440311709515 0.0)
(68.55471384931334 -0.24088435517506884 0.0)
(68.6295689423087 -0.16440896226717217 0.0)
(68.7040447327377 -0.11232456746219724 -3.19148121734641e-20)
(68.77230399431518 -0.07729817331317507 -8.609308456938778e-21)
(68.84570259708492 -0.05599482866242661 0.0)
(68.87115982893198 -0.045344783808910126 0.0)
(68.94056468989504 -0.03301980667640343 0.0)
(68.9827724516912 -0.02472993891560658 0.0)
(69.01781989637708 -0.018747768107810998 0.0)
(69.04753832648689 -0.01433916277332397 0.0)
(69.07156481888023 -0.011185546967364266 0.0)
(69.09305644069286 -0.008272339102231683 0.0)
(69.11132413029051 -0.006668414898327217 0.0)
(69.12748592518852 -0.00458164647824636 0.0)
(69.14177708257328 -0.0037234780705979915 0.0)
(69.15442139122487 -0.0025212328949541832 0.0)
(69.16510848909681 -0.002114074435117016 0.0)
(69.17401580568782 -0.0013684844782221308 0.0)
(69.18392187080424 -0.0011017868916812904 0.0)
(69.1930566511164 -0.0008053374786795011 0.0)
(69.20239043343948 -0.0006091615229350866 0.0)
(69.21101037604804 -0.0005916139991516595 0.0)
(69.21868298058568 -0.0006134967559172055 0.0)
(69.2251562001801 -0.0005922055474906572 0.0)
(69.23179370424701 -0.0004927624543812311 0.0)
(69.24096139345548 -0.00041233131486781356 0.0)
(69.24943141345823 -0.00031959993658595284 0.0)
(69.26116269148719 -0.00019452041602598436 0.0)
(69.27427790691003 -0.0004135178078768905 0.0)
(69.29067195126207 -0.011583532676988594 0.0)
(69.29958692508222 -0.013357604680197373 0.0)
(69.32022253872233 -0.0020597091334037245 0.0)
(69.34893187811213 -0.00043566541946186516 0.0)
(69.37398831799617 -0.000125679196708942 0.0)
(69.39582560007669 -4.760755288918396e-5 0.0)
(69.4114259886111 -1.900736214980854e-5 0.0)
(69.42185587581822 -7.03585908931056e-6 0.0)
(69.42875863176783 -2.183487116294375e-6 0.0)
(69.43527549501978 -2.491117829846084e-7 0.0)
(69.46342608043692 3.729913924909198e-5 3.8546637494552224e-22)
(69.46354339939165 9.823532305895866e-5 -8.640241197666934e-22)
(69.46371347143925 0.00015309867664137496 -1.9352538743382026e-21)
(69.46394179363718 0.0001977024590019776 -5.3956075724142035e-21)
(69.46429608491991 0.00025639246461212024 4.851368724083501e-21)
(69.46486703664134 0.00035988337731468804 -1.3538665579976347e-21)
(69.46573078350472 0.0005331323046551367 -4.576722674392146e-21)
(69.46699354390802 0.0008225208053314752 3.4432409298817924e-21)
(69.46895301816848 0.0013117626968605245 -2.389453065692838e-22)
(69.47215685306578 0.002074525810115143 4.0541659875028043e-22)
(69.47728184254481 0.0030752333171980037 0.0)
(69.48500610175314 0.004175268032018976 -6.909034123429212e-22)
(69.49607944758773 0.00515910932382994 0.0)
(69.51139791083128 0.005701621179261145 7.315375522218415e-21)
(69.5319943110675 0.005206767463135762 2.486510559308546e-22)
(69.55881564008295 0.0026693892525053655 1.0530010757861882e-21)
(69.59205861802198 -0.003337024881933131 2.1445247395175325e-21)
(69.63150217018865 -0.014555884342048611 -4.143158512226144e-21)
(69.6771210268422 -0.033207446250059496 0.0)
(69.7272489121237 -0.062029846752505696 9.963556802850382e-21)
(69.77893363004209 -0.10406775476224107 0.0)
(69.82791623857787 -0.1623316163281412 1.0398630151654886e-20)
(69.86850157095408 -0.23924392580222403 4.536130805074551e-20)
(69.89386082876376 -0.3359960871036829 8.238418971182e-20)
(69.89729689637005 -0.45245333728741 -2.698239545317874e-23)
(69.87223142455498 -0.5859767976291255 0.0)
(69.81429184002097 -0.7314285291197531 -2.454194731820051e-22)
(69.72166113486493 -0.8806882335447301 -5.043205108888439e-20)
(69.5961899941189 -1.023236047217276 4.539633873393102e-19)
(69.44366803029887 -1.1475259780949885 6.215914934767025e-22)
(69.27294032887536 -1.2415389367446528 -3.341774355826784e-24)
(69.09545021299537 -1.2971545998754392 0.0)
(68.92230382944926 -1.3072840154632022 0.0)
(68.76549646991005 -1.271833602990584 -6.368110473029246e-22)
(68.6325353709993 -1.1933139144248393 7.297568751032657e-22)
(68.53088448384523 -1.0788135390774347 0.0)
(68.46370088155464 -0.9394744690344393 9.49924668453425e-22)
(68.43055400566679 -0.7862011885289331 -5.452474307320804e-19)
(68.43036738470985 -0.6325737504061851 -2.8107134122738765e-22)
(68.45716258960803 -0.48820879587206845 -3.294039965276179e-22)
(68.50566891600552 -0.3622551143113541 0.0)
(68.5681742661302 -0.2594306417794682 9.132473775562654e-23)
(68.63792892259276 -0.18032332988234384 1.0432082124788412e-19)
(68.70896785321453 -0.1253373211761826 2.821005010799412e-20)
(68.77501436480284 -0.08739980747834095 1.5182370717241405e-20)
(68.84702060406052 -0.06351960829440007 0.0)
(68.87181352732422 -0.051594565229008404 0.0)
(68.94077621574324 -0.03768597996269333 0.0)
(68.98272002944431 -0.028265940134677852 0.0)
(69.01760508500018 -0.02148787872834474 0.0)
(69.04718892057585 -0.016468649303203454 0.0)
(69.07111695047519 -0.012868813564880361 0.0)
(69.09248330573813 -0.009558341962020479 0.0)
(69.11063621017533 -0.007720475955407675 0.0)
(69.12665127155938 -0.005334406042859239 0.0)
(69.140771647255 -0.004344491888088104 0.0)
(69.15321542427907 -0.0029617183755427435 0.0)
(69.16366365547795 -0.002490848269776317 0.0)
(69.17228090588067 -0.0016239202398438625 0.0)
(69.18184841120188 -0.0013097408669987091 0.0)
(69.19058533345866 -0.0009640509042296093 0.0)
(69.1994528637677 -0.0007351177554251457 0.0)
(69.20752263396412 -0.0007155123135867962 0.0)
(69.21454397915534 -0.0007423838640195327 0.0)
(69.22023847151021 -0.0007202513658267076 0.0)
(69.22597990496905 -0.0006004724816605926 0.0)
(69.23420935691732 -0.000498833529879013 0.0)
(69.24161802943468 -0.0003892114153286372 0.0)
(69.2523503074676 -0.00022612281006910206 0.0)
(69.26446983307311 -0.0005002804776969716 0.0)
(69.28028348127113 -0.011528862917197449 0.0)
(69.28704985775452 -0.013385070182976973 0.0)
(69.30705323774977 -0.0021564409104453007 0.0)
(69.33750240210624 -0.0005017062802315493 0.0)
(69.36368163356896 -0.00016373747508371847 0.0)
(69.38695755745901 -6.927666082814429e-5 0.0)
(69.4047819782082 -3.0254260165486416e-5 0.0)
(69.41733111914121 -1.245239254443131e-5 0.0)
(69.42583492605492 -4.736794815560474e-6 0.0)
(69.43131010683153 -1.4084745105208825e-6 0.0)
(69.4364656232729 -1.744029742759955e-7 0.0)
(69.46343967973715 3.52649119833996e-5 0.0)
(69.46356157348434 9.325697293632474e-5 8.546901024239592e-22)
(69.463735686561 0.00014542118587241017 1.988844428564012e-24)
(69.46396732056644 0.00018534015284544933 4.314662158543049e-21)
(69.46432282238645 0.00023486939524010528 -1.2234441938619783e-21)
(69.46489855827475 0.0003230092263182004 4.721939059697759e-21)
(69.46577792666824 0.00047245161641212645 0.0)
(69.4670649274303 0.0007198074619259322 3.377007061362555e-21)
(69.46906762257426 0.0011281566501722476 -3.0773304308625797e-21)
(69.47232094791622 0.00174291054629251 -4.522608538921592e-21)
(69.47753121396825 0.0025030188913771176 0.0)
(69.48536852366165 0.003235464409632459 -5.0338133037034486e-21)
(69.49654681656057 0.003667552127268828 0.0)
(69.5119286588892 0.003398733426302921 -3.360160615450038e-21)
(69.53251496348084 0.001748613405440801 -9.307264286348066e-22)
(69.55881095980878 -0.0023682528589048695 -1.972542698529436e-21)
(69.59089645457499 -0.010396996348226304 6.55763273829914e-23)
(69.62886921254275 -0.02418493368230421 0.0)
(69.67174545377505 -0.04600168216542215 -5.158591104367106e-21)
(69.71759135882029 -0.07852350747897231 -3.0559079429143226e-23)
(69.76330964011943 -0.12468049475288444 -9.186064175501287e-21)
(69.80434470273431 -0.18719004159886443 -1.0179190467503785e-23)
(69.83484235771805 -0.26789700287946955 4.110348742602984e-20)
(69.84863901117077 -0.36757775684485355 -7.47543160444136e-20)
(69.8392002749595 -0.4849700233428364 0.0)
(69.80133120737702 -0.6166014129109385 1.82331467184535e-19)
(69.73178822024452 -0.7562703609634732 -5.643888682698658e-19)
(69.63017942756308 -0.8949044144724432 -4.0893968998285185e-19)
(69.50022772801118 -1.0220755356159434 -4.722883772332577e-19)
(69.34805182263263 -1.1253911242362205 -1.2332242435527292e-21)
(69.18401394267019 -1.1961118668921586 -7.55186861621959e-19)
(69.01781348762982 -1.225100955205761 0.0)
(68.86180130173398 -1.210573951235959 5.483998670627335e-19)
(68.72423944971172 -1.1528519485656747 6.415900497592614e-19)
(68.61366074599752 -1.05753231680091 7.358909686055088e-19)
(68.53485744406619 -0.9340654623522722 0.0)
(68.4889891601824 -0.7932595881756408 -2.788527364256557e-23)
(68.4759610055614 -0.6475206078175638 2.47476580702869e-22)
(68.49130637170174 -0.5079437398795456 2.899582496682635e-22)
(68.52979242514874 -0.38301458481316286 0.0)
(68.58451934684564 -0.27946428874755885 -1.6131614860515912e-22)
(68.64826798941844 -0.19782303744447619 -9.249428998430348e-20)
(68.71512606133513 -0.13966611409313018 2.4845038490512158e-20)
(68.77850606194406 -0.09866562465222047 -6.692818404569214e-21)
(68.84879994420919 -0.07189988462646556 -4.482587932662387e-22)
(68.87278324191323 -0.05860580402781762 0.0)
(68.94120069492747 -0.04294403255279321 0.0)
(68.98282771538119 -0.03224008021171054 0.0)
(69.01752862206503 -0.024572875052209214 0.0)
(69.04697129878335 -0.01887479031945906 0.0)
(69.0708093919845 -0.01476781389225724 0.0)
(69.09205990058493 -0.011016615181356937 0.0)
(69.11012000325353 -0.008912877494184018 0.0)
(69.12601247853105 -0.006195289698839705 0.0)
(69.13999212879688 -0.005051497050202206 0.0)
(69.15227310059551 -0.003468261565775468 0.0)
(69.16252972711632 -0.002922555314225494 0.0)
(69.17091473580109 -0.0019186895521518005 0.0)
(69.18020746053051 -0.0015493404653265008 0.0)
(69.18862251375518 -0.0011480610459254498 0.0)
(69.1971078912494 -0.0008820668446422972 0.0)
(69.20472316229716 -0.0008600635955084892 0.0)
(69.21120181991637 -0.0008930488063945156 0.0)
(69.21623923073736 -0.0008708785821053651 0.0)
(69.22121032327105 -0.0007283048646115023 0.0)
(69.22861110539314 -0.0006021773717947836 0.0)
(69.23505859058263 -0.00047427515956585263 0.0)
(69.24484085636904 -0.00026625793038910847 0.0)
(69.25594204011269 -0.0006046249751584468 0.0)
(69.27104081994732 -0.011459901185291351 0.0)
(69.27526726619291 -0.013405875821910945 0.0)
(69.29334783384961 -0.002264851073275008 0.0)
(69.32429906152662 -0.0005788214255653204 0.0)
(69.35175627936556 -0.00020945699284181235 0.0)
(69.37686047398257 -9.674630128773739e-5 0.0)
(69.39699361377255 -4.527730503559529e-5 0.0)
(69.411857541811 -1.9910936920418348e-5 0.0)
(69.42222639351803 -8.477851993696441e-6 0.0)
(69.4290174715165 -3.0688991999195315e-6 0.0)
(69.43347132238547 -9.743883963820985e-7 0.0)
(69.43738689433268 -1.0129664029907996e-7 0.0)
(69.46345445812638 3.29611134179879e-5 0.0)
(69.46357956740748 8.795158223783326e-5 -2.5133880104896823e-21)
(69.46375913681142 0.00013748958295228082 -9.454846345518824e-22)
(69.4639940406176 0.00017289612347527131 2.1183862036875713e-21)
(69.46435035183264 0.00021335125677269905 -1.19503368528195e-21)
(69.46493062690368 0.0002859864960282112 -5.041982877366881e-22)
(69.46582100456662 0.00041119230101848103 -2.988227446434481e-21)
(69.46713632759601 0.0006161594575671652 3.352040668903528e-21)
(69.4691683406735 0.0009423505717506058 2.827449996040788e-21)
(69.47246975041395 0.0014074136843205002 4.712711790535735e-21)
(69.47774138534122 0.0019221426746882095 4.464726543767508e-21)
(69.48564038180642 0.0022791180745247654 0.0)
(69.4968723959249 0.002153740354959746 5.9125089189127264e-21)
(69.51226822841791 0.0010698103877837637 8.134478342887792e-22)
(69.53251501099567 -0.0017323694498230598 8.754130418230363e-22)
(69.55802070615721 -0.0073676724029159086 0.0)
(69.58907184555659 -0.017352146740539663 7.34572454174513e-21)
(69.6251048168534 -0.03358887744269096 -6.6698572113066105e-21)
(69.66488275993238 -0.058352564917614445 0.0)
(69.70630273433149 -0.09428874876270386 3.452347640067708e-21)
(69.74595571222488 -0.1441445108185997 -7.518671083176571e-21)
(69.77904190902527 -0.21021236216283712 -6.127547269488667e-20)
(69.8001249910899 -0.2940204267025373 1.1668310261305068e-19)
(69.80303199447408 -0.39542360435929713 -8.558819988068097e-20)
(69.78229191012973 -0.5124159956456845 -1.6385670423730132e-19)
(69.73355729579464 -0.6404777084050469 2.335878197141875e-19)
(69.65482896814564 -0.772459863375758 -2.762965920359032e-19)
(69.5473876410032 -0.8989857871994029 4.2427049322663682e-19)
(69.4154700386838 -1.0087273892094395 -4.872032053096553e-19)
(69.26688109594903 -1.0915853281253851 6.79828624162394e-19)
(69.11090940957446 -1.1381832082880814 7.635326900799765e-19)
(68.95830237992712 -1.1434436275511108 -4.9301114198144765e-19)
(68.81892111027946 -1.1069968720972554 -5.757790351835742e-19)
(68.70116538354344 -1.031392742759939 -1.2930612366529168e-18)
(68.61189693878165 -0.9252309171507463 0.0)
(68.55361829898196 -0.7981182658397676 0.0)
(68.5274599693125 -0.6617546492140781 -4.538584928306037e-19)
(68.53056108189372 -0.5278741575418822 -2.506481961769987e-19)
(68.55810612177957 -0.4049132301411935 -1.3067421884853872e-22)
(68.60395669541141 -0.3007720185738024 0.0)
(68.66084339665551 -0.21691496471333524 1.6400182044382374e-22)
(68.72271883328531 -0.1553277342462854 -2.1974560218905214e-20)
(68.7829285610676 -0.11118183067901917 5.9166534148297635e-21)
(68.85114523415275 -0.08128922527230964 3.9615421317180853e-22)
(68.87412157965517 -0.06644451377792653 0.0)
(68.941864857253 -0.04886241506354692 0.0)
(68.98310432171287 -0.036704412706027034 0.0)
(69.01758606181835 -0.028037824885183006 0.0)
(69.04687342119206 -0.021590173293849012 0.0)
(69.07062414937464 -0.01690808142414551 0.0)
(69.09176131383828 -0.012668039417605094 0.0)
(69.10974509578294 -0.010262582147089114 0.0)
(69.12553260987447 -0.007180510239744013 0.0)
(69.13939382235996 -0.0058557247729367325 0.0)
(69.15154124714437 -0.004050955641867264 0.0)
(69.16164406763177 -0.003416765259949575 0.0)
(69.16984383240494 -0.0022586967469293965 0.0)
(69.17891350019038 -0.0018248016116794452 0.0)
(69.1870700780259 -0.0013607428304802359 0.0)
(69.19524428220672 -0.00105270794479156 0.0)
(69.20248780558848 -0.0010275666736906635 0.0)
(69.2085206614591 -0.0010678048318115442 0.0)
(69.21301348295187 -0.0010464911833072581 0.0)
(69.21733627279436 -0.0008784145410990233 0.0)
(69.22402430016447 -0.0007241817966323624 0.0)
(69.2296290030315 -0.0005765655639294211 0.0)
(69.23854573995914 -0.00031612461246104416 0.0)
(69.24866548905838 -0.0007281638202823427 0.0)
(69.26302301073463 -0.011374921013265496 0.0)
(69.26467552180138 -0.013417288506279112 0.0)
(69.28022196646965 -0.0023839255727742567 0.0)
(69.31060612797718 -0.0006678073728990374 0.0)
(69.33870875058443 -0.00026413611891522635 0.0)
(69.36555745864248 -0.00013117911209676193 0.0)
(69.388004530364 -6.502710369181714e-5 0.0)
(69.40532480580069 -3.0051203733686227e-5 0.0)
(69.41781439817044 -1.3683831402432645e-5 0.0)
(69.42616868836191 -5.516215593239821e-6 0.0)
(69.4317284200148 -2.0928715137604033e-6 0.0)
(69.4351561998618 -5.792825837032556e-7 0.0)
(69.43810122263204 -6.207728678263263e-8 0.0)
(69.46346957960118 3.041324379452723e-5 0.0)
(69.4635982210938 8.23628457766242e-5 3.77940699048882e-21)
(69.46378305065984 0.00012935673081638458 -1.326592140277187e-23)
(69.464021277212 0.00016043012834764572 -2.0944417536213066e-21)
(69.46437900780246 0.00019193531049451905 0.0)
(69.4649603107124 0.0002489029030962038 1.6113049936791627e-22)
(69.4658647172933 0.00034951674529376065 0.0)
(69.46719661723778 0.0005112733087517793 8.184357759370425e-22)
(69.46926054433038 0.0007546586138032954 -6.930365830988313e-21)
(69.47259702286146 0.0010680472410518292 3.607969793599175e-21)
(69.47789682990239 0.0013330931544767227 2.928443803816777e-22)
(69.48582558895191 0.0013102238963427896 -5.182744724565922e-21)
(69.49707703134 0.0006235849642419548 -7.189335509943965e-22)
(69.51226692540504 -0.0012732150177037207 0.0)
(69.5319942775541 -0.005188905248457603 2.0075250442563501e-22)
(69.55678207953574 -0.01229848846448324 -6.703956383321647e-21)
(69.58646831327584 -0.024161279800105753 5.91070994177837e-21)
(69.62028801304676 -0.04270376935880536 -5.618501738491656e-21)
(69.65684912741901 -0.07022450721110987 -3.0815662350884088e-21)
(69.6937461587381 -0.10928642769917021 6.661085853968865e-21)
(69.72727908238005 -0.1623481707425503 3.458890236468464e-20)
(69.75288495872036 -0.2314726912504407 -1.3245939476804083e-20)
(69.7649839590814 -0.3174627557782065 7.670627765573272e-20)
(69.75818266841479 -0.41955422073271614 9.568421752463863e-20)
(69.72757645962398 -0.5347540461682394 5.989979829759174e-22)
(69.66993023900521 -0.6576784549579118 2.466820470525621e-19)
(69.58451210172838 -0.7804564343428944 0.0)
(69.47354856627794 -0.8930826058434209 8.244162383492806e-19)
(69.34234544349415 -0.9851204553262355 -1.026236989144789e-21)
(69.19918317106001 -1.0469234019243232 -5.919874040178029e-20)
(69.05301116324122 -1.07082895747842 7.683544342705948e-22)
(68.91457318834917 -1.0552794267093428 -9.093760430268524e-22)
(68.79195329305384 -0.9998688007509912 5.651943340970245e-19)
(68.6938033121617 -0.9121468812310756 -6.197486492861109e-19)
(68.62381180615692 -0.799908494747676 0.0)
(68.58467647928491 -0.674577519899761 4.0423687815182845e-19)
(68.57492820494919 -0.5473063783392772 2.2280661525809097e-19)
(68.59082339636105 -0.4275374525289873 -2.29702108598202e-22)
(68.62674803033013 -0.323156251198872 1.3315831122641637e-22)
(68.67591734034602 -0.23749068673126014 0.0)
(68.73200175670698 -0.17241658660353795 1.9261028450455524e-20)
(68.78844969566721 -0.12495328944570107 -1.36562464086822e-23)
(68.85418644880563 -0.09179703582071502 -2.246024653238075e-23)
(68.87590199816549 -0.07518798313407035 0.0)
(68.94280788327264 -0.055508115429147256 0.0)
(68.98357009566345 -0.04172050813992808 0.0)
(69.01778095775164 -0.031919926743768326 0.0)
(69.04689024586486 -0.02464873104709482 0.0)
(69.07055049205657 -0.019318433149523775 0.0)
(69.09156990169468 -0.014535512870737169 0.0)
(69.1094888708945 -0.011787995770344744 0.0)
(69.1251836150667 -0.008309097233822517 0.0)
(69.1389418910319 -0.006770111490408301 0.0)
(69.15097776944413 -0.0047216886027338385 0.0)
(69.16095663255761 -0.00398235591103426 0.0)
(69.16900894076208 -0.0026511054538118283 0.0)
(69.17789657896444 -0.002141085838861153 0.0)
(69.18584668393946 -0.001606068804907381 0.0)
(69.19376822447504 -0.0012502203973766195 0.0)
(69.20070959610236 -0.0012206054866018428 0.0)
(69.20638035775444 -0.001269177129891716 0.0)
(69.21042849587347 -0.0012496913863058593 0.0)
(69.21421502113549 -0.001053109405998508 0.0)
(69.22030268829037 -0.0008667641601527697 0.0)
(69.22518698395267 -0.0006979172463628345 0.0)
(69.23333998000977 -0.0003769879427177288 0.0)
(69.2425486576452 -0.0008723598637700703 0.0)
(69.2561946748092 -0.011272327594981394 0.0)
(69.25541223811452 -0.013416659784784292 0.0)
(69.26816963363721 -0.0025121025074955985 0.0)
(69.29721317093296 -0.0007684333299912323 0.0)
(69.32513013629811 -0.00032836821065515787 0.0)
(69.35324241919629 -0.00017361861285194799 0.0)
(69.37782828196241 -9.054636025826964e-5 0.0)
(69.39765324725859 -4.363697132741135e-5 0.0)
(69.41248253846352 -2.0855561542767763e-5 0.0)
(69.42265666118334 -8.948444113176356e-6 0.0)
(69.42955065454233 -3.738605169922794e-6 0.0)
(69.43385057105165 -1.2715392460590806e-6 0.0)
(69.43647027699612 -3.543564028808871e-7 0.0)
(69.4386652498527 -4.026421798252063e-8 0.0)
(69.4634851950774 2.765886435257597e-5 -2.565591435563344e-21)
(69.4636169632768 7.655270521742467e-5 1.6423990349117173e-21)
(69.46380683098882 0.00012108271142013543 -9.159531161634642e-24)
(69.46404921365851 0.0001480118565208958 0.0)
(69.46440641513496 0.00017069520031319266 2.606603884315188e-21)
(69.46499186897935 0.00021191625170368018 -3.268203881693441e-22)
(69.46589985704621 0.0002873522116508302 7.218591554895351e-22)
(69.46725121817765 0.00040533269901220397 5.69261707715848e-21)
(69.46933978612151 0.0005650337369271604 -7.29060022545166e-21)
(69.47269162025079 0.0007250333500251695 -2.5245333322590917e-22)
(69.47800291763534 0.0007382371935608935 4.414831106636308e-21)
(69.48593859948903 0.0003324767450746363 6.322791979352634e-22)
(69.49706094599539 -0.0009153534740662356 0.0)
(69.5119237944231 -0.0036025109141442687 3.0026656735660804e-21)
(69.53117642849053 -0.008602341968175036 6.2919171186070854e-21)
(69.5550189340828 -0.01713462164070706 -6.30568301321002e-21)
(69.58313384417822 -0.03078236036546055 1.0915211971808444e-20)
(69.61464424649535 -0.05150865909019205 -5.364042657416915e-23)
(69.64790114412932 -0.08159629321160368 -4.233790725204247e-21)
(69.68019658798413 -0.1234413057131707 -1.5463010347985608e-20)
(69.70793213550374 -0.17935791518911945 -1.0281159782970086e-20)
(69.72631481217579 -0.25085986677719885 -1.839645685769411e-22)
(69.73029074678799 -0.33824650645127163 -8.541535614666828e-20)
(69.71482619871821 -0.43991349647017247 -1.0503290159542478e-19)
(69.67587545232665 -0.5520378252477726 1.5635407072849002e-19)
(69.61127294228281 -0.6684190802331085 9.126523035437863e-22)
(69.52117456351067 -0.7804087486413155 -4.438521436606559e-20)
(69.40883936116856 -0.8783855903320136 3.9726710575427525e-19)
(69.28045633414813 -0.9521961439539023 -5.60203606084574e-19)
(69.14392024950445 -0.9932553288268139 3.154131012036099e-19)
(69.00898817379375 -0.9973293141846125 -7.825758026994541e-22)
(68.8845012391301 -0.9626618815841936 -4.534824940685051e-19)
(68.77921277322429 -0.8938099093942866 5.553641738472626e-19)
(68.69891584002983 -0.7979563204329432 -6.175956378432912e-22)
(68.64717851138752 -0.6848933863655712 3.297464823243524e-22)
(68.62443792982958 -0.5657391789263904 0.0)
(68.62804891360986 -0.4501982496690039 1.0530276732321184e-19)
(68.65321934100649 -0.3464434215108835 2.3356638992012867e-22)
(68.69374961456334 -0.2592745364347093 6.286607798386103e-20)
(68.74327938001483 -0.19099994193064476 -1.7063996524269402e-20)
(68.79527207188968 -0.13999704085859566 -4.538037401547156e-21)
(68.85808092156718 -0.10352484150048309 0.0)
(68.87822763784959 -0.0849417245336993 0.0)
(68.94408211819535 -0.06294168918691334 0.0)
(68.98425784534832 -0.047359205820397474 0.0)
(69.01812573387474 -0.03626103713169979 0.0)
(69.04702316919295 -0.028083899939777546 0.0)
(69.07058433279217 -0.0220311469206936 0.0)
(69.0914744315664 -0.01664427248955597 0.0)
(69.10933514310202 -0.013508571863815407 0.0)
(69.12494485785143 -0.009603119012556786 0.0)
(69.13860968383948 -0.007809646778313381 0.0)
(69.15054973864878 -0.005494371656553992 0.0)
(69.16042788692889 -0.004629744001754318 0.0)
(69.16836287453482 -0.003104665059651555 0.0)
(69.17710016475242 -0.002504070474174935 0.0)
(69.18488587979955 -0.001888728940668412 0.0)
(69.19260194758749 -0.001478378394273204 0.0)
(69.19929838543271 -0.001442097627177953 0.0)
(69.2046776572104 -0.001499912001495033 0.0)
(69.20836739181263 -0.001483288248221115 0.0)
(69.21171665467575 -0.0012548634463788655 0.0)
(69.21730689036598 -0.0010319499649743215 0.0)
(69.22158794242321 -0.0008402445655406221 0.0)
(69.22908275917689 -0.00045020100968992666 0.0)
(69.23746705861612 -0.0010385168621594183 0.0)
(69.25046360019255 -0.011150705176343183 0.0)
(69.24748331767012 -0.013401591947333698 0.0)
(69.25742215198242 -0.0026476854593307465 0.0)
(69.28461004163115 -0.0008799295023568717 0.0)
(69.31157165176205 -0.0004020987102030531 0.0)
(69.34024416982227 -0.00022481146844226387 0.0)
(69.36656960894221 -0.00012288472984316713 0.0)
(69.38880826296781 -6.153765073283375e-5 0.0)
(69.40612743708108 -3.061679704815646e-5 0.0)
(69.41836869046244 -1.372207715190136e-5 0.0)
(69.42684723507324 -6.06187797109731e-6 0.0)
(69.43221167240692 -2.3014804558061143e-6 0.0)
(69.43551135710477 -7.752911771032228e-7 0.0)
(69.43751301106792 -2.2947553842146676e-7 0.0)
(69.4390711031757 -2.280065319350422e-8 0.0)
(69.4635009330646 2.4759261131778508e-5 2.9366800911496644e-21)
(69.46363529821889 7.059185428307815e-5 -8.315399228671376e-22)
(69.46383054450807 0.00011273746035234452 0.0)
(69.46407588482566 0.00013569692850750863 -2.3049941735131568e-21)
(69.464436104233 0.0001497445937329609 -3.1492598532468596e-21)
(69.4650175658294 0.00017504512667883238 2.5640571073861226e-21)
(69.46593168912386 0.00022487498318010484 -3.5976933174983464e-21)
(69.46729691723415 0.0002983499261044113 3.216960693528767e-21)
(69.46939752219257 0.0003735291234312831 0.0)
(69.47275897805316 0.0003795558750114556 2.4764000056649527e-22)
(69.4780697734935 0.00013973296948685432 -4.17670229667497e-22)
(69.48591266677953 -0.0006493569533839623 -6.171486240001711e-22)
(69.49682381912507 -0.002446922761050824 -2.655247309770138e-21)
(69.51138671406805 -0.005907002870672057 -5.405034870253908e-21)
(69.53001065968546 -0.011956864033158338 1.1349283326781372e-20)
(69.55275715674357 -0.021849321978763225 8.001048962488714e-22)
(69.57922694240452 -0.037203612710137626 -1.2038019200941665e-23)
(69.60835268255609 -0.05999287614149172 1.1016482435399894e-20)
(69.63821910100532 -0.09241813128492837 2.212678128808706e-21)
(69.66613368259172 -0.1368106220257688 -7.775466844821482e-21)
(69.68821313905296 -0.1950952362704259 0.0)
(69.69998168217012 -0.2683918112677959 1.8384098860420025e-22)
(69.6965848578039 -0.35631837409206524 2.0087667511212888e-20)
(69.67358828469682 -0.45651600944868137 -1.39716179955723e-19)
(69.62784379078784 -0.5643727037646172 -7.202502055878001e-22)
(69.55785951160125 -0.6727309157642359 -3.9245660931058126e-20)
(69.46495842781358 -0.7731303741822909 -3.5681465656783094e-19)
(69.35307134146866 -0.8555878483038852 0.0)
(69.2287890398876 -0.9112113547310509 -2.821889011541897e-19)
(69.1002343931011 -0.9334056994341927 -1.2693476423798042e-21)
(68.97684425111024 -0.9191643917329413 4.05979559832057e-19)
(68.86675798829748 -0.8696083957258646 0.0)
(68.77794457057064 -0.7913428998384573 0.0)
(68.71445076064681 -0.6917706294226651 0.0)
(68.67898203127467 -0.5823613173974737 1.6506136557763453e-19)
(68.66986827536739 -0.47213167843282877 -1.8553489257330083e-19)
(68.68366683495314 -0.37027196992014133 -1.008730234517973e-19)
(68.71464379531618 -0.28202105554656864 -5.552272234364133e-20)
(68.75686725154985 -0.21103066191368722 -1.2045219103947074e-22)
(68.80365692577057 -0.15637727467308052 -3.06969633461643e-23)
(68.86300498204123 -0.1165133824756916 -1.7451829389417e-23)
(68.88123696261971 -0.09584503677993714 0.0)
(68.94575630593475 -0.07122127011902081 0.0)
(68.98521345075861 -0.05369459666799145 0.0)
(69.01864367663498 -0.0411126705826468 0.0)
(69.04727988454518 -0.03192690695037448 0.0)
(69.07072776011034 -0.025081151821041123 0.0)
(69.0914696910982 -0.019022565175681266 0.0)
(69.1092730533789 -0.015444183198533782 0.0)
(69.12480190293955 -0.011087530612433024 0.0)
(69.13837738749515 -0.008991817466896904 0.0)
(69.15023175704928 -0.006385132350966306 0.0)
(69.1600269892351 -0.0053711062559716315 0.0)
(69.16786854344835 -0.0036301017193904497 0.0)
(69.17647906837774 -0.0029207674165334803 0.0)
(69.18413399144312 -0.002214265502705314 0.0)
(69.19168184274707 -0.0017416887239662389 0.0)
(69.19817939153337 -0.00169535130098989 0.0)
(69.20332567284616 -0.0017629707965555264 0.0)
(69.20673009806887 -0.0017502852883752899 0.0)
(69.2097272987959 -0.001486312371814903 0.0)
(69.21491067842734 -0.0012218682873885607 0.0)
(69.21869510993375 -0.0010055533476513452 0.0)
(69.22563231569939 -0.0005372191154797841 0.0)
(69.23328264672861 -0.0012277682527874244 0.0)
(69.24570843475497 -0.011008846866658602 0.0)
(69.2408193545609 -0.01337003354994745 0.0)
(69.24806614654713 -0.0027890835928786337 0.0)
(69.2731026647824 -0.0010013117811040724 0.0)
(69.29849878314903 -0.00048476020817700877 0.0)
(69.3269702924036 -0.0002850981557721992 0.0)
(69.35444377823221 -0.00016298533989623907 0.0)
(69.37882890662948 -8.46830288320265e-5 0.0)
(69.39867749010354 -4.371549828787779e-5 0.0)
(69.4131949885265 -2.0294766948503088e-5 0.0)
(69.42351834966131 -9.319394178076617e-6 0.0)
(69.43016549448268 -3.763256382083419e-6 0.0)
(69.43430311653458 -1.4022727361988832e-6 0.0)
(69.43683304698162 -5.006674686243807e-7 0.0)
(69.43826595629658 -1.3173356591249053e-7 0.0)
(69.43937063390902 -1.3366232848568573e-8 0.0)
(69.46351643470939 2.1784528199417598e-5 1.4349177794600504e-21)
(69.46365317526899 6.456060119356408e-5 -8.125200771617459e-22)
(69.46385262897041 0.00010438247458681428 0.0)
(69.46410406261354 0.00012356674597372477 1.2751862154326802e-21)
(69.46446163053491 0.00012910185518695617 -1.6976004801347514e-21)
(69.46504223047438 0.00013842980073007868 -6.2939143288581095e-22)
(69.46595792103531 0.00016217056570041539 0.0)
(69.46732713687356 0.00019038687321402847 -3.930831743660096e-22)
(69.46943906819028 0.0001806800419759073 -1.5519871815806077e-21)
(69.47280604054409 3.267634338636034e-5 0.0)
(69.4780516432615 -0.0004596850339411088 1.2275135947685875e-21)
(69.4857483314983 -0.0016261795640580704 2.401027384747631e-21)
(69.49646475980418 -0.003964414349792503 0.0)
(69.51062222945842 -0.00817703682361794 -5.100071563403856e-21)
(69.52850815672568 -0.015235832664316872 4.310195136688364e-22)
(69.55010541765773 -0.026436631580154912 -1.0601707099129899e-20)
(69.57487019095 -0.04342044754725702 -6.476561118033451e-21)
(69.60152855584835 -0.0681239336628566 1.3563633498426362e-21)
(69.62815255496359 -0.10273740324118044 -6.949746644908162e-21)
(69.65175192704332 -0.14934070837473992 -1.136696326876067e-20)
(69.66859679282696 -0.20957457674084223 0.0)
(69.67427725209969 -0.2840246621589016 1.146361934760236e-19)
(69.66432678554864 -0.37166732618559156 -7.245557629769087e-22)
(69.63499641919256 -0.4694124304134914 0.0)
(69.58365629644291 -0.5716791401266476 -2.0634849835174103e-19)
(69.50988532619043 -0.6712281247757191 9.947404952578443e-22)
(69.41564327609412 -0.7589235534397997 3.2097838040584243e-19)
(69.3055858349996 -0.8257636282811179 -1.688964120477789e-21)
(69.18642736037248 -0.8641072192034633 -1.0437189173830976e-21)
(69.06683449008726 -0.8689316753122572 3.088442582647734e-23)
(68.95501726653178 -0.8391400517248641 1.8787661276886466e-19)
(68.85955686808062 -0.7789364146109814 -8.611998021661926e-22)
(68.78594744688016 -0.6945033379161114 -2.523333752203484e-19)
(68.73819316870224 -0.596057266146055 -1.4741596947392195e-19)
(68.71640352987292 -0.49274267247452025 8.137090975085237e-20)
(68.7182696174483 -0.3938524448325147 8.96918594301718e-20)
(68.73897411619973 -0.30550207709948174 0.0)
(68.77306026081563 -0.23222928793637712 1.3090157899974899e-20)
(68.81392536669993 -0.17419397288093186 0.0)
(68.8691597097524 -0.1307574072175671 3.073317693673454e-23)
(68.88510312056114 -0.10803867030410659 0.0)
(68.9479238402207 -0.0804233105336028 0.0)
(68.98649534624627 -0.06079240354516956 0.0)
(69.01937173959804 -0.04654131503625014 0.0)
(69.04767515647531 -0.03620745984101247 0.0)
(69.07098854420374 -0.028503296030705776 0.0)
(69.09155655667847 -0.021702559431800002 0.0)
(69.10929628975923 -0.01761447147956666 0.0)
(69.1247454740673 -0.012789306793129845 0.0)
(69.13823098644492 -0.01033710211019206 0.0)
(69.15000462771641 -0.007412466031157326 0.0)
(69.15973023024836 -0.006220531992496599 0.0)
(69.16749725922418 -0.004240549735969319 0.0)
(69.17599755048695 -0.0033996097927044984 0.0)
(69.18354808915358 -0.0025892202547764184 0.0)
(69.19095639662275 -0.0020455524165707843 0.0)
(69.19729131142056 -0.001984137260179851 0.0)
(69.20225236231542 -0.002061506414389139 0.0)
(69.20543269084713 -0.0020538392317587455 0.0)
(69.20814984767708 -0.0017502251740226236 0.0)
(69.21300380390691 -0.001438728347196631 0.0)
(69.21638532214622 -0.0011959381336986924 0.0)
(69.22285528727852 -0.0006396003093446137 0.0)
(69.22985775321713 -0.0014410569871569504 0.0)
(69.24179666416607 -0.01084578928122666 0.0)
(69.23530616153822 -0.013320322382773335 0.0)
(69.24009008274008 -0.0029349583249540087 0.0)
(69.26286319406962 -0.0011316362390963212 0.0)
(69.28627605549481 -0.0005754458795050646 0.0)
(69.31384674746286 -0.0003543847640156321 0.0)
(69.34176072761547 -0.0002115710735926924 0.0)
(69.36784044745312 -0.00011398967875928627 0.0)
(69.39011030425789 -6.100771689770608e-5 0.0)
(69.40704075923895 -2.923611782556598e-5 0.0)
(69.41945990800596 -1.3848965071489816e-5 0.0)
(69.42762793770102 -5.82650239624352e-6 0.0)
(69.43278746272738 -2.2958372210373253e-6 0.0)
(69.43597363941801 -9.050052414738593e-7 0.0)
(69.43778939239577 -2.910802543095233e-7 0.0)
(69.43882331446963 -7.718948314003877e-8 0.0)
(69.43958768446468 -8.030984726823198e-9 0.0)
(69.46353147445699 1.881178642813964e-5 -1.4358811099639219e-21)
(69.4636695060923 5.8536345014877294e-5 -3.9672740389023465e-22)
(69.46387512914824 9.609826163727428e-5 1.7810067382941984e-21)
(69.46412848872662 0.00011163334788552347 1.0066333498886833e-21)
(69.46448703177799 0.00010884255729683128 0.0)
(69.46506406529082 0.00010215133466384764 1.8810315932750863e-21)
(69.46597340554058 9.933753163591944e-5 -1.3984657646853667e-21)
(69.46734718195941 8.174770050930841e-5 5.875307865932307e-22)
(69.46946922365468 -1.3022667235829515e-5 -2.197751748700414e-22)
(69.47280003495383 -0.0003142939824952708 -4.834217868753038e-22)
(69.47794899113465 -0.0010553933092462512 -4.3952529130079676e-21)
(69.48551321623408 -0.0025941101990849535 -2.8585120946518216e-22)
(69.49596255869496 -0.005461762464273669 0.0)
(69.50963343451492 -0.01040206612350787 -5.2670497552033405e-21)
(69.52674225874384 -0.018436407040953624 9.54895013953298e-21)
(69.54714560252543 -0.030895402654562833 -9.646420631843336e-21)
(69.57013473353227 -0.049412267866753484 1.6663689175781682e-23)
(69.59442487814927 -0.0759393670952477 3.3764895219637356e-21)
(69.61782488075998 -0.11251805546864801 1.004610502731123e-20)
(69.63739299092872 -0.16104413499850026 0.0)
(69.6493604783085 -0.22276202878391885 -7.490496128213707e-20)
(69.64953409946634 -0.297738624504718 5.447094697548529e-20)
(69.63392235565458 -0.38430438943023837 8.795424203210644e-20)
(69.5991641433971 -0.4784782604238527 1.2857162324490329e-19)
(69.54349456673769 -0.5743820538553611 1.8208635639914212e-19)
(69.46715227449403 -0.6639864515996582 -2.8637204735889083e-19)
(69.37278245411528 -0.7386007540197107 0.0)
(69.26553068278889 -0.7902698912009295 2.077895296597782e-19)
(69.15255814467805 -0.8122579512412549 2.588990459926319e-19)
(69.04213447437671 -0.8018305481436829 -1.648006184193813e-19)
(68.94240702688319 -0.7600318170214153 0.0)
(68.86075043721067 -0.692108236065779 2.250918693707418e-19)
(68.80162733326782 -0.6058724766663479 0.0)
(68.76761258940576 -0.5111902107019997 -6.824919470005538e-20)
(68.75717638286076 -0.4164436883523337 -2.9358793079368383e-22)
(68.7670882983782 -0.32924766089701474 0.0)
(68.79218090730477 -0.25425799074903777 -2.31204346817412e-20)
(68.82642100231531 -0.19339596394136171 0.0)
(68.87680049662887 -0.1462757072839709 0.0)
(68.89002164470119 -0.1216007879434672 0.0)
(68.95071464390593 -0.09066751986848266 0.0)
(68.98817486173745 -0.06870330546938015 0.0)
(69.02036269956156 -0.052627383006486284 0.0)
(69.04823339491134 -0.040960004525536955 0.0)
(69.07137955438701 -0.03232748044551418 0.0)
(69.09174242212715 -0.024720655538230968 0.0)
(69.10940276563586 -0.020038753460984337 0.0)
(69.12477051506436 -0.014735494010214057 0.0)
(69.13816147421737 -0.011869311260962254 0.0)
(69.14985432492774 -0.008597367996393773 0.0)
(69.15951972931825 -0.007194016263285046 0.0)
(69.16722730694076 -0.004951953159593565 0.0)
(69.17562772269605 -0.003950830742302761 0.0)
(69.18309412618068 -0.003021292337016419 0.0)
(69.19038422597558 -0.002396443292827809 0.0)
(69.19658429049879 -0.002312785544144737 0.0)
(69.2013986274145 -0.0023988210891991383 0.0)
(69.20440583520714 -0.002397180721602828 0.0)
(69.2069032031425 -0.002049443653467231 0.0)
(69.21149249601517 -0.001684774029740096 0.0)
(69.21455151763485 -0.0014135598902572728 0.0)
(69.22063192080743 -0.0007589861011274507 0.0)
(69.22706371887237 -0.0016791075184079446 0.0)
(69.23859735865423 -0.010660815225106769 0.0)
(69.23080687700654 -0.013251217444345076 0.0)
(69.23341437901735 -0.003084287861556045 0.0)
(69.2539555657212 -0.0012702006249505052 0.0)
(69.27515984872522 -0.0006731053744351781 0.0)
(69.30126745574451 -0.00043219582174747347 0.0)
(69.32889569963359 -0.00026906203045401396 0.0)
(69.35606597515196 -0.00015026753757856447 0.0)
(69.38047543563367 -8.341833995802402e-5 0.0)
(69.39984311640913 -4.1228732350830484e-5 0.0)
(69.41457171142366 -2.0084188153213478e-5 0.0)
(69.42450710381104 -8.718936997385692e-6 0.0)
(69.43089670559002 -3.563605213183909e-6 0.0)
(69.43489136935128 -1.4833662143321497e-6 0.0)
(69.43718554039593 -5.301399228653329e-7 0.0)
(69.43849856741404 -1.7035086554687293e-7 0.0)
(69.43922816305815 -4.607672332079853e-8 0.0)
(69.43973436011849 -4.2072953157855135e-9 0.0)
(69.46354547654579 1.5917684282811716e-5 7.011640014930271e-22)
(69.46368549289261 5.260766956717263e-5 -3.926399673599732e-22)
(69.4638939990679 8.791533852003962e-5 -6.126515427797657e-24)
(69.46415235596771 9.993785963219869e-5 9.87481737121344e-22)
(69.46451078494282 8.900010690773141e-5 -8.010551940824632e-24)
(69.465078793784 6.626852414158012e-5 6.1459789228754e-22)
(69.46598319481943 3.6581877859060015e-5 0.0)
(69.46736048068563 -2.7281159903277778e-5 -1.9413846287126812e-22)
(69.46946387259837 -0.0002070240546326806 2.1642060006643427e-22)
(69.4727409343227 -0.0006593814966702874 2.253806358696805e-22)
(69.47780831993127 -0.0016455348548150952 0.0)
(69.48519364913372 -0.0035494989935276316 5.619746246314307e-22)
(69.49531663663508 -0.006932152504834523 2.9137937444343743e-22)
(69.50847039594507 -0.012580447993011449 0.0)
(69.52476699837794 -0.021558793714208824 8.444536915056626e-21)
(69.54391903690197 -0.03521298381480125 3.259028364379272e-23)
(69.5652015875685 -0.055207988883720235 3.1673220920806638e-21)
(69.58711807321535 -0.08341539456311388 0.0)
(69.60748044708954 -0.12177058361565156 6.058608105797723e-21)
(69.62324969033465 -0.171895268759553 2.7664311413286377e-20)
(69.63074135378844 -0.2346370869942221 -4.851550654228024e-20)
(69.62605345221122 -0.30952165840760826 -1.3643823660121398e-19)
(69.60544709348252 -0.3940951908611711 -1.1457303101873768e-19)
(69.56623689099618 -0.48398557762759825 -2.7438452671671336e-20)
(69.50721748011127 -0.5724450442599576 0.0)
(69.42929308043178 -0.6515174133228328 1.0518048501122215e-21)
(69.33575755880256 -0.7132176661671356 -1.8514613408386741e-19)
(69.2321956417972 -0.749988163034117 -1.8497452364299104e-20)
(69.12603131343532 -0.7574354880127108 1.2826151353099288e-19)
(69.02508896531869 -0.7342066591521936 -1.8723972064527152e-21)
(68.9375193916412 -0.6834430517045916 0.0)
(68.86878497099096 -0.6111067586461146 0.0)
(68.82314116180801 -0.5263661852761442 6.096698463691173e-20)
(68.80057259759568 -0.4374203930028797 0.0)
(68.79919612805054 -0.352519239445822 2.9591309665438254e-22)
(68.81463511609626 -0.2768382686928 2.014092337202378e-20)
(68.84146020847747 -0.21364674722117816 4.621961560424236e-23)
(68.88625072286482 -0.1631479268420312 0.0)
(68.89620424835373 -0.13652196648192155 0.0)
(68.95430033188248 -0.10210361756324886 0.0)
(68.99034271213549 -0.0774795902951777 0.0)
(69.02168448683719 -0.05945054433059856 0.0)
(69.04899360435257 -0.046235883156185015 0.0)
(69.07191863517771 -0.03657427414408327 0.0)
(69.09204158785981 -0.028115207400700535 0.0)
(69.10959502547715 -0.02273733137851857 0.0)
(69.12487530838251 -0.01695012337051072 0.0)
(69.13816422997255 -0.013615245034084253 0.0)
(69.14977127383023 -0.009963494121546596 0.0)
(69.15938235848137 -0.008309192372064586 0.0)
(69.16704277340227 -0.005783287940889533 0.0)
(69.17534824650615 -0.004586958883617881 0.0)
(69.1827453426288 -0.0035195115852004297 0.0)
(69.18993229233975 -0.002802084211411914 0.0)
(69.19601801842805 -0.0026863180136828123 0.0)
(69.20071630083436 -0.0027783097714600934 0.0)
(69.20359289639856 -0.002783485403904689 0.0)
(69.20592069216825 -0.0023867810721581867 0.0)
(69.21029858495557 -0.001962214145146188 0.0)
(69.21310304765676 -0.0016605963226624624 0.0)
(69.21885820095821 -0.0008970581364092576 0.0)
(69.22478563696511 -0.0019423894331872227 0.0)
(69.23598893875342 -0.010453465138758172 0.0)
(69.22717891991559 -0.013161882312144097 0.0)
(69.22791696445184 -0.003236369489232295 0.0)
(69.24635796012126 -0.0014166818695787236 0.0)
(69.26529826921305 -0.0007767381367229981 0.0)
(69.28955583872238 -0.000517795337264229 0.0)
(69.31624176535732 -0.00033554997387764263 0.0)
(69.34381094730281 -0.00019412702289590934 0.0)
(69.36990676563465 -0.00011187838561565592 0.0)
(69.39158971794168 -5.705364548413623e-5 0.0)
(69.4087693854502 -2.8564847059190835e-5 0.0)
(69.42070801886814 -1.2740198944979946e-5 0.0)
(69.4285542810584 -5.3522460368387954e-6 0.0)
(69.4335346520147 -2.307686488608815e-6 0.0)
(69.43642266846719 -8.730425572521082e-7 0.0)
(69.43808623460137 -3.1022642833693425e-7 0.0)
(69.43901442202784 -1.0096234751369399e-7 0.0)
(69.43950223355719 -2.440225122471551e-8 0.0)
(69.43983481992957 -2.3042764795233776e-9 0.0)
(69.46355862946888 1.3184840639651444e-5 -7.016047537931906e-22)
(69.4636984781495 4.683145379205242e-5 -1.9401462698948132e-21)
(69.463911599224 7.987552822525845e-5 -4.422692907339564e-22)
(69.4641743645407 8.84879669527735e-5 9.696474483872293e-22)
(69.46452923071503 6.956427990314753e-5 -1.0980323184197114e-21)
(69.46509091939082 3.0879965952942295e-5 -9.171483876787967e-22)
(69.46598970015316 -2.5909707854076354e-5 0.0)
(69.4673492548032 -0.00013643825828445124 -5.671878941373475e-22)
(69.469422935661 -0.00040061182136864247 1.890959420152827e-21)
(69.47266140283094 -0.0010019210914101132 -2.341616087418823e-22)
(69.47762005724083 -0.002228223055409266 0.0)
(69.48478676497025 -0.004488197163970166 -5.442925761862207e-22)
(69.4945615953209 -0.00837440090572205 4.36271607751638e-21)
(69.50716922690431 -0.01471233728612273 0.0)
(69.52260483255088 -0.02459496632389537 -3.745525917252559e-23)
(69.54055389482123 -0.03941099858851195 -5.459766845738025e-21)
(69.5601165609517 -0.060792719051737484 -4.858639553615064e-21)
(69.57978232991195 -0.09056079161408705 -5.131428906369815e-21)
(69.59725259611406 -0.13047577233899152 1.999431264280389e-22)
(69.60949043508245 -0.18187514992473425 2.0857784489491007e-20)
(69.61295924444701 -0.24517735999914955 1.3973049990717187e-20)
(69.6038798381071 -0.319243644966915 6.51225111511542e-20)
(69.57902348119396 -0.401212243737685 -1.201369028701555e-19)
(69.53609768367875 -0.48582008107524066 0.0)
(69.47454480756197 -0.5661746424490349 0.0)
(69.39586169089152 -0.6346021883226848 1.0737081800529923e-21)
(69.30395240736189 -0.6832765411333305 -3.519461597418344e-19)
(69.20481931611431 -0.7064650121157398 -1.0764211565774581e-20)
(69.10581569128485 -0.7011304570216474 1.269825365250621e-19)
(69.01484892453871 -0.6677562935068181 6.188626438142805e-22)
(68.93876999118211 -0.6107873962205032 0.0)
(68.88252205294319 -0.5373384643892751 -3.929378280766183e-22)
(68.84844882248703 -0.4560153363982922 0.0)
(68.83545445431564 -0.37454339287583877 0.0)
(68.8407967289939 -0.2995329329240407 -8.847952018973358e-21)
(68.8593639870752 -0.2345728004103598 -2.3806551443440536e-21)
(68.89786357801515 -0.1812897332733496 4.1673078363945445e-23)
(68.90390733527897 -0.15277122619673877 0.0)
(68.95888096106523 -0.11483497634310112 0.0)
(68.99312497500077 -0.08721371426605425 0.0)
(69.02341711630089 -0.06706793460748664 0.0)
(69.0500151639476 -0.05211250749376261 0.0)
(69.07263064024662 -0.04125810679143253 0.0)
(69.09247494683034 -0.03191941404688507 0.0)
(69.10988156056077 -0.025734453941861347 0.0)
(69.12506084228755 -0.01945087178987213 0.0)
(69.13823836524911 -0.01560272005880789 0.0)
(69.14974997611681 -0.01153730503815945 0.0)
(69.1593088870018 -0.009584774482233051 0.0)
(69.16693256890164 -0.006756340696905455 0.0)
(69.17514334794117 -0.005323430240225414 0.0)
(69.18248093258214 -0.00409445361535544 0.0)
(69.18957437635004 -0.0032715826075777527 0.0)
(69.19556002933705 -0.0031106262824685794 0.0)
(69.2001662719141 -0.0032034024476966677 0.0)
(69.20294796857605 -0.0032156845146902703 0.0)
(69.20514820720541 -0.0027648688854757793 0.0)
(69.20935788159855 -0.002273130217770472 0.0)
(69.21196471450422 -0.0019391527621041836 0.0)
(69.21744594992924 -0.001055472943424309 0.0)
(69.22292423251352 -0.0022310755740090854 0.0)
(69.23386333798517 -0.010223539499293596 0.0)
(69.22428518467842 -0.013051882733673036 0.0)
(69.22345541492788 -0.0033907659809969994 0.0)
(69.2399867375033 -0.001571208810465009 0.0)
(69.25674071298768 -0.000885554969744165 0.0)
(69.27894177971197 -0.0006103483691988696 0.0)
(69.30416426684107 -0.0004108418468886154 0.0)
(69.33143630745222 -0.00024591256964940364 0.0)
(69.35862765299132 -0.00014724638203444547 0.0)
(69.38233765220359 -7.755586584388815e-5 0.0)
(69.40200012569296 -3.9938266907294934e-5 0.0)
(69.41614047497335 -1.827499554073111e-5 0.0)
(69.42567706361189 -7.858420480716162e-6 0.0)
(69.43184359371594 -3.477316314207693e-6 0.0)
(69.43546249914422 -1.3634861073903334e-6 0.0)
(69.43756395821589 -5.113028204172872e-7 0.0)
(69.43874257960766 -1.8323314152498882e-7 0.0)
(69.43936400933389 -5.402369708736861e-8 0.0)
(69.43969022717212 -1.3237679290418136e-8 0.0)
(69.4399024156675 -1.2127762380776126e-9 0.0)
(69.4635698062612 1.0673081838345446e-5 -3.446108247270839e-22)
(69.46370985029388 4.125526628219549e-5 3.466956435767181e-21)
(69.46392691404056 7.199619531371917e-5 -1.2979879431547027e-21)
(69.46419150009703 7.724456425777895e-5 4.757889683632886e-22)
(69.46454610600476 5.053997741075447e-5 5.38659319911829e-22)
(69.46510182234212 -3.947681714869204e-6 2.1658264113172534e-24)
(69.46597972737663 -8.803868394619528e-5 0.0)
(69.46731371099938 -0.00024550307763834573 5.57685464058833e-22)
(69.46937036667575 -0.0005936010031885107 0.0)
(69.47255434591537 -0.0013410523872913452 -4.0923815819453635e-21)
(69.47737949294972 -0.0028012459300082557 0.0)
(69.48431626608986 -0.005409596214628784 -3.853475394223788e-21)
(69.49372181834471 -0.009788482205589068 0.0)
(69.5057411903141 -0.016792217302097266 -9.005313137727651e-21)
(69.52034656926065 -0.027560088748895883 -3.176791267307361e-23)
(69.5370760324553 -0.04348039211601846 4.313155871678071e-21)
(69.55500224852713 -0.06617396377121333 -1.7929538733687915e-22)
(69.57250899159224 -0.09736190615367481 -5.190070333640246e-23)
(69.58726098855884 -0.13861753539156482 -1.898354915714189e-20)
(69.59627552467094 -0.1909588222640594 3.507697392106481e-20)
(69.59603521469646 -0.2542654935035645 -9.937922461910118e-20)
(69.58312121255909 -0.32701296512208633 -1.1622635725104822e-21)
(69.55453993343306 -0.40549703577999024 -1.7542697364692212e-21)
(69.50855449263359 -0.48416156718853653 0.0)
(69.44512419790571 -0.5560905530106669 -9.920636929158196e-20)
(69.36638716742665 -0.6135287848795334 1.4684037120713907e-19)
(69.27679334127856 -0.6499525347643119 -9.116310140252595e-20)
(69.18262035531409 -0.6609010154121131 -1.1273800221208155e-19)
(69.09126737011653 -0.6447211941760856 0.0)
(69.0102338829405 -0.6038393785451377 7.393566186147871e-20)
(68.94521290025472 -0.5433220611941977 6.697252120718748e-22)
(68.9004258377761 -0.4711710396961884 3.960787762585932e-22)
(68.876044592915 -0.39476437944892956 -2.7099097045792287e-20)
(68.87087160880523 -0.32160202160347645 -7.564131335590147e-21)
(68.88053804656236 -0.25585871863536996 2.0718384289415452e-21)
(68.91195804016861 -0.20039009780904124 0.0)
(68.91346469242329 -0.17034497827777906 0.0)
(68.96466637954477 -0.12884907513566976 0.0)
(68.99669720115789 -0.09804671984380836 0.0)
(69.0256549240449 -0.07551563294509155 0.0)
(69.05137941094046 -0.058682138515215455 0.0)
(69.07355391750848 -0.046405392326875905 0.0)
(69.09306876756861 -0.03615089319106536 0.0)
(69.11027865774325 -0.029060741447578763 0.0)
(69.12533099799539 -0.02224788581516023 0.0)
(69.13838584648195 -0.01785593573055236 0.0)
(69.14978893368533 -0.01334775742812498 0.0)
(69.15929342347593 -0.01103988502435049 0.0)
(69.1668895530376 -0.007894678186906727 0.0)
(69.17500211670362 -0.0061792216489294175 0.0)
(69.18228500222222 -0.004758563592061132 0.0)
(69.18928979528239 -0.003815468441015121 0.0)
(69.19518428842878 -0.0035926921594537867 0.0)
(69.19971682586292 -0.003677536581402478 0.0)
(69.20243405224363 -0.0036962075279540927 0.0)
(69.20454229447279 -0.0031859409704690666 0.0)
(69.20861832503581 -0.0026193656649551125 0.0)
(69.21107513744926 -0.0022511150962325984 0.0)
(69.21632176834278 -0.001235786169911612 0.0)
(69.2213958792184 -0.002544992033847741 0.0)
(69.23212754391062 -0.009971118984689928 0.0)
(69.2220006888291 -0.01292116782886466 0.0)
(69.21988331146564 -0.0035472349397622145 0.0)
(69.23472068250248 -0.0017343690346331468 0.0)
(69.24945599287038 -0.0009990924819292077 0.0)
(69.26955454498865 -0.0007090859713002657 0.0)
(69.29296218540537 -0.0004945636965493902 0.0)
(69.31931557728275 -0.00030568653223571264 0.0)
(69.34693669750767 -0.00019023106968944168 0.0)
(69.37222555270385 -0.00010359023131034898 0.0)
(69.39426037545832 -5.494655500334226e-5 0.0)
(69.41073049975711 -2.5802609973263242e-5 0.0)
(69.42217991645464 -1.1340574876526631e-5 0.0)
(69.42975077679274 -5.127709596200243e-6 0.0)
(69.43425968255782 -2.062433205141051e-6 0.0)
(69.436904442669 -7.996950053462462e-7 0.0)
(69.43839752168829 -3.017082329176284e-7 0.0)
(69.43918797243576 -9.862745700285313e-8 0.0)
(69.43960401477186 -2.9016511756440753e-8 0.0)
(69.43981687331201 -7.0011128986841506e-9 0.0)
(69.43994408751394 -5.716612215167785e-10 0.0)
(69.46357927491532 8.420922505277147e-6 0.0)
(69.46371893300677 3.5913330632104655e-5 -1.1510781431488431e-21)
(69.46393763470446 6.424982369992485e-5 -4.257639556404666e-22)
(69.46420670637593 6.617488368068121e-5 -4.760692369288865e-22)
(69.46456190393558 3.1893172065677124e-5 2.659755322889771e-22)
(69.46510155053504 -3.827191021368423e-5 2.9459831461794124e-22)
(69.46595357098408 -0.00014981544061540682 0.0)
(69.4672719906267 -0.0003544285961965592 -3.692414827375649e-22)
(69.46930120936719 -0.0007855490700996786 3.222672392950332e-21)
(69.47241422415719 -0.001675677242069353 -3.118563923539158e-21)
(69.47710261072322 -0.0033644932808469387 0.0)
(69.4837977794942 -0.006313799543527166 -8.420436780109034e-21)
(69.49280152149285 -0.011170671131727735 7.98128970610919e-21)
(69.50425107639276 -0.018829994715049682 -8.539834979071191e-21)
(69.51800584550742 -0.03044827345162991 2.1006916720041426e-22)
(69.53357089497364 -0.04742717130124118 -5.915311094926337e-21)
(69.54992022214435 -0.07134293173913643 1.4435069358719563e-24)
(69.56538287431513 -0.10380670554026053 -2.1500527433489853e-22)
(69.57762283988262 -0.1461728059971728 2.3741500865708887e-22)
(69.58361058083317 -0.19904575567631239 3.728573239249649e-20)
(69.58006376066776 -0.261967072316931 -8.40476820790558e-22)
(69.56367336619174 -0.33266124103511696 -7.200018384336684e-20)
(69.53186098583988 -0.4070380958025185 8.978725831343648e-22)
(69.48333678422246 -0.4793392080806787 1.348473562705015e-20)
(69.41858560937467 -0.542326257760102 1.0088757047489203e-19)
(69.34044082780412 -0.5891543219974772 6.580232130199696e-20)
(69.25372286787895 -0.6142318161014884 -8.45919174960002e-20)
(69.16503900744985 -0.614305615273549 0.0)
(69.08169937262886 -0.5895919937810253 -6.550423185134385e-20)
(69.01027656610022 -0.5433941891485333 0.0)
(68.95595684858338 -0.4818849931540417 -6.744454734664542e-22)
(68.92094638051614 -0.4124643334375334 2.432874604643159e-20)
(68.9049869038004 -0.3423339527193937 -1.6302069205587293e-22)
(68.90535998287676 -0.27710281168639356 0.0)
(68.92883548459066 -0.2200354842454548 1.5535969939888354e-22)
(68.92525161525005 -0.18915281965230887 0.0)
(68.97189112860455 -0.1440618380023236 0.0)
(69.00127232700288 -0.11009038788086602 0.0)
(69.02852411629989 -0.08485491252908459 0.0)
(69.05318293520207 -0.06601731200124784 0.0)
(69.07475051463705 -0.052080698582858735 0.0)
(69.09385459879077 -0.04080908762843771 0.0)
(69.11081129648214 -0.0327495602739859 0.0)
(69.12569445170348 -0.025347913423487366 0.0)
(69.138610417568 -0.020388438777321764 0.0)
(69.14989065965948 -0.015424248793714748 0.0)
(69.1593332947769 -0.012693738664887187 0.0)
(69.16690969878016 -0.009221476893616222 0.0)
(69.17491800988456 -0.0071771900091541895 0.0)
(69.1821458348714 -0.005526700430834569 0.0)
(69.18906236820696 -0.004445577220057809 0.0)
(69.1948700547608 -0.004140816769038091 0.0)
(69.1993422844045 -0.004204213548036449 0.0)
(69.20202144158348 -0.004226663929568247 0.0)
(69.20406839937343 -0.0036515461560537427 0.0)
(69.208038107715 -0.0030024046086528948 0.0)
(69.21038492626491 -0.002597917838994174 0.0)
(69.21542537935487 -0.0014393932746713854 0.0)
(69.22013156940665 -0.0028835443197003712 0.0)
(69.23070345379398 -0.009696637161768457 0.0)
(69.22021568258458 -0.012770043178072777 0.0)
(69.21706124038192 -0.003705660384194234 0.0)
(69.23042119903177 -0.0019071690782756225 0.0)
(69.24335602673399 -0.0011172727694255733 0.0)
(69.26142996887471 -0.000813444805744097 0.0)
(69.28284475991543 -0.0005862988132359852 0.0)
(69.30779243268832 -0.00037327312530895655 0.0)
(69.33517987106661 -0.0002413378452214861 0.0)
(69.36147501986456 -0.00013595469821682968 0.0)
(69.38561228914676 -7.439603747702796e-5 0.0)
(69.40443500270887 -3.589887314348646e-5 0.0)
(69.41798319387752 -1.613003747987261e-5 0.0)
(69.42718347256525 -7.440620503099932e-6 0.0)
(69.43276176033666 -3.054059748485405e-6 0.0)
(69.43607483420067 -1.212125579321967e-6 0.0)
(69.43796061945062 -4.7200790704996746e-7 0.0)
(69.43896413697034 -1.6294813010951223e-7 0.0)
(69.43949409695193 -5.270363618984028e-8 0.0)
(69.43976581566307 -1.5415906091380214e-8 0.0)
(69.43989501880111 -3.333485947629783e-9 0.0)
(69.43996998738676 -2.8200682738284054e-10 0.0)
(69.46358662139815 6.4581492525848114e-6 0.0)
(69.46372416508709 3.079497241560167e-5 7.465252431444998e-22)
(69.46394598022164 5.660524692769549e-5 0.0)
(69.4642199612458 5.5210118837305774e-5 -1.1736599800394258e-22)
(69.46456918900158 1.3458469689258667e-5 0.0)
(69.46509019560105 -7.225935938379143e-5 -8.743697865275571e-22)
(69.46592495862917 -0.00021128459379133363 1.2999751047996485e-21)
(69.46722101238808 -0.0004629451016145252 -7.135663305623508e-22)
(69.4692100478005 -0.0009758443862925949 6.732288346938289e-21)
(69.47225212387468 -0.0020058434864518317 3.2765579822456716e-21)
(69.47679898735609 -0.003918231265282596 -2.228270702253556e-22)
(69.48323074690357 -0.007198620816576023 1.2523221344893871e-22)
(69.4918464630681 -0.012527235887017214 1.5610234611058106e-20)
(69.50270505255257 -0.02082156651835376 0.0)
(69.51564234781269 -0.033263768876940415 1.2189104163342394e-20)
(69.53007975618007 -0.05124602496574788 0.0)
(69.54492974449524 -0.0762917229567992 -1.44446462425127e-24)
(69.5584880071611 -0.10987645079709404 -4.863320875677494e-21)
(69.56833420554833 -0.15305962888122188 -1.4791826859003472e-20)
(69.57157680331146 -0.2061736772336833 -2.843393887654618e-20)
(69.56495286863536 -0.2681235563376276 6.482474913944662e-20)
(69.54543188607953 -0.3362130731958642 -1.332168202643397e-21)
(69.5107936142918 -0.40604635265301403 6.540234109593163e-20)
(69.46012815876949 -0.47137337931170636 -8.957993944443322e-20)
(69.39463753890898 -0.5255134728701684 -5.839688924130697e-20)
(69.3175867884549 -0.5622173174224018 7.87612841439591e-21)
(69.23434145488376 -0.5768947692329301 0.0)
(69.15162699573924 -0.5678881372025738 5.0388165773238576e-20)
(69.07634645883125 -0.5366198546068045 -4.748612940578843e-22)
(69.01437861892694 -0.4872997507661727 0.0)
(68.96973588453294 -0.42659858601699235 0.0)
(68.94326358345994 -0.36116355302239955 1.1212504164297546e-20)
(68.93401230339997 -0.29768854330547123 1.4924660860388166e-22)
(68.94885679740517 -0.23990476536700225 -2.1657992953110993e-22)
(68.93959770493888 -0.20888808247566631 0.0)
(68.98085594309157 -0.16041243281183476 0.0)
(69.00706651504963 -0.12332681025031159 0.0)
(69.03220496841493 -0.09520889617121221 0.0)
(69.05553125320763 -0.07415392343866259 0.0)
(69.0763114443446 -0.05838949575398282 0.0)
(69.09487527834357 -0.04589832473375269 0.0)
(69.11151123465987 -0.036823829269265994 0.0)
(69.12616855345212 -0.02876363008181872 0.0)
(69.13891713320704 -0.02319767068530304 0.0)
(69.15006123324122 -0.017790610513628995 0.0)
(69.15942955496732 -0.014566154927313382 0.0)
(69.16699129182655 -0.01075632858916565 0.0)
(69.17488841400608 -0.008343407302194562 0.0)
(69.18205548933194 -0.006417006101419063 0.0)
(69.18887962102433 -0.005174776674488535 0.0)
(69.19460101688033 -0.004764764542640962 0.0)
(69.19902196084676 -0.0047872132549375505 0.0)
(69.20168639706735 -0.004807501083153844 0.0)
(69.20369930949735 -0.004162188377174797 0.0)
(69.20758397931152 -0.003423245719690859 0.0)
(69.20985484793049 -0.0029801983510686285 0.0)
(69.21470782724751 -0.001667527024982001 0.0)
(69.21907535138435 -0.003245580773444705 0.0)
(69.22952679902014 -0.009401064471632227 0.0)
(69.21883633177607 -0.012599115828333984 0.0)
(69.21486311572593 -0.003866019429157719 0.0)
(69.226947478538 -0.0020909557246255117 0.0)
(69.23831872764313 -0.0012404242265246052 0.0)
(69.25452907730653 -0.0009231583324847133 0.0)
(69.27392401614712 -0.000685730794362531 0.0)
(69.2971441376865 -0.0004483530621948209 0.0)
(69.32371092079062 -0.0003008584701079442 0.0)
(69.35037668183314 -0.00017532644949571206 0.0)
(69.37619424484076 -9.910924987210875e-5 0.0)
(69.39725798025881 -4.922640021720776e-5 0.0)
(69.41302342907927 -2.2638967592618972e-5 0.0)
(69.42406793875153 -1.065515305637917e-5 0.0)
(69.4309099622948 -4.4531173279745195e-6 0.0)
(69.43503632217461 -1.799809061272327e-6 0.0)
(69.43740916970091 -7.162364482210003e-7 0.0)
(69.43868010101495 -2.555660590087715e-7 0.0)
(69.43935413727026 -8.68982899621884e-8 0.0)
(69.43970066073788 -2.807583227563184e-8 0.0)
(69.43986570625805 -7.411674062496035e-9 0.0)
(69.43994362410896 -1.64596198605357e-9 0.0)
(69.43998486811088 -1.386732941478893e-10 0.0)
(69.46359113218624 4.7701003498824785e-6 1.3193305913177468e-21)
(69.46372694134244 2.587306249742791e-5 -3.7834076948033905e-22)
(69.4639516628476 4.900126140129017e-5 1.0370862575186873e-22)
(69.46422595827781 4.416581036496772e-5 0.0)
(69.4645678512586 -5.0003520454596086e-6 -5.166131267890115e-22)
(69.4650778787673 -0.00010602790581174693 5.809688285060838e-22)
(69.4658919600955 -0.0002723133817953405 -1.2786312797417483e-21)
(69.46715576939759 -0.0005706705580645464 -2.8043186858249403e-21)
(69.46910538814333 -0.0011644686875690845 -3.867210686284581e-21)
(69.47207420863838 -0.002331755495291245 6.914859936686632e-21)
(69.4764648080019 -0.004461336944766018 0.0)
(69.48264689458087 -0.008068100355129327 -7.34130992933266e-21)
(69.49085782927206 -0.013855492360909032 2.443968261288782e-22)
(69.50114457201633 -0.02276952381019111 1.3015803234424563e-21)
(69.51328368026074 -0.036003035195443726 0.0)
(69.52664374994292 -0.05493199001211677 0.0)
(69.54009014143526 -0.08100672909164458 4.613733566408054e-21)
(69.5518154341721 -0.11550841018432653 1.3134252052603243e-20)
(69.55946254492358 -0.15929938728475343 2.5066767347121795e-20)
(69.56009523053781 -0.21220330796408138 -1.6234562340621722e-20)
(69.55061970662244 -0.2727228064007906 -9.312237405879081e-22)
(69.5282632155492 -0.33780206109304806 -3.7917979824184597e-20)
(69.4910620951166 -0.40246482237855363 9.542257262969161e-22)
(69.43872226757651 -0.46070715043323657 0.0)
(69.37293816057236 -0.5061805945107015 7.091289222427316e-21)
(69.29754274415274 -0.5333195334332159 -6.574547520034564e-20)
(69.218335475391 -0.5389279274575454 -4.4615866743252655e-20)
(69.14190584492577 -0.5225203477743462 -2.4705327455750774e-20)
(69.07467958546926 -0.48653307827729697 1.6424526961371608e-23)
(69.0217627661571 -0.4360796578278057 0.0)
(68.98561378423454 -0.3773255906234669 -4.8160372546649786e-21)
(68.96655689443145 -0.31691026881929296 1.261852405687888e-21)
(68.97235635414205 -0.25967659794651454 1.399444581362331e-22)
(68.95679000200421 -0.22914334853612858 0.0)
(68.99190863278154 -0.17781410343229742 0.0)
(69.01430059032486 -0.137640349671077 0.0)
(69.03691961095909 -0.10669192167472835 0.0)
(69.05855390459972 -0.08314091259456727 0.0)
(69.07834553229303 -0.06543326371792482 0.0)
(69.09619929558488 -0.05147470415262951 0.0)
(69.11241375379873 -0.04128571541064706 0.0)
(69.12678285051688 -0.03251935867633795 0.0)
(69.13931449429725 -0.026269661763051427 0.0)
(69.15030876120471 -0.02045396334432695 0.0)
(69.15958803575228 -0.016678203945953277 0.0)
(69.16713443929548 -0.012512235956348622 0.0)
(69.17491399028249 -0.009704390006958302 0.0)
(69.18200974950992 -0.007451973694730742 0.0)
(69.1887322615971 -0.006016704908557169 0.0)
(69.19436465425657 -0.005475646351036055 0.0)
(69.19873946369408 -0.005431028277261416 0.0)
(69.2014101112519 -0.005437732615277949 0.0)
(69.20341384219843 -0.004716911206488092 0.0)
(69.20722977657807 -0.0038822632060719156 0.0)
(69.2094541580991 -0.0033973252876557955 0.0)
(69.21412970920967 -0.001921356797095029 0.0)
(69.21818263639382 -0.00362912437512234 0.0)
(69.22854561272585 -0.009086284956719183 0.0)
(69.21778393986892 -0.012409177956168978 0.0)
(69.21317898368456 -0.004028415617599366 0.0)
(69.22416646316414 -0.0022873074079884166 0.0)
(69.23420730815378 -0.0013692777401728457 0.0)
(69.24876069255146 -0.001038301914020877 0.0)
(69.26622383793986 -0.0007927604238064448 0.0)
(69.28755925177485 -0.0005305882578774514 0.0)
(69.31285013626122 -0.0003689105580480549 0.0)
(69.33926140918912 -0.00022221964725487262 0.0)
(69.36622021237763 -0.00012986654944811642 0.0)
(69.38926512976154 -6.651014209863472e-5 0.0)
(69.40726677418182 -3.136187352341687e-5 0.0)
(69.42033628321182 -1.5078348853292039e-5 0.0)
(69.42864134201574 -6.413563873145003e-6 0.0)
(69.43374417230031 -2.633441080546899e-6 0.0)
(69.4367159092144 -1.0654683015909862e-6 0.0)
(69.43832060012247 -3.886837606551074e-7 0.0)
(69.43917621828325 -1.362037532915785e-7 0.0)
(69.43961760363874 -4.63683091975916e-8 0.0)
(69.43982827329542 -1.3571440263734181e-8 0.0)
(69.43992786445055 -3.662142315780778e-9 0.0)
(69.43997156627329 -8.029851303673141e-10 0.0)
(69.43999296422875 -6.051757365815979e-11 0.0)
(69.46359315740403 3.318153685420747e-6 -1.3196896495899508e-21)
(69.4637269188289 2.109734699777854e-5 -3.685840753494864e-22)
(69.46395127668217 4.128637367649413e-5 0.0)
(69.46422457025173 3.281333976781433e-5 4.565847242708959e-22)
(69.46456511939718 -2.362414322480901e-5 -1.0099489379609023e-21)
(69.46506335314423 -0.00013956205167973393 5.597468014030724e-22)
(69.465849928331 -0.0003327101232111464 -6.228301408271096e-22)
(69.46708317421357 -0.0006775393634866334 6.996846016472956e-22)
(69.46899165646602 -0.001351446431183972 3.635900088525939e-21)
(69.47187534468414 -0.0026527829703608128 6.7886881529277e-21)
(69.4761226532501 -0.004996362800178369 -2.1861936534723794e-22)
(69.48204382231161 -0.00892074339397343 0.0)
(69.48986306470474 -0.015157045883960739 -6.7753139348053466e-21)
(69.49958751176719 -0.02467140006386686 0.0)
(69.51095853801297 -0.038662696526807025 0.0)
(69.523304827509 -0.0584754953792155 -9.328341017993667e-23)
(69.53539025782798 -0.085442203511647 0.0)
(69.54541863786896 -0.12071512274937227 0.0)
(69.55094028066824 -0.16477668862010694 2.3122247014432414e-20)
(69.5491014038876 -0.21710643411971337 0.0)
(69.5369707829015 -0.2758437132574921 6.187136585914008e-20)
(69.51193387973336 -0.3373284055462945 4.059211038181101e-20)
(69.47250556288 -0.39659073466086336 0.0)
(69.41887153328217 -0.44772318602366346 4.682998723778704e-20)
(69.3532587015626 -0.48475791635343457 5.908157493835029e-20)
(69.28013784279497 -0.5032758561039459 3.2634697746202064e-20)
(69.20539427044868 -0.5010957609446923 2.185810137497414e-20)
(69.1354913881993 -0.47887330985853843 0.0)
(69.07623488699284 -0.43998834899783934 4.62745593700617e-22)
(69.03157645815615 -0.3897150608366874 -4.072036573427714e-21)
(69.0030261640063 -0.33406442924388374 -1.3381788472341046e-21)
(68.99949183024607 -0.27875932303552525 -7.944946804853879e-23)
(68.97716398316955 -0.2495774647712911 0.0)
(69.00535315728382 -0.1960140884718726 0.0)
(69.02325401913028 -0.15294968965696162 0.0)
(69.04288041741246 -0.1192810805130972 0.0)
(69.06243518841656 -0.09309967975054921 0.0)
(69.08096137118515 -0.07326622075692349 0.0)
(69.09793063220289 -0.05766600330182664 0.0)
(69.11356187316764 -0.04614160188531796 0.0)
(69.127576933227 -0.03664026975806393 0.0)
(69.13982101527134 -0.029600020165187185 0.0)
(69.15064120438501 -0.023393559491564988 0.0)
(69.15982000752734 -0.019049475236011564 0.0)
(69.16734152285966 -0.014495326711546647 0.0)
(69.17499755606335 -0.011281387956616129 0.0)
(69.18200827891592 -0.00865889941900606 0.0)
(69.18861404482438 -0.006985968073317944 0.0)
(69.19415176201667 -0.006285324128622884 0.0)
(69.19848234540484 -0.006141474887788586 0.0)
(69.20117800941344 -0.00611491847159015 0.0)
(69.20319575185987 -0.005312881614712033 0.0)
(69.20695523682485 -0.004379010952174752 0.0)
(69.2091591127835 -0.0038468523680002266 0.0)
(69.21365961877314 -0.002202205866083208 0.0)
(69.2174185061685 -0.00403089368653729 0.0)
(69.22771861693616 -0.00875573380202361 0.0)
(69.21699336080523 -0.012200992804166252 0.0)
(69.2119154937675 -0.0041932065182514276 0.0)
(69.22195843340525 -0.0024978994163079513 0.0)
(69.23088444542975 -0.0015049566969819546 0.0)
(69.24400343068449 -0.00115929833178908 0.0)
(69.25969837977345 -0.0009075867342595816 0.0)
(69.27913354570651 -0.00061974467206716 0.0)
(69.30285047622658 -0.0004455214783331725 0.0)
(69.32846227832651 -0.0002769799780598753 0.0)
(69.35596496198073 -0.00016735096792652284 0.0)
(69.3805922475797 -8.84990499841132e-5 0.0)
(69.40072359314273 -4.2867221281412445e-5 0.0)
(69.41593610615271 -2.109315984021335e-5 0.0)
(69.42589273380963 -9.137949659910217e-6 0.0)
(69.43214853520473 -3.809358954338263e-6 0.0)
(69.43584871942082 -1.5630307042824975e-6 0.0)
(69.43786706553415 -5.795636277328026e-7 0.0)
(69.43895051811005 -2.071919516673754e-7 0.0)
(69.43951186692455 -7.277490974174746e-8 0.0)
(69.43978051105654 -2.247812014798735e-8 0.0)
(69.43990772712279 -6.709133668837344e-9 0.0)
(69.43996361017079 -1.77231022767284e-9 0.0)
(69.43998677564903 -3.46106562204578e-10 0.0)
(69.43999714065384 -2.1659025483150682e-11 0.0)
(69.4635924562207 2.0447384024779386e-6 0.0)
(69.46372226998825 1.634391597140322e-5 -3.5871965597992413e-22)
(69.46394478668347 3.3266635344485996e-5 0.0)
(69.46422086011313 2.1025421962701487e-5 -2.242245368123105e-21)
(69.4645603093934 -4.24502556241585e-5 2.010814874618403e-21)
(69.46504222601497 -0.0001728135603068082 -5.611328901668081e-22)
(69.46580439690347 -0.0003924475311462471 3.094521754446449e-21)
(69.46700663893604 -0.0007834937118071135 -2.710152677445544e-21)
(69.46886359235562 -0.001536336587697181 -6.107377643798608e-21)
(69.47167253057982 -0.0029703474933736847 -6.643929340232106e-21)
(69.47576798500504 -0.005522533759246278 7.232952601218945e-21)
(69.48143902905724 -0.009757691271093792 0.0)
(69.48887296815717 -0.01643043460227483 0.0)
(69.49805316889379 -0.02652488046831946 3.7239782494203447e-22)
(69.50869665853328 -0.041236117018221934 5.383235323411535e-21)
(69.5200520708948 -0.061844323891930265 -4.856763593713102e-23)
(69.53087197194152 -0.08960619830894354 -1.4651691441696138e-22)
(69.5392402576757 -0.12540637759718146 -1.2886163587629282e-20)
(69.5427177514674 -0.16946030106171772 1.0842754832095559e-20)
(69.53852621517797 -0.22092434618151044 -2.400916694656899e-20)
(69.5238112402411 -0.2773694492440907 -3.5014414973508004e-20)
(69.49631471225885 -0.3349855870651541 0.0)
(69.45494358763631 -0.38869101228954706 -3.031434195709689e-20)
(69.40038528301538 -0.4327106231622344 -1.9838502043850257e-21)
(69.33551959179898 -0.4619001320971104 -2.8893230045202216e-20)
(69.26517482027668 -0.47271138466319784 -1.613161088759507e-20)
(69.1953012722313 -0.4640382480862518 6.322946249141547e-22)
(69.13207585994812 -0.4375690836934408 -1.1750024984663675e-20)
(69.08044216874087 -0.3972136617341022 -4.180468510631293e-23)
(69.0432700815473 -0.3482320225417465 0.0)
(69.03028530667518 -0.2963407166057052 7.106757091816598e-23)
(69.0010547701948 -0.2697728901530255 0.0)
(69.02143839227698 -0.21462346240616526 0.0)
(69.03426211259767 -0.16918512771718927 0.0)
(69.05028356016932 -0.13284111775162014 0.0)
(69.06740070962367 -0.10415066345854729 0.0)
(69.08428049489635 -0.08194309212151736 0.0)
(69.10019017608914 -0.06461035114781256 0.0)
(69.11502600073298 -0.05147099830993129 0.0)
(69.12859130703927 -0.04113415594261198 0.0)
(69.14047327795612 -0.03321897854616771 0.0)
(69.15106703360993 -0.026565593743816902 0.0)
(69.160140484466 -0.02168682433606617 0.0)
(69.1676192246051 -0.016709231956330423 0.0)
(69.1751426513059 -0.013082994721986608 0.0)
(69.18205453472511 -0.010067713140906431 0.0)
(69.18852218623888 -0.008099414348547721 0.0)
(69.19395612744904 -0.007205277843249714 0.0)
(69.19824204239991 -0.006926177729159191 0.0)
(69.20097941823117 -0.006835669294173874 0.0)
(69.20303286699784 -0.005945099640789204 0.0)
(69.20674507208783 -0.00491186946831818 0.0)
(69.20895168241258 -0.004324076220626464 0.0)
(69.21327284502262 -0.0025118213619428733 0.0)
(69.21675613860997 -0.004445588165438729 0.0)
(69.2270136606026 -0.008415290162773275 0.0)
(69.21641113909318 -0.011974963220002759 0.0)
(69.21099491806967 -0.004361235836134613 0.0)
(69.22021941049223 -0.00272434650040673 0.0)
(69.22822140108688 -0.0016489736417104007 0.0)
(69.2401237732071 -0.0012868988192012174 0.0)
(69.2542542792192 -0.001030748816833109 0.0)
(69.27187978447917 -0.0007157946402112988 0.0)
(69.29387943050995 -0.0005307328614220866 0.0)
(69.31827536627323 -0.00033982340743083126 0.0)
(69.34573620082922 -0.00021211237661913996 0.0)
(69.37144303260133 -0.00011591992497593549 0.0)
(69.39346101310147 -5.7777027304104526e-5 0.0)
(69.41084245351892 -2.9160906543543858e-5 0.0)
(69.42260697552379 -1.2886480429482609e-5 0.0)
(69.43019640618613 -5.456767776724133e-6 0.0)
(69.43477073091664 -2.2687110444831745e-6 0.0)
(69.43729724587794 -8.524660720166914e-7 0.0)
(69.43866496573168 -3.0920581720815524e-7 0.0)
(69.43937748662016 -1.108502005782783e-7 0.0)
(69.4397196352463 -3.534724026639592e-8 0.0)
(69.43988201386736 -1.1117415869178519e-8 0.0)
(69.4399534392298 -3.233318949580254e-9 0.0)
(69.43998307246976 -7.542773570262718e-10 0.0)
(69.43999462438748 -1.216724825848496e-10 0.0)
(69.43999908480801 -5.51498899213628e-12 0.0)
(69.4635884472771 8.455803840267479e-7 0.0)
(69.46371302764972 1.1444267037111083e-5 -3.4875636855951927e-22)
(69.46393553014315 2.482902987636676e-5 3.9744246532088634e-22)
(69.46421463767149 8.763453264015543e-6 1.7781879721032614e-21)
(69.46454949117744 -6.149608049143506e-5 0.0)
(69.4650188475598 -0.00020580232936267436 -2.1869643718406107e-21)
(69.46575787711085 -0.0004514909580851106 0.0)
(69.4669210268407 -0.0008882280362853452 -2.683219089180439e-21)
(69.46873488167648 -0.0017198021103977312 8.735992188987701e-21)
(69.47146084091762 -0.0032839570278449253 -1.2611212911041305e-20)
(69.47541222501722 -0.006040604698410438 6.009664802265099e-21)
(69.48083801358386 -0.01057822329802373 8.432476976494602e-22)
(69.48789926013924 -0.017674237680997656 0.0)
(69.49656186369226 -0.02832547265559192 1.2394008766683232e-21)
(69.50648830391886 -0.04370103569282728 0.0)
(69.51691892841542 -0.06504377282670715 1.9495789905388515e-21)
(69.52648790184149 -0.09343127706977365 2.7871750012690976e-21)
(69.53324113888924 -0.12955365069554042 -8.96217191992707e-21)
(69.53474148594518 -0.17336830621997498 0.0)
(69.5282096338228 -0.2235434016948665 1.8712788232199548e-20)
(69.51104092574934 -0.2774227142582597 0.0)
(69.48126123566793 -0.3309419915486485 2.5964588404618522e-20)
(69.4382281264316 -0.37894650546367376 2.96540867220255e-20)
(69.38321302430434 -0.41616075470800035 2.0447524415100506e-20)
(69.31963079865791 -0.4381136237632811 6.851296990086141e-22)
(69.25252789075346 -0.4421880240421969 0.0)
(69.18790404818985 -0.4283473114066411 9.751650711183365e-21)
(69.13130806030337 -0.3989703190675758 2.8460007371979548e-21)
(69.08680084328518 -0.3583045246758695 -5.072001811818474e-22)
(69.06468824766056 -0.31150819521899087 5.88769434105323e-23)
(69.02863422254238 -0.2889830474110782 0.0)
(69.04045375052759 -0.2332337821832936 0.0)
(69.04761119709302 -0.18609930026616503 0.0)
(69.05938717638217 -0.14728493879636123 0.0)
(69.07364424919705 -0.11625521174240029 0.0)
(69.08848201987607 -0.09159780351490932 0.0)
(69.10307994514386 -0.0723769396121546 0.0)
(69.11692092585793 -0.05746051049367636 0.0)
(69.12986603154972 -0.04601404568078711 0.0)
(69.1413245555939 -0.03718821746806102 0.0)
(69.15160418813227 -0.029940132235524722 0.0)
(69.16056320335254 -0.02456729064085668 0.0)
(69.16798129004255 -0.01916055293389697 0.0)
(69.17535298108939 -0.01510160250110675 0.0)
(69.18215462583774 -0.011703467548310042 0.0)
(69.1884583943474 -0.0093784524896072 0.0)
(69.19377448067668 -0.008245470657601502 0.0)
(69.19801397801932 -0.007794219217616173 0.0)
(69.20080762523665 -0.007596945858201153 0.0)
(69.20291648978124 -0.00660648478946731 0.0)
(69.20658826766977 -0.005477387968955777 0.0)
(69.20881842737751 -0.004822052483583917 0.0)
(69.21295038302999 -0.0028524966086521998 0.0)
(69.21617533425866 -0.004865097590916654 0.0)
(69.2264063282781 -0.008074226472896611 0.0)
(69.21599361837448 -0.011730751417733918 0.0)
(69.21035347117933 -0.004534128327893776 0.0)
(69.21886139995868 -0.002968036800519406 0.0)
(69.22610304993607 -0.0018032386665917696 0.0)
(69.23698906843838 -0.0014221540416129454 0.0)
(69.24977157615628 -0.0011631372204166895 0.0)
(69.26574644177522 -0.0008189858970264098 0.0)
(69.28601662885002 -0.0006247055993875628 0.0)
(69.30893014076904 -0.0004109082404110844 0.0)
(69.33583827927724 -0.0002645661995844081 0.0)
(69.36207404385124 -0.00014943421211100936 0.0)
(69.38560940408183 -7.67353564598847e-5 0.0)
(69.40507038925855 -3.981531346078113e-5 0.0)
(69.41874154049896 -1.7983981730634703e-5 0.0)
(69.42783517575259 -7.745605083265867e-6 0.0)
(69.4334410776705 -3.2639532291831354e-6 0.0)
(69.43658501074178 -1.2412022512655934e-6 0.0)
(69.43830490109552 -4.554571227673651e-7 0.0)
(69.43920707304311 -1.6566857303861841e-7 0.0)
(69.4396421525091 -5.3924437996803874e-8 0.0)
(69.4398492095178 -1.7491507013942166e-8 0.0)
(69.43994044414245 -5.3480021445416246e-9 0.0)
(69.4399783365772 -1.3666974191072597e-9 0.0)
(69.43999311813452 -2.6022912641648245e-10 0.0)
(69.43999827911031 -3.0197304141526975e-11 0.0)
(69.43999975422942 5.755677568829102e-13 0.0)
(69.46358116530878 -4.0759900372273447e-7 -1.2503717598009684e-21)
(69.46370108210985 6.284336070682689e-6 7.070947225756519e-22)
(69.46392374085077 1.593964081985056e-5 -1.1689532287163267e-21)
(69.46420275587413 -3.996230632258243e-6 -8.72308736976768e-22)
(69.46453615639034 -8.078277458632443e-5 0.0)
(69.46499504049372 -0.00023852584658410044 -2.6720932264331093e-22)
(69.46570533761296 -0.0005096798836556895 2.3743121590781593e-21)
(69.46683761473263 -0.0009920355828162027 -2.6063502859795642e-21)
(69.46860072267941 -0.001901455248959573 -1.0833216499153054e-22)
(69.4712482945402 -0.003593948181610483 -5.290224802661775e-21)
(69.47505799610708 -0.006550193011383618 7.48869982664091e-21)
(69.48024763541375 -0.01138163422815721 -8.432309569469831e-22)
(69.48695496943864 -0.01888573259589436 1.0744063669542973e-21)
(69.49510477104495 -0.030058427958383444 -5.351559480356384e-21)
(69.50436021223473 -0.04606093846724153 -1.868479220546038e-21)
(69.5138675973239 -0.06802513511816036 1.3308360899784123e-21)
(69.5222079779571 -0.09689395108342522 -4.2113755310564626e-22)
(69.52738110013762 -0.13316417572781808 0.0)
(69.52687979706344 -0.17640207833856889 -2.7320374052611106e-20)
(69.51807347103535 -0.2250365990224979 0.0)
(69.49853794692578 -0.2760996840061492 0.0)
(69.46666324044908 -0.32530382250088036 -4.793942602340138e-20)
(69.4223208049967 -0.3677148758920733 -3.2432309842696406e-20)
(69.36733611549859 -0.39847299988615803 1.0608778844702273e-20)
(69.30553062998132 -0.41387330947194856 0.0)
(69.24216825543219 -0.4122579021611498 -3.898170937420317e-21)
(69.18299032275223 -0.3944249523196094 0.0)
(69.13283389182172 -0.3633033747701557 1.6893136475931391e-21)
(69.10245685224302 -0.32327788049892886 -1.5587809490344859e-22)
(69.0598847966746 -0.3061772160580124 0.0)
(69.06270906982694 -0.2513061993954704 0.0)
(69.06351780700706 -0.20323012416351305 0.0)
(69.07052358121652 -0.16252915266997073 0.0)
(69.08132468551041 -0.12924088976594297 0.0)
(69.0937896599563 -0.10235045946766055 0.0)
(69.10669860698488 -0.08100813654309756 0.0)
(69.11937920746867 -0.06430540381186713 0.0)
(69.13146741365682 -0.05138187931902763 0.0)
(69.14242744799448 -0.04156409656990026 0.0)
(69.15229545291335 -0.033552821159615116 0.0)
(69.1610972696577 -0.027639050729322205 0.0)
(69.16844805607427 -0.02185393488172833 0.0)
(69.17563489641343 -0.01732162962330774 0.0)
(69.18231459746256 -0.013573385337605414 0.0)
(69.18843001564422 -0.010849961524593367 0.0)
(69.19360717436825 -0.009414729534845666 0.0)
(69.1977975971354 -0.008754032582826891 0.0)
(69.20066028728091 -0.008398102013923232 0.0)
(69.20284116596135 -0.0072887679192729544 0.0)
(69.20647749210332 -0.006069229382375966 0.0)
(69.20874952826361 -0.00533252244660957 0.0)
(69.21267822611836 -0.0032267323929240943 0.0)
(69.21566115913855 -0.005278120876464793 0.0)
(69.22587869484666 -0.007745723269955197 0.0)
(69.21570526079336 -0.01146708183736707 0.0)
(69.20993928555411 -0.004714521027363722 0.0)
(69.21781144487312 -0.003229989087246206 0.0)
(69.22442987530354 -0.0019700754840666877 0.0)
(69.23447578331688 -0.0015663867932516286 0.0)
(69.24612054126767 -0.0013059858223862647 0.0)
(69.26063915520807 -0.0009298789246264006 0.0)
(69.27926480192141 -0.0007278053143205963 0.0)
(69.30057379946939 -0.0004904257731298358 0.0)
(69.3265374634291 -0.0003250281086335319 0.0)
(69.3527673739521 -0.0001896124662509248 0.0)
(69.37735909633969 -0.00010037067483613919 0.0)
(69.39868541020809 -5.3646306741604747e-5 0.0)
(69.41427896285207 -2.4822495738695795e-5 0.0)
(69.42501813759685 -1.0894139465701087e-5 0.0)
(69.43181663661436 -4.657951966027085e-6 0.0)
(69.43570048571824 -1.7924054543740458e-6 0.0)
(69.43785280114102 -6.64503006560952e-7 0.0)
(69.43899155583433 -2.4444381981965654e-7 0.0)
(69.4395437061148 -8.070996262671308e-8 0.0)
(69.43980740535333 -2.6701360710966254e-8 0.0)
(69.43992385250894 -8.407373497850904e-9 0.0)
(69.43997228271492 -2.2534011489603515e-9 0.0)
(69.43999119123325 -4.666019850529319e-10 0.0)
(69.43999779667323 -6.278809678188207e-11 0.0)
(69.4399995377946 2.0641636418102048e-12 0.0)
(69.43999990400943 2.7577600943848175e-13 0.0)
(69.46357125938479 -1.818836835907042e-6 1.2500315613885413e-21)
(69.46368683847619 8.229563863878213e-7 -1.720160431314215e-21)
(69.46390715324704 6.581418339511504e-6 1.933633872246228e-21)
(69.46418805849781 -1.7251817180901978e-5 8.523704018944974e-22)
(69.4645216780954 -0.00010029644637781364 1.6737642200893248e-21)
(69.46496596779048 -0.00027091750112332813 1.3560386664066717e-22)
(69.4656560631541 -0.0005671659781782088 0.0)
(69.4667517223035 -0.0010946446892141362 2.5242405398466006e-21)
(69.46846730970373 -0.0020813713516356545 -5.6602162901888065e-21)
(69.47103637110627 -0.0039000209343903673 -6.663390763219397e-21)
(69.47470952288514 -0.007050907637352925 -7.812624317465273e-22)
(69.47967598281909 -0.012166377339089764 -5.9634008061413144e-21)
(69.48603153675805 -0.020055585960202276 5.304524658865927e-21)
(69.49370234507612 -0.03172613707583425 -6.36556653355241e-22)
(69.5022825739873 -0.04828179336042871 3.5164977070506733e-23)
(69.51087616408311 -0.07077018564840809 -2.4681920918987773e-22)
(69.51800367978113 -0.09999675945314401 -1.759309779285735e-21)
(69.52155155323169 -0.13615590843927214 1.0294945242869351e-20)
(69.51907044298758 -0.17860088275033487 -8.8528331163813e-22)
(69.50801500108898 -0.22545634555466512 1.0131557813589108e-20)
(69.4862144403127 -0.27345466821561765 1.9194996709621725e-20)
(69.45249795155186 -0.3183211487351413 1.2455699173464489e-20)
(69.40722322300941 -0.35528763694382975 1.5124959165762311e-21)
(69.35276166518707 -0.380035372964301 6.562327134094737e-22)
(69.29324320528816 -0.3896423664347255 -6.370885904263196e-23)
(69.23402295994622 -0.3833358305129276 -2.454034514418003e-22)
(69.18032408384451 -0.36257349540334016 -3.9630148139229043e-23)
(69.14301381276088 -0.33069612264879467 -8.732215314362743e-23)
(69.09465337051793 -0.32028820073722614 0.0)
(69.08836134062477 -0.2679881700687626 0.0)
(69.0822510262348 -0.22002692455507725 0.0)
(69.08397575556023 -0.1782384398287967 0.0)
(69.09068912544652 -0.14296748929448821 0.0)
(69.10038279714978 -0.11410675956741502 0.0)
(69.11121581754679 -0.09060730185417831 0.0)
(69.12249920244707 -0.07207182408410993 0.0)
(69.13351912831354 -0.057459961424154056 0.0)
(69.14382451112375 -0.04639587186356132 0.0)
(69.15321074350376 -0.03750880494614416 0.0)
(69.16175725080399 -0.030872011126129868 0.0)
(69.16903826536247 -0.024771632656251333 0.0)
(69.17600332371092 -0.01973858732565939 0.0)
(69.18253773761428 -0.015657000482147063 0.0)
(69.18844970578643 -0.012539868214809563 0.0)
(69.19346026544194 -0.010724324411993509 0.0)
(69.19759623385933 -0.009809480844572813 0.0)
(69.20053990644264 -0.00924270739322527 0.0)
(69.20280502193697 -0.007984744483008645 0.0)
(69.20640845875317 -0.006676981289542753 0.0)
(69.20873795845836 -0.005847957294169398 0.0)
(69.21244687363006 -0.003636219322332006 0.0)
(69.2152027148449 -0.005671002474411716 0.0)
(69.2254181802765 -0.0074461817078473455 0.0)
(69.21551727180878 -0.01118218693433407 0.0)
(69.20971035720379 -0.004905994895245625 0.0)
(69.21701001940608 -0.0035107973288813358 0.0)
(69.22311808272191 -0.00215222685581005 0.0)
(69.23247385631028 -0.001721177153491207 0.0)
(69.2431736278311 -0.001460853227280409 0.0)
(69.25644040846726 -0.0010493609290761188 0.0)
(69.27356826072844 -0.0008406609919146976 0.0)
(69.29327112576017 -0.0005786883856374099 0.0)
(69.31803564962442 -0.0003937795399976102 0.0)
(69.34379788024715 -0.00023693479722378596 0.0)
(69.36894481121375 -0.0001292624633139566 0.0)
(69.39180825036166 -7.127409568901924e-5 0.0)
(69.40923756967148 -3.385720472094254e-5 0.0)
(69.42171194182663 -1.5174898748444057e-5 0.0)
(69.42985511849552 -6.594275939359592e-6 0.0)
(69.43461074168502 -2.5695674916725012e-6 0.0)
(69.4372881520559 -9.621893359998627e-7 0.0)
(69.43871994146504 -3.5737656329866267e-7 0.0)
(69.4394189031315 -1.192728905679834e-7 0.0)
(69.43975420847494 -3.999616776820667e-8 0.0)
(69.43990268814089 -1.283091099267001e-8 0.0)
(69.43996454853786 -3.5367329529440518e-9 0.0)
(69.43998872711194 -7.654889899097652e-10 0.0)
(69.43999717935246 -1.1075788626717127e-10 0.0)
(69.43999940816671 1.7616958481014196e-12 0.0)
(69.43999981945497 1.2291487236012234e-12 0.0)
(69.439999897845 -1.3118193460729395e-13 0.0)
(69.46355903524035 -3.4454776143035154e-6 0.0)
(69.46366896532055 -4.962149601938715e-6 2.386206622532721e-21)
(69.46388803961713 -3.2339981255675423e-6 -1.5132662249514562e-21)
(69.46417171510558 -3.096362753311203e-5 -2.3317774279951927e-21)
(69.46450185565311 -0.00011999648132480668 2.3669327087262963e-22)
(69.46493932215196 -0.00030305044383626534 -3.85226589774242e-22)
(69.46560540854215 -0.0006238025365785008 5.7359525453922815e-21)
(69.46666815853915 -0.0011960543974711623 2.4710638521576118e-21)
(69.46833541960739 -0.002259282370655189 0.0)
(69.47082815260092 -0.004201849643063851 0.0)
(69.47437223592758 -0.007541801414053541 6.344722610854116e-21)
(69.47911487003748 -0.012926749068321364 5.6848145202840374e-21)
(69.4851446231864 -0.0211855930606138 6.918585372884007e-22)
(69.49233100433618 -0.033305868360108515 5.332704610278436e-22)
(69.50024076905024 -0.05035080874911147 2.5239487989985467e-22)
(69.50792635297344 -0.07327979851149778 2.1445708621973586e-21)
(69.51378730182512 -0.10267442684328977 -2.4065950462890767e-22)
(69.51570428920833 -0.13855082386708434 -5.570822055099405e-22)
(69.5112289433411 -0.17999313305223097 -8.486364002263862e-21)
(69.49795656432285 -0.22481958189179227 0.0)
(69.47405930303918 -0.26965402195239097 -7.822907629220907e-21)
(69.4387638819886 -0.31019616183977416 1.5074341524555693e-21)
(69.39299469249902 -0.34196110844958394 6.969177923695465e-21)
(69.33953809684415 -0.3612185946609044 3.063534103193948e-21)
(69.28280150035913 -0.3658186984698464 6.031335066262297e-22)
(69.2279547662677 -0.35574479974790363 -2.5871901593164875e-22)
(69.18546429560311 -0.33301207940977545 0.0)
(69.13256110587658 -0.33035007524073395 0.0)
(69.11734754622974 -0.2822510579031988 0.0)
(69.1041084823857 -0.23582585613063511 0.0)
(69.09995759413718 -0.1938079262400098 0.0)
(69.10209336571026 -0.15724212733932028 0.0)
(69.10841494699469 -0.12659215484373584 0.0)
(69.11686743980852 -0.10122036945976277 0.0)
(69.12637481310118 -0.08073248925212609 0.0)
(69.1361709407336 -0.06444243427280318 0.0)
(69.14558501467171 -0.05180299999456228 0.0)
(69.15441991722805 -0.04191435457027046 0.0)
(69.16258793589101 -0.034334361178494234 0.0)
(69.16975933304737 -0.027867301541781266 0.0)
(69.17648483398503 -0.022367139007973512 0.0)
(69.18282696097361 -0.017916547538543413 0.0)
(69.18853167510146 -0.014454824431498585 0.0)
(69.19334895340113 -0.012193033221631787 0.0)
(69.19741732101923 -0.010956917275617333 0.0)
(69.200453759614 -0.010137874125487377 0.0)
(69.20281077572461 -0.008692156548453896 0.0)
(69.20637917190707 -0.007285940102898758 0.0)
(69.20877874850791 -0.0063640562415260855 0.0)
(69.21225089749188 -0.0040804691847251984 0.0)
(69.21479214599519 -0.00603051976028953 0.0)
(69.22501637247755 -0.007192628016430759 0.0)
(69.2154066233942 -0.01087545567170772 0.0)
(69.20963256209069 -0.0051124228185147 0.0)
(69.21640924293946 -0.0038107496327238212 0.0)
(69.22209853066917 -0.002352819396466018 0.0)
(69.23088838535062 -0.0018883676803565438 0.0)
(69.24081282910248 -0.0016296005087708591 0.0)
(69.25302513855043 -0.0011786466322330812 0.0)
(69.26883324714481 -0.0009641981338517605 0.0)
(69.28701618066503 -0.0006762014494140278 0.0)
(69.31045806221982 -0.0004711472189842266 0.0)
(69.3354016950749 -0.00029182147871020206 0.0)
(69.36062067658698 -0.00016392149877559697 0.0)
(69.3846102728628 -9.331884564680606e-5 0.0)
(69.40368009305885 -4.559409820798727e-5 0.0)
(69.41790546039147 -2.0917095152660368e-5 0.0)
(69.42751973373628 -9.257296616411249e-6 0.0)
(69.43328131928946 -3.657759480868102e-6 0.0)
(69.43658759877458 -1.3841350975386252e-6 0.0)
(69.43837912130753 -5.187939055072804e-7 0.0)
(69.4392611348742 -1.7468665540703994e-7 0.0)
(69.43968663683157 -5.916516946761076e-8 0.0)
(69.439875722096 -1.9222247121998547e-8 0.0)
(69.43995467490376 -5.3933288667568094e-9 0.0)
(69.43998557745384 -1.1982178002267924e-9 0.0)
(69.43999638967001 -1.8025466545568384e-10 0.0)
(69.43999924226286 4.675491652234658e-13 0.0)
(69.43999976880362 1.8854161118521068e-12 0.0)
(69.43999980784197 -1.108649642756756e-12 0.0)
(69.43999986241734 -2.932811401526718e-13 0.0)
(69.46354420571653 -5.326227639638318e-6 0.0)
(69.46364908200236 -1.1068476469806641e-5 -1.0172388721609987e-21)
(69.46386740044717 -1.3455356591876877e-5 5.496419148072404e-24)
(69.46415040387276 -4.507890708597686e-5 -2.0954128639760825e-22)
(69.4644830280088 -0.0001398787718144298 0.0)
(69.46491076228928 -0.0003348445792703307 -5.097110227019548e-22)
(69.46555703894933 -0.0006795963993945505 -1.239671250497033e-23)
(69.46658707872275 -0.0012960938747765885 2.492169236284913e-21)
(69.46820749220818 -0.002434930419184495 0.0)
(69.47062766720293 -0.004498786323697382 -8.524132274455561e-21)
(69.47403935307821 -0.008019461075320975 -1.8643838691431315e-21)
(69.47857714320438 -0.013664028054549188 3.8703098086160745e-21)
(69.48427515332968 -0.022261201298718832 2.2501986911803286e-21)
(69.49098117923239 -0.03478922841547081 -5.341571651273784e-22)
(69.49822308119239 -0.05226783531728196 1.429590892231147e-21)
(69.50494907839725 -0.07550431304372561 2.165091000665095e-22)
(69.5095229755353 -0.10493889396613611 1.6214141333749737e-21)
(69.50976998710993 -0.14036037629728682 -2.842419812161634e-23)
(69.50328538745505 -0.18057474665287798 2.378053321035875e-21)
(69.48789322657088 -0.22323814658348237 1.1510951350699436e-20)
(69.46206840753058 -0.264835755380665 0.0)
(69.42553545108674 -0.30113746256475754 -7.361231214777648e-21)
(69.37971487993832 -0.3280313399003845 0.0)
(69.3277439618712 -0.34235634847719515 -1.518362654480167e-21)
(69.27419186815106 -0.3427253884498198 -1.9826911996223465e-22)
(69.22866013353926 -0.3297359899260158 0.0)
(69.17286793050454 -0.3355266329261549 0.0)
(69.1494263382307 -0.2931805534583988 0.0)
(69.12919487791166 -0.24978351037986404 0.0)
(69.11873481468199 -0.20858838436134605 0.0)
(69.1158406624106 -0.17158813236698947 0.0)
(69.11816794265029 -0.1395391423822782 0.0)
(69.12385136080871 -0.1126337895111322 0.0)
(69.13120075252053 -0.09027801478020824 0.0)
(69.13953333409655 -0.07232382022934965 0.0)
(69.14785191380122 -0.05799083085805212 0.0)
(69.15597396760027 -0.046838189258193504 0.0)
(69.16367197297546 -0.038190385334929564 0.0)
(69.17061863166788 -0.03112337657867553 0.0)
(69.17710737089985 -0.0252157000684894 0.0)
(69.18319617417711 -0.020332617173346796 0.0)
(69.1886859848455 -0.016562483167768496 0.0)
(69.19329967717302 -0.013844238497400836 0.0)
(69.19727446242545 -0.012189372597848474 0.0)
(69.20041253615707 -0.011088777832381555 0.0)
(69.20286704263323 -0.00941807758284965 0.0)
(69.20638933244882 -0.007880175079757525 0.0)
(69.208868151678 -0.006880737543090691 0.0)
(69.21208838351565 -0.0045564237101965235 0.0)
(69.21442403380999 -0.006348406972739981 0.0)
(69.22466771939433 -0.006998317481823997 0.0)
(69.21535543700129 -0.010550488392191209 0.0)
(69.2096778701298 -0.005336598220357461 0.0)
(69.21597110419027 -0.004130193996468459 0.0)
(69.22131513719415 -0.002575250178013162 0.0)
(69.22963949773286 -0.002070096630895419 0.0)
(69.23893354915211 -0.0018143669216684488 0.0)
(69.25027153874208 -0.0013192762038956134 0.0)
(69.2649462506252 -0.0010996527964972037 0.0)
(69.28175029384228 -0.0007837134440915335 0.0)
(69.30385486562255 -0.0005575804928993073 0.0)
(69.32775393814632 -0.00035468604502899344 0.0)
(69.35263014829901 -0.00020479293117649168 0.0)
(69.377299141834 -0.00012037284544514925 0.0)
(69.3977165683574 -6.057064270841964e-5 0.0)
(69.41361877026924 -2.850357887358794e-5 0.0)
(69.4247854267473 -1.2877263471997333e-5 0.0)
(69.43167884204094 -5.168767153204075e-6 0.0)
(69.43572555465114 -1.978786793485825e-6 0.0)
(69.437953798632 -7.48650188069953e-7 0.0)
(69.43906240668709 -2.541245653529961e-7 0.0)
(69.43960100401101 -8.676260584586602e-8 0.0)
(69.43984141457393 -2.8448082562206956e-8 0.0)
(69.43994208184526 -8.077609904066141e-9 0.0)
(69.4399815539257 -1.8244610428424025e-9 0.0)
(69.43999537987901 -2.808835098391083e-10 0.0)
(69.43999902998227 -1.4126234641467355e-12 0.0)
(69.43999970396708 2.61977547370128e-12 0.0)
(69.43999975391844 -3.213623435280248e-12 0.0)
(69.43999974118083 -1.6347371756882326e-12 0.0)
(69.4399998801517 -1.1235821050260419e-13 0.0)
(69.46352754255841 -7.4756020427967315e-6 2.9690482766667274e-22)
(69.4636279235465 -1.7450465839996972e-5 9.893811423671127e-22)
(69.46384286576647 -2.40205242187558e-5 0.0)
(69.46412931234472 -5.953806705045103e-5 0.0)
(69.46446153943423 -0.00015986696772308552 -9.011812997063596e-22)
(69.46488312111822 -0.0003662964235227831 -1.0144967315745311e-21)
(69.46551061630348 -0.0007344698225009924 -1.0861798510471499e-21)
(69.46651019079928 -0.0013946200078574441 2.4458449817327245e-21)
(69.46808661814919 -0.0026078975999856598 2.5904209458617553e-21)
(69.47042967161835 -0.004788810396182515 -5.586079007536805e-21)
(69.47372190530204 -0.008484599935837634 -2.7571858421384486e-21)
(69.47804766854203 -0.014369205070517206 1.1054079946048774e-21)
(69.48341705892057 -0.023277096064459026 0.0)
(69.48964551644634 -0.036175725977848454 -1.236737865265008e-21)
(69.49617704664075 -0.053997385267222545 -1.4336578107150865e-21)
(69.50191893975149 -0.07744992720167121 -1.1253258473727813e-21)
(69.50515579736066 -0.1067930915344084 0.0)
(69.50368772125265 -0.1415728280376663 -2.99341450702614e-21)
(69.49523339484189 -0.18041791025868445 -4.238415304929306e-21)
(69.4778179571203 -0.22079873490603955 -1.5802596005817047e-21)
(69.45030617412495 -0.25913785671791784 0.0)
(69.41291721805645 -0.2913738625956784 -1.7632620856773876e-21)
(69.36747046860492 -0.31375395621937957 1.0587925122483692e-21)
(69.3174683986892 -0.3237493818291146 -2.948582294995137e-22)
(69.27123397723852 -0.3206118761228892 0.0)
(69.21450048238775 -0.33515944808522413 0.0)
(69.18409268384553 -0.3000212287046215 0.0)
(69.15734058022375 -0.2610484303197376 0.0)
(69.14054000233854 -0.22194030944648344 0.0)
(69.13214577000127 -0.1853507219893161 0.0)
(69.13003003151448 -0.15262648888150332 0.0)
(69.13235610907704 -0.12446476700994742 0.0)
(69.13725398813003 -0.10061434234493086 0.0)
(69.14372422393376 -0.08097005852573642 0.0)
(69.1508002605177 -0.065070837752815 0.0)
(69.1579559249512 -0.05237835434861382 0.0)
(69.1650918372979 -0.0425807210380259 0.0)
(69.1716628447873 -0.034639084553377185 0.0)
(69.17788337760891 -0.028261655560881234 0.0)
(69.18368114833359 -0.022929355761382088 0.0)
(69.18892011029881 -0.018802086015799455 0.0)
(69.1933453096063 -0.01568362199540345 0.0)
(69.19719261974917 -0.013510982881377427 0.0)
(69.20042794185473 -0.01209054487165596 0.0)
(69.20298841656681 -0.01017994990001938 0.0)
(69.20644078149724 -0.008451473354258164 0.0)
(69.20900229150031 -0.0073993577685841 0.0)
(69.21196016953968 -0.005060998225646027 0.0)
(69.2140952529048 -0.006625655423534123 0.0)
(69.22436810500784 -0.006868333129847868 0.0)
(69.21535057933251 -0.010218632116691613 0.0)
(69.20982284993893 -0.005578503312271181 0.0)
(69.2156658367208 -0.004470109188561694 0.0)
(69.22072308116643 -0.0028229753900598444 0.0)
(69.22866125830653 -0.002268861442407415 0.0)
(69.2374458877438 -0.0020175449509323897 0.0)
(69.2480677144109 -0.0014731162443012346 0.0)
(69.26178816304501 -0.001248575748054189 0.0)
(69.27738129007705 -0.0009022455833480375 0.0)
(69.29821300203668 -0.0006537149004132382 0.0)
(69.32095931338152 -0.00042599886212869083 0.0)
(69.34517865373465 -0.0002522826428432241 0.0)
(69.37009586493585 -0.00015298509817410544 0.0)
(69.39149962314404 -7.933245061633287e-5 0.0)
(69.4089096635894 -3.8361607025594254e-5 0.0)
(69.42164621985766 -1.7732437318049516e-5 0.0)
(69.4297749120426 -7.246084936555426e-6 0.0)
(69.43467546849615 -2.8109820747287633e-6 0.0)
(69.43742663825854 -1.074445226062661e-6 0.0)
(69.43881320953467 -3.67661305154298e-7 0.0)
(69.43949279934719 -1.2641921276381428e-7 0.0)
(69.4397978487407 -4.174971260015898e-8 0.0)
(69.43992603954433 -1.1955681916299037e-8 0.0)
(69.43997641799042 -2.7303811300860947e-9 0.0)
(69.43999408924755 -4.265538859558577e-10 0.0)
(69.43999875844277 -4.1526034183988954e-12 0.0)
(69.43999962098879 3.693931384461772e-12 0.0)
(69.4399996848842 -6.620406114057716e-12 0.0)
(69.4399996685353 -3.468194179240229e-12 0.0)
(69.43999977452837 -6.496104701333535e-13 0.0)
(69.46350951351721 -9.863955360945177e-6 -5.806576976828816e-22)
(69.46360416149497 -2.4053571888984975e-5 -3.2797349169675734e-22)
(69.46381848397068 -3.4852248756835806e-5 0.0)
(69.46410560390662 -7.424725408770623e-5 1.6105009250639872e-21)
(69.46443967309308 -0.0001799159612129907 -8.712300005865156e-22)
(69.46485586482407 -0.00039735988603327503 1.980865622606513e-21)
(69.46546727939861 -0.0007883721613629816 -5.260998601151226e-24)
(69.46643973800863 -0.001491419837049317 -2.4000623960731266e-21)
(69.46796836778711 -0.00277704142643962 3.80911918306538e-21)
(69.47024384842877 -0.005072218484340387 -1.3546391522365747e-21)
(69.47340823521 -0.008931756076946875 -4.1925671489810644e-21)
(69.47752301132208 -0.015038996737669737 -7.00390188076601e-22)
(69.48256698769161 -0.024233346851768384 5.841067119797461e-22)
(69.4882854768978 -0.03744202536602594 1.0311553122177034e-21)
(69.49408569913959 -0.055542904884753906 -3.079908189543477e-22)
(69.49879445505847 -0.07911623049552058 7.100229452205749e-22)
(69.50063398016364 -0.10822096803645755 9.898101913234539e-22)
(69.49744815588254 -0.14222984422750973 9.344880489965826e-22)
(69.48706283027319 -0.17957434131077213 2.9363989125935783e-21)
(69.46777938416514 -0.2175927075115939 -1.7750664862672657e-21)
(69.43888125143542 -0.2527270264223584 1.2264119299694903e-21)
(69.40100113227206 -0.28109676608222384 -3.1560543492832223e-22)
(69.35639511869967 -0.29938042077185445 2.605311910040111e-22)
(69.31171506251519 -0.30563780027295795 0.0)
(69.25616891085876 -0.3288023428871892 0.0)
(69.22048617953311 -0.30208549322486056 0.0)
(69.18815260020976 -0.26890854903094497 0.0)
(69.16533627763714 -0.2331796801335363 0.0)
(69.15121517770712 -0.19796063289048862 0.0)
(69.14428982196276 -0.16535449152390735 0.0)
(69.14269569108686 -0.1363767178034701 0.0)
(69.14476269996652 -0.11142268784859974 0.0)
(69.14898315458662 -0.09026622158418089 0.0)
(69.1545584312893 -0.0729168209251324 0.0)
(69.16054032875124 -0.058671697520929066 0.0)
(69.16690503664707 -0.04754858742770823 0.0)
(69.17299323052647 -0.03860441140670828 0.0)
(69.1788234244512 -0.03150408292072614 0.0)
(69.18432765956354 -0.025742528583517253 0.0)
(69.18925719881251 -0.02114218158408365 0.0)
(69.19351222776068 -0.01766966262360939 0.0)
(69.19721301431095 -0.014948718415242295 0.0)
(69.20051219877149 -0.013128715245420688 0.0)
(69.20319176586656 -0.010997988576809522 0.0)
(69.20653986287626 -0.009013358230621563 0.0)
(69.20917506192238 -0.007917117652557872 0.0)
(69.21186891304137 -0.005596968360822096 0.0)
(69.21380513818048 -0.006873550935574991 0.0)
(69.22411358216556 -0.006798659323805038 0.0)
(69.21538315409988 -0.009900462851091885 0.0)
(69.21004765734038 -0.0058343536168132416 0.0)
(69.21547041916317 -0.004832599680443104 0.0)
(69.22028707565863 -0.0030992368351104877 0.0)
(69.22790007539592 -0.002487605571509244 0.0)
(69.23627437797848 -0.0022417543370383273 0.0)
(69.24631495789687 -0.0016423687708578473 0.0)
(69.2592440715826 -0.0014128331569348822 0.0)
(69.2738002918595 -0.0010331076672523806 0.0)
(69.29347322517167 -0.0007604171231486849 0.0)
(69.31505504828662 -0.0005063486991354953 0.0)
(69.33841506025111 -0.00030680125912859124 0.0)
(69.36320870938282 -0.00019166409937813438 0.0)
(69.38521072078983 -0.00010241284697806218 0.0)
(69.40387560858123 -5.094766369926393e-5 0.0)
(69.41812218514718 -2.4147028936919834e-5 0.0)
(69.4275512799277 -1.0068832857543791e-5 0.0)
(69.43341196254049 -3.965810127666231e-6 0.0)
(69.4367787633731 -1.5335859124588654e-6 0.0)
(69.43850248671191 -5.2932686839535e-7 0.0)
(69.43935657684185 -1.8326861405640588e-7 0.0)
(69.43974265782558 -6.089880974830965e-8 0.0)
(69.43990563439286 -1.7553117518320268e-8 0.0)
(69.43996986843399 -4.040053195805481e-9 0.0)
(69.43999244068723 -6.37387393666918e-10 0.0)
(69.43999841123666 -8.10449537966623e-12 0.0)
(69.43999951481845 5.241170325885219e-12 0.0)
(69.43999959651875 -1.1552713720529506e-11 0.0)
(69.43999957552279 -6.186496711514629e-12 0.0)
(69.43999971123196 -1.4322858794824532e-12 0.0)
(69.46348990157567 -1.2453319830995537e-5 5.802929250463256e-22)
(69.46358050069031 -3.0805368873311915e-5 0.0)
(69.46379223009279 -4.5848105726724276e-5 -2.8382619575296243e-21)
(69.46408120536385 -8.91241184243121e-5 -1.584037089558609e-21)
(69.46441701740795 -0.00019996219633105507 1.841949588846725e-23)
(69.46482984812295 -0.0004280065118757501 0.0)
(69.46542855069187 -0.0008412242346584552 -3.487147649320497e-23)
(69.4663716474276 -0.0015859255047468235 -2.3156445754027584e-21)
(69.46786122011478 -0.0029425118594152613 -2.585037074287289e-21)
(69.47006115818282 -0.005345826250045664 5.258197262248275e-21)
(69.47309711295514 -0.009358885640237999 -2.738945091927161e-21)
(69.47700330400237 -0.015673526522683206 -6.462852707573304e-22)
(69.48169644156212 -0.025114729262849748 -1.135017825128438e-21)
(69.48689036333282 -0.038590013104165315 0.0)
(69.49191865571257 -0.05690295541407234 -4.280892525127505e-22)
(69.49553306512506 -0.0804869447833448 -8.752684628027757e-22)
(69.49594822801429 -0.10924780922139792 0.0)
(69.49104006154619 -0.14236349775081544 1.0908697554596194e-21)
(69.47880843372386 -0.17810211311267712 -2.1040173025326387e-22)
(69.45787103802171 -0.21373335763400214 -3.940317287538105e-22)
(69.42788665144859 -0.24574473984328665 1.1144084587228842e-21)
(69.38992571079223 -0.27049939066115664 0.0)
(69.34874737063573 -0.2851284446549036 0.0)
(69.29647288718886 -0.31623962351566365 0.0)
(69.25749967569676 -0.29877791322443115 0.0)
(69.22097725216645 -0.27269397762943076 0.0)
(69.19279734909311 -0.2416223328422523 0.0)
(69.17312989790125 -0.20891463699661375 0.0)
(69.16110028982047 -0.1771958937267126 0.0)
(69.15522461514644 -0.1480515234497901 0.0)
(69.15393082409705 -0.1223101452583278 0.0)
(69.15561074076149 -0.10004223036907382 0.0)
(69.15926560645914 -0.0813099384726125 0.0)
(69.16392700736925 -0.06572841775104271 0.0)
(69.16921187535432 -0.05312544172691641 0.0)
(69.17471052112866 -0.04313664491406804 0.0)
(69.17999122235685 -0.035057059522097325 0.0)
(69.18516194308097 -0.028771633802219976 0.0)
(69.18975566204625 -0.0236294560681422 0.0)
(69.19381422010349 -0.019728251180520823 0.0)
(69.1973867929916 -0.016534828060841396 0.0)
(69.20068385231814 -0.014200840858740118 0.0)
(69.20348784079476 -0.01188024774843481 0.0)
(69.20670041251462 -0.009610488726661159 0.0)
(69.20937637644005 -0.008426779967846614 0.0)
(69.21181784771021 -0.006177795736088795 0.0)
(69.21355553790426 -0.007110416015121047 0.0)
(69.22389980107944 -0.00678171584445461 0.0)
(69.21544755447248 -0.009622059212470122 0.0)
(69.21033568441358 -0.006098077486350106 0.0)
(69.21536716968068 -0.005220754051345231 0.0)
(69.21997981006245 -0.003406860696269362 0.0)
(69.22731299487316 -0.0027298000492369666 0.0)
(69.23535680016802 -0.0024898199217688287 0.0)
(69.24492878504812 -0.0018295885617144014 0.0)
(69.25720902557036 -0.001594610400655291 0.0)
(69.27089467083151 -0.0011779061249569652 0.0)
(69.28954758745846 -0.0008788138865583093 0.0)
(69.31002264862002 -0.0005964934816639618 0.0)
(69.33242480179756 -0.0003688159028886303 0.0)
(69.35681022955386 -0.00023689981404750946 0.0)
(69.37903982629165 -0.00013032176316196605 0.0)
(69.39864856596172 -6.672977678763537e-5 0.0)
(69.4142645567555 -3.248384515959473e-5 0.0)
(69.42500561902176 -1.385360364395991e-5 0.0)
(69.43191400115616 -5.552309968033582e-6 0.0)
(69.4359907591844 -2.1761495061100127e-6 0.0)
(69.43811776456978 -7.584551037807554e-7 0.0)
(69.43918587706898 -2.6452084295531724e-7 0.0)
(69.4396729503086 -8.841338535492366e-8 0.0)
(69.43987973015088 -2.5622363276959216e-8 0.0)
(69.43996152649588 -5.931918661508616e-9 0.0)
(69.43999033658217 -9.423188974649222e-10 0.0)
(69.43999796750059 -1.3840042483654482e-11 0.0)
(69.4399993790165 7.493203761704632e-12 0.0)
(69.43999948343115 -1.8700021252269074e-11 0.0)
(69.4399994564484 -1.0122338221704624e-11 0.0)
(69.43999963018275 -2.6121312255792336e-12 0.0)
(69.4634698768466 -1.5184173942364885e-5 -1.125435272863571e-21)
(69.4635557951007 -3.7610054077643785e-5 -1.2514985623080015e-21)
(69.46376568365945 -5.691422238264407e-5 2.8139086165695453e-21)
(69.46405592340787 -0.00010407923934043648 3.0879330982300454e-21)
(69.46439431927458 -0.00021995026001552675 1.711346357895362e-21)
(69.46480621459324 -0.00045819499729156393 0.0)
(69.4653907004881 -0.000892782671486789 2.1084211305484706e-21)
(69.46631324001117 -0.0016782774941533664 4.578533115941691e-21)
(69.46775767968394 -0.003102582229058319 -4.977794312011987e-21)
(69.46988183199713 -0.005608451349387747 -1.322301159791524e-21)
(69.47279092998868 -0.009765993568714998 1.3494221630305643e-21)
(69.47646734765628 -0.01626303574881162 2.6231257755460345e-21)
(69.48079973300017 -0.025922184536667343 1.7623356330772437e-21)
(69.48543848854742 -0.039617804118779444 -8.78011224262033e-22)
(69.48964260446171 -0.05806406357950283 2.647551863081674e-23)
(69.49212704242952 -0.08157733735475367 -1.6144357463542628e-22)
(69.49108562899929 -0.10988947882811018 -1.5262868065802906e-21)
(69.48448499681237 -0.1420051989877416 4.782665274827887e-22)
(69.47054292623986 -0.17607409750441438 1.9697854192969895e-22)
(69.44817850442459 -0.20932064675689888 -4.0388526571677315e-22)
(69.41745143952409 -0.23833424362129382 -1.2565560419639267e-22)
(69.38125800828321 -0.25976341641598716 -1.0631694291296665e-23)
(69.33404896145225 -0.297567055018277 0.0)
(69.29393659990005 -0.28969616416609933 0.0)
(69.25490074034774 -0.27171966210229687 0.0)
(69.2224078436057 -0.24658244885069552 0.0)
(69.19769204407768 -0.21762046160835366 0.0)
(69.180545114582 -0.1877185871740491 0.0)
(69.17014227689593 -0.1591058954573946 0.0)
(69.16503571543393 -0.13299913892615484 0.0)
(69.16381856958512 -0.1099917319189062 0.0)
(69.16516818707098 -0.09010447368509468 0.0)
(69.16824228490078 -0.07335804324773958 0.0)
(69.17221291242255 -0.05937239118373259 0.0)
(69.17687775910957 -0.04821571418685523 0.0)
(69.18151826776358 -0.03910602250764651 0.0)
(69.18620184861514 -0.032025709255389216 0.0)
(69.19048928518498 -0.026346065649706898 0.0)
(69.1942743120961 -0.021840140646044434 0.0)
(69.19775085508016 -0.01826391024199204 0.0)
(69.20097720293228 -0.015347422228984694 0.0)
(69.20387416021843 -0.012818135493567147 0.0)
(69.20694167782524 -0.01030641042693039 0.0)
(69.20959407611933 -0.008933066718107448 0.0)
(69.21180849946063 -0.0068228800627950555 0.0)
(69.21335043673133 -0.007358089756021357 0.0)
(69.22372259407571 -0.0068167992433657435 0.0)
(69.21554008271555 -0.009405460899670497 0.0)
(69.21067385232166 -0.006366139627087965 0.0)
(69.21534241642065 -0.005637282134244327 0.0)
(69.21978063991855 -0.003748354644133037 0.0)
(69.2268660341584 -0.0029994639606039557 0.0)
(69.23464262401896 -0.0027647641522815544 0.0)
(69.24383850114798 -0.0020377085052469537 0.0)
(69.2555908560935 -0.0017964215041130344 0.0)
(69.26855668888767 -0.0013385513999667703 0.0)
(69.28633462490914 -0.0010103088808728255 0.0)
(69.30580361384284 -0.0006973981103960721 0.0)
(69.32723385140895 -0.0004388995788503715 0.0)
(69.35102243580987 -0.00028920014502138876 0.0)
(69.3731630310026 -0.00016354865158484583 0.0)
(69.39338262084803 -8.617199809279048e-5 0.0)
(69.41015646752079 -4.313255138449923e-5 0.0)
(69.42215712852823 -1.8852995784761955e-5 0.0)
(69.43016888909249 -7.706408867844455e-6 0.0)
(69.43504435365966 -3.06787127257603e-6 0.0)
(69.4376455463697 -1.081346491532106e-6 0.0)
(69.4389732150797 -3.802174423768018e-7 0.0)
(69.43958524287613 -1.2785321686505195e-7 0.0)
(69.43984692556677 -3.7237156047039685e-8 0.0)
(69.43995091838717 -8.66211819393966e-9 0.0)
(69.4399876537436 -1.383066513362116e-9 0.0)
(69.43999740075643 -2.2161978764175473e-11 0.0)
(69.43999920538312 1.0752593254125587e-11 0.0)
(69.43999933874134 -2.905727734732984e-11 0.0)
(69.43999930403379 -1.583134502118369e-11 0.0)
(69.43999952641234 -4.322349037796971e-12 0.0)
(69.46344929193488 -1.797488191994843e-5 1.1246802200106859e-21)
(69.46353117631584 -4.437966964046639e-5 1.2506588539569087e-21)
(69.46373881349629 -6.795312997091246e-5 6.897382462078181e-22)
(69.46403044498919 -0.00011903089615249679 -2.3204766876228777e-21)
(69.46437264457637 -0.0002398227009913219 -6.771852628830043e-21)
(69.46478170932356 -0.0004878157238553421 -3.722309618953005e-21)
(69.46536002290206 -0.0009431759104012947 0.0)
(69.46625786870811 -0.0017676302802266846 4.4811673831164725e-21)
(69.46765862974252 -0.0032566566454451905 -1.2291992629748567e-21)
(69.46970923618113 -0.005859984411944827 0.0)
(69.4724741154744 -0.01014714326703989 -1.1990310461166363e-21)
(69.47591381350334 -0.016808286886108283 -2.404828949039989e-21)
(69.47986306044075 -0.026654777658042025 7.763794077573076e-22)
(69.48390574185171 -0.04051646531826617 1.3241774906307111e-22)
(69.4872519237212 -0.05903557136554651 -1.1444206275323946e-22)
(69.48856318133252 -0.08239382819377124 8.821992222021276e-22)
(69.48605893071228 -0.11016209881119837 0.0)
(69.47783793733718 -0.14120119057937344 -4.1162055193083523e-22)
(69.46233857743249 -0.17355869651389175 5.811722742988993e-22)
(69.43881753479214 -0.2044598050034534 1.2118214922358665e-22)
(69.4085259739618 -0.23063613258815038 1.7211423771815337e-23)
(69.36772084874703 -0.2733102570192108 0.0)
(69.32859329951442 -0.27474343752840114 0.0)
(69.28886394135792 -0.26542419221919167 0.0)
(69.25347473240107 -0.24733809678959234 0.0)
(69.2244834335849 -0.2233618561093486 0.0)
(69.20256908112951 -0.19643222698128243 0.0)
(69.18750595967228 -0.16913430424466014 0.0)
(69.17833588763902 -0.14325697991117764 0.0)
(69.17377117614858 -0.11981350062803015 0.0)
(69.17252989055889 -0.09914437240046586 0.0)
(69.17360609769558 -0.08134603955140565 0.0)
(69.17611032836447 -0.06624813144872711 0.0)
(69.17959863003307 -0.053817936476837976 0.0)
(69.18352188169445 -0.04372994797639647 0.0)
(69.1875258268426 -0.03561956492254119 0.0)
(69.19149381804316 -0.02932659854775316 0.0)
(69.19495554389478 -0.02411142892424234 0.0)
(69.19830798528555 -0.020094321062796523 0.0)
(69.20143768572504 -0.016648791724756157 0.0)
(69.20434140831917 -0.013814819451870382 0.0)
(69.20727508903963 -0.01114628622168134 0.0)
(69.20982215026858 -0.009481460613947482 0.0)
(69.21183714908561 -0.0075415560049737086 0.0)
(69.21319524798623 -0.0076438084372997765 0.0)
(69.22357966119603 -0.006917542234059566 0.0)
(69.21565780249648 -0.009258578496639054 0.0)
(69.21105310409366 -0.006643941662904189 0.0)
(69.2153853723951 -0.006081974080208666 0.0)
(69.21967450105045 -0.004126502359596244 0.0)
(69.22653268326098 -0.0033010490334887403 0.0)
(69.23409133853237 -0.0030698351518492063 0.0)
(69.2429860195905 -0.0022700694300312255 0.0)
(69.25431088951939 -0.0020211270320478095 0.0)
(69.26668858830287 -0.001517268037589063 0.0)
(69.28373066913159 -0.001156594740904937 0.0)
(69.30231535152984 -0.0008102601152468603 0.0)
(69.32281989122191 -0.0005177725000937215 0.0)
(69.34591224180087 -0.00034913362309184646 0.0)
(69.36772349979174 -0.00020257990491707152 0.0)
(69.38823647402495 -0.00010972631232610263 0.0)
(69.40590797988264 -5.6495860592244684e-5 0.0)
(69.41905013115813 -2.535045737801358e-5 0.0)
(69.42817685424382 -1.0592175023168962e-5 0.0)
(69.43392477794472 -4.293076114560292e-6 0.0)
(69.43707209461296 -1.5332059457451142e-6 0.0)
(69.43871018653918 -5.441984148323527e-7 0.0)
(69.43947541497664 -1.84216660610688e-7 0.0)
(69.43980551177695 -5.392275550253861e-8 0.0)
(69.43993745542639 -1.259718156163316e-8 0.0)
(69.4399842373601 -2.019684396546106e-9 0.0)
(69.43999667749257 -3.4212875082581346e-11 0.0)
(69.43999898349288 1.5443073250586554e-11 0.0)
(69.43999915367884 -4.406085484051969e-11 0.0)
(69.43999910898357 -2.4101726730344123e-11 0.0)
(69.439999393568 -6.802267613453175e-12 0.0)
(69.4634287572894 -2.0749767260165755e-5 2.1792851707403356e-21)
(69.46350674093914 -5.102514501881406e-5 2.117252301323702e-21)
(69.46371225500184 -7.887573741839718e-5 -6.772516646561626e-22)
(69.46400577684028 -0.00013389944274921217 -2.233962351547517e-21)
(69.46434930601244 -0.0002595008678787708 3.3618716465691208e-21)
(69.46476185406219 -0.0005169429664855006 1.8570175211555554e-21)
(69.46533064648936 -0.0009920348134096057 -6.037582941810107e-21)
(69.46620652238472 -0.0018537653153125298 -5.207769192770574e-23)
(69.467567364149 -0.003404688518616433 0.0)
(69.46953155345733 -0.006097051960734696 -1.223917892172338e-21)
(69.47214791873498 -0.010502749843858693 1.1560035934490873e-21)
(69.47533408251057 -0.017308531101814635 -5.956475952001853e-22)
(69.47886875679497 -0.027306304223196534 0.0)
(69.48228810188314 -0.04129110546653532 -3.0887335286032098e-22)
(69.48473445099815 -0.059818915773657576 -1.724176014603785e-22)
(69.48484857481311 -0.08294409774566949 9.476067716673679e-23)
(69.48090797660419 -0.110092913328111 -2.0320251039222192e-22)
(69.47115519291597 -0.13999398840841254 0.0)
(69.45429246534094 -0.17062572601905213 1.465838242855769e-22)
(69.4302251127638 -0.19925126622335881 -1.1128609299898378e-22)
(69.39660171723813 -0.24451238240287543 0.0)
(69.36033122015658 -0.2542505017557921 0.0)
(69.32175568286294 -0.25355292482936903 0.0)
(69.28511521221718 -0.24324125314752634 0.0)
(69.25296146677692 -0.22537341591855795 0.0)
(69.22690466749269 -0.20264467350038542 0.0)
(69.20732039951456 -0.17767603797961987 0.0)
(69.19394912485009 -0.15275386193258852 0.0)
(69.18569173403496 -0.1293040094240641 0.0)
(69.18151962504673 -0.10818181613271369 0.0)
(69.18023291310021 -0.08956307251553539 0.0)
(69.18101176595074 -0.07355593024248043 0.0)
(69.18307414468515 -0.05997095318106572 0.0)
(69.18605900174785 -0.048863159055011304 0.0)
(69.18928702399344 -0.03972109159269692 0.0)
(69.19277189801426 -0.032585964998805665 0.0)
(69.19593822440159 -0.026701355737895012 0.0)
(69.19904990848265 -0.02203976033852932 0.0)
(69.20208999019336 -0.01817360141629684 0.0)
(69.20489399126991 -0.01492982542011801 0.0)
(69.20768741573589 -0.012131486153476331 0.0)
(69.21006939304134 -0.01016350538982642 0.0)
(69.21189381365949 -0.008324369173893939 0.0)
(69.21309573357351 -0.008003730462935326 0.0)
(69.22347277864723 -0.007108122667050261 0.0)
(69.21579876871735 -0.009173997646706025 0.0)
(69.21146824056122 -0.006948790152460719 0.0)
(69.21548754765264 -0.0065493221987273625 0.0)
(69.21965094171382 -0.0045453846451407225 0.0)
(69.22629261750672 -0.0036391389993453453 0.0)
(69.23367087762988 -0.0034085945453828947 0.0)
(69.24232431656084 -0.0025304513171560484 0.0)
(69.253303437807 -0.0022719605608705817 0.0)
(69.2652049043463 -0.001716611065495023 0.0)
(69.28163739392339 -0.001319664061157109 0.0)
(69.29946450321377 -0.0009365282900521078 0.0)
(69.319126744798 -0.0006063326771368727 0.0)
(69.34149586389364 -0.0004173711982393358 0.0)
(69.36281990145844 -0.0002479268226991119 0.0)
(69.38335479071036 -0.00013783543096494754 0.0)
(69.40164537414566 -7.297757397648878e-5 0.0)
(69.41575412815949 -3.365188643252432e-5 0.0)
(69.42595515819637 -1.4400706697879045e-5 0.0)
(69.4326238356713 -5.9570047066291945e-6 0.0)
(69.43638465863626 -2.16026857684507e-6 0.0)
(69.43838776614328 -7.752910692425767e-7 0.0)
(69.43933870899173 -2.6446327210379096e-7 0.0)
(69.43975343442503 -7.783436090394437e-8 0.0)
(69.43992041268238 -1.8259784531588967e-8 0.0)
(69.43997989392484 -2.9381866250480504e-9 0.0)
(69.43999575543829 -5.170649201558167e-11 0.0)
(69.43999870012043 2.224270795985228e-11 0.0)
(69.43999891707615 -6.578809995083217e-11 0.0)
(69.4399988594373 -3.6081182346703923e-11 0.0)
(69.43999922353187 -1.0393177095242543e-11 0.0)
(69.46340852922779 -2.343295875248309e-5 -2.447806329324949e-21)
(69.4634830240438 -5.746663003111887e-5 -2.420425229877433e-21)
(69.46368682250116 -8.960131754887597e-5 1.3326627028771435e-21)
(69.46397987937817 -0.00014860887187575415 5.0740143120281445e-23)
(69.46432915204598 -0.0002789921877197001 0.0)
(69.46474168676042 -0.0005454140638878358 5.39843632380591e-21)
(69.4653035624083 -0.0010393294905430193 3.9670371098886656e-21)
(69.46616248737475 -0.0019367825428799098 0.0)
(69.46747490101532 -0.0035449576668824946 1.1429631713379472e-21)
(69.46935130373575 -0.006319837733201093 1.2248571103670452e-21)
(69.47180704696454 -0.010832041296074001 0.0)
(69.47471578422476 -0.017759494240361173 0.0)
(69.47781519482523 -0.027879696929611238 3.205252503645889e-22)
(69.4805763280449 -0.04194199908469392 -3.506527415186393e-23)
(69.48209431264772 -0.0604184391049237 4.933348325225049e-23)
(69.48101068235539 -0.0832430368043041 -6.092890604046055e-23)
(69.47567435703178 -0.10970614296737737 2.0329071703101147e-22)
(69.46451528829894 -0.13842570796348738 5.1534371842366856e-23)
(69.44644640673023 -0.16734600120958573 -6.334454512976544e-23)
(69.420176459326 -0.21272540328783132 0.0)
(69.38818762065235 -0.22907588241529098 0.0)
(69.35246388920102 -0.23628462103882206 0.0)
(69.31629468859707 -0.23391695410174537 0.0)
(69.2824246074944 -0.2229780912419372 0.0)
(69.25310886043656 -0.2055564421245397 0.0)
(69.22948558632632 -0.1840962004854244 0.0)
(69.2119002997446 -0.16102211991238022 0.0)
(69.19979932656604 -0.13822157800311666 0.0)
(69.19229860490704 -0.1169663376816081 0.0)
(69.1883680838337 -0.09785444252012403 0.0)
(69.18703267793214 -0.08107839161753029 0.0)
(69.1875045605392 -0.06660925210157684 0.0)
(69.18922429788579 -0.0544409416294374 0.0)
(69.19161547778853 -0.044376616641714356 0.0)
(69.1943843722203 -0.03621571082940346 0.0)
(69.19725125556315 -0.029680429104801058 0.0)
(69.20000649459425 -0.02423921236210754 0.0)
(69.20291151078584 -0.019948672980227233 0.0)
(69.2055565110648 -0.016274517907438786 0.0)
(69.20814681734709 -0.013255937141649143 0.0)
(69.2103532499033 -0.011064160766141013 0.0)
(69.21197149989679 -0.00916602748137091 0.0)
(69.21305588545839 -0.008473572144058224 0.0)
(69.22341001764093 -0.007409906828493392 0.0)
(69.2159641469686 -0.009141151060529474 0.0)
(69.21191657890888 -0.007304420139799585 0.0)
(69.21564299155057 -0.007028715988840522 0.0)
(69.21970313556409 -0.005011262643708844 0.0)
(69.22613064835356 -0.004018025936005056 0.0)
(69.23335621816985 -0.0037850750321120658 0.0)
(69.24181583507355 -0.002823104566754602 0.0)
(69.2525145863497 -0.0025525638591631884 0.0)
(69.26403298753716 -0.0019394895930690056 0.0)
(69.27996606582535 -0.001501823748884317 0.0)
(69.29715685374526 -0.0010779178764289909 0.0)
(69.31607834848064 -0.0007056783127702797 0.0)
(69.3377492325255 -0.0004947215059395577 0.0)
(69.35850354514822 -0.0003001586544489631 0.0)
(69.37885295652312 -0.0001709464611793118 0.0)
(69.39749660440205 -9.297656957278425e-5 0.0)
(69.41235919998128 -4.407585100815037e-5 0.0)
(69.42354058854579 -1.934626317942444e-5 0.0)
(69.43114320813177 -8.18697693372317e-6 0.0)
(69.43557326169744 -3.021866675479261e-6 0.0)
(69.43799684812394 -1.0987113531237602e-6 0.0)
(69.43916981333926 -3.7818089310537754e-7 0.0)
(69.4396882700561 -1.1199612697930741e-7 0.0)
(69.43989890751082 -2.6391900169750108e-8 0.0)
(69.4399743832898 -4.261651933212277e-9 0.0)
(69.43999458150319 -7.70447148596506e-11 0.0)
(69.43999833853354 3.206857377945656e-11 0.0)
(69.4399986147402 -9.723604199948126e-11 0.0)
(69.43999854027555 -5.343038540993148e-11 0.0)
(69.4399990059383 -1.559636393523767e-11 0.0)
(69.46338899232842 -2.5955726441749502e-5 0.0)
(69.46346063112465 -6.36336637705221e-5 -5.897193248986474e-22)
(69.463661140458 -0.00010006323198798395 -6.556183733405961e-22)
(69.4639567718183 -0.00016312918455327317 5.083038896774591e-21)
(69.46430814712053 -0.000298200322257569 -1.6022286014601495e-21)
(69.4647221512634 -0.0005732327181660852 -2.679359370401684e-21)
(69.46528197254457 -0.0010851782553316348 0.0)
(69.46611815800578 -0.0020158728544815516 2.0906398528891047e-21)
(69.46738368347835 -0.0036776291974215196 -2.2603076426401534e-21)
(69.46916533484999 -0.006527942495778442 1.2103491337383578e-21)
(69.47144313115871 -0.011132615886522182 -5.7450749502045e-22)
(69.47405902450082 -0.01816307322944922 5.832325480983778e-22)
(69.47669559687321 -0.028374897442090243 0.0)
(69.4787720783894 -0.042470893796839104 -1.660009690528387e-22)
(69.47934906127747 -0.060841089423349766 1.4100916680075704e-23)
(69.47707875922714 -0.08330330377899862 -4.772969010816567e-23)
(69.47041921025524 -0.10902641650956388 3.3217922204114244e-23)
(69.45767432476912 -0.13654546233228143 -8.913561545232871e-23)
(69.43835925300411 -0.17981054223348347 0.0)
(69.4115056970773 -0.20061174212500757 0.0)
(69.37996877217466 -0.21431408456072182 0.0)
(69.3459107898336 -0.21941006033176352 0.0)
(69.31194892548982 -0.2157414123603822 0.0)
(69.28058504209243 -0.20447105003902302 0.0)
(69.25368987125546 -0.18762134978614792 0.0)
(69.23217030039312 -0.16745679449082992 0.0)
(69.2161990461002 -0.14614183463999572 0.0)
(69.2051117593589 -0.12527162829070973 0.0)
(69.19821291311284 -0.10597964554685703 0.0)
(69.19441547658838 -0.08865228180438775 0.0)
(69.19302472761852 -0.07350866356649663 0.0)
(69.19322531380521 -0.06042882796903607 0.0)
(69.19457725600802 -0.049480622864248376 0.0)
(69.19648725791251 -0.0403367345468305 0.0)
(69.19888015882144 -0.03302494514699231 0.0)
(69.20124390669417 -0.026860512233692853 0.0)
(69.20386755469212 -0.02200341248451874 0.0)
(69.20634391329062 -0.01793799877235148 0.0)
(69.20864262518084 -0.014574150431877318 0.0)
(69.21067823432355 -0.012193240537431212 0.0)
(69.2120842504892 -0.010101487582687505 0.0)
(69.21307686547405 -0.00906681852648903 0.0)
(69.22340710397722 -0.007829270684956976 0.0)
(69.21616118218573 -0.009163416610118658 0.0)
(69.21239619319849 -0.007728025348941593 0.0)
(69.21584923243708 -0.007508899216666757 0.0)
(69.21982675219785 -0.005532377443566486 0.0)
(69.2260359615983 -0.004441413991726652 0.0)
(69.23312816485168 -0.004203973362673516 0.0)
(69.2414309873193 -0.0031527874176784094 0.0)
(69.25190071824282 -0.0028670281643122194 0.0)
(69.26311238525099 -0.002189199351687502 0.0)
(69.27863944955205 -0.001705713814398077 0.0)
(69.2953037195206 -0.0012364268921576354 0.0)
(69.31359039254698 -0.0008171245418446298 0.0)
(69.33462052955373 -0.0005821590996865948 0.0)
(69.35478315791258 -0.0003599345955712878 0.0)
(69.37480826620465 -0.0002095328810724828 0.0)
(69.39357638119519 -0.00011688917047430434 0.0)
(69.40896692062518 -5.694529395516038e-5 0.0)
(69.42098905972763 -2.566009556445051e-5 0.0)
(69.4294973694547 -1.1131803645100764e-5 0.0)
(69.43463289381071 -4.192131302470299e-6 0.0)
(69.43752913310557 -1.5475880226979272e-6 0.0)
(69.4389630581198 -5.384103407909269e-7 0.0)
(69.43960723296027 -1.606147089821243e-7 0.0)
(69.43987188110316 -3.804100471044621e-8 0.0)
(69.43996741009948 -6.1654448714268925e-9 0.0)
(69.4399930893911 -1.1374669395932701e-10 0.0)
(69.43999787763634 4.624778236366823e-11 0.0)
(69.43999822867116 -1.4275040402529081e-10 0.0)
(69.43999813225335 -7.854373671526072e-11 0.0)
(69.43999872756089 -2.3132272224170885e-11 0.0)
(69.46337053873148 -2.8258321304042694e-5 0.0)
(69.46343875971273 -6.947607411572853e-5 5.796888340541214e-22)
(69.46363824495813 -0.00011022269281595882 -1.9101159121302634e-21)
(69.46393332474338 -0.00017738996008263727 -3.59349570188668e-21)
(69.46428717891818 -0.0003171246080996637 7.863896153495731e-22)
(69.46470638890675 -0.0006004875896717447 0.0)
(69.46525941444729 -0.0011292366215847386 9.589625838897738e-22)
(69.46607604528126 -0.0020911881011990334 -2.091581817325985e-21)
(69.46729202742267 -0.0038025461526678683 4.737164530081666e-23)
(69.46896736257595 -0.0067199285625131 -5.898410194921466e-22)
(69.47105665333683 -0.011405311839884302 5.942414937361404e-23)
(69.47335885700947 -0.01851889668796429 0.0)
(69.47551058364418 -0.02879233893115342 6.447988978750749e-23)
(69.4768865764339 -0.04288133551174228 2.4724823766890656e-23)
(69.476518671188 -0.06109331012994505 0.0)
(69.47309798665603 -0.08313892780258617 -5.315368196925121e-23)
(69.46470566320775 -0.10808319399131516 0.0)
(69.45149335914203 -0.14756243358360133 0.0)
(69.43003271890478 -0.1705988010976076 0.0)
(69.40349749514925 -0.18886646312221575 0.0)
(69.37291499758805 -0.20026469992074353 0.0)
(69.34045011901176 -0.2035967544019801 0.0)
(69.30852261236248 -0.19893411931443486 0.0)
(69.27939198150249 -0.18754746238989797 0.0)
(69.25458236525017 -0.17135578050997824 0.0)
(69.234880727048 -0.1524765324954636 0.0)
(69.22017374228128 -0.1327623910863314 0.0)
(69.20997840299617 -0.1136856921551398 0.0)
(69.20345871259863 -0.0961062700588599 0.0)
(69.19981551044344 -0.08042258229003026 0.0)
(69.19830239795681 -0.06668963427694526 0.0)
(69.19828985625912 -0.05489938195315546 0.0)
(69.19924616366907 -0.044938762305875846 0.0)
(69.20088304540856 -0.03672552968497079 0.0)
(69.20281415087774 -0.029936341898165054 0.0)
(69.20498621801784 -0.024400537182192886 0.0)
(69.2072412769354 -0.019931144993722127 0.0)
(69.20921404739335 -0.016186380600702533 0.0)
(69.21103547132944 -0.013501803327473867 0.0)
(69.21227091676583 -0.011191141425578593 0.0)
(69.21316562418171 -0.009773198491461152 0.0)
(69.22348534028883 -0.008352181926667947 0.0)
(69.2164052007309 -0.009264801704538713 0.0)
(69.21290566027507 -0.008218930682039416 0.0)
(69.21610803576311 -0.007985308654792482 0.0)
(69.22001879711341 -0.006117005983978125 0.0)
(69.22600162027098 -0.004912663010901595 0.0)
(69.2329723376441 -0.0046707707952966665 0.0)
(69.24114682485293 -0.003524831761721065 0.0)
(69.25142700872539 -0.003219935342250564 0.0)
(69.26239366234869 -0.0024694652157176123 0.0)
(69.27759208438589 -0.0019343318282164126 0.0)
(69.29382553884713 -0.0014143554670228596 0.0)
(69.31157871376007 -0.0009422188617387422 0.0)
(69.33204219736069 -0.0006808461701544609 0.0)
(69.35163417163311 -0.00042803209825917885 0.0)
(69.37125859451214 -0.0002541198984733306 0.0)
(69.38997433148506 -0.00014512020673111223 0.0)
(69.40567857339117 -7.258349369325794e-5 0.0)
(69.41837156562437 -3.3583404483499165e-5 0.0)
(69.42771518042063 -1.4959201875098198e-5 0.0)
(69.43356585924379 -5.760906811129268e-6 0.0)
(69.4369783429356 -2.1644744343747168e-6 0.0)
(69.43871279076967 -7.626078603423613e-7 0.0)
(69.43950722625381 -2.2948061167547556e-7 0.0)
(69.43983808883806 -5.4674983838400936e-8 0.0)
(69.43995861534826 -8.89828788609179e-9 0.0)
(69.43999119690805 -1.6692985131225596e-10 0.0)
(69.43999729095438 6.668983037878269e-11 0.0)
(69.43999773610477 -2.0856857174773492e-10 0.0)
(69.43999761091695 -1.148877335243945e-10 0.0)
(69.43999837154375 -3.4044658308969375e-11 0.0)
(69.46335303569259 -3.0304978758133596e-5 0.0)
(69.4634194357555 -7.496423809983833e-5 -4.238587804422752e-21)
(69.46361585958817 -0.0001200305228012137 7.883583689580316e-21)
(69.46391043280826 -0.00019137886571635364 2.777577721016807e-21)
(69.46426941320223 -0.00033580102749928843 0.0)
(69.46468913386931 -0.0006270403987042464 8.423602829362162e-22)
(69.4652384960336 -0.0011716886978437836 9.09104887256709e-22)
(69.46603547397761 -0.0021628199759358186 -5.115794336976112e-22)
(69.46719483992385 -0.003919003034218685 1.0368098327466888e-21)
(69.46875827821424 -0.0068962939212625415 0.0)
(69.47064432056631 -0.011649902447627971 0.0)
(69.4726150428835 -0.018826854852411024 0.0)
(69.47426715149575 -0.029133852450550373 0.0)
(69.4749330998697 -0.04317644667053855 -2.994204263538741e-23)
(69.47363497367638 -0.061182834890005255 1.8900469878813513e-24)
(69.4685126345911 -0.08276600410787886 0.0)
(69.4602795430149 -0.11739446062417533 0.0)
(69.44394277245239 -0.14076462252912256 0.0)
(69.42266680687983 -0.16154254337643992 0.0)
(69.39646901616254 -0.1775423167293231 0.0)
(69.3668583497536 -0.1869400115214994 0.0)
(69.33589975737009 -0.1888020670089042 0.0)
(69.30584456741525 -0.183400233002667 0.0)
(69.27867982672043 -0.1720497112693908 0.0)
(69.25571354091088 -0.15657988135728998 0.0)
(69.23751494123931 -0.13891658388726688 0.0)
(69.22389260550003 -0.12069745448414113 0.0)
(69.21439271954176 -0.1032276765350101 0.0)
(69.20817653910838 -0.08719792648201673 0.0)
(69.20465662621059 -0.07297971602842786 0.0)
(69.20299997745606 -0.060512751715270305 0.0)
(69.20278779760282 -0.04985342383233723 0.0)
(69.20344942410601 -0.04079469673661052 0.0)
(69.20476673471006 -0.033359483256788 0.0)
(69.2063783692278 -0.027167931141609133 0.0)
(69.20825631456442 -0.02221128235278771 0.0)
(69.20992416810122 -0.018123584856573723 0.0)
(69.2114489012371 -0.014974765624810914 0.0)
(69.21257028236928 -0.012451696252010914 0.0)
(69.21335474677524 -0.010590988431891503 0.0)
(69.22366582389981 -0.008947483010030793 0.0)
(69.21671911816661 -0.009478400276285713 0.0)
(69.21344658817317 -0.008759944113439647 0.0)
(69.2164248280848 -0.00846552033772243 0.0)
(69.22027678147009 -0.006770343090725335 0.0)
(69.22602427105404 -0.005435905013692292 0.0)
(69.2328783173058 -0.005191616980142722 0.0)
(69.24094594069264 -0.003945276115214028 0.0)
(69.25106601385268 -0.0036163887834923837 0.0)
(69.26183700125398 -0.002784495132787071 0.0)
(69.27676963242763 -0.0021910626812074664 0.0)
(69.29265334126897 -0.0016143303008983002 0.0)
(69.30996469968213 -0.0010827575706740748 0.0)
(69.329940629841 -0.0007921510586180548 0.0)
(69.34900963841329 -0.0005053700342982437 0.0)
(69.3682069781077 -0.00030530973067698753 0.0)
(69.3867487679177 -0.00017810011041567613 0.0)
(69.40258337191945 -9.13161947706261e-5 0.0)
(69.4157668241905 -4.3361449024602555e-5 0.0)
(69.42583925032254 -1.985155183861297e-5 0.0)
(69.4323837624782 -7.83350678172725e-6 0.0)
(69.43634171020346 -3.002610539973853e-6 0.0)
(69.4384139496702 -1.073700212764844e-6 0.0)
(69.43938497223859 -3.2645815933131187e-7 0.0)
(69.43979610441943 -7.833307035077787e-8 0.0)
(69.43994756961173 -1.2810799985191117e-8 0.0)
(69.43998880309823 -2.4401217495515294e-10 0.0)
(69.43999654545365 9.609354776452455e-11 0.0)
(69.43999710835885 -3.0369036616622973e-10 0.0)
(69.43999694526276 -1.6746948173568776e-10 0.0)
(69.43999791643546 -4.984427782407117e-11 0.0)
(69.46333733856494 -3.207164448951777e-5 3.752689951476861e-21)
(69.46340115463943 -8.007325359038986e-5 3.571068286899833e-22)
(69.46359478260442 -0.000129486622881677 -5.0151324553579974e-21)
(69.46389069533198 -0.00020509918163998561 -5.04587516832403e-23)
(69.46425011439985 -0.00035414110484353954 -3.011963476729072e-21)
(69.46467280011603 -0.0006529858337373178 -8.594461163417673e-22)
(69.46521907327917 -0.0012126171639483634 -1.3976458284066842e-21)
(69.46599203010467 -0.002230447469258802 4.8505013764598155e-22)
(69.46709328139349 -0.004027372179379706 -1.0647531041223232e-21)
(69.46853532122773 -0.007056881220272969 0.0)
(69.47020496225065 -0.011866023182892217 0.0)
(69.47183256407196 -0.01908802053648876 1.1316934191898995e-22)
(69.47297363148427 -0.029400967789301697 -7.779897292291374e-23)
(69.47293279474474 -0.043360118499337116 -1.6699853283733355e-24)
(69.4700779923182 -0.06111823373801839 0.0)
(69.46562590421749 -0.09028349532098444 0.0)
(69.45377175889861 -0.11251688318870491 0.0)
(69.43752538045696 -0.133985469821779 0.0)
(69.41609497025118 -0.15269664459635496 0.0)
(69.39030029199247 -0.16667159461345804 0.0)
(69.36165127255428 -0.17433298588835883 0.0)
(69.33210966235515 -0.1749795024831518 0.0)
(69.30375798787234 -0.16904340178803592 0.0)
(69.2783408630034 -0.15784185936625775 0.0)
(69.25698558280277 -0.14312261371023288 0.0)
(69.24004852160107 -0.1265994299571294 0.0)
(69.22737378045917 -0.10977014063279457 0.0)
(69.21839017538073 -0.09372438241597725 0.0)
(69.2125026274869 -0.07912384832988788 0.0)
(69.20898279717422 -0.06617091148998247 0.0)
(69.20727476607728 -0.054889879196828466 0.0)
(69.20681023664581 -0.04516575330485558 0.0)
(69.20723231856532 -0.037019260836520754 0.0)
(69.20819158564511 -0.03023474966680792 0.0)
(69.20949514939815 -0.024721522220684966 0.0)
(69.21083239972708 -0.02028822261572147 0.0)
(69.21201102254801 -0.016643175368214264 0.0)
(69.21300825904149 -0.013836049529963791 0.0)
(69.21370632340897 -0.011538151187883922 0.0)
(69.22396998120395 -0.009591454935652444 0.0)
(69.21712835525051 -0.009822600093739508 0.0)
(69.2140278918305 -0.009334230807363546 0.0)
(69.2168065044424 -0.008968007579557711 0.0)
(69.22059862534432 -0.007492330357862781 0.0)
(69.22610388815382 -0.006017880864046287 0.0)
(69.23283896486949 -0.005772860151641454 0.0)
(69.24081557488807 -0.004421111246699826 0.0)
(69.25079645843738 -0.004062018621937434 0.0)
(69.26141078143002 -0.003139048067678553 0.0)
(69.27612774931576 -0.002479712571405117 0.0)
(69.29172887241756 -0.0018393347033644567 0.0)
(69.30867817994204 -0.0012408058981949015 0.0)
(69.32824314259715 -0.0009176656142457572 0.0)
(69.34685029586956 -0.0005930283683132096 0.0)
(69.36562978761282 -0.0003638039141739622 0.0)
(69.38392627519586 -0.00021630511947021415 0.0)
(69.39974961978714 -0.00011347958434268667 0.0)
(69.4132520250552 -5.524096492450837e-5 0.0)
(69.42392263293625 -2.60009663476794e-5 0.0)
(69.43110845612867 -1.052915426091161e-5 0.0)
(69.43562153138684 -4.126655145861756e-6 0.0)
(69.43806285191954 -1.5011265777650216e-6 0.0)
(69.43923723924543 -4.62059118591173e-7 0.0)
(69.4397443523853 -1.1181665657581969e-7 0.0)
(69.43993376921799 -1.8393576208936154e-8 0.0)
(69.43998578553825 -3.557177242791167e-10 0.0)
(69.43999560022097 1.3835117933939547e-10 0.0)
(69.43999630946044 -4.410687795661215e-10 0.0)
(69.43999609610232 -2.4347151217436893e-10 0.0)
(69.43999733498447 -7.270675788045303e-11 0.0)
(69.4633229761438 -3.3548790523041794e-5 -7.938363100647313e-21)
(69.46338471229076 -8.481850185175831e-5 4.581368200703635e-21)
(69.46357682602748 -0.0001385957166857323 2.7246173875172943e-21)
(69.46387029842637 -0.00021850785779980967 -2.7267888510434624e-21)
(69.46423213523714 -0.000372210446368114 3.0122629252524914e-21)
(69.4646576859704 -0.0006783949307125702 0.0)
(69.46519765392657 -0.0012519134076475974 0.0)
(69.46594719548268 -0.0022943520143603184 0.0)
(69.46698488513277 -0.004127594305605843 0.0)
(69.4682972776569 -0.007201504744962801 0.0)
(69.46974189270587 -0.012054424319143726 6.756172761569637e-23)
(69.47101536667695 -0.019302901078466918 -8.228629063999189e-23)
(69.47164375593393 -0.029595420956766875 8.37649999124845e-23)
(69.47023890373562 -0.04343685087675236 0.0)
(69.46847022275816 -0.06691039175192524 0.0)
(69.46026626951796 -0.08687873489952333 0.0)
(69.44847746643114 -0.10758357289972396 0.0)
(69.43173050802442 -0.12727594319726063 0.0)
(69.4102356263256 -0.14409995038882173 0.0)
(69.38488435513376 -0.15626882302170408 0.0)
(69.3571686126157 -0.16242738039933377 0.0)
(69.32894882830348 -0.16207937040292672 0.0)
(69.30213927640341 -0.15576625527985327 0.0)
(69.27828148414721 -0.14480643838830334 0.0)
(69.2583157761781 -0.13083229244249184 0.0)
(69.24248516364293 -0.11538862659377232 0.0)
(69.23058473761036 -0.09981986789768713 0.0)
(69.22208308272776 -0.08507392362376792 0.0)
(69.21642827005033 -0.071741944142315 0.0)
(69.2129437341101 -0.05993976345707482 0.0)
(69.21113816742367 -0.049681576053244976 0.0)
(69.21043728739147 -0.040868229899035304 0.0)
(69.21057755046823 -0.03348900548609528 0.0)
(69.21115609989442 -0.027401436353778265 0.0)
(69.21202996931233 -0.02253881752354018 0.0)
(69.2128474657332 -0.01848239286759214 0.0)
(69.21363577214952 -0.015294288991795376 0.0)
(69.21427852718857 -0.012611129422070598 0.0)
(69.22443307874646 -0.010302887589095042 0.0)
(69.21765226355062 -0.010287409167894952 0.0)
(69.21466822977054 -0.009946270955961362 0.0)
(69.21725907624048 -0.009514944666605019 0.0)
(69.22098329108859 -0.008278865609953369 0.0)
(69.22624337264578 -0.006669627139493397 0.0)
(69.23284995337745 -0.006420332369129496 0.0)
(69.24074691876957 -0.0049606502969142 0.0)
(69.2506022160225 -0.0045629497101988365 0.0)
(69.26109030055473 -0.0035385163125705964 0.0)
(69.27563076531784 -0.002804547350165073 0.0)
(69.29100392513813 -0.002092744171752372 0.0)
(69.30765856305094 -0.0014187230189709884 0.0)
(69.32688230391497 -0.0010592241621785578 0.0)
(69.34509265019702 -0.0006922656483304454 0.0)
(69.3634858172078 -0.0004304226348446495 0.0)
(69.38150600015265 -0.0002602771929339937 0.0)
(69.39722031883196 -0.00013943278537734065 0.0)
(69.41089401385719 -6.947188486719608e-5 0.0)
(69.4220231451277 -3.360522396862171e-5 0.0)
(69.42977135228838 -1.3978301090460963e-5 0.0)
(69.4348264191074 -5.612634646488829e-6 0.0)
(69.4376581395967 -2.0817124483607667e-6 0.0)
(69.43906118981384 -6.500638450164251e-7 0.0)
(69.43968117791643 -1.5892202289844168e-7 0.0)
(69.439916639856 -2.6326666892629337e-8 0.0)
(69.4399819980222 -5.174637200823789e-10 0.0)
(69.43999440510264 1.9888871475844334e-10 0.0)
(69.4399952945598 -6.392351646206814e-10 0.0)
(69.43999501408285 -3.5325119927271666e-10 0.0)
(69.43999659265619 -1.0577439514357778e-10 0.0)
(69.4633103900896 -3.475467881285339e-5 -5.384424474697407e-23)
(69.46337087427773 -8.921228287719544e-5 -4.0536615717733274e-22)
(69.46355935618573 -0.0001473488057642403 -2.1188131186431e-21)
(69.46385195017318 -0.0002316449152171348 2.294031712313684e-21)
(69.46421538221458 -0.0003900307113941257 0.0)
(69.46464118361301 -0.0007032263907989478 0.0)
(69.46517580968634 -0.0012897723175518125 0.0)
(69.46589903606915 -0.002354562008418494 -9.34573044125165e-22)
(69.46686860375124 -0.004219646729398377 4.930046770902813e-22)
(69.46804559052127 -0.007330507035294811 -1.258187434989558e-22)
(69.4692565362637 -0.0122150107157515 -2.730747459122225e-23)
(69.47017214692167 -0.01947215867240764 -5.2637749362080085e-24)
(69.46962643805995 -0.02971947639358823 0.0)
(69.46962668566677 -0.04769926066443776 0.0)
(69.46421777249849 -0.06460337563504857 0.0)
(69.45612786356183 -0.08339111574364716 0.0)
(69.44365293417027 -0.1026383896506663 0.0)
(69.4265057662154 -0.12067510200096589 0.0)
(69.4050152639737 -0.13577730015092632 0.0)
(69.38012757145626 -0.14633809063342146 0.0)
(69.35330372475195 -0.1512025987113531 0.0)
(69.32630859593925 -0.15004114704953864 0.0)
(69.30088912540872 -0.14348428207521324 0.0)
(69.27841478825147 -0.13283107897798124 0.0)
(69.2596591517686 -0.11958588338560755 0.0)
(69.2447870479228 -0.10516256652332609 0.0)
(69.23354941548973 -0.09073517532377491 0.0)
(69.22547809886423 -0.07718625992866464 0.0)
(69.22000170974677 -0.06496929134494175 0.0)
(69.21656919500782 -0.05422118416144167 0.0)
(69.21459238702906 -0.044866715893439144 0.0)
(69.2136935469455 -0.036879029266977593 0.0)
(69.2134458212641 -0.030213804572249967 0.0)
(69.21367287942722 -0.024808488051918643 0.0)
(69.21407211912597 -0.02038507824599297 0.0)
(69.2145558531383 -0.016796747913431012 0.0)
(69.21510284508571 -0.013766180933048449 0.0)
(69.22510684150934 -0.011127584679532745 0.0)
(69.2183047045628 -0.010857357899414806 0.0)
(69.21539171142851 -0.010626495237655123 0.0)
(69.21778787366286 -0.010127362795919026 0.0)
(69.2214315029409 -0.009126680178846169 0.0)
(69.22644796756818 -0.00740682644206259 0.0)
(69.23290958286196 -0.007138847654714953 0.0)
(69.24073457307644 -0.005573937470256106 0.0)
(69.25047150995444 -0.0051257401257539265 0.0)
(69.2608566526914 -0.003989019632184263 0.0)
(69.27525041093021 -0.0031703338835036873 0.0)
(69.29043925861991 -0.002378367837111133 0.0)
(69.30685482871364 -0.0016191927611555502 0.0)
(69.32579822122875 -0.0012189254010934226 0.0)
(69.34367461443516 -0.000804536751675759 0.0)
(69.36172458681048 -0.0005061213714686625 0.0)
(69.37946643494966 -0.0003106423318613182 0.0)
(69.39501347552303 -0.00016957227372783182 0.0)
(69.40874284786176 -8.631344621139432e-5 0.0)
(69.42019658711314 -4.28658772939821e-5 0.0)
(69.42841079925871 -1.831953229794044e-5 0.0)
(69.4339718130218 -7.546980757530879e-6 0.0)
(69.43720173817914 -2.8601876308869053e-6 0.0)
(69.4388548500059 -9.081292390850281e-7 0.0)
(69.4396049691499 -2.2470915294655739e-7 0.0)
(69.43989555062497 -3.75420481444465e-8 0.0)
(69.43997726974811 -7.516354247784233e-10 0.0)
(69.43999289934678 2.8531798779923355e-10 0.0)
(69.43999400820154 -9.247018461290935e-10 0.0)
(69.43999363734557 -5.116569928415149e-10 0.0)
(69.43999564581465 -1.5356773071792294e-10 0.0)
(69.46329971233993 -3.5707451952756946e-5 3.984122670446628e-21)
(69.46335833262032 -9.327329011427202e-5 -3.980480443066205e-22)
(69.46354419248468 -0.0001557840358260048 2.93460424115562e-22)
(69.46383524435268 -0.0002445207544916743 -2.626165160104477e-21)
(69.4641982914104 -0.0004075828385477307 0.0)
(69.46462476720718 -0.0007275718898598134 0.0)
(69.46515215856583 -0.0013262226357508991 0.0)
(69.46584660650696 -0.0024110983463123386 4.78575857309556e-22)
(69.4667447696858 -0.004303683595689584 -4.968704160319129e-22)
(69.46778047488914 -0.007443850266594297 2.4338364194397497e-22)
(69.4687536757766 -0.012348174863704351 -7.887223303383631e-24)
(69.46866058592859 -0.019597084899258956 -2.210226344447145e-25)
(69.46974088331531 -0.03272438523452701 0.0)
(69.46633537944678 -0.046187430022331555 0.0)
(69.46114246544643 -0.0622155043487822 0.0)
(69.45232872060838 -0.07985567525845874 0.0)
(69.43926581376115 -0.09771684835515745 0.0)
(69.4218022445878 -0.11421142624703032 0.0)
(69.40036818578538 -0.12774500771341857 0.0)
(69.3759481470811 -0.1368781347371531 0.0)
(69.349969479081 -0.14062624210768307 0.0)
(69.32409760604129 -0.13880815726141696 0.0)
(69.29992694318956 -0.13211655776106823 0.0)
(69.27867549033321 -0.12180993385955893 0.0)
(69.26097150321405 -0.10928417515187229 0.0)
(69.24693013051959 -0.09580951495099657 0.0)
(69.23626967491137 -0.08244466405375202 0.0)
(69.22856229064863 -0.06996940314782944 0.0)
(69.22325431428528 -0.0587781296742749 0.0)
(69.21980463714036 -0.048955799478575285 0.0)
(69.21768963879157 -0.04041931092203873 0.0)
(69.21650035414942 -0.03317332854295874 0.0)
(69.21593759890736 -0.027150817596372764 0.0)
(69.21579201375431 -0.02228227029692559 0.0)
(69.21588345624676 -0.01830591044507546 0.0)
(69.21621552778066 -0.014956133746989399 0.0)
(69.22603364809224 -0.012069688750753461 0.0)
(69.21911085335513 -0.01154685576924584 0.0)
(69.21621818834002 -0.011413134862885725 0.0)
(69.21840163959396 -0.010829808286536563 0.0)
(69.22194585204022 -0.010038872261062927 0.0)
(69.2267247368179 -0.008248299018311311 0.0)
(69.2330189168543 -0.007932583260101357 0.0)
(69.24077611402467 -0.006272966485248589 0.0)
(69.25039633425001 -0.005757339415487441 0.0)
(69.26069580509198 -0.004497500181104728 0.0)
(69.27496464238462 -0.003582385598936777 0.0)
(69.29000342216763 -0.002700494267248387 0.0)
(69.30622484022466 -0.0018452613935976945 0.0)
(69.32493936652166 -0.0013991580521937332 0.0)
(69.34253898651583 -0.0009315122590749615 0.0)
(69.36029280876011 -0.0005920066309207906 0.0)
(69.37777281456252 -0.00036812652721752867 0.0)
(69.39312584439138 -0.00020434654876721117 0.0)
(69.40682896436458 -0.00010604327402988426 0.0)
(69.4184904123086 -5.398948722143639e-5 0.0)
(69.42706791588957 -2.3696932094217732e-5 0.0)
(69.43307933652775 -1.0024824110056988e-5 0.0)
(69.43669959666305 -3.889169653578768e-6 0.0)
(69.43861766080643 -1.2582900213969057e-6 0.0)
(69.43951434119609 -3.157888620228771e-7 0.0)
(69.43986984433266 -5.329843033363985e-8 0.0)
(69.43997140675361 -1.0904408415916397e-9 0.0)
(69.43999101063446 4.082678237881463e-10 0.0)
(69.43999238245452 -1.3352984434394335e-9 0.0)
(69.43999188887565 -7.399314540285031e-10 0.0)
(69.43999443953301 -2.2259338110696741e-10 0.0)
(69.4632906224861 -3.6439835520597975e-5 1.1744848496623185e-22)
(69.46334799547023 -9.705151147633138e-5 0.0)
(69.46353127325376 -0.00016392122280970038 1.4452056845762743e-22)
(69.46381929783318 -0.0002571336751031762 -1.597834741369727e-22)
(69.46418184715121 -0.0004249068788666957 -1.7624132716014053e-22)
(69.46460758309024 -0.0007514553610386485 -8.594115355944375e-22)
(69.46512613096816 -0.0013612923194139 -8.294440964753729e-22)
(69.46578983573667 -0.002464047821608167 5.11227840717076e-22)
(69.4666130040805 -0.00437969936685678 0.0)
(69.46750427356592 -0.007541704132196214 -2.3643068093334526e-22)
(69.46760548295792 -0.012454562263385444 -4.263056872519031e-26)
(69.46927937943289 -0.02163337244404968 0.0)
(69.4672197939877 -0.03176845081562135 0.0)
(69.46415412501295 -0.044609459970760684 0.0)
(69.45830132251587 -0.059772722768099425 0.0)
(69.44884919740856 -0.07630178392491806 0.0)
(69.43528437857293 -0.09284672088870839 0.0)
(69.41757473393508 -0.10790701293496183 0.0)
(69.39623509991058 -0.12001469399660056 0.0)
(69.37227805578671 -0.1278764453670494 0.0)
(69.34709147156805 -0.13066655355234774 0.0)
(69.32224242973365 -0.1283240074521636 0.0)
(69.29919209124986 -0.12158100749001614 0.0)
(69.27900876819162 -0.11165530501028588 0.0)
(69.26222559019821 -0.09982729105831527 0.0)
(69.24889120336863 -0.08724805718166077 0.0)
(69.23873657371846 -0.07486635238050533 0.0)
(69.23133170772024 -0.06337622523307672 0.0)
(69.2261525268693 -0.05311498090824519 0.0)
(69.22266492163776 -0.044112861649439984 0.0)
(69.22038224856885 -0.03632366130398348 0.0)
(69.21894154583244 -0.029690151814846258 0.0)
(69.21810570079808 -0.024247585527693242 0.0)
(69.21770335973247 -0.0198224366422447 0.0)
(69.21768043697372 -0.01615908664323395 0.0)
(69.22723407383008 -0.013072705130957346 0.0)
(69.22011426191986 -0.012382049757244796 0.0)
(69.21716242430634 -0.01232930756492353 0.0)
(69.21911738066359 -0.01165725050829522 0.0)
(69.22253093633726 -0.011027074380348818 0.0)
(69.22708249592479 -0.009213366918196098 0.0)
(69.23318220765975 -0.008806739978908433 0.0)
(69.24087173457515 -0.007071394523829149 0.0)
(69.25037209779084 -0.006465165839695423 0.0)
(69.2605978659001 -0.005071793959567446 0.0)
(69.27475664258928 -0.004046615839833675 0.0)
(69.28967158820306 -0.003063940578275201 0.0)
(69.30573437925315 -0.0021003825531378767 0.0)
(69.32426244535142 -0.0016026314621099067 0.0)
(69.3416352225059 -0.001075100548750136 0.0)
(69.35913886788182 -0.0006893519626262145 0.0)
(69.37638364241856 -0.0004335702627127857 0.0)
(69.39153852798258 -0.00024426964178733034 0.0)
(69.40516380010743 -0.0001289680359099865 0.0)
(69.41693937229478 -6.719178050734509e-5 0.0)
(69.42578172794289 -3.0258902985084486e-5 0.0)
(69.43217491205554 -1.3147938609063773e-5 0.0)
(69.43616191269173 -5.228553326776925e-6 0.0)
(69.43835102403774 -1.7272377742352056e-6 0.0)
(69.43940837933532 -4.4059702788594265e-7 0.0)
(69.43983888920339 -7.52667581860177e-8 0.0)
(69.43996419724303 -1.5802556711548656e-9 0.0)
(69.43998865474177 5.822490849288164e-10 0.0)
(69.43999033525309 -1.9244697031168645e-9 0.0)
(69.43998967348818 -1.0683925087184264e-9 0.0)
(69.43999290504935 -3.221750487618892e-10 0.0)
(69.46328335982422 -3.699310682940562e-5 0.0)
(69.46333979551252 -0.00010057616480144042 -1.2771843948467665e-22)
(69.46351952846608 -0.00017177342561628103 7.030710284199119e-23)
(69.46380470913265 -0.0002695033101212813 1.5573968697130073e-22)
(69.46416584742478 -0.0004420064345755327 -1.2767569555343325e-21)
(69.46458934434135 -0.0007748881284116643 1.66109483048641e-23)
(69.46509760114434 -0.0013950343871747815 8.295434896448415e-22)
(69.46572853887025 -0.0025134631182855724 0.0)
(69.46647438453095 -0.004447807964742304 3.687453858484295e-24)
(69.46660448698515 -0.007624296050372473 4.465358974909862e-25)
(69.46856113926894 -0.01378379947545106 0.0)
(69.46734350316657 -0.021051250011785955 0.0)
(69.4657414938281 -0.030763372132139675 0.0)
(69.46212797535748 -0.04298329847725906 0.0)
(69.45568270758557 -0.05729720785910016 0.0)
(69.44566909983747 -0.07275330740133004 0.0)
(69.43167803066027 -0.08805106335215636 0.0)
(69.41378100332687 -0.10178038270557618 0.0)
(69.39256457998412 -0.11258787005944614 0.0)
(69.36905810992452 -0.11932051243273584 0.0)
(69.34460763455154 -0.12128960168874599 0.0)
(69.32068861890698 -0.11852947473297652 0.0)
(69.29863144757346 -0.11180709536326465 0.0)
(69.27938644737986 -0.10227874511761659 0.0)
(69.26339362522442 -0.09113155890036143 0.0)
(69.25066773023289 -0.07939597219402099 0.0)
(69.24093928096934 -0.06793267196907217 0.0)
(69.23378081220615 -0.05735046884332592 0.0)
(69.2286909591719 -0.04792899224738097 0.0)
(69.2251450764131 -0.039674987063587686 0.0)
(69.22271529506067 -0.032508133337219046 0.0)
(69.22107911491346 -0.026449853871903482 0.0)
(69.2200638244586 -0.021460392780951628 0.0)
(69.21956222750636 -0.017409717604208078 0.0)
(69.22872740825471 -0.014086901398139347 0.0)
(69.22135783380882 -0.013349937012682188 0.0)
(69.21824761247139 -0.013369131357895352 0.0)
(69.21996156251438 -0.01264747501641443 0.0)
(69.22319560247477 -0.012108378772888272 0.0)
(69.22753236677231 -0.010319286787476572 0.0)
(69.2334074994733 -0.009770021020376598 0.0)
(69.24102400018857 -0.007983556816066772 0.0)
(69.25039747697316 -0.007257421758004823 0.0)
(69.26055653465976 -0.005720639880592081 0.0)
(69.27461400940236 -0.004569605559192967 0.0)
(69.2894245092913 -0.0034741028679611376 0.0)
(69.30535606630417 -0.002388470504721002 0.0)
(69.32373177884864 -0.0018324107216638869 0.0)
(69.34091999188125 -0.0012374739132562105 0.0)
(69.35821552179591 -0.0007996153328466048 0.0)
(69.37525573086224 -0.0005079423827947396 0.0)
(69.39022280297634 -0.0002899335214012382 0.0)
(69.4037429776766 -0.00015543407822846353 0.0)
(69.4155637755737 -8.270409995459721e-5 0.0)
(69.42458483783429 -3.8158876369095236e-5 0.0)
(69.43128587019295 -1.7023009230930656e-5 0.0)
(69.43560263746282 -6.944381767010452e-6 0.0)
(69.43805869359763 -2.3462881262499986e-6 0.0)
(69.43928692037755 -6.096097546143755e-7 0.0)
(69.43980215509495 -1.0561968069716008e-7 0.0)
(69.43995542255004 -2.287601084438664e-9 0.0)
(69.43998573645452 8.268591359915727e-10 0.0)
(69.4399877691375 -2.7676186249405852e-9 0.0)
(69.43998687484599 -1.5399684751197232e-9 0.0)
(69.43999095677243 -4.6564328343956814e-10 0.0)
(69.46327772651306 -3.740056667930367e-5 0.0)
(69.46333310727182 -0.00010388373925753158 1.2547196617675407e-22)
(69.46350980309138 -0.00017937399961734756 0.0)
(69.46379138377156 -0.0002816364612943331 0.0)
(69.464149855059 -0.0004588758473119056 6.533570327786255e-22)
(69.46456995767345 -0.0007978694896205757 7.461266321560363e-22)
(69.46506669084391 -0.0014274749805931568 0.0)
(69.46566279228996 -0.002559361351504686 -3.2581052402225236e-24)
(69.46573091657845 -0.004508079696749996 -4.330485635832216e-25)
(69.46777185462557 -0.008461450915341454 0.0)
(69.46705204489163 -0.013444334054095007 0.0)
(69.46639161038453 -0.020434865272099742 0.0)
(69.46436213008393 -0.029720958568553793 0.0)
(69.46025040171129 -0.04132446458598163 0.0)
(69.45327417676829 -0.054807340495617966 0.0)
(69.4427682873941 -0.06923072118801328 0.0)
(69.42841721480917 -0.08335022255840793 0.0)
(69.41038282437579 -0.09584148794214056 0.0)
(69.38931013724147 -0.10546561354620124 0.0)
(69.36623715183411 -0.1111950088021819 0.0)
(69.34246952323807 -0.11245718871026406 0.0)
(69.31938766692085 -0.10937464094444954 0.0)
(69.29821471861675 -0.10272134015983883 0.0)
(69.27978321016415 -0.09360572248705899 0.0)
(69.26447245190899 -0.08311360052159542 0.0)
(69.25226124836755 -0.07217936749941552 0.0)
(69.24288553856535 -0.06157351581731395 0.0)
(69.23592151251238 -0.051830852847430844 0.0)
(69.23088490651556 -0.04317645202687347 0.0)
(69.2272880546627 -0.03557654172802444 0.0)
(69.22474171131317 -0.028989614801778245 0.0)
(69.22299042393024 -0.023397359895294984 0.0)
(69.22190090053337 -0.01883367263929579 0.0)
(69.23054087350272 -0.015151183088675144 0.0)
(69.22286891050965 -0.014411541296741789 0.0)
(69.21951125257178 -0.014499789560011833 0.0)
(69.22096776596776 -0.013816587046632384 0.0)
(69.22395776372089 -0.013297894335255227 0.0)
(69.22808873396393 -0.011578923447673506 0.0)
(69.2337073091753 -0.010836479321862926 0.0)
(69.24123782319155 -0.009022974305554933 0.0)
(69.25047445662138 -0.008143690468704213 0.0)
(69.26056871778319 -0.0064535882655979 0.0)
(69.274528134815 -0.005158691819591717 0.0)
(69.28924763249954 -0.003937005980240387 0.0)
(69.30506833062336 -0.0027139626610672013 0.0)
(69.32331841924331 -0.002091956854944428 0.0)
(69.3403570239112 -0.0014210986195045592 0.0)
(69.35748120277749 -0.0009244591356321257 0.0)
(69.3743476259996 -0.000592354273704073 0.0)
(69.38914519803866 -0.00034201965256748593 0.0)
(69.40255067500672 -0.00018583749395849425 0.0)
(69.41437027277725 -0.00010078092419700755 0.0)
(69.4235005458381 -4.7557986265508416e-5 0.0)
(69.43043773438463 -2.1760773313847333e-5 0.0)
(69.43503818803175 -9.10751284591564e-6 0.0)
(69.43774686136548 -3.1509891423652527e-6 0.0)
(69.43915081953749 -8.354484019361816e-7 0.0)
(69.4397593129962 -1.471125440319018e-7 0.0)
(69.43994487537306 -3.3069347049441083e-9 0.0)
(69.43998215246947 1.1679764374661094e-9 0.0)
(69.43998457099569 -3.9702087562989925e-9 0.0)
(69.43998335266106 -2.215277485441365e-9 0.0)
(69.43998848911873 -6.719973850877393e-10 0.0)
(69.46327364247674 -3.7694623479817906e-5 -5.551525354423339e-23)
(69.46332816406994 -0.0001070110066090145 0.0)
(69.46350159470603 -0.0001867459144566681 0.0)
(69.46377907872305 -0.0002935349461746871 3.7357773209659973e-23)
(69.46413391507625 -0.00047551111421029137 1.3193005037451177e-21)
(69.46454973817929 -0.0008204039898773569 3.5649425251080586e-22)
(69.46503293006606 -0.0014585687370256902 -1.9303573706602794e-22)
(69.46500761214901 -0.002601755484288499 1.981341044655543e-25)
(69.46701546435031 -0.005018956329638019 0.0)
(69.46655845066837 -0.008274362093675103 0.0)
(69.46647544377464 -0.01308236689456428 0.0)
(69.46549990176949 -0.019791723374348463 0.0)
(69.4630783097565 -0.028651508738873618 0.0)
(69.45851414808584 -0.03964596342503862 0.0)
(69.45106305152585 -0.052319176927990076 0.0)
(69.44012691898337 -0.06575251316719474 0.0)
(69.42547411395577 -0.07875751527224685 0.0)
(69.40734451032503 -0.09009958298723793 0.0)
(69.38642991305774 -0.09864593072407613 0.0)
(69.36377300900111 -0.10347958706198561 0.0)
(69.34063197376713 -0.10413866586098047 0.0)
(69.31830822088298 -0.10080492575329073 0.0)
(69.2979134491149 -0.09426368065210551 0.0)
(69.28019399367996 -0.08556172309495814 0.0)
(69.26546494194619 -0.07570120891313074 0.0)
(69.25368996386786 -0.06552486150460064 0.0)
(69.24459996956134 -0.055721033257354564 0.0)
(69.23778752326356 -0.04675492207302674 0.0)
(69.23278502926762 -0.038793012968831225 0.0)
(69.22914515454444 -0.03180245217767737 0.0)
(69.22652662595216 -0.025711438141435998 0.0)
(69.22472577231584 -0.020584473028430285 0.0)
(69.23270884552366 -0.016406459721836058 0.0)
(69.22466572416707 -0.015583014892112968 0.0)
(69.22099334893186 -0.015699363717328215 0.0)
(69.22217107764261 -0.015144355293505935 0.0)
(69.22484808431614 -0.014601126172436977 0.0)
(69.22877007550994 -0.01299801149701709 0.0)
(69.23409932143856 -0.01202504721314856 0.0)
(69.24152078638558 -0.010201020857762973 0.0)
(69.25060850214669 -0.009135655596004842 0.0)
(69.26063432025788 -0.007280802891528946 0.0)
(69.27449375546809 -0.005822079789934828 0.0)
(69.28913038814846 -0.004459350136567306 0.0)
(69.30485449291763 -0.003081892524979456 0.0)
(69.32299921372378 -0.0023851721363095184 0.0)
(69.33991651528724 -0.0016287696875604567 0.0)
(69.35690041456783 -0.0010657728517199498 0.0)
(69.3736216013147 -0.0006880755829874802 0.0)
(69.38827134057938 -0.00040131033585603617 0.0)
(69.40156408090819 -0.00022063339527479716 0.0)
(69.41335433827645 -0.00012170770628984476 0.0)
(69.42254189638778 -5.862914713084294e-5 0.0)
(69.42965142513269 -2.7476453773274336e-5 0.0)
(69.43448559742232 -1.1792464076675981e-5 0.0)
(69.43742380366102 -4.180448952349396e-6 0.0)
(69.4390021341001 -1.1328274109549558e-6 0.0)
(69.4397103464652 -2.0314300062185732e-7 0.0)
(69.4399323863432 -4.77231310174087e-9 0.0)
(69.43997779711827 1.6390177069582883e-9 0.0)
(69.43998061356878 -5.678220841113384e-9 0.0)
(69.43997894077593 -3.1792212282775515e-9 0.0)
(69.43998537322234 -9.68158423869161e-10 0.0)
(69.46327075443243 -3.7907766484146255e-5 0.0)
(69.4633249057786 -0.00010998193436691856 1.912351902943015e-21)
(69.4634948863134 -0.00019390006755952473 -1.670147863587304e-23)
(69.46376764019574 -0.0003052036178277282 -1.8417824388288608e-23)
(69.46411842227229 -0.0004919095294781147 -3.233101827207511e-22)
(69.46452815625743 -0.0008424505103946535 -3.537339133995256e-22)
(69.46442194456974 -0.0014883324062675413 1.9313190240736919e-22)
(69.46634384451566 -0.0029074463000342827 0.0)
(69.46599086022046 -0.0049230176237016685 0.0)
(69.46623374121287 -0.008073493497455873 0.0)
(69.4659327576432 -0.01270248854084876 0.0)
(69.46466678678892 -0.019128416764051234 0.0)
(69.46188606037623 -0.027563723261209084 0.0)
(69.45691169666243 -0.037959298038300095 0.0)
(69.44903680063274 -0.049847431026844385 0.0)
(69.43772569510095 -0.062331651341133526 0.0)
(69.42282230906854 -0.07428547178684108 0.0)
(69.40463287433435 -0.08456079366234161 0.0)
(69.38388780579501 -0.09212155581326067 0.0)
(69.36162470018029 -0.09615954268828295 0.0)
(69.3390623842517 -0.0962975634444204 0.0)
(69.31741789939515 -0.09277723768049294 0.0)
(69.2977151368825 -0.0863739389703309 0.0)
(69.2806147896578 -0.07808411229654783 0.0)
(69.2663870618383 -0.06882749200657137 0.0)
(69.25497854278939 -0.05936626388216057 0.0)
(69.24612405055787 -0.050309870908724075 0.0)
(69.23943010559185 -0.04205797386665088 0.0)
(69.23444767033838 -0.034739780292154666 0.0)
(69.23077607876391 -0.028293978173305714 0.0)
(69.22811420971227 -0.02269919895926446 0.0)
(69.23529172564636 -0.017991343685629293 0.0)
(69.22678572460852 -0.016973528534582956 0.0)
(69.22272919710751 -0.017016298144025305 0.0)
(69.22360097329091 -0.0166036485552826 0.0)
(69.2259070391925 -0.016016397897858966 0.0)
(69.22959889550474 -0.014573339585449522 0.0)
(69.23460690693939 -0.013356478849453157 0.0)
(69.24188386848564 -0.011526518781603557 0.0)
(69.25080879394042 -0.010247553887455376 0.0)
(69.26075622894903 -0.008212819516419678 0.0)
(69.27450867005648 -0.006568964059608783 0.0)
(69.28906564065062 -0.00504855547863796 0.0)
(69.30470199718235 -0.003497972853011757 0.0)
(69.32275591533664 -0.002716450903354097 0.0)
(69.33957436519502 -0.0018636505231933885 0.0)
(69.35644351820274 -0.0012256991101055328 0.0)
(69.37304462548823 -0.0007965515653957518 0.0)
(69.38756849954338 -0.00046870079315791896 0.0)
(69.40075719164177 -0.0002603446493771842 0.0)
(69.4125035278323 -0.0001458084591871637 0.0)
(69.42171241823849 -7.156200131381381e-5 0.0)
(69.42894152688034 -3.42914311568968e-5 0.0)
(69.43396050416857 -1.5076866161184659e-5 0.0)
(69.43709909124208 -5.4765455442359334e-6 0.0)
(69.43884413696543 -1.5183402640937512e-6 0.0)
(69.43965565582911 -2.777691356609726e-7 0.0)
(69.4399178577193 -6.87155783924214e-9 0.0)
(69.43997257175671 2.281688342166212e-9 0.0)
(69.43997575969861 -8.091613482997714e-9 0.0)
(69.43997344705689 -4.549511194627773e-9 0.0)
(69.43998145401282 -1.3920659856358326e-9 0.0)
(69.46326924729698 -3.806286167762393e-5 -1.693474586518721e-21)
(69.46332285207063 -0.00011282249655532001 -1.8827818401502055e-21)
(69.46348942694465 -0.0002008462897415976 2.4454079121285165e-23)
(69.46375739500246 -0.00031663872160825026 5.554351115674009e-22)
(69.46410274005972 -0.0005080350626716853 -3.214943236455365e-22)
(69.46393882424856 -0.0008640047767537337 -8.307340959247088e-26)
(69.46577175306467 -0.0016709237333952423 0.0)
(69.46542859635748 -0.0028624639370594036 0.0)
(69.4658205804702 -0.0048193248450931325 0.0)
(69.46592591529198 -0.007861476574411226 0.0)
(69.46542337889618 -0.012308752272385972 0.0)
(69.46389023887359 -0.018450552536418013 0.0)
(69.46078118671814 -0.026465382424659675 0.0)
(69.45543568634335 -0.036275150715422685 0.0)
(69.44718280790956 -0.04740274149571371 0.0)
(69.43554622327584 -0.0589804102993746 0.0)
(69.42043679468291 -0.06994373839412153 0.0)
(69.40221833445545 -0.0792260769156249 0.0)
(69.38164811384192 -0.08588922964518343 0.0)
(69.35976015624964 -0.08921338272691536 0.0)
(69.33772608148115 -0.08890663341631282 0.0)
(69.31669594278408 -0.08524671230345968 0.0)
(69.29760557962531 -0.07900295940962221 0.0)
(69.281049244958 -0.07111671179607719 0.0)
(69.26725390763953 -0.06243547703788119 0.0)
(69.25615896506956 -0.05364419478613867 0.0)
(69.24750150118932 -0.04528218564344674 0.0)
(69.24089746474145 -0.03769255094269507 0.0)
(69.23592887101059 -0.03096291438279197 0.0)
(69.23222402067994 -0.02504380160096895 0.0)
(69.2384098532123 -0.019906545951836056 0.0)
(69.22932390107047 -0.018695478426560656 0.0)
(69.22477091548267 -0.018576839168300885 0.0)
(69.22528457865673 -0.0182183438887541 0.0)
(69.22717651548125 -0.01755820287413089 0.0)
(69.23060016188396 -0.01629695629845971 0.0)
(69.23525906082826 -0.014850450741300097 0.0)
(69.24234242622519 -0.013006494888505802 0.0)
(69.25108849412834 -0.011495921860401067 0.0)
(69.26094050996147 -0.009260408412219022 0.0)
(69.27457360456414 -0.0074096116782380065 0.0)
(69.2890493062018 -0.00571281134276965 0.0)
(69.30460178809054 -0.003968688603222195 0.0)
(69.3225744018427 -0.003090735415916782 0.0)
(69.33931137600432 -0.0021293178565809415 0.0)
(69.3560862119251 -0.0014066632442700097 0.0)
(69.37258858074388 -0.000919422814059046 0.0)
(69.38700707807868 -0.0005452121697506659 0.0)
(69.40010361381107 -0.00030557077963260914 0.0)
(69.41180069944018 -0.0001734529664694628 0.0)
(69.42100800625812 -8.656815447179846e-5 0.0)
(69.42831580851785 -4.233594596665867e-5 0.0)
(69.4334754880416 -1.9041720242206834e-5 0.0)
(69.43678248966104 -7.083281060649539e-6 0.0)
(69.43868111039241 -2.0101172333432052e-6 0.0)
(69.43959612279859 -3.756764660065299e-7 0.0)
(69.43990130090188 -9.8638157115365e-9 0.0)
(69.43996639804587 3.145513806828823e-9 0.0)
(69.4399698705114 -1.148026064011819e-8 0.0)
(69.4399666564017 -6.487652689159821e-9 0.0)
(69.43997654835094 -1.996786029538655e-9 0.0)
(69.4632685816182 -3.8174573013897695e-5 3.3399211470495138e-21)
(69.4633220141805 -0.00011554975689612527 9.069172685803933e-22)
(69.463485273795 -0.00020759588770206494 -2.26539445039205e-26)
(69.46374776464997 -0.00032782505524302246 -5.688951867994298e-22)
(69.46352658211703 -0.0005238758604660122 0.0)
(69.46528566515788 -0.0009756879474926096 0.0)
(69.46491454643714 -0.0016525979017484294 0.0)
(69.46534312233497 -0.0028134528663279535 0.0)
(69.4656573937833 -0.0047092334911149735 0.0)
(69.46563491498807 -0.007640640174972149 0.0)
(69.46494639641114 -0.01190462050160343 0.0)
(69.46316807124886 -0.01776319172705474 0.0)
(69.45975969527923 -0.025363805158432017 0.0)
(69.45407828833623 -0.03460136991938737 0.0)
(69.44548914797612 -0.04499528024813146 0.0)
(69.4335709340848 -0.055708677144083174 0.0)
(69.41829481181622 -0.06573730922599087 0.0)
(69.40007159519158 -0.07409910619950894 0.0)
(69.37968153925642 -0.07993853594279379 0.0)
(69.35814528309554 -0.08262658580477568 0.0)
(69.33659732879859 -0.0819349664818287 0.0)
(69.31611910736896 -0.07817733602156751 0.0)
(69.29757536160707 -0.07210643331054631 0.0)
(69.28149717265758 -0.06461310763110019 0.0)
(69.26808142096229 -0.05647548513762168 0.0)
(69.2572576306989 -0.04831043264561321 0.0)
(69.24876274055033 -0.04059439953302491 0.0)
(69.24223126035383 -0.03361452146453718 0.0)
(69.2372616889863 -0.027437963286045752 0.0)
(69.2422441204972 -0.02200663531078751 0.0)
(69.2324399715094 -0.020733774596466654 0.0)
(69.22722851328841 -0.020491977817783436 0.0)
(69.22727027679674 -0.020075035076018623 0.0)
(69.22869940513426 -0.019287818595920613 0.0)
(69.23180007121191 -0.018170423449852747 0.0)
(69.23608961871707 -0.016527454634474505 0.0)
(69.24291719098846 -0.01464766713964682 0.0)
(69.25146507125336 -0.012898499410933099 0.0)
(69.26119684184657 -0.010434706916030023 0.0)
(69.27469220749789 -0.008355334073709947 0.0)
(69.28908012662122 -0.006461142551034092 0.0)
(69.30454784369036 -0.004501397505156105 0.0)
(69.32244401364075 -0.003513577322188917 0.0)
(69.33911250955727 -0.002429811639723443 0.0)
(69.3558088801439 -0.0016114066938114832 0.0)
(69.37223004999208 -0.0010585474798973933 0.0)
(69.38656126959988 -0.0006320061866250554 0.0)
(69.3995784288818 -0.0003569971925786677 0.0)
(69.41122668257947 -0.00020506396650519699 0.0)
(69.42041926064354 -0.00010388638427662578 0.0)
(69.42777584906348 -5.175242134659271e-5 0.0)
(69.43303908310686 -2.3772509489237934e-5 0.0)
(69.43648281843919 -9.04648441243815e-6 0.0)
(69.43851791883925 -2.6274519389402762e-6 0.0)
(69.4395331059444 -5.020913239800576e-7 0.0)
(69.4398828696827 -1.4100726260960988e-8 0.0)
(69.43995923476518 4.2863476210299945e-9 0.0)
(69.43996281837987 -1.6202522138339032e-8 0.0)
(69.43995833865705 -9.211945014492721e-9 0.0)
(69.43997044525835 -2.8558051796188678e-9 0.0)
(69.46326874514335 -3.826141349611073e-5 -1.6563490000566207e-21)
(69.46332229247528 -0.00011818478717442863 -9.142370140171292e-22)
(69.46348211701834 -0.00021415600095892276 0.0)
(69.46318248894443 -0.0003387694639766515 0.0)
(69.46486675310999 -0.0005951741326957936 0.0)
(69.46445964058897 -0.0009703704922600452 0.0)
(69.46486983398053 -0.0016322078951103154 0.0)
(69.46526026205306 -0.0027610152972177217 0.0)
(69.46550153651239 -0.004593944512194509 0.0)
(69.46536046817627 -0.007412975563383397 0.0)
(69.46450081363737 -0.011493240872617197 0.0)
(69.46249836306836 -0.017071148221413597 0.0)
(69.45881689307835 -0.02426442706449951 0.0)
(69.4528322322289 -0.032945566093393316 0.0)
(69.44394434410545 -0.0426334491855557 0.0)
(69.43178353010632 -0.052522509316040036 0.0)
(69.41637407628642 -0.06167302784384507 0.0)
(69.3981678752821 -0.06917666430881934 0.0)
(69.37795739199451 -0.07426414944131189 0.0)
(69.35675317239317 -0.0763796607288967 0.0)
(69.3356483890099 -0.0753580497843504 0.0)
(69.31566841618394 -0.07153559441873321 0.0)
(69.297611236233 -0.0656475380687719 0.0)
(69.2819584640724 -0.05853248078163126 0.0)
(69.26887786992373 -0.050907714498136525 0.0)
(69.25828543947542 -0.04332877723502775 0.0)
(69.24992873234261 -0.03621108180536082 0.0)
(69.24344648591854 -0.029797815483167733 0.0)
(69.24698414239057 -0.024131806479342568 0.0)
(69.23632417738173 -0.0229426113657387 0.0)
(69.23027629158913 -0.02274085252841703 0.0)
(69.22966080333755 -0.022248163429994108 0.0)
(69.23053787546985 -0.021303406869934906 0.0)
(69.23323184779703 -0.020220834463244235 0.0)
(69.23713693218184 -0.018415847459247802 0.0)
(69.24363540857993 -0.016458329919136764 0.0)
(69.25196076144361 -0.014472668258731652 0.0)
(69.2615391665001 -0.011747666843282609 0.0)
(69.274871179566 -0.00941827575765208 0.0)
(69.28915958659823 -0.007303512190637081 0.0)
(69.30453685275594 -0.005104432173786516 0.0)
(69.32235703081307 -0.003991205322337295 0.0)
(69.33896622853263 -0.0027696901532774853 0.0)
(69.35559593139573 -0.0018430238989423041 0.0)
(69.37194987329399 -0.0012160262704579003 0.0)
(69.38620917907964 -0.0007304016100887087 0.0)
(69.39915922373542 -0.00041540538396890397 0.0)
(69.41076225600654 -0.00024112435150460798 0.0)
(69.41993372038166 -0.00012378787335310445 0.0)
(69.42731835707065 -6.269906262355137e-5 0.0)
(69.43265558557525 -2.9360981723533436e-5 0.0)
(69.43620703141555 -1.1414010497512772e-5 0.0)
(69.43835944722535 -3.3905085111924912e-6 0.0)
(69.43946834532154 -6.626587957742721e-7 0.0)
(69.43986287950862 -2.0048886756302967e-8 0.0)
(69.43995109581745 5.761788097659826e-9 0.0)
(69.43995450527117 -2.2724834608907134e-8 0.0)
(69.43994826312299 -1.3012435102748897e-8 0.0)
(69.43996290981356 -4.069741244150533e-9 0.0)
(69.46326964471139 -3.833117514167867e-5 -7.959191982635092e-22)
(69.46332334222495 -0.00012074045315433993 4.345859247844647e-25)
(69.4629250657547 -0.0002205366069219498 5.991782016092821e-26)
(69.46451917678931 -0.0003859827177129792 0.0)
(69.46406053971111 -0.0005951892937677496 0.0)
(69.46443364910583 -0.0009638111041942794 0.0)
(69.46482652744335 -0.0016099830358720336 0.0)
(69.46518034587689 -0.00270568786075611 0.0)
(69.46535306219313 -0.004474483024338661 0.0)
(69.46510227183995 -0.007180305339413135 0.0)
(69.46408597288477 -0.011077635371566958 0.0)
(69.46187838260053 -0.016378023119305547 0.0)
(69.4579485709517 -0.02317259471697528 0.0)
(69.45169043522993 -0.031314149383765824 0.0)
(69.44253743265122 -0.04032275218869937 0.0)
(69.43016838867776 -0.04942930805784067 0.0)
(69.41465525962334 -0.05775163285646956 0.0)
(69.39648175078736 -0.06445922098746519 0.0)
(69.3764506950146 -0.06885521257193619 0.0)
(69.35555582805313 -0.07045753842127706 0.0)
(69.33485584236699 -0.06915177734094083 0.0)
(69.31532277515095 -0.06529299492641776 0.0)
(69.29770147804605 -0.05959246038909932 0.0)
(69.28242780061605 -0.052841255922735066 0.0)
(69.26963892787106 -0.045701408108748606 0.0)
(69.25924728825127 -0.03866910508384736 0.0)
(69.25099759284049 -0.03210805521044234 0.0)
(69.25281008940877 -0.026218984007234703 0.0)
(69.24115183163377 -0.02517120906945161 0.0)
(69.23411009291685 -0.025173470392570105 0.0)
(69.23261952817701 -0.02470813730657495 0.0)
(69.23279784663617 -0.02366693900935869 0.0)
(69.23495378622309 -0.022495107161875715 0.0)
(69.23844693025171 -0.020553820100238256 0.0)
(69.24453315972498 -0.018450566764069393 0.0)
(69.25260326857891 -0.016233989615167345 0.0)
(69.26198651634407 -0.013212622057029283 0.0)
(69.2751205496617 -0.010611012143997041 0.0)
(69.28929197331166 -0.00825097287847422 0.0)
(69.30456802382935 -0.005787199326717526 0.0)
(69.32230828363073 -0.004530597424409446 0.0)
(69.33886395557437 -0.00315409040696485 0.0)
(69.35543517602508 -0.002105002824964752 0.0)
(69.371732619074 -0.0013942299023137147 0.0)
(69.38593262026967 -0.0008418929015682092 0.0)
(69.3988265331864 -0.0004816843294995313 0.0)
(69.41038940460517 -0.00028218488902538694 0.0)
(69.41953771464792 -0.00014658138168603457 0.0)
(69.42693672309301 -7.535362253427361e-5 0.0)
(69.43232552097126 -3.5907354268996985e-5 0.0)
(69.43595971204925 -1.4236424145893428e-5 0.0)
(69.43821003171465 -4.320218905927071e-6 0.0)
(69.43940378458434 -8.633178288111969e-7 0.0)
(69.43984180181346 -2.831063088552254e-8 0.0)
(69.43994206584004 7.624182142618184e-9 0.0)
(69.43994488520187 -3.1640670621705943e-8 0.0)
(69.43993622157484 -1.826647483844492e-8 0.0)
(69.4399536924087 -5.7744094218501834e-9 0.0)
(69.4632709097244 -3.8392522610137675e-5 7.955342570802509e-22)
(69.46276904540133 -0.00012323061144746644 -5.294113000437306e-26)
(69.4642635730322 -0.000250745357345618 0.0)
(69.46372820709495 -0.000386877761005153 0.0)
(69.46404536319808 -0.0005942720127852119 0.0)
(69.46440920276383 -0.0009561044902836294 0.0)
(69.46478488548782 -0.0015861330192871227 0.0)
(69.46510351301045 -0.0026479280188762074 0.0)
(69.46521201207399 -0.004351798515893446 0.0)
(69.46486041548823 -0.006944400133401946 0.0)
(69.463700373635 -0.010660069642257197 0.0)
(69.46130586479258 -0.015687399440702104 0.0)
(69.45715055035494 -0.02209288199710183 0.0)
(69.45064575966697 -0.02971147899193503 0.0)
(69.44125825545095 -0.038069743745527164 0.0)
(69.42871149572719 -0.04643147301167432 0.0)
(69.41311901301904 -0.05397657565569963 0.0)
(69.39499210194901 -0.059941819449158835 0.0)
(69.37513611859463 -0.06370386384088396 0.0)
(69.3545294540283 -0.06484418191287578 0.0)
(69.33419573749349 -0.06329512393534938 0.0)
(69.31506440635118 -0.05942186173878734 0.0)
(69.29783250241914 -0.05391222493015259 0.0)
(69.28289188399327 -0.047512234759643564 0.0)
(69.2703598304946 -0.040828811525178386 0.0)
(69.26013270837153 -0.03430797981534427 0.0)
(69.25991745913728 -0.02826418741522921 0.0)
(69.24708762313641 -0.027360968517396285 0.0)
(69.23890541434093 -0.027634738144385263 0.0)
(69.23633446485522 -0.02732599714216302 0.0)
(69.23563162142275 -0.026330661087511354 0.0)
(69.23706929390559 -0.02502056613422139 0.0)
(69.24008160292952 -0.02297185653888352 0.0)
(69.24566020891245 -0.02064080437159349 0.0)
(69.25342690614772 -0.01819482270348609 0.0)
(69.26256397787178 -0.014844548314113488 0.0)
(69.27545413219109 -0.011946085437202108 0.0)
(69.28948456117949 -0.009315847725538314 0.0)
(69.30464303088667 -0.006560275120940402 0.0)
(69.32229488496142 -0.005139557025240944 0.0)
(69.33879965087935 -0.003588792557413343 0.0)
(69.35531729135158 -0.0024012689508578445 0.0)
(69.37156604183474 -0.0015958291434564238 0.0)
(69.38571675254059 -0.0009681709621328339 0.0)
(69.39856389031816 -0.0005568434057250128 0.0)
(69.4100920097919 -0.0003288726339906471 0.0)
(69.41921768042039 -0.00017261866882678525 0.0)
(69.4266224944634 -8.991715244309012e-5 0.0)
(69.43204649510588 -4.352279249938152e-5 0.0)
(69.43574302187065 -1.7568062355849547e-5 0.0)
(69.43807302202319 -5.43841739892115e-6 0.0)
(69.43934134362804 -1.1102152311786645e-6 0.0)
(69.43982022861452 -3.9639158723776854e-8 0.0)
(69.43993230802171 9.910816690799137e-9 0.0)
(69.43993398803998 -4.368577994018241e-8 0.0)
(69.43992205976969 -2.5452592258467255e-8 0.0)
(69.43994254572362 -8.149837943446824e-9 0.0)
(69.46271226139575 -3.845323009453739e-5 0.0)
(69.46411365747703 -0.00013922983891553447 0.0)
(69.46348320083386 -0.00025077324053508673 0.0)
(69.46372225329034 -0.0003870708204716753 0.0)
(69.46403194857957 -0.0005924916528576206 0.0)
(69.46438640061919 -0.0009473424247963585 0.0)
(69.46474496286204 -0.0015608379757776844 0.0)
(69.4650298851255 -0.002588171307566133 0.0)
(69.46507884221307 -0.004226834663974444 0.0)
(69.46463414707512 -0.0067065815178834 0.0)
(69.46334299807036 -0.01024282107514217 0.0)
(69.46077850918253 -0.015002375515071855 0.0)
(69.4564182217951 -0.02102847304122451 0.0)
(69.44969197096765 -0.028142748465553133 0.0)
(69.44009714018084 -0.035877152805124914 0.0)
(69.42739925707971 -0.04353346655524599 0.0)
(69.41174891030504 -0.05034646591682689 0.0)
(69.3936779336156 -0.055621535796227854 0.0)
(69.37399201334502 -0.05880054145968675 0.0)
(69.35365064315798 -0.05952531567934529 0.0)
(69.3336483849699 -0.05776644191748074 0.0)
(69.31487621867166 -0.05389760948740019 0.0)
(69.29798678384589 -0.048582422059213946 0.0)
(69.2833411686593 -0.042519036295883265 0.0)
(69.2710267320771 -0.03626666044168196 0.0)
(69.26851259237618 -0.03022327236029792 0.0)
(69.25432460350527 -0.029510834722343986 0.0)
(69.24482131344573 -0.030060436758732347 0.0)
(69.24098078585105 -0.02997584730998497 0.0)
(69.23920896629626 -0.0291552947913979 0.0)
(69.23972680660802 -0.027764536818660108 0.0)
(69.2421285718231 -0.025659487773244512 0.0)
(69.2470865013009 -0.023043890138241156 0.0)
(69.25447454653712 -0.020362076527680566 0.0)
(69.2633037573385 -0.016659536265107 0.0)
(69.27589020618451 -0.013435728595284718 0.0)
(69.28974790579196 -0.010511878020020597 0.0)
(69.30476609263052 -0.007435504484965618 0.0)
(69.32231608897119 -0.005826788520672559 0.0)
(69.3387694991289 -0.004080288196841557 0.0)
(69.35523538409446 -0.0027362312878478063 0.0)
(69.37144058960426 -0.001823827300508623 0.0)
(69.38554964798006 -0.0011111462554587576 0.0)
(69.39835765152645 -0.0006420268434849777 0.0)
(69.4098561260347 -0.00038190033383601787 0.0)
(69.41896099726782 -0.0002023002657974515 0.0)
(69.42636654940144 -0.00010661788485242337 0.0)
(69.43181417851483 -5.2331951399877104e-5 0.0)
(69.43555700370665 -2.1468368179121913e-5 0.0)
(69.43795055924316 -6.768198571771585e-6 0.0)
(69.43928269749652 -1.4096880926745517e-6 0.0)
(69.43979880994956 -5.494456786535709e-8 0.0)
(69.439922059662 1.2632272213035178e-8 0.0)
(69.43992193894307 -5.974790424481393e-8 0.0)
(69.43990571580798 -3.516018902809817e-8 0.0)
(69.43992925064772 -1.1429805087068362e-8 0.0)
(69.46406570257514 -4.294728364857851e-5 0.0)
(69.46333645622533 -0.00013851793220502083 0.0)
(69.46348465765809 -0.0002503957259521858 0.0)
(69.46371782422648 -0.0003866293280361586 0.0)
(69.46402023851346 -0.0005899159704595764 0.0)
(69.4643651417716 -0.0009376060108525942 0.0)
(69.46470679219716 -0.0015342799778851261 0.0)
(69.46496000067282 -0.002526871534791964 0.0)
(69.46495317652473 -0.004100286329624231 0.0)
(69.4644232171881 -0.006468199108909249 0.0)
(69.46301278089018 -0.009827873052334709 0.0)
(69.46029336862635 -0.014325135749933568 0.0)
(69.45574797704967 -0.019983185796050455 0.0)
(69.44882247744404 -0.02661038157620798 0.0)
(69.4390451397678 -0.03374930613864874 0.0)
(69.42621972380546 -0.04073576236455693 0.0)
(69.41052890648884 -0.04686133925496396 0.0)
(69.39252115838747 -0.05149349051504064 0.0)
(69.37299746591081 -0.05413659365545379 0.0)
(69.35290021193724 -0.054485209217990285 0.0)
(69.33319606471778 -0.05254605388622186 0.0)
(69.31473977213983 -0.04869906412618199 0.0)
(69.29815307217787 -0.04357824318774939 0.0)
(69.28376083617526 -0.037838802195009826 0.0)
(69.27876127519826 -0.03199216332139005 0.0)
(69.26307224047815 -0.03158534584553489 0.0)
(69.25203675383646 -0.032448954478403555 0.0)
(69.24671858241182 -0.032610995929219594 0.0)
(69.24368803464174 -0.03201391970271213 0.0)
(69.24309233518314 -0.030645901626758214 0.0)
(69.24470154107973 -0.02855000978355539 0.0)
(69.24890514600705 -0.02566023634186951 0.0)
(69.2558003671146 -0.022733568958562496 0.0)
(69.26424623804131 -0.018673245373952204 0.0)
(69.27645242849086 -0.015092028108194589 0.0)
(69.2900962356559 -0.011854237758595714 0.0)
(69.30494419343914 -0.00842612906332879 0.0)
(69.32237326903432 -0.006601961904494234 0.0)
(69.33877171103123 -0.004635851553794964 0.0)
(69.35518464581183 -0.0031148295760007427 0.0)
(69.37134898146967 -0.002081594021366088 0.0)
(69.38542186710154 -0.0012729743941541937 0.0)
(69.39819669845087 -0.0007385300272918117 0.0)
(69.40966999302235 -0.0004420768631985242 0.0)
(69.41875643097737 -0.0002360818252374492 0.0)
(69.42615992966252 -0.0001257152782069593 0.0)
(69.43162319940899 -6.247560940147714e-5 0.0)
(69.43540009795582 -2.6003329739702182e-5 0.0)
(69.43784357476693 -8.334458098950004e-6 0.0)
(69.43922911332085 -1.7683267345346149e-6 0.0)
(69.43977817754825 -7.528804435982097e-8 0.0)
(69.43991161293859 1.5762223178064554e-8 0.0)
(69.43990896700699 -8.086790163264656e-8 0.0)
(69.43988725921417 -4.8091278090252505e-8 0.0)
(69.43991365167469 -1.591046413523549e-8 0.0)
(69.46328277135709 -4.2502451924967555e-5 0.0)
(69.46334111954388 -0.00013769908806198465 0.0)
(69.4634870456871 -0.00024966442529290677 0.0)
(69.4637147773419 -0.0003856158949276386 0.0)
(69.46400999610788 -0.0005866054831653368 0.0)
(69.46434531197086 -0.0009269830015585268 0.0)
(69.46467082393308 -0.001506665453190524 0.0)
(69.4648935798038 -0.0024643540249015545 0.0)
(69.46483515323996 -0.003972886427532349 0.0)
(69.46422733699684 -0.0062304372916876715 0.0)
(69.4627078993538 -0.009416628174314642 0.0)
(69.4598485953595 -0.0136583179073439 0.0)
(69.45513528298896 -0.01895891239101264 0.0)
(69.4480316593547 -0.02511802068111409 0.0)
(69.43809388449985 -0.03168745389035709 0.0)
(69.42516144963213 -0.03803989335576861 0.0)
(69.40944500047054 -0.04351935829490072 0.0)
(69.39150445941655 -0.047553196645475464 0.0)
(69.37213516855827 -0.04970149609003062 0.0)
(69.35226118959056 -0.049709340110893264 0.0)
(69.33282094399027 -0.04761695133043587 0.0)
(69.3146437810811 -0.04380401568441425 0.0)
(69.29831733600867 -0.038877923813466816 0.0)
(69.29074674533358 -0.03344871206299678 0.0)
(69.27350087144798 -0.03348884142057936 0.0)
(69.26074927772326 -0.03477210757770479 0.0)
(69.25371793986717 -0.03523441995884611 0.0)
(69.24921600393189 -0.03486567112424546 0.0)
(69.24731985283812 -0.03359769604636294 0.0)
(69.24792760087283 -0.031554497836716856 0.0)
(69.25122596480281 -0.028468981887755745 0.0)
(69.25747196167879 -0.025295928652516092 0.0)
(69.26544066099959 -0.020898792714603997 0.0)
(69.27717093608818 -0.016927616426448494 0.0)
(69.29054794288412 -0.013359341500832204 0.0)
(69.30518745926197 -0.009546971370568926 0.0)
(69.32247001811592 -0.0074757529644522164 0.0)
(69.33880643030376 -0.005263610623940018 0.0)
(69.3551621092143 -0.0035425805734323836 0.0)
(69.37128585744097 -0.00237289998012809 0.0)
(69.38532607513679 -0.0014560837508301593 0.0)
(69.39807210613873 -0.0008478177915522553 0.0)
(69.40952388499612 -0.0005103189614583681 0.0)
(69.41859430247058 -0.00027448110258435906 0.0)
(69.4259943560178 -0.0001475043729422394 0.0)
(69.43146785056854 -7.411337732031505e-5 0.0)
(69.43526970307416 -3.124699730128666e-5 0.0)
(69.43775196632905 -1.0164524853922962e-5 0.0)
(69.43918137316452 -2.1931151332503113e-6 0.0)
(69.43975887309638 -1.0186490209418414e-7 0.0)
(69.4399012833506 1.9230536280366277e-8 0.0)
(69.43989539668512 -1.0823228434725022e-7 0.0)
(69.4398669219165 -6.505182179366362e-8 0.0)
(69.43989569861571 -2.1956494880659517e-8 0.0)
(69.46328562551422 -4.207135159830125e-5 0.0)
(69.46334613605931 -0.0001367962953159097 0.0)
(69.46349022505889 -0.00024862461367969535 0.0)
(69.46371281385753 -0.00038408483033366866 0.0)
(69.46400099025493 -0.000582623758293816 0.0)
(69.46432722382883 -0.0009155804958565713 0.0)
(69.46463671255168 -0.0014781364022292212 0.0)
(69.46483086400691 -0.002400984135799669 0.0)
(69.46472488428157 -0.0038452867961028497 0.0)
(69.46404541023925 -0.005994129641830043 0.0)
(69.46242770954828 -0.009010800528669762 0.0)
(69.45944106502505 -0.013003265043749648 0.0)
(69.4545767920616 -0.017958435935628726 0.0)
(69.44731368457659 -0.023667054412027443 0.0)
(69.43723558757253 -0.02969366194058388 0.0)
(69.42421421545501 -0.03544580045213151 0.0)
(69.40848385352739 -0.040318814750732665 0.0)
(69.39061329136004 -0.04379418299973987 0.0)
(69.37138977352907 -0.04548537143518858 0.0)
(69.3517168531737 -0.04518525500364923 0.0)
(69.33251192624692 -0.04296074523740287 0.0)
(69.31457550336076 -0.03919304912948958 0.0)
(69.3044733738893 -0.034459483785573064 0.0)
(69.28570686196755 -0.035097339102159446 0.0)
(69.27113208534625 -0.036939136036719666 0.0)
(69.26216446865547 -0.03781876665467834 0.0)
(69.2559499598524 -0.03772369177293204 0.0)
(69.25254902406023 -0.03660867097438679 0.0)
(69.25193327315459 -0.0346241928221371 0.0)
(69.25416171423394 -0.03144311351232857 0.0)
(69.25956947717995 -0.028030966982686593 0.0)
(69.26694482268209 -0.023345764546350987 0.0)
(69.27808351008439 -0.0189568022890081 0.0)
(69.29112620615555 -0.015044494624620566 0.0)
(69.30550969760745 -0.010814675013804866 0.0)
(69.32261238397578 -0.008459841035599174 0.0)
(69.33887574498402 -0.005972614379980012 0.0)
(69.35516649636995 -0.004025619522223808 0.0)
(69.37124751189751 -0.002701951010657255 0.0)
(69.3852567091516 -0.0016632051736223726 0.0)
(69.39797681987196 -0.0009715445096657167 0.0)
(69.4094098895424 -0.0005876643960861732 0.0)
(69.41846647168282 -0.00031808579341311186 0.0)
(69.42586249702575 -0.00017232049679329826 0.0)
(69.43134258072057 -8.742656161560493e-5 0.0)
(69.43516267900213 -3.7283033199557715e-5 0.0)
(69.43767486225718 -1.2288847900678952e-5 0.0)
(69.43913978643883 -2.691617569456295e-6 0.0)
(69.43974129701188 -1.3598134596377207e-7 0.0)
(69.43989137261045 2.292252149401767e-8 0.0)
(69.43988162000524 -1.4316025488587376e-7 0.0)
(69.43984510906755 -8.693242476696462e-8 0.0)
(69.43987548854246 -3.000305213192803e-8 0.0)
(69.46328856358345 -4.165761720970988e-5 0.0)
(69.46335142614149 -0.0001358277378269756 0.0)
(69.46349391354794 -0.00024731356150938183 0.0)
(69.46371165909835 -0.0003820891798283775 0.0)
(69.46399343071099 -0.0005780453246572329 0.0)
(69.46431042361097 -0.0009034703855786214 0.0)
(69.46460464289956 -0.0014488687919599515 0.0)
(69.46477208482335 -0.0023370946168487085 0.0)
(69.4646216610581 -0.003717940450700403 0.0)
(69.46387757170675 -0.005760322180018067 0.0)
(69.46217008578165 -0.00861126470911631 0.0)
(69.45906900988818 -0.012361942107430112 0.0)
(69.4540684131328 -0.01698295340015727 0.0)
(69.44666340223004 -0.02225949335745171 0.0)
(69.43646302821512 -0.02776875076854796 0.0)
(69.42336832775001 -0.03295345538838423 0.0)
(69.40763403739989 -0.037256140747695295 0.0)
(69.38983465876863 -0.040210242154849786 0.0)
(69.37074622594714 -0.041479865909689106 0.0)
(69.35125613763877 -0.040898862315080386 0.0)
(69.3322568678421 -0.03856158747066167 0.0)
(69.31985238441493 -0.03484648020124944 0.0)
(69.29971566768185 -0.03626490081672448 0.0)
(69.28329996958101 -0.038818200158506753 0.0)
(69.27223123118958 -0.04027165194671203 0.0)
(69.2640648270222 -0.04057148529776067 0.0)
(69.25892508375648 -0.03969162979030423 0.0)
(69.25684572636109 -0.037775205835274384 0.0)
(69.2578195995569 -0.034577433967426734 0.0)
(69.26218210209312 -0.03093330753255604 0.0)
(69.26882369023541 -0.026022766196192388 0.0)
(69.27923665086303 -0.021197064957911262 0.0)
(69.29185981420945 -0.016927587596135094 0.0)
(69.30592911206672 -0.01224792851012538 0.0)
(69.32280925721538 -0.009566849136217824 0.0)
(69.33898380694534 -0.006772885413111671 0.0)
(69.35519815681839 -0.0045707330365404465 0.0)
(69.371231702632 -0.003073418875667241 0.0)
(69.38520971205993 -0.001897403363582412 0.0)
(69.39790535905641 -0.0011115762579126526 0.0)
(69.40932166497234 -0.0006752864536271779 0.0)
(69.41836622409855 -0.00036756233297217836 0.0)
(69.42575805696082 -0.00020054448674188105 0.0)
(69.43124229517568 -0.00010262120280921292 0.0)
(69.4350757375937 -4.420632418697848e-5 0.0)
(69.43761090297717 -1.4741699832458638e-5 0.0)
(69.4391042651188 -3.2721934042975364e-6 0.0)
(69.43972568763536 -1.7903136251416647e-7 0.0)
(69.43988213462673 2.6685476622870356e-8 0.0)
(69.43986805344073 -1.8708843357863893e-7 0.0)
(69.43982238055064 -1.1468163981177207e-7 0.0)
(69.43985329678763 -4.055233310133264e-8 0.0)
(69.46329157416946 -4.12631978414216e-5 0.0)
(69.46335676891965 -0.0001348063225944417 0.0)
(69.4634978618836 -0.0002457655981028083 0.0)
(69.4637114901657 -0.0003796863326617671 0.0)
(69.4639867910337 -0.0005729213252108308 0.0)
(69.46429499974212 -0.0008907481593258054 0.0)
(69.46457481005032 -0.0014190283045462475 0.0)
(69.46471666429014 -0.0022729114725351576 0.0)
(69.46452603549906 -0.0035914469654899717 0.0)
(69.46372236663755 -0.005529539297020711 0.0)
(69.46193437632769 -0.008219315186291515 0.0)
(69.45872957960368 -0.011735236691185504 0.0)
(69.45360684656218 -0.016034117205876223 0.0)
(69.44607576453282 -0.020896428254234035 0.0)
(69.4357694268685 -0.02591354940369443 0.0)
(69.4226152373689 -0.030561238925616678 0.0)
(69.40688523609857 -0.0343278192045614 0.0)
(69.38915583271327 -0.03679624743153917 0.0)
(69.37019392283679 -0.03767480362694559 0.0)
(69.35086705883586 -0.03683820604488815 0.0)
(69.33663255174805 -0.03440325867944878 0.0)
(69.31545701582942 -0.03679677265491333 0.0)
(69.297300127096 -0.040242252715247014 0.0)
(69.28404907315428 -0.042451627775878326 0.0)
(69.27373458920923 -0.04332137789183922 0.0)
(69.26661206271889 -0.042817460449417075 0.0)
(69.2628069794736 -0.041041923985173 0.0)
(69.26230904772837 -0.03789301817329664 0.0)
(69.26540719259656 -0.03402598133447858 0.0)
(69.2711486769194 -0.028943225649789482 0.0)
(69.28068664423976 -0.02367075663766836 0.0)
(69.29278430532256 -0.01902704132479648 0.0)
(69.3064692071716 -0.013867488205851517 0.0)
(69.32307294436546 -0.010810223094070039 0.0)
(69.33913706229409 -0.007675435441560347 0.0)
(69.35525909817257 -0.0051853778193541285 0.0)
(69.37123753246676 -0.0034924659404869684 0.0)
(69.3851823284227 -0.0021621088477294073 0.0)
(69.39785356924692 -0.0012700149429006268 0.0)
(69.4092542013424 -0.0007745100004919212 0.0)
(69.41828811142858 -0.000423665662931497 0.0)
(69.42567575597305 -0.00023260850148805245 0.0)
(69.43116250275109 -0.00011993140807047186 0.0)
(69.4350057111903 -5.2124661072017905e-5 0.0)
(69.43755848775056 -1.756189569686032e-5 0.0)
(69.43907443127682 -3.944219855797168e-6 0.0)
(69.4397121282993 -2.324810690945223e-7 0.0)
(69.43987375289016 3.0340593621917576e-8 0.0)
(69.43985508851317 -2.415588097538898e-7 0.0)
(69.43979940071921 -1.4927841822080765e-7 0.0)
(69.43982958496382 -5.416475880581217e-8 0.0)
(69.46329449818982 -4.0888335870688736e-5 0.0)
(69.46336197483713 -0.0001337428038212122 0.0)
(69.46350227515785 -0.00024401616556900596 0.0)
(69.46371177055123 -0.00037691590126327193 0.0)
(69.46398109735252 -0.0005673165530792343 0.0)
(69.46428107175831 -0.000877505775819497 0.0)
(69.4645466244251 -0.0013887237337515603 0.0)
(69.46466530122326 -0.0022087620439260793 0.0)
(69.46443692985676 -0.003466095639502032 0.0)
(69.46357988372311 -0.0053025848611861605 0.0)
(69.46171863831646 -0.007835541694350062 0.0)
(69.45842080866196 -0.01112435614000356 0.0)
(69.45318859724196 -0.015112928786762167 0.0)
(69.44554615520461 -0.01957895811823449 0.0)
(69.43514855783023 -0.024127614744346496 0.0)
(69.42194712913962 -0.028267490438088815 0.0)
(69.40622735464544 -0.03153110029699184 0.0)
(69.38856737296784 -0.03354521685019408 0.0)
(69.36972153052612 -0.03406166385177964 0.0)
(69.35434319743646 -0.032990710832291756 0.0)
(69.33268499075048 -0.03646825812652741 0.0)
(69.31308089936073 -0.040987611482537975 0.0)
(69.29768827882243 -0.044171440620078876 0.0)
(69.28510714004483 -0.04582465323302654 0.0)
(69.27578341436592 -0.04588526610231749 0.0)
(69.26998282641814 -0.04440538506050722 0.0)
(69.26775988640028 -0.04139929007674701 0.0)
(69.26935706405149 -0.03734991726240128 0.0)
(69.2740010231501 -0.03212717828465016 0.0)
(69.28250129131366 -0.026405654307854562 0.0)
(69.29394362918302 -0.021361802286388207 0.0)
(69.3071599239918 -0.015695715385069257 0.0)
(69.32341996684227 -0.012204047169996632 0.0)
(69.33934460162318 -0.008692204967955497 0.0)
(69.35535311042376 -0.005877678451907321 0.0)
(69.37126540324944 -0.003964758839578741 0.0)
(69.38517296007099 -0.0024611497820662283 0.0)
(69.39781842107168 -0.0014492239249685455 0.0)
(69.4092036101687 -0.000886829063771507 0.0)
(69.4182277758434 -0.0004872501862952639 0.0)
(69.42561124972063 -0.000269002438448685 0.0)
(69.43109936129422 -0.00013962302900939665 0.0)
(69.43494971015716 -6.116055628134815e-5 0.0)
(69.43751596380454 -2.0793524452105224e-5 0.0)
(69.4390497277389 -4.718315534621947e-6 0.0)
(69.43970057452341 -2.978660763862295e-7 0.0)
(69.43986633212646 3.3696949918135475e-8 0.0)
(69.43984304891978 -3.082139194298121e-7 0.0)
(69.43977686339797 -1.9171332378087557e-7 0.0)
(69.43980497649129 -7.144665157552758e-8 0.0)
(69.46329720089747 -4.053261129774149e-5 0.0)
(69.46336730353696 -0.000132648259273927 0.0)
(69.46350665567292 -0.00024208799916224062 0.0)
(69.46371252093759 -0.00037382441336408144 0.0)
(69.46397642354147 -0.0005612926027343151 0.0)
(69.46426800293553 -0.0008638022569806777 0.0)
(69.46452078212623 -0.001358132270207848 0.0)
(69.46461706900625 -0.00214479445390125 0.0)
(69.46435484609736 -0.0033423614992022237 0.0)
(69.46344880377504 -0.005079820352424476 0.0)
(69.46152187478405 -0.007460752916724737 0.0)
(69.45814034512668 -0.010530064861810264 0.0)
(69.45281063234744 -0.014220400274526052 0.0)
(69.44507010726706 -0.018307217767621137 0.0)
(69.43459466734912 -0.022410433820067667 0.0)
(69.4213563968237 -0.02607110244618577 0.0)
(69.40565250745847 -0.028861502486537356 0.0)
(69.38805933050399 -0.03045140344913183 0.0)
(69.37232716090325 -0.030631056345809756 0.0)
(69.35091898939905 -0.035121433107730395 0.0)
(69.3304122241074 -0.04079695924707545 0.0)
(69.31312150037755 -0.045179126441627 0.0)
(69.29828062637425 -0.04787492676974954 0.0)
(69.28660142984575 -0.048733232399831294 0.0)
(69.27855528238547 -0.04776324662306716 0.0)
(69.27433290676872 -0.045045984558268054 0.0)
(69.27416973113235 -0.04092196990225698 0.0)
(69.27748072076967 -0.03558846811006873 0.0)
(69.28476333516294 -0.029430521864667773 0.0)
(69.29539265703197 -0.0239502801890918 0.0)
(69.30803908792795 -0.017755280727070433 0.0)
(69.323872126825 -0.013762763669118118 0.0)
(69.33961864245197 -0.009835867256313083 0.0)
(69.35548599113386 -0.006656397744964065 0.0)
(69.37131703915294 -0.004496464319672033 0.0)
(69.38518108111667 -0.0027987819027795904 0.0)
(69.39779785614984 -0.001651855018693922 0.0)
(69.40916694575216 -0.0010139256795336127 0.0)
(69.41818178547564 -0.000559281954850029 0.0)
(69.42556101815669 -0.0003102811162202465 0.0)
(69.43104965956385 -0.00016199770061310444 0.0)
(69.434905199424 -7.145323123060893e-5 0.0)
(69.437481752088 -2.4486727849461666e-5 0.0)
(69.43902951360023 -5.606561227137391e-6 0.0)
(69.43969089040552 -3.7680267570013144e-7 0.0)
(69.43985990335518 3.6564936723440546e-8 0.0)
(69.43983216281961 -3.8880148806597194e-7 0.0)
(69.43975541053649 -2.4298383588372807e-7 0.0)
(69.43978019744186 -9.303812645899107e-8 0.0)
(69.46329998866523 -4.019576271312489e-5 0.0)
(69.46337231237769 -0.00013152680152786746 0.0)
(69.46351106041094 -0.00024000736137789246 0.0)
(69.46371381857615 -0.00037045466002162474 0.0)
(69.46397211120006 -0.0005548891438439167 0.0)
(69.4642564452294 -0.0008497408851848781 0.0)
(69.46449638167117 -0.001327327410829892 0.0)
(69.46457263787669 -0.00208128002865246 0.0)
(69.46427882914213 -0.003220452560180497 0.0)
(69.46332878746423 -0.004861756490642527 0.0)
(69.46134257954587 -0.007095469164031087 0.0)
(69.45788633155676 -0.009953140185770195 0.0)
(69.45246980303627 -0.013356846639290834 0.0)
(69.44464347513934 -0.01708127314387167 0.0)
(69.43410226575247 -0.020761894456376103 0.0)
(69.42083672546043 -0.02396946001120463 0.0)
(69.40515250440556 -0.026315457793543325 0.0)
(69.3898545712693 -0.027508066105327602 0.0)
(69.36947978791967 -0.03276385140990194 0.0)
(69.34882283084362 -0.03948171536942355 0.0)
(69.33014576366165 -0.04518453353165366 0.0)
(69.3132593867525 -0.04919353317094131 0.0)
(69.29919083785201 -0.0511400652139727 0.0)
(69.28870426619997 -0.050943308447241015 0.0)
(69.28221298230217 -0.048709946840586105 0.0)
(69.28001266819088 -0.04469224994310984 0.0)
(69.28171622141843 -0.03930820952379899 0.0)
(69.28757542935297 -0.0327616155061597 0.0)
(69.2972007610157 -0.026806288785720004 0.0)
(69.30915425952652 -0.020066667632567103 0.0)
(69.32445786638517 -0.015500671069413382 0.0)
(69.3399751597583 -0.01111942631734092 0.0)
(69.35566588022014 -0.007530869911976253 0.0)
(69.37139558108537 -0.005094219805324067 0.0)
(69.38520720804814 -0.0031797141781193267 0.0)
(69.39779068041935 -0.0018808761202261859 0.0)
(69.4091420606213 -0.0011576899704699554 0.0)
(69.41814748790743 -0.0006408520743506516 0.0)
(69.42552225098673 -0.00035707224789400274 0.0)
(69.43101076157369 -0.0001873973628517542 0.0)
(69.43487001924869 -8.316078487491041e-5 0.0)
(69.43745442103513 -2.8698540791670788e-5 0.0)
(69.43901313515059 -6.622728446849578e-6 0.0)
(69.43968288519972 -4.7101329649833857e-7 0.0)
(69.43985443793454 3.8765879874867465e-8 0.0)
(69.43982255447636 -4.851899422813451e-7 0.0)
(69.43973556282137 -3.0410835227004786e-7 0.0)
(69.43975599427198 -1.1960502199830182e-7 0.0)
(69.46330246077444 -3.987553592500495e-5 0.0)
(69.46337710606147 -0.00013038459682015096 0.0)
(69.4635156036429 -0.00023779748078436627 0.0)
(69.4637150235486 -0.00036683366230965694 0.0)
(69.46396878730417 -0.0005481734963978201 0.0)
(69.46424548709444 -0.000835362099094597 0.0)
(69.46447412371512 -0.0012964633897845545 0.0)
(69.464531217177 -0.002018332818672241 0.0)
(69.46420892204787 -0.0031006790908260423 0.0)
(69.46321891341486 -0.004648725418456602 0.0)
(69.46117975851578 -0.006740226176090249 0.0)
(69.45765661672486 -0.00939387733101583 0.0)
(69.45216319773233 -0.012522527880896379 0.0)
(69.44426247844163 -0.015901480087047774 0.0)
(69.43366644802231 -0.019180645978930506 0.0)
(69.42038171362272 -0.021960617427621714 0.0)
(69.40622585020994 -0.023888405134339118 0.0)
(69.38760860829647 -0.0295745601060095 0.0)
(69.36762860243971 -0.03703060572378064 0.0)
(69.34831574870041 -0.043966518797834836 0.0)
(69.32987416489674 -0.049459596000056665 0.0)
(69.31358939276971 -0.05280979888140935 0.0)
(69.30058044192525 -0.05371083711591967 0.0)
(69.29158990221829 -0.052212414368493026 0.0)
(69.28707393021662 -0.04853604910508064 0.0)
(69.28686634298651 -0.043214074943072604 0.0)
(69.29106377138847 -0.03638284184644088 0.0)
(69.29945588967726 -0.029930894164375974 0.0)
(69.31056494612447 -0.02264415932097544 0.0)
(69.3252139043014 -0.01743095726783722 0.0)
(69.340434682955 -0.012555547158947373 0.0)
(69.35590371201413 -0.008510882250400342 0.0)
(69.37150575575703 -0.00576506971183097 0.0)
(69.38525292444898 -0.0036091275056394537 0.0)
(69.39779650087868 -0.00213959834185775 0.0)
(69.40912749673406 -0.0013202409710973172 0.0)
(69.41812288657268 -0.0007331914551987847 0.0)
(69.42549273901878 -0.0004100852076810818 0.0)
(69.43098053801204 -0.00021620928379033095 0.0)
(69.43484236974372 -9.646262286990626e-5 0.0)
(69.43743272097198 -3.3493800874390215e-5 0.0)
(69.43899997303528 -7.782522077380057e-6 0.0)
(69.43967634383456 -5.823633534837863e-7 0.0)
(69.43984986549665 4.013628571495396e-8 0.0)
(69.43981425289257 -5.993939021871928e-7 0.0)
(69.43971767774794 -3.7615559860756145e-7 0.0)
(69.43973304602669 -1.5183786344365444e-7 0.0)
(69.46330475596362 -3.957046140673234e-5 0.0)
(69.4633818418997 -0.00012922642994915223 0.0)
(69.46351968831057 -0.00023547107799292888 0.0)
(69.46371677268256 -0.0003630057003286816 0.0)
(69.46396554497727 -0.000541172100254654 0.0)
(69.46423581572675 -0.0008207583074944311 0.0)
(69.46445326823145 -0.0012656015464758863 0.0)
(69.46449302524582 -0.0019561368504015337 0.0)
(69.46414455306414 -0.0029832461664197254 0.0)
(69.46311877929134 -0.004441076842991568 0.0)
(69.461032003643 -0.006395240476351354 0.0)
(69.45744923049497 -0.008852534060232922 0.0)
(69.45188837128205 -0.011717913754654348 0.0)
(69.44392341001812 -0.014767231090002796 0.0)
(69.43328246687712 -0.01766582111428992 0.0)
(69.4208427243658 -0.02004171765875751 0.0)
(69.40457562136666 -0.02582560558846177 0.0)
(69.38605133069188 -0.033622925795840926 0.0)
(69.36696129993395 -0.04148977546484973 0.0)
(69.34771136922078 -0.04841969989258378 0.0)
(69.32966585942158 -0.05340045706135564 0.0)
(69.3142542265796 -0.05575859680914998 0.0)
(69.30263014099869 -0.05532416551206783 0.0)
(69.2955447614479 -0.05227373885037225 0.0)
(69.29311084094641 -0.04718367254195324 0.0)
(69.29537632841792 -0.0402318822631717 0.0)
(69.3022672447478 -0.03330276306211159 0.0)
(69.3123447512678 -0.02549042789114619 0.0)
(69.32618705156881 -0.019563997551908387 0.0)
(69.34102326816314 -0.014155598768142255 0.0)
(69.35621378925444 -0.009606480081339644 0.0)
(69.37165412428017 -0.006516361390685134 0.0)
(69.38532096068356 -0.004092682240886616 0.0)
(69.39781570495452 -0.0024317016414995367 0.0)
(69.40912240924416 -0.0015039474159273356 0.0)
(69.41810654318736 -0.0008376868387025908 0.0)
(69.42547077803093 -0.0004701206786278168 0.0)
(69.43095729480616 -0.0002488716014941234 0.0)
(69.43482077854016 -0.0001115621600624969 0.0)
(69.43741559071792 -3.894616881337036e-5 0.0)
(69.43898946926682 -9.103841377999015e-6 0.0)
(69.4396710495332 -7.129063901490382e-7 0.0)
(69.43984609122981 4.0527387899800324e-8 0.0)
(69.43980721154972 -7.336077610872658e-7 0.0)
(69.43970193986533 -4.6028407973913875e-7 0.0)
(69.43971189281032 -1.9045905976099992e-7 0.0)
(69.46330705947419 -3.9278844091271006e-5 0.0)
(69.46338596526721 -0.0001280517490612663 0.0)
(69.46352398246906 -0.00023305176733417126 0.0)
(69.463718189216 -0.0003589872968436928 0.0)
(69.46396306581487 -0.0005339445646354031 0.0)
(69.46422670450575 -0.000805964853719994 0.0)
(69.46443408945382 -0.0012348503160976897 0.0)
(69.46445766119729 -0.001894816261669154 0.0)
(69.4640856737879 -0.0028683770163944644 0.0)
(69.46302749396584 -0.0042389576049258375 0.0)
(69.46089804430645 -0.006060707029059167 0.0)
(69.45726274185365 -0.008329519975106153 0.0)
(69.4516425883534 -0.010942763461627689 0.0)
(69.4436229569372 -0.013678265337765791 0.0)
(69.43325188859521 -0.016215771705578884 0.0)
(69.4197552745762 -0.021797400103457838 0.0)
(69.40333757524122 -0.02954749825263463 0.0)
(69.38530108842164 -0.03792562252822406 0.0)
(69.36612139299736 -0.04600958591364732 0.0)
(69.34704556959048 -0.05263121010471853 0.0)
(69.32963466173105 -0.05673357465652152 0.0)
(69.3154282180253 -0.05775143457161549 0.0)
(69.30559556076031 -0.055680425044770235 0.0)
(69.30063407333427 -0.05106156399401884 0.0)
(69.30067486904309 -0.04420260721676194 0.0)
(69.30576424657998 -0.03687319785660309 0.0)
(69.3145826038299 -0.028590982932829415 0.0)
(69.32743595996524 -0.02190490591680497 0.0)
(69.34177362511087 -0.01592845148322045 0.0)
(69.3566144744185 -0.010827662797714922 0.0)
(69.37184941777711 -0.0073555996430242606 0.0)
(69.38541532924671 -0.004636509751873869 0.0)
(69.39784948240897 -0.0027612571587418994 0.0)
(69.40912652189351 -0.0017114476232927619 0.0)
(69.41809750429975 -0.0009558979242432149 0.0)
(69.42545508940411 -0.0005380811340021897 0.0)
(69.43093970615266 -0.0002858794631638046 0.0)
(69.4348040607312 -0.00012868981451430987 0.0)
(69.43740214898116 -4.51392660022273e-5 0.0)
(69.43898113869507 -1.0607073946606883e-5 0.0)
(69.43966679857151 -8.649370251862139e-7 0.0)
(69.43984301022597 3.9800711946374186e-8 0.0)
(69.43980133201084 -8.90247436136586e-7 0.0)
(69.43968837861605 -5.577849169664707e-7 0.0)
(69.43969289511185 -2.3623736947809675e-7 0.0)
(69.46330884137289 -3.899758107975969e-5 0.0)
(69.46339017494611 -0.00012686637167261296 0.0)
(69.46352765137026 -0.0002305453134182398 0.0)
(69.4637199706818 -0.00035481642848535986 0.0)
(69.46396064106419 -0.0005265133695209631 0.0)
(69.464218440422 -0.0007910479841015768 0.0)
(69.46441625281402 -0.0012042840231307407 0.0)
(69.46442525288583 -0.0018345118088251957 0.0)
(69.46403171001376 -0.0027561703503383617 0.0)
(69.46294427241564 -0.0040425048550134235 0.0)
(69.46077718956916 -0.005736930451862089 0.0)
(69.45709517308396 -0.007824745404507618 0.0)
(69.45142369895709 -0.010197085088582391 0.0)
(69.44322066238819 -0.012633696211093236 0.0)
(69.43267063612544 -0.01775085431473788 0.0)
(69.41884222747025 -0.02510944438426625 0.0)
(69.40257058742327 -0.03357120213300695 0.0)
(69.38432580661728 -0.04238187067087029 0.0)
(69.36511012744849 -0.05040465434851191 0.0)
(69.34639407580607 -0.05633524420803194 0.0)
(69.32993194119506 -0.05915291938575906 0.0)
(69.3173353364906 -0.05847637993762907 0.0)
(69.30960451468692 -0.054661232546967906 0.0)
(69.30712413815823 -0.048156423480184604 0.0)
(69.31009134216505 -0.04056912856296659 0.0)
(69.31738225932226 -0.03191071170602278 0.0)
(69.32903241158009 -0.024450916016988067 0.0)
(69.34272631709717 -0.017879137608585293 0.0)
(69.35712898211099 -0.012183943171499808 0.0)
(69.37210296679505 -0.008290271150628171 0.0)
(69.3855415185072 -0.005247181596960834 0.0)
(69.39789989025142 -0.003132744731907791 0.0)
(69.4091401132762 -0.0019456668139675622 0.0)
(69.41809525144006 -0.0010895754446883274 0.0)
(69.4254447569637 -0.0006149820436008681 0.0)
(69.43092675684375 -0.00032779174805311773 0.0)
(69.43479127793353 -0.00014810635298747617 0.0)
(69.43739167723074 -5.2167940843458124e-5 0.0)
(69.43897457093384 -1.2315428021464788e-5 0.0)
(69.43966340828766 -1.041050130485831e-6 0.0)
(69.43984051792079 3.781969583710119e-8 0.0)
(69.43979648643308 -1.0719981181569542e-6 0.0)
(69.43967690238647 -6.701242057581834e-7 0.0)
(69.43967622811326 -2.90006822233363e-7 0.0)
(69.46331081621855 -3.8725732952411756e-5 0.0)
(69.46339367103023 -0.0001256668985508554 0.0)
(69.46353141962553 -0.00022797134871710927 0.0)
(69.46372144019348 -0.00035050612949398937 0.0)
(69.46395856933353 -0.0005189209737907627 0.0)
(69.46421071541614 -0.0007760534665810046 0.0)
(69.4643999572217 -0.001173990466062049 0.0)
(69.46439539251939 -0.001775289320800971 0.0)
(69.46398217656936 -0.0026467226710486973 0.0)
(69.46286892823291 -0.003851934438571327 0.0)
(69.46066802682435 -0.0054238788245352144 0.0)
(69.4569452635831 -0.007338299253593287 0.0)
(69.45075682670867 -0.00948041612397427 0.0)
(69.44307029603912 -0.013925355342046334 0.0)
(69.43207217916371 -0.020597686335981354 0.0)
(69.4181148372678 -0.028750597031056296 0.0)
(69.40155161113358 -0.037829074724543305 0.0)
(69.3830955970563 -0.04684106741848512 0.0)
(69.36396011430226 -0.054430802543753695 0.0)
(69.34587039950463 -0.059222261156783106 0.0)
(69.33074829366947 -0.06033865930889818 0.0)
(69.3201429275002 -0.057748982014424986 0.0)
(69.31487904817905 -0.05192426612962726 0.0)
(69.31540043779995 -0.04429756782692702 0.0)
(69.32086015090935 -0.03539357806849369 0.0)
(69.33106173130898 -0.027189499995386827 0.0)
(69.34393090039727 -0.020007560494396406 0.0)
(69.35778623611273 -0.013683777138701074 0.0)
(69.37242923068229 -0.009327660944481533 0.0)
(69.38570674739081 -0.005931651279782634 0.0)
(69.39796996361036 -0.003551063548208854 0.0)
(69.40916403336804 -0.002209829922707976 0.0)
(69.41809967407563 -0.0012406796689533282 0.0)
(69.42543918011035 -0.00070196370308265 0.0)
(69.4309176944787 -0.00037523833805433503 0.0)
(69.4347817011279 -0.00017010659331315056 0.0)
(69.43738359925676 -6.0139698464687016e-5 0.0)
(69.43896942629466 -1.4255308893582572e-5 0.0)
(69.439660720499 -1.2442068801407337e-6 0.0)
(69.43983851663518 3.443969665209324e-8 0.0)
(69.43979253588498 -1.2818674601415867e-6 0.0)
(69.43966733828441 -7.989825316193079e-7 0.0)
(69.43966190355621 -3.526884570518088e-7 0.0)
(69.46331220042391 -3.845978298428689e-5 0.0)
(69.46339719990794 -0.00012445800283034832 0.0)
(69.46353464610648 -0.00022533366905963086 0.0)
(69.46372291852563 -0.0003460825221917871 0.0)
(69.46395656495115 -0.000511196561003276 0.0)
(69.46420375634375 -0.0007610368469085231 0.0)
(69.4643848707098 -0.0011440122465049463 0.0)
(69.4643677562672 -0.001717216173337614 0.0)
(69.46393719532664 -0.0025401865063813967 0.0)
(69.46280044398856 -0.0036672426920813976 0.0)
(69.46056993904503 -0.005121647350718707 0.0)
(69.45610084124274 -0.006869935467762815 0.0)
(69.45094993164753 -0.010525626273197676 0.0)
(69.44275887203175 -0.016283549714698108 0.0)
(69.4314316088493 -0.023778679871739677 0.0)
(69.41713277940055 -0.032684089534776826 0.0)
(69.40022795622679 -0.0422101245279277 0.0)
(69.38160146594622 -0.051093354296572364 0.0)
(69.36273814392705 -0.0577907920178172 0.0)
(69.34562875902665 -0.0609645003146902 0.0)
(69.33227231032066 -0.06004462421689382 0.0)
(69.32406314503599 -0.0552976035897261 0.0)
(69.32184119156351 -0.047941209386794956 0.0)
(69.32514228877587 -0.03896317630579913 0.0)
(69.33362209855201 -0.030097449616662563 0.0)
(69.3454468552555 -0.022307429611450588 0.0)
(69.35862174064354 -0.01533395293548255 0.0)
(69.37284642579644 -0.010474687932494012 0.0)
(69.38592028589667 -0.0066971651365720355 0.0)
(69.39806387593161 -0.00402153500555139 0.0)
(69.4091997517868 -0.00250746697469845 0.0)
(69.4181110643391 -0.0014113986994478593 0.0)
(69.42543804274129 -0.0008003033454582456 0.0)
(69.43091199222536 -0.0004289279128202099 0.0)
(69.43477477855537 -0.00019502346942698378 0.0)
(69.43737746110786 -6.917630122479416e-5 0.0)
(69.43896542866887 -1.6456754718966064e-5 0.0)
(69.43965860176495 -1.4778122961769416e-6 0.0)
(69.4398369191572 2.9495448166320697e-8 0.0)
(69.43978934322513 -1.5232437082947334e-6 0.0)
(69.43965946910818 -9.462910157737073e-7 0.0)
(69.43964980821988 -4.2531294327336646e-7 0.0)
(69.46331374759244 -3.819890940747233e-5 0.0)
(69.46340014611704 -0.00012323625554052018 0.0)
(69.46353767679479 -0.00022264472585311137 0.0)
(69.4637241480692 -0.0003415628566932237 0.0)
(69.46395487440127 -0.0005033759111169818 0.0)
(69.46419726808976 -0.0007460255133875546 0.0)
(69.46437074634615 -0.0011143946885314962 0.0)
(69.46434263156445 -0.001660399251604621 0.0)
(69.46389599979823 -0.002436574528740506 0.0)
(69.46273863892804 -0.003488515146300104 0.0)
(69.45961465268381 -0.0048301029321358956 0.0)
(69.45654859776033 -0.007685275941320672 0.0)
(69.4508815268659 -0.012407234168775568 0.0)
(69.44223616836295 -0.018960218383883322 0.0)
(69.43055460322881 -0.027282818800676237 0.0)
(69.41583077123771 -0.036837911227422436 0.0)
(69.39855706102823 -0.046547217726393704 0.0)
(69.3798625047579 -0.054868778621570406 0.0)
(69.36155793644494 -0.06015319801267863 0.0)
(69.34586241690783 -0.061264417301822714 0.0)
(69.33473147628045 -0.05803046453532875 0.0)
(69.32954480486558 -0.05134701624461212 0.0)
(69.33035943709605 -0.042520973000935464 0.0)
(69.3368226255578 -0.03313965846820801 0.0)
(69.34734419996299 -0.02476549809847304 0.0)
(69.35967839521481 -0.01713906757290208 0.0)
(69.37337724906844 -0.011737793985525656 0.0)
(69.38619384559588 -0.007551142479675051 0.0)
(69.39818715456506 -0.004549895943250442 0.0)
(69.40924943953051 -0.002842408256810616 0.0)
(69.41813013398324 -0.001604165327320342 0.0)
(69.42544129701123 -0.0009114271333985409 0.0)
(69.43090932205234 -0.000489656096154109 0.0)
(69.43477010969754 -0.00022323248438352842 0.0)
(69.43737291278649 -7.941555420480978e-5 0.0)
(69.43896235753814 -1.8953939290295408e-5 0.0)
(69.43965694180002 -1.7458053891594546e-6 0.0)
(69.43983565010585 2.2785641687932913e-8 0.0)
(69.43978678125042 -1.7999586741775147e-6 0.0)
(69.43965306242072 -1.1142671865348266e-6 0.0)
(69.43963974705566 -5.090432192075297e-7 0.0)
(69.46331485084113 -3.794003654001016e-5 0.0)
(69.46340287207114 -0.00012200347730368773 0.0)
(69.46354028129097 -0.0002199115615222182 0.0)
(69.46372539767958 -0.00033696883936802354 0.0)
(69.46395322959928 -0.0004954764590732872 0.0)
(69.46419104237327 -0.0007310493101231646 0.0)
(69.46435794951292 -0.0010852106537085216 0.0)
(69.46431939627124 -0.0016048573753464563 0.0)
(69.4638586788252 -0.0023359610912493346 0.0)
(69.46172158365637 -0.0033156864080433044 0.0)
(69.46023660768942 -0.005446417373526044 0.0)
(69.45666923768633 -0.009134727658914989 0.0)
(69.45048552640681 -0.014575464009312014 0.0)
(69.44151071882352 -0.02196373661529769 0.0)
(69.42937245365252 -0.031072549814099782 0.0)
(69.41414434272133 -0.04109048858821626 0.0)
(69.39651652791017 -0.05060993049597579 0.0)
(69.37794825187768 -0.057843742699853054 0.0)
(69.3606004351155 -0.061181506460582374 0.0)
(69.34682498134396 -0.059866443648133316 0.0)
(69.33859669834995 -0.05432303321868958 0.0)
(69.33663711709376 -0.045943896755018275 0.0)
(69.34077951663492 -0.036266162542296795 0.0)
(69.34970363390919 -0.027361043903615375 0.0)
(69.36100716382595 -0.019101157589618282 0.0)
(69.37404968954648 -0.013122896857377695 0.0)
(69.38654204894725 -0.008501038489208796 0.0)
(69.39834695736 -0.0051422774244767825 0.0)
(69.40931608854159 -0.0032187656908806705 0.0)
(69.41815805388066 -0.0018216711047018537 0.0)
(69.4254491620322 -0.0010369212567046596 0.0)
(69.43090953777433 -0.0005583137587277163 0.0)
(69.43476742561846 -0.0002551565031021221 0.0)
(69.43736969274075 -9.101330545683487e-5 0.0)
(69.43896004009268 -2.178575448632609e-5 0.0)
(69.43965565106333 -2.052769328672782e-6 0.0)
(69.4398346458537 1.4053833003067193e-8 0.0)
(69.43978473692727 -2.116356641415176e-6 0.0)
(69.43964789114382 -1.3054509905328948e-6 0.0)
(69.43963148174787 -6.051978235255034e-7 0.0)
(69.46331587481619 -3.768191446661591e-5 0.0)
(69.46340516389505 -0.00012075905014000025 0.0)
(69.46354274901557 -0.0002171444098888826 0.0)
(69.46372642576782 -0.0003323100318925871 0.0)
(69.46395144918434 -0.0004875174191570005 0.0)
(69.46418548079144 -0.0007161570104182193 0.0)
(69.46434593541271 -0.0010564775003453254 0.0)
(69.46429828999462 -0.001550651625491255 0.0)
(69.46281464847483 -0.002238322694627412 0.0)
(69.462453181609 -0.003769943660746081 0.0)
(69.46049220063128 -0.0065296478549032025 0.0)
(69.4563879607185 -0.01082935213141886 0.0)
(69.4499284197052 -0.017051480808229852 0.0)
(69.4405173474606 -0.02528443712982002 0.0)
(69.42781020534882 -0.03506985404730549 0.0)
(69.41202023993735 -0.04525894348073101 0.0)
(69.39413085386526 -0.05409901750768758 0.0)
(69.3760100931297 -0.0596590623641706 0.0)
(69.36013784285102 -0.06057259947730907 0.0)
(69.34900166442846 -0.056650198115052904 0.0)
(69.34407722346108 -0.04908577799698387 0.0)
(69.34560888549582 -0.03940806755742265 0.0)
(69.35261573548898 -0.03006553791900973 0.0)
(69.36266748593451 -0.0212193220661035 0.0)
(69.37489792206267 -0.014635388743908398 0.0)
(69.38698298908714 -0.0095541969605944 0.0)
(69.39855241897796 -0.005805165369669095 0.0)
(69.40940367350701 -0.0036408956135183805 0.0)
(69.41819651821798 -0.0020668753020273646 0.0)
(69.42546213737896 -0.0011785413603870316 0.0)
(69.43091266789281 -0.0006358950348088995 0.0)
(69.43476657537074 -0.0002912708519265267 0.0)
(69.43736761557902 -0.00010414566167567516 0.0)
(69.43895834418294 -2.4996494579790814e-5 0.0)
(69.43965465804587 -2.4040707501747213e-6 0.0)
(69.43983385366998 2.963294391998413e-9 0.0)
(69.43978311283786 -2.477369618677819e-6 0.0)
(69.43964374612356 -1.5227434328338972e-6 0.0)
(69.43962476116755 -7.152747418470149e-7 0.0)
(69.4633166075461 -3.742275147248565e-5 0.0)
(69.46340732165187 -0.00011950460679582191 0.0)
(69.46354486044393 -0.00021434601979864034 0.0)
(69.4637270753323 -0.00032759731960030846 0.0)
(69.46394995616689 -0.0004795309246232054 0.0)
(69.46418008239873 -0.0007013617808075176 0.0)
(69.46433501981888 -0.0010282414336532997 0.0)
(69.46324930217183 -0.0014977802355670637 0.0)
(69.46360848125497 -0.0025667091926682563 0.0)
(69.46279755188127 -0.004560072493472163 0.0)
(69.46030256224061 -0.00781371015551996 0.0)
(69.4559869824817 -0.01279698860194328 0.0)
(69.44915332684049 -0.019846012423555298 0.0)
(69.43917975964608 -0.028882513895038594 0.0)
(69.42579519750986 -0.039142514827546576 0.0)
(69.40944148441636 -0.04908515331197179 0.0)
(69.39150704298649 -0.05665464072294848 0.0)
(69.37431487840355 -0.059956800962195654 0.0)
(69.36065345532269 -0.058095872230891306 0.0)
(69.35273292030354 -0.05177926403976296 0.0)
(69.35141532075569 -0.04247319806043246 0.0)
(69.35617839498649 -0.0328420906306562 0.0)
(69.36472728050325 -0.023488800594797424 0.0)
(69.37596328013731 -0.01628008497277195 0.0)
(69.38753889543985 -0.010717674110241477 0.0)
(69.39881507734665 -0.0065453274371237895 0.0)
(69.40951736301322 -0.004113341339540398 0.0)
(69.41824783510297 -0.0023430047763214816 0.0)
(69.42548103271837 -0.0013382189947164548 0.0)
(69.43091891788092 -0.0007235046130721737 0.0)
(69.43476751850851 -0.0003321085757767595 0.0)
(69.4373665629667 -0.00011901144273376911 0.0)
(69.43895717246183 -2.863665950128204e-5 0.0)
(69.43965390664897 -2.8060367855189142e-6 0.0)
(69.43983323045848 -1.0937264084324016e-8 0.0)
(69.43978182693111 -2.888600481966154e-6 0.0)
(69.43964044239958 -1.7694496402549392e-6 0.0)
(69.43961934228545 -8.409766624466755e-7 0.0)
(69.46331734701478 -3.716164838669323e-5 0.0)
(69.46340913680949 -0.0001182381405239345 0.0)
(69.46354647759232 -0.0002115203216232542 0.0)
(69.46372778679395 -0.000322850467742599 0.0)
(69.46394827987469 -0.000471525683516275 0.0)
(69.46417520071546 -0.0006866964496060874 0.0)
(69.46329313192373 -0.0010005083218125243 0.0)
(69.46407388285286 -0.0017317552997413131 0.0)
(69.46400662878712 -0.0031325435881077394 0.0)
(69.46267471907069 -0.005508886517222388 0.0)
(69.46002874598544 -0.009328128857431986 0.0)
(69.45542019366393 -0.01506114765361566 0.0)
(69.44808940565997 -0.022949874677212115 0.0)
(69.43741603716293 -0.032674714544873404 0.0)
(69.42327643987949 -0.043086037984507226 0.0)
(69.40646195600634 -0.05223417267143956 0.0)
(69.38887504431159 -0.0578813465084241 0.0)
(69.37331840470829 -0.058420374436406186 0.0)
(69.36258256820813 -0.05382785045607133 0.0)
(69.35827704161453 -0.045337517989345114 0.0)
(69.3604917857499 -0.03564202227755337 0.0)
(69.36726241954246 -0.02589837538871958 0.0)
(69.37729528005192 -0.018060803082026074 0.0)
(69.38823692814402 -0.011997932157678115 0.0)
(69.39914939196376 -0.007369680019860681 0.0)
(69.40966378879436 -0.004640749820742171 0.0)
(69.4183150468406 -0.0026535414926937076 0.0)
(69.42550701458399 -0.0015180629134797935 0.0)
(69.43092868255353 -0.0008223634679041915 0.0)
(69.43477032342092 -0.00037826574833668306 0.0)
(69.43736647779569 -0.00013583485891003962 0.0)
(69.43895645778726 -3.2763911324816776e-5 0.0)
(69.43965335386554 -3.2661882680169936e-6 0.0)
(69.43983274137851 -2.826108604718945e-8 0.0)
(69.43978081126157 -3.3564157909907055e-6 0.0)
(69.43963782124663 -2.0493269754831033e-6 0.0)
(69.4396150026104 -9.842384310440114e-7 0.0)
(69.46331788283449 -3.68967594524096e-5 0.0)
(69.46341047967042 -0.00011695872501124523 0.0)
(69.46354805321211 -0.00020867731214308096 0.0)
(69.46372811385795 -0.00031807372265459604 0.0)
(69.46394679521572 -0.00046352384307275665 0.0)
(69.46314524392437 -0.0006721676281252506 0.0)
(69.46412886215215 -0.0011654761127546385 0.0)
(69.46450191688206 -0.0021316375242403963 0.0)
(69.46392986553494 -0.0038200558009692897 0.0)
(69.46249515973071 -0.00664412273524941 0.0)
(69.45963576805265 -0.01110234006113075 0.0)
(69.45462673740518 -0.01763433079947355 0.0)
(69.44665412222476 -0.02632269114867595 0.0)
(69.4351510721607 -0.03651568510359527 0.0)
(69.42025415269752 -0.046613931088990965 0.0)
(69.40324758823346 -0.05430584548383148 0.0)
(69.38663252277914 -0.05739850721065063 0.0)
(69.3735063143145 -0.054993216659102125 0.0)
(69.36622848211206 -0.047827590940409184 0.0)
(69.36565047023892 -0.038392753138032476 0.0)
(69.37035555699148 -0.028423920259650817 0.0)
(69.37895259938806 -0.019978740978467312 0.0)
(69.38911012144548 -0.013400136610560555 0.0)
(69.39957336799516 -0.008285045928914667 0.0)
(69.40985138200855 -0.005227754739075983 0.0)
(69.41840208392814 -0.003002191342739206 0.0)
(69.42554167254873 -0.0017203537770748196 0.0)
(69.43094256882529 -0.0009338115830064936 0.0)
(69.43477517183743 -0.00043040653687897014 0.0)
(69.43736736145331 -0.00015486844247060715 0.0)
(69.43895615997742 -3.744421535639547e-5 0.0)
(69.43965296783553 -3.7935498071843115e-6 0.0)
(69.43983235851648 -4.985052656134461e-8 0.0)
(69.43978001027104 -3.888050004629702e-6 0.0)
(69.43963574944623 -2.36663944503834e-6 0.0)
(69.43961154633723 -1.147256949945921e-6 0.0)
(69.46331808184866 -3.66267367474971e-5 0.0)
(69.46341180597452 -0.00011566920027892538 0.0)
(69.46354915810618 -0.0002058172908108289 0.0)
(69.46372844647328 -0.0003132805940539853 0.0)
(69.46292943353943 -0.000455530197004021 0.0)
(69.46398139492854 -0.0007876986491146959 0.0)
(69.46457154811252 -0.0014455542491791215 0.0)
(69.46445587210465 -0.0026224818043461356 0.0)
(69.46381630490559 -0.004653243692638824 0.0)
(69.46223381175301 -0.00799585215780102 0.0)
(69.45907494987966 -0.013161484513573657 0.0)
(69.45353065807205 -0.020509490722004434 0.0)
(69.44475932509336 -0.029876031289232417 0.0)
(69.43233894400862 -0.04018320071524133 0.0)
(69.41681667504592 -0.04935731931143628 0.0)
(69.40011041745244 -0.05488390608600688 0.0)
(69.38526512588237 -0.05501049504832256 0.0)
(69.3752382913334 -0.049705012001169405 0.0)
(69.37173118155779 -0.040974483930763916 0.0)
(69.37409369881365 -0.031015472757175727 0.0)
(69.38100370029169 -0.02202802602298746 0.0)
(69.39019846967149 -0.014926572096613381 0.0)
(69.40010928971338 -0.009297704430857884 0.0)
(69.41009078695195 -0.00587881052591449 0.0)
(69.41851395641838 -0.003392827468387002 0.0)
(69.42558710787641 -0.0019475290806892415 0.0)
(69.4309614299635 -0.0010593066221445296 0.0)
(69.43478236956454 -0.0004892674221838061 0.0)
(69.43736927437106 -0.00017639620265223554 0.0)
(69.43895626385006 -4.2753230785284704e-5 0.0)
(69.43965272633628 -4.399069064659934e-6 0.0)
(69.43983205967687 -7.68727237681789e-8 0.0)
(69.43977937895872 -4.491723458437529e-6 0.0)
(69.43963411705782 -2.7262191150847467e-6 0.0)
(69.43960880600648 -1.3325241332858022e-6 0.0)
(69.46331839300618 -3.635156549953187e-5 0.0)
(69.46341269295216 -0.00011436742574201503 0.0)
(69.46355019116992 -0.00020294684701746432 0.0)
(69.46272189566399 -0.0003084731024965308 0.0)
(69.46376101925141 -0.0005359556165844965 0.0)
(69.46442970817131 -0.0009829019491628677 0.0)
(69.46454555650749 -0.0017922257842286353 0.0)
(69.46438688011956 -0.0032238221997117253 0.0)
(69.46364894279557 -0.005659438285520191 0.0)
(69.46185414173529 -0.0095941515914365 0.0)
(69.45828199692518 -0.015520606595979758 0.0)
(69.45204201013057 -0.02364621073797584 0.0)
(69.44232634087733 -0.03345684976094024 0.0)
(69.42899306633055 -0.04336815706302271 0.0)
(69.41317437153091 -0.05089964471541251 0.0)
(69.39748700602536 -0.05365831025152602 0.0)
(69.38518064579748 -0.05068329641286307 0.0)
(69.37877275070394 -0.04319862492226869 0.0)
(69.37856223151513 -0.03357884259272596 0.0)
(69.38352623555649 -0.024186654667173933 0.0)
(69.39155001601303 -0.016573530581383247 0.0)
(69.40078453576294 -0.010412563633571835 0.0)
(69.41039535804313 -0.006597945791080892 0.0)
(69.4186569875032 -0.0038294004388131544 0.0)
(69.42564604759156 -0.002202155092819157 0.0)
(69.43098641301428 -0.001200416190431178 0.0)
(69.43479236401559 -0.0005556602471413337 0.0)
(69.4373723398231 -0.00020073688198600213 0.0)
(69.43895677862683 -4.87780149489281e-5 0.0)
(69.4396526156883 -5.0961862871216106e-6 0.0)
(69.43983182734333 -1.1095712992051231e-7 0.0)
(69.43977888110965 -5.176776511400398e-6 0.0)
(69.43963283454941 -3.1335348406932612e-6 0.0)
(69.43960664143276 -1.5428633882909965e-6 0.0)
(69.46331838938904 -3.60698123191966e-5 0.0)
(69.46341353974371 -0.00011305509048990644 0.0)
(69.46255179809847 -0.00020006541863180333 0.0)
(69.46354763348326 -0.00036363902680541327 0.0)
(69.46420993675555 -0.0006714497796645679 0.0)
(69.46441626442942 -0.0012260412707871574 0.0)
(69.46450591731714 -0.002220682634175739 0.0)
(69.46428399098863 -0.003958615103238529 0.0)
(69.46340191834695 -0.006868223947233852 0.0)
(69.46130574632016 -0.011465589605647732 0.0)
(69.45717475310416 -0.01817426734659484 0.0)
(69.45006579323899 -0.026954904077298458 0.0)
(69.43930906268636 -0.0368309536262791 0.0)
(69.42522208721095 -0.045689181330055506 0.0)
(69.40967664250603 -0.05085896132910176 0.0)
(69.39580681379056 -0.050496283241203366 0.0)
(69.38674617321085 -0.04481554682951482 0.0)
(69.3838313238652 -0.03596218701250806 0.0)
(69.38660336634008 -0.026403488970669853 0.0)
(69.39322144981239 -0.018326314523859532 0.0)
(69.401632363824 -0.011631708137836127 0.0)
(69.41078173617232 -0.007388392454742708 0.0)
(69.41883909216757 -0.004315804585486948 0.0)
(69.42572198820164 -0.0024868822745553166 0.0)
(69.43101902091527 -0.0013588012384600282 0.0)
(69.43480576946267 -0.0006304729736221444 0.0)
(69.43737675122622 -0.00022824738526279803 0.0)
(69.43895773866525 -5.5619107333950685e-5 0.0)
(69.43965263010679 -5.901617883502455e-6 0.0)
(69.43983164780104 -1.5439147072051424e-7 0.0)
(69.43977848770346 -5.953822986445416e-6 0.0)
(69.43963182976063 -3.594769089207692e-6 0.0)
(69.43960493719162 -1.7814697057706826e-6 0.0)
(69.46331846212789 -3.5781372174517355e-5 0.0)
(69.46242080118846 -0.00011173022008705675 0.0)
(69.46337202945185 -0.00023612506756548362 0.0)
(69.46399490204058 -0.00045646384514998314 0.0)
(69.46420368657569 -0.0008409161861966436 0.0)
(69.46439510098796 -0.0015285263830733334 0.0)
(69.4644459312046 -0.002749163230736559 0.0)
(69.4641297876605 -0.00485290001225158 0.0)
(69.4630383909619 -0.008309589642273256 0.0)
(69.46052031598497 -0.013626059819934234 0.0)
(69.45565748856623 -0.021083134236635426 0.0)
(69.44751858509288 -0.030277279491177915 0.0)
(69.43572918780141 -0.03967939781168311 0.0)
(69.42126869169435 -0.0467405663824116 0.0)
(69.40673652996513 -0.04899046901130911 0.0)
(69.39552163338037 -0.045566717947575074 0.0)
(69.3899322604458 -0.03796448121793116 0.0)
(69.39031440723247 -0.028587526295321124 0.0)
(69.3952771106675 -0.020153249389336006 0.0)
(69.40269239407058 -0.01295213062137868 0.0)
(69.41127047232786 -0.008252043934735772 0.0)
(69.41907010138087 -0.004855687382134998 0.0)
(69.42581937279623 -0.002804379363352549 0.0)
(69.43106119179933 -0.0015361877901807557 0.0)
(69.43482340075899 -0.0007146669634875278 0.0)
(69.43738278341593 -0.00025932613225518737 0.0)
(69.43895920560236 -6.3393168476145e-5 0.0)
(69.43965277147353 -6.836444986779615e-6 0.0)
(69.4398315104345 -2.1040322043167982e-7 0.0)
(69.43977817551507 -6.8349261585545125e-6 0.0)
(69.43963104504739 -4.1169022538500975e-6 0.0)
(69.43960359944869 -2.0519537407341547e-6 0.0)
(69.46232913461532 -3.548509628999547e-5 0.0)
(69.46323624265533 -0.00013220134253038313 0.0)
(69.46381696131081 -0.00029676061468920245 0.0)
(69.46399227334214 -0.0005728143095615148 0.0)
(69.46419319343016 -0.0010526747518695928 0.0)
(69.4643622850525 -0.001904266772216256 0.0)
(69.46435429255872 -0.003399003841965504 0.0)
(69.46389887236955 -0.005935040350809043 0.0)
(69.4625059080416 -0.01000941659309809 0.0)
(69.45941280182562 -0.01607051343004355 0.0)
(69.45363179180981 -0.02415477854191177 0.0)
(69.44435956752704 -0.033370581135435166 0.0)
(69.43172333094095 -0.04161678525685673 0.0)
(69.41749015671881 -0.04618216147351078 0.0)
(69.40484965415482 -0.045257263353761464 0.0)
(69.39682842783944 -0.03937160640817498 0.0)
(69.39471862364157 -0.03060911470966756 0.0)
(69.39778485421893 -0.022001554881583788 0.0)
(69.40401031351456 -0.014362816686827068 0.0)
(69.41188661307709 -0.009188731951806299 0.0)
(69.41936212490333 -0.005452180283353522 0.0)
(69.4259438054041 -0.0031572415998797963 0.0)
(69.43111539780288 -0.0017343231253906081 0.0)
(69.43484631690917 -0.0008092692444977871 0.0)
(69.4373908082563 -0.0002944161659992741 0.0)
(69.43896127209888 -7.223628524519701e-5 0.0)
(69.4396530495461 -7.927608791087756e-6 0.0)
(69.43983140717211 -2.8356542673127385e-7 0.0)
(69.43977792594232 -7.833802136712658e-6 0.0)
(69.43963043470363 -4.707805905030855e-6 0.0)
(69.43960255272397 -2.3583893874603123e-6 0.0)
(69.46314074759923 -4.2131392062386964e-5 0.0)
(69.46367875921257 -0.00016656927150406295 0.0)
(69.46381586962237 -0.00037287075565715374 0.0)
(69.46398720263345 -0.0007185515442637041 0.0)
(69.46417619111165 -0.0013169829243184837 0.0)
(69.46431055521066 -0.0023698955026082037 0.0)
(69.46421420741146 -0.004194519691568695 0.0)
(69.46355336969332 -0.0072331893407673944 0.0)
(69.46173572142054 -0.01198238871347166 0.0)
(69.45788734716653 -0.018756534207429586 0.0)
(69.45102111998071 -0.027222641349276547 0.0)
(69.44063598909763 -0.0359029809891681 0.0)
(69.42756341907045 -0.042248541396894615 0.0)
(69.41437346459485 -0.04380296180457684 0.0)
(69.40439331379017 -0.040000397458987036 0.0)
(69.3998352177295 -0.03231601681900203 0.0)
(69.40080785000721 -0.02379825543726422 0.0)
(69.40563622981581 -0.015841933411929403 0.0)
(69.4126600848242 -0.01019537730171705 0.0)
(69.41972993490799 -0.00610751968623227 0.0)
(69.42610230484233 -0.0035478663658875613 0.0)
(69.43118476617198 -0.001954912390167559 0.0)
(69.43487587566267 -0.0009153574627737339 0.0)
(69.4374013153419 -0.0003340077568805702 0.0)
(69.43896406731315 -8.230816001873376e-5 0.0)
(69.43965348266272 -9.209992689024314e-6 0.0)
(69.43983133206896 -3.8037063340705754e-7 0.0)
(69.43977772401983 -8.966056342093163e-6 0.0)
(69.43962996278253 -5.3763434505026255e-6 0.0)
(69.43960173681673 -2.7053652587943487e-6 0.0)
(69.46358104003754 -5.3264909889654775e-5 0.0)
(69.46367802614006 -0.00020981734109936607 0.0)
(69.46381313974341 -0.000468356365590828 0.0)
(69.46397833705007 -0.0009009587259514108 0.0)
(69.46414790115817 -0.001646304453510067 0.0)
(69.46422894597008 -0.002944975028609774 0.0)
(69.46399935178026 -0.005161806286555462 0.0)
(69.46304137145646 -0.008770934951021379 0.0)
(69.46064471617159 -0.01421955177196531 0.0)
(69.45585473352969 -0.021583582732755697 0.0)
(69.44780842636341 -0.030027433142052747 0.0)
(69.43652183440952 -0.0374767423835144 0.0)
(69.42367517834519 -0.0412336409544509 0.0)
(69.41240723495959 -0.039722255697281904 0.0)
(69.40562622133675 -0.03355300986003805 0.0)
(69.40439332565924 -0.02545522902799841 0.0)
(69.40762137648053 -0.017354896207186683 0.0)
(69.41362564930517 -0.011265067392083905 0.0)
(69.42019133932304 -0.0068225102978282754 0.0)
(69.4263035973055 -0.0039782858447113805 0.0)
(69.43127322518244 -0.0021995296378536353 0.0)
(69.434913800512 -0.0010340350737747309 0.0)
(69.43741493846532 -0.0003786399565405064 0.0)
(69.43896776443738 -9.379744622729536e-5 0.0)
(69.43965409897513 -1.0729298062707149e-5 0.0)
(69.43983128103511 -5.10051155113188e-7 0.0)
(69.43977755759673 -1.0249455746455495e-5 0.0)
(69.43962960126719 -6.132474391073942e-6 0.0)
(69.43960110412443 -3.098038831373291e-6 0.0)
(69.46357987266941 -6.731989549703035e-5 0.0)
(69.4636759302313 -0.000264219889592659 0.0)
(69.46380788080879 -0.0005880914515491502 0.0)
(69.46396231656205 -0.0011289850286486515 0.0)
(69.46410102768445 -0.0020556332446619186 0.0)
(69.46409926650537 -0.0036516016054056457 0.0)
(69.4636721085593 -0.006326435130601753 0.0)
(69.46229602806144 -0.010558902461629714 0.0)
(69.45914641490725 -0.016671174363227 0.0)
(69.453259553617 -0.02436931644950452 0.0)
(69.44407523755179 -0.03221462533126365 0.0)
(69.43234150617893 -0.037678695767376716 0.0)
(69.42057478229988 -0.03846489426466598 0.0)
(69.41198736310227 -0.03417108386035287 0.0)
(69.40856079251186 -0.02687173473602145 0.0)
(69.41001344656661 -0.018852702585444938 0.0)
(69.41482220973819 -0.012385823858492812 0.0)
(69.42076750232029 -0.007595747735683637 0.0)
(69.42655844084783 -0.004449933597951767 0.0)
(69.43138567696867 -0.0024694954678470215 0.0)
(69.4349622611425 -0.0011663933172756584 0.0)
(69.43743248869782 -0.0004289005322905979 0.0)
(69.43897259061407 -0.00010692848389678755 0.0)
(69.43965493833092 -1.2545992761940894e-5 0.0)
(69.43983125169723 -6.85738226941735e-7 0.0)
(69.43977741667639 -1.1704249154893947e-5 0.0)
(69.43962932856903 -6.987364891434093e-6 0.0)
(69.43960061733542 -3.5421908386463863e-6 0.0)
(69.46357730669968 -8.505770791551154e-5 0.0)
(69.46367181373638 -0.00033263351209754925 0.0)
(69.46379751306604 -0.0007381102271144776 0.0)
(69.46393404535924 -0.0014135648947658436 0.0)
(69.46402271308115 -0.0025625050460300826 0.0)
(69.46389453990274 -0.004513436201161944 0.0)
(69.46318099889602 -0.007708409276574201 0.0)
(69.46124152586252 -0.01258239440858183 0.0)
(69.45716813680464 -0.019224550739509103 0.0)
(69.45010981775665 -0.026832695478499747 0.0)
(69.44002650575719 -0.033362807651231126 0.0)
(69.42855649863127 -0.03622111549992022 0.0)
(69.41874635412492 -0.03403194429031685 0.0)
(69.41329105167581 -0.027930174802665703 0.0)
(69.41285091205997 -0.02026842802888321 0.0)
(69.41629128634467 -0.013538219917380544 0.0)
(69.42148315425632 -0.008422440362071373 0.0)
(69.42687996339701 -0.004963292469381655 0.0)
(69.43152819806551 -0.0027657100849659906 0.0)
(69.43502396783032 -0.0013134560424442902 0.0)
(69.43745499483241 -0.00048542320816688885 0.0)
(69.43897883968032 -0.00012196976686311276 0.0)
(69.43965605493597 -1.4740697888958614e-5 0.0)
(69.43983124342417 -9.260868011052899e-7 0.0)
(69.43977729286807 -1.3353540882767036e-5 0.0)
(69.43962912836422 -7.953494998172529e-6 0.0)
(69.43960024749803 -4.044279423519218e-6 0.0)
(69.46357279938101 -0.00010743906008707956 0.0)
(69.46366354794364 -0.0004186170010304185 0.0)
(69.46377825761333 -0.0009258593469957538 0.0)
(69.46388406530062 -0.0017677811079186924 0.0)
(69.46389337542804 -0.00318675739115347 0.0)
(69.4635757965318 -0.005553021991330933 0.0)
(69.46246331737757 -0.009314224121087894 0.0)
(69.45980250029058 -0.014783923947777524 0.0)
(69.45466899394948 -0.021682358691563496 0.0)
(69.44649692096824 -0.028599476972770065 0.0)
(69.43600808626981 -0.0330808597976812 0.0)
(69.42566662759101 -0.033031338171649056 0.0)
(69.41851476263663 -0.02849494948283276 0.0)
(69.41615554315264 -0.021512142381561218 0.0)
(69.41807431037078 -0.014690914376928725 0.0)
(69.42236657037151 -0.009292598255563682 0.0)
(69.42728397382294 -0.005517323778055065 0.0)
(69.4317082650271 -0.003088427163578857 0.0)
(69.43510227911689 -0.0014761023775852345 0.0)
(69.4374837517548 -0.000548880909625536 0.0)
(69.43898688822631 -0.0001392443264367763 0.0)
(69.43965752100627 -1.742142110306835e-5 0.0)
(69.43983125755084 -1.2575364434708093e-6 0.0)
(69.43977717895513 -1.5223725928085657e-5 0.0)
(69.43962898867227 -9.044756813354771e-6 0.0)
(69.4395999724985 -4.611488202600081e-6 0.0)
(69.46356449959505 -0.00013566680151631786 0.0)
(69.46364819755341 -0.0005265922481261714 0.0)
(69.46374287095281 -0.00116037053513356 0.0)
(69.4637978578651 -0.0022069351233052433 0.0)
(69.46368353250958 -0.003949264323417121 0.0)
(69.46309297625933 -0.006787171074114057 0.0)
(69.46144963130517 -0.011124678643276533 0.0)
(69.4579128827295 -0.017042897732643145 0.0)
(69.45165125484041 -0.02375169125711296 0.0)
(69.4426251155361 -0.029257298863982668 0.0)
(69.43246052343179 -0.031147698221772234 0.0)
(69.42410097335322 -0.028433171771394917 0.0)
(69.41992133442324 -0.02247144277328175 0.0)
(69.42020787042487 -0.015795090121332178 0.0)
(69.42344900439397 -0.010188542839767717 0.0)
(69.4277891613486 -0.0061085489017735925 0.0)
(69.43193499402658 -0.0034369537984445457 0.0)
(69.43520131985372 -0.0016549609935064755 0.0)
(69.43752037687584 -0.0006199732747805831 0.0)
(69.4389972154961 -0.00015914205740586094 0.0)
(69.43965943168612 -2.073310685157766e-5 0.0)
(69.43983129787404 -1.7174077498557247e-6 0.0)
(69.43977706856202 -1.7344996873585905e-5 0.0)
(69.4396289011859 -1.0276532649225724e-5 0.0)
(69.43959977583009 -5.251762624471563e-6 0.0)
(69.46355004996394 -0.00017124218290474845 0.0)
(69.46362005077734 -0.0006619622021737533 0.0)
(69.46368039627974 -0.0014524001745505775 0.0)
(69.46365302153708 -0.002748005497300227 0.0)
(69.46335411938617 -0.004869446706156341 0.0)
(69.46238698128484 -0.008219135791999415 0.0)
(69.4600673358935 -0.013078540342749004 0.0)
(69.45551884652822 -0.01915656748547067 0.0)
(69.44818789995524 -0.0250631954308925 0.0)
(69.43882059950626 -0.028482985368611966 0.0)
(69.42985301574777 -0.02765936220974695 0.0)
(69.42410031220537 -0.023027385199125346 0.0)
(69.42271589107864 -0.0167823706874271 0.0)
(69.4247629538822 -0.011082477952553089 0.0)
(69.42841702044399 -0.006729746098763925 0.0)
(69.4322193647136 -0.0038092747131682854 0.0)
(69.43532610291798 -0.0018502691296081205 0.0)
(69.43756687389154 -0.0006994064056447559 0.0)
(69.43901042765764 -0.00018213351891587618 0.0)
(69.4396619116067 -2.486989857910549e-5 0.0)
(69.43983137153775 -2.3580760870812166e-6 0.0)
(69.4397769559295 -1.9751921488695192e-5 0.0)
(69.43962886080226 -1.1665731586767018e-5 0.0)
(69.43959964567097 -5.973825426731353e-6 0.0)
(69.46352484058137 -0.00021600573562314445 0.0)
(69.46357074212779 -0.0008312057992422825 0.0)
(69.46357376139537 -0.0018141953584471303 0.0)
(69.4634195806344 -0.003408340764102214 0.0)
(69.46285768402886 -0.005960492345341149 0.0)
(69.461391083184 -0.009826668493453549 0.0)
(69.4582380436335 -0.015052090370245035 0.0)
(69.45259724277798 -0.020833318863182335 0.0)
(69.44446975245047 -0.025253151814783145 0.0)
(69.43552342277736 -0.02617580387342164 0.0)
(69.42859139833497 -0.02308403736108409 0.0)
(69.42559924716213 -0.017571436274353685 0.0)
(69.4263385628113 -0.011935907655708964 0.0)
(69.42919124799018 -0.007368537552526507 0.0)
(69.43257436571567 -0.004201638909302291 0.0)
(69.43548264207003 -0.002061693067734573 0.0)
(69.43762570166916 -0.0007878627880092936 0.0)
(69.4390272868675 -0.00020878387098917213 0.0)
(69.4396651235811 -3.0090291869850247e-5 0.0)
(69.43983149049204 -3.2524555971654035e-6 0.0)
(69.4397768358215 -2.248408552137151e-5 0.0)
(69.4396288653459 -1.3230759729741408e-5 0.0)
(69.43959957420184 -6.787156005087559e-6 0.0)
(69.46348239079175 -0.0002721653056976733 0.0)
(69.46348718237012 -0.0010417440030169012 0.0)
(69.4634001960365 -0.002258779369866482 0.0)
(69.46306096485337 -0.004202804479913703 0.0)
(69.46213941810161 -0.007221213328646821 0.0)
(69.46002587148328 -0.01154408703992956 0.0)
(69.45588533198612 -0.016838230960392536 0.0)
(69.4492159604138 -0.021725108263572948 0.0)
(69.44085193616944 -0.024075050041509338 0.0)
(69.43324176381431 -0.0225927433614136 0.0)
(69.42882628042767 -0.018081863719318494 0.0)
(69.42819816014133 -0.012702288634520243 0.0)
(69.43013636593443 -0.008006515289360385 0.0)
(69.43301495860794 -0.004608212054705878 0.0)
(69.43567803605208 -0.0022881194401357 0.0)
(69.43769984377005 -0.0008859597611172717 0.0)
(69.43904874535048 -0.00023976416972229934 0.0)
(69.4396692800655 -3.673480293633538e-5 0.0)
(69.43983167380475 -4.500962368523701e-6 0.0)
(69.43977670361217 -2.558676137052088e-5 0.0)
(69.43962891547339 -1.499137688459416e-5 0.0)
(69.43959955714679 -7.701914103778834e-6 0.0)
(69.46341244511676 -0.00034223801390419146 0.0)
(69.46335195775173 -0.0013015065544082082 0.0)
(69.46313195882367 -0.00279825757806369 0.0)
(69.46253515516338 -0.005138558384391793 0.0)
(69.46113172117467 -0.008622333562878464 0.0)
(69.4581978384246 -0.013237443393504762 0.0)
(69.45298756210131 -0.01814219560344471 0.0)
(69.44561542554169 -0.0215034486339974 0.0)
(69.43786500013384 -0.021552954668186425 0.0)
(69.43232897053463 -0.018244943292885847 0.0)
(69.4303501869458 -0.013331173315551646 0.0)
(69.43127554559206 -0.008619371821703336 0.0)
(69.4335577409784 -0.005020920186679515 0.0)
(69.43592049727718 -0.002527448898213346 0.0)
(69.43779287111114 -0.0009941953171664496 0.0)
(69.43907598436704 -0.00027585520593780206 0.0)
(69.43967465815692 -4.524467570478683e-5 0.0)
(69.43983195123266 -6.239920666906254e-6 0.0)
(69.43977655564125 -2.9111515597246473e-5 0.0)
(69.43962901475847 -1.696837618813085e-5 0.0)
(69.43959959351145 -8.728776260521623e-6 0.0)
(69.46330112796905 -0.00042887846037462617 0.0)
(69.4631434992154 -0.0016179462665226324 0.0)
(69.4627372856477 -0.0034407117625727558 0.0)
(69.46178965059742 -0.006205798517543311 0.0)
(69.45974632516986 -0.010084598163617432 0.0)
(69.45583370810772 -0.014681495305195616 0.0)
(69.44966860790481 -0.018617884511327388 0.0)
(69.44227016659075 -0.01999498298190753 0.0)
(69.43600647317216 -0.01800337877572367 0.0)
(69.43278414263617 -0.013769010698143788 0.0)
(69.43262790064345 -0.009177300014607868 0.0)
(69.43422022831189 -0.005429427441282105 0.0)
(69.4362192980371 -0.0027764363084491336 0.0)
(69.43790898698602 -0.001112877689433501 0.0)
(69.43911045750833 -0.00031793634087329075 0.0)
(69.43968161900172 -5.617819632855942e-5 0.0)
(69.43983236862324 -8.65093008319982e-6 0.0)
(69.43977638997734 -3.311656983587686e-5 0.0)
(69.43962916997299 -1.918298874142375e-5 0.0)
(69.43959968549818 -9.878641910097687e-6 0.0)
(69.46313020923262 -0.0005345222981723372 0.0)
(69.46283628321291 -0.0019964041198759874 0.0)
(69.46217573953636 -0.004184766579635414 0.0)
(69.46074998654514 -0.007361958011795885 0.0)
(69.45788872993994 -0.011451795306465869 0.0)
(69.45295925146024 -0.01556449563404026 0.0)
(69.44628983985199 -0.017968626559276266 0.0)
(69.43973305870328 -0.01730671666567589 0.0)
(69.43546666572595 -0.013954581143196922 0.0)
(69.43420535121544 -0.009643754502389244 0.0)
(69.43501971685797 -0.005820726999385106 0.0)
(69.43658461260328 -0.0030305712903919537 0.0)
(69.43805304194429 -0.0012420241809610543 0.0)
(69.43915393717863 -0.00036694796523422405 0.0)
(69.43969063250947 -7.021804731981447e-5 0.0)
(69.43983299590124 -1.1969873995123717e-5 0.0)
(69.43977620779991 -3.766655565763174e-5 0.0)
(69.43962939158658 -2.1655867946851555e-5 0.0)
(69.43959983859152 -1.1162147698830851e-5 0.0)
(69.46287608097123 -0.0006608693695344058 0.0)
(69.46239626861566 -0.0024375850378045186 0.0)
(69.4613856938433 -0.005010165159221131 0.0)
(69.45931896758908 -0.008509312119825693 0.0)
(69.45551458245974 -0.012477724768391768 0.0)
(69.44979836098256 -0.015550547523544534 0.0)
(69.44336681400185 -0.016118850981077206 0.0)
(69.43833728332523 -0.013815899182574016 0.0)
(69.43600832422959 -0.009971914667832845 0.0)
(69.43597156881911 -0.006177466208461303 0.0)
(69.43702721991517 -0.003283830929872345 0.0)
(69.43823050643735 -0.0013811833045602833 0.0)
(69.43920856241816 -0.0004238102015173695 0.0)
(69.43970230806488 -8.815852774482853e-5 0.0)
(69.43983393855909 -1.6492845738815647e-5 0.0)
(69.43977601569676 -4.2831010084998494e-5 0.0)
(69.43962969452376 -2.4405437415251973e-5 0.0)
(69.43960006180188 -1.2588904376821797e-5 0.0)
(69.46250505928839 -0.0008082321076827861 0.0)
(69.46176931402056 -0.0029333259132376427 0.0)
(69.46027534919253 -0.005862891650571567 0.0)
(69.45741050460884 -0.009476348169224678 0.0)
(69.45271853043292 -0.012855425122189679 0.0)
(69.44675949202856 -0.0144417751853242 0.0)
(69.44130393958783 -0.013279884792950707 0.0)
(69.43801913574457 -0.010102212550243116 0.0)
(69.43708641023412 -0.006474687466884948 0.0)
(69.43755794704356 -0.003527927322620311 0.0)
(69.43844738607956 -0.001529074205157795 0.0)
(69.4392768845846 -0.0004892689516370203 0.0)
(69.43971743134806 -0.00011085530720696113 0.0)
(69.43983535360728 -2.2574128281648993e-5 0.0)
(69.43977582926516 -4.8680499891897016e-5 0.0)
(69.43963009922362 -2.7445290787156756e-5 0.0)
(69.43960036806048 -1.4166338547245515e-5 0.0)
(69.46196415110329 -0.0009745278829672765 0.0)
(69.46087040008257 -0.0034588588498682096 0.0)
(69.45874025500824 -0.006638432863114257 0.0)
(69.4550204274632 -0.010023611112107032 0.0)
(69.4497707914731 -0.01233630229787139 0.0)
(69.44424271946745 -0.012296474446378818 0.0)
(69.44019359154348 -0.009966697970806022 0.0)
(69.43836556541707 -0.006676348493079157 0.0)
(69.43818655728062 -0.0037506490727365017 0.0)
(69.43871004257764 -0.0016828655842368566 0.0)
(69.4393619021396 -0.0005636191672168084 0.0)
(69.4397370059867 -0.00013911328206122036 0.0)
(69.43983747065326 -3.060840140694567e-5 0.0)
(69.43977567846407 -5.527859702127048e-5 0.0)
(69.43963063305094 -3.078020180639584e-5 0.0)
(69.43960077474617 -1.58979837987944e-5 0.0)
(69.4611730998825 -0.0011530241696436636 0.0)
(69.45959261513279 -0.003961187787816825 0.0)
(69.456715678394 -0.007174825459533581 0.0)
(69.4522874442919 -0.009912400352340865 0.0)
(69.44700798304606 -0.010861474885476133 0.0)
(69.44245475922257 -0.009501747395852267 0.0)
(69.43979479652677 -0.006734293879959533 0.0)
(69.43891964631335 -0.003933272421067696 0.0)
(69.43902482307718 -0.0018368929812443305 0.0)
(69.439467061527 -0.0006462253111081814 0.0)
(69.43976229556388 -0.00017348173054962808 0.0)
(69.43984061780914 -4.0985824211386805e-5 0.0)
(69.43977561512453 -6.266705859496089e-5 0.0)
(69.4396313320863 -3.440012799001271e-5 0.0)
(69.43960130430978 -1.778102395686504e-5 0.0)
(69.46003075527749 -0.0013279974016036445 0.0)
(69.4578440610883 -0.004348579695964306 0.0)
(69.45423960445707 -0.0072817381911835545 0.0)
(69.44945385283619 -0.009016170088021446 0.0)
(69.4446945174917 -0.008661815718287629 0.0)
(69.44133803914515 -0.006591215917282421 0.0)
(69.43975726153732 -0.0040476425136617335 0.0)
(69.43939730603786 -0.0019807253056070436 0.0)
(69.43959616962763 -0.0007347369995394369 0.0)
(69.43979485447704 -0.00021392429850787697 0.0)
(69.43984524990971 -5.4005411880359025e-5 0.0)
(69.4397757227427 -7.084067408939165e-5 0.0)
(69.43963224325549 -3.8271408140019496e-5 0.0)
(69.43960198492219 -1.980284909318861e-5 0.0)
(69.45843959815454 -0.0014696164459346026 0.0)
(69.45559897128082 -0.004497999791212199 0.0)
(69.45145704433303 -0.006817666462180234 0.0)
(69.44678474488384 -0.007423396529060402 0.0)
(69.44293382130202 -0.006186076948014682 0.0)
(69.44068845648688 -0.0040539470644054935 0.0)
(69.4398308888974 -0.0020967903715638446 0.0)
(69.43975310896278 -0.0008239288361267664 0.0)
(69.43983652160586 -0.00025934247634486484 0.0)
(69.43985197227154 -6.973134302175411e-5 0.0)
(69.4397761279446 -7.97077485732424e-5 0.0)
(69.43963342660902 -4.232420147182433e-5 0.0)
(69.43960285100643 -2.1936367357244028e-5 0.0)
(69.45634101658001 -0.0015346083753072955 0.0)
(69.45292168696427 -0.004300808137198196 0.0)
(69.4485914178919 -0.005777280561833754 0.0)
(69.44449552145555 -0.00545949778564105 0.0)
(69.44168639000931 -0.003900419748554443 0.0)
(69.44032441329627 -0.002158246044264176 0.0)
(69.43994117557929 -0.0009042487449799357 0.0)
(69.43988932433423 -0.00030696923368474504 0.0)
(69.43986154604161 -8.778274799179366e-5 0.0)
(69.43977701149831 -8.90329673689158e-5 0.0)
(69.43963495726096 -4.643522920213665e-5 0.0)
(69.43960394340328 -2.4133851772155972e-5 0.0)
(69.45374777796533 -0.001482348294882104 0.0)
(69.44997762971131 -0.003721652939619526 0.0)
(69.44591268127274 -0.004360597848812671 0.0)
(69.44270325520466 -0.003527027086383047 0.0)
(69.4408685338396 -0.0021284454404811508 0.0)
(69.44016179128778 -0.0009605060924165661 0.0)
(69.43995520150098 -0.00035173473791436544 0.0)
(69.4398748505619 -0.00010706713175670258 0.0)
(69.43977861413246 -9.83628953799426e-5 0.0)
(69.43963692598244 -5.040537721658332e-5 0.0)
(69.43960530874178 -2.6319248329290514e-5 0.0)
(69.45078317103861 -0.0012958211861851742 0.0)
(69.44704771683432 -0.0028614354226179075 0.0)
(69.4436644995422 -0.0028765437464100705 0.0)
(69.44144059510204 -0.0019641517771867654 0.0)
(69.4404123205554 -0.0009716633775467909 0.0)
(69.4400354129433 -0.0003858558623286806 0.0)
(69.43989276542422 -0.0001255097240896543 0.0)
(69.43978122855344 -0.00010694242849360892 0.0)
(69.4396394366508 -5.3933148231925114e-5 0.0)
(69.43960699732328 -2.837923586205572e-5 0.0)
(69.44772456822844 -0.0010051787632662827 0.0)
(69.4444619584496 -0.001915514333203065 0.0)
(69.44199818980468 -0.001625002846561758 0.0)
(69.44068284488515 -0.0009131779199977001 0.0)
(69.44012949584702 -0.0003990982844497315 0.0)
(69.43991592570076 -0.00013989998981284635 0.0)
(69.43978516458986 -0.00011364484112194808 0.0)
(69.43964259771752 -5.6588048769560175e-5 0.0)
(69.43960905847648 -3.0154026073939496e-5 0.0)
(69.44494799989637 -0.0006777414380072984 0.0)
(69.44247281743561 -0.0010897845203630993 0.0)
(69.44095220198332 -0.0007631994187292034 0.0)
(69.44023372403241 -0.00038028505831506904 0.0)
(69.43994431218152 -0.00014605625036258517 0.0)
(69.43979067176703 -0.00011695850663945457 0.0)
(69.43964650384842 -5.779352920569914e-5 0.0)
(69.43961153192684 -3.143007533608056e-5 0.0)
(69.44276707962362 -0.00038615359740854237 0.0)
(69.44118455236217 -0.0005123264679086696 0.0)
(69.44033930903679 -0.00032039403638574093 0.0)
(69.43997668810107 -0.00013953977503326542 0.0)
(69.43979780815809 -0.00011509417704580954 0.0)
(69.43965120360943 -5.683703080510097e-5 0.0)
(69.43961443341884 -3.193866821976211e-5 0.0)
(69.44132883217787 -0.00018080853786543464 0.0)
(69.44043106976768 -0.00021678794114075297 0.0)
(69.44001000640921 -0.00011700632984717228 0.0)
(69.43980626394384 -0.00010628204921602352 0.0)
(69.43965665086655 -5.2933108366172375e-5 0.0)
(69.43961773296785 -3.1366630272202306e-5 0.0)
(69.44048775017747 -7.713369797869849e-5 0.0)
(69.44003906547265 -7.788827892088541e-5 0.0)
(69.43981518779627 -8.928906841694975e-5 0.0)
(69.43966264328063 -4.5368906510309183e-5 0.0)
(69.43962132535117 -2.938772548305234e-5 0.0)
(69.44005679850571 -2.7169455378684722e-5 0.0)
(69.43982311005475 -6.406645101773459e-5 0.0)
(69.43966876219012 -3.3750748222912536e-5 0.0)
(69.4396249956968 -2.572423964665935e-5 0.0)
(69.4398280688847 -2.4743233084269892e-5 0.0)
(69.43967434205075 -1.8335392764014e-5 0.0)
(69.43962838915793 -2.02453112539311e-5 0.0)
(69.43967850414134 -4.881243691954086e-6 0.0)
(69.4396310026279 -1.3098937601197588e-5 0.0)
(69.43963222688707 -4.574683710619916e-6 0.0)
);
boundaryField
{
	inlet
	{
		type fixedValue;
		value uniform (69.44 0.0 0.0);
	}

	outlet
	{
		type zeroGradient;
	}

	bump
	{
		type fixedValue;
		value uniform (0.0 0.0 0.0);
	}

	frontAndBack
	{
		type empty;
	}

	top
	{
		type zeroGradient;
	}

	symUp
	{
		type zeroGradient;
	}

	symDown
	{
		type zeroGradient;
	}

}
