FoamFile
{
    version     2.0;
    format      ascii;
    class       volScalarField;
    location    "1";
    object      y;
}

internalField   nonuniform List<scalar>
13770
(
0.020031845822147787
0.020042802517754144
0.0100769598056214
0.02004584581911173
0.010082470945573796
0.010112078006000225
0.020046884839173273
0.010084002301411488
0.01011758863073986
0.010151824244288399
0.020047416461029144
0.010084526120328619
0.010119120010232407
0.010157334153435116
0.010196808282999292
0.020047853635764668
0.01008479551785868
0.010119643827116498
0.01015886547413647
0.010202317563850372
0.010247720539632965
0.020048350144908245
0.01008501826714614
0.010119913153197935
0.010159389197311519
0.010203848978959762
0.010253229204373326
0.01030534182435705
0.020049009177087296
0.010085271727017897
0.01012013581102078
0.010159658441200037
0.010204372809483608
0.010254760606246194
0.010310849981831183
0.010370556417369059
0.020049882496254057
0.010085608141989333
0.010120389243472694
0.010159881305492391
0.010204642135056119
0.010255284370287221
0.010312381446103913
0.010376064124037576
0.010444365105694686
0.02005101201989179
0.010086054263346078
0.0101207255547342
0.01016013551155126
0.010204865104414651
0.010255553568821796
0.010312905250250637
0.01037759564479046
0.01044987244775708
0.010527900260329126
0.020052477168676308
0.010086630565849575
0.010121171733325163
0.010160472634888507
0.010205119509641314
0.010255776523217186
0.01031317443669888
0.010378119502102656
0.01045140395787314
0.010533407474939693
0.0106224442726095
0.02005442160844817
0.010087376065788689
0.010121748578027834
0.010160918962794696
0.010205456785859823
0.010256031165177149
0.01031339736181014
0.010378388764729962
0.010451927771920388
0.0105349391607934
0.010627951266108049
0.010729447238594148
0.020057052687056487
0.010088365986627323
0.010122494703348472
0.010161495189546343
0.010205903388162518
0.010256368397612015
0.010313651974176885
0.010378611880430988
0.010452197042142508
0.010535463157648195
0.010629482946125535
0.010734954047899592
0.01085055078365027
0.020060614460766235
0.010089706178853852
0.010123484316565623
0.010162240372042497
0.010206479628622311
0.010256814316326412
0.010313989024588466
0.010378866928802744
0.010452420381451333
0.010535732594004976
0.010630006865115504
0.010736485701334786
0.0108560576897343
0.010987613819427366
0.020065379370409975
0.010091515396869255
0.010124822329697025
0.010163229543127983
0.010207224159285211
0.010257389963545194
0.010314434886175228
0.010379204590221569
0.010452675986525328
0.010535955904116712
0.010630276196427424
0.010737009544159015
0.010857589484034591
0.010993120917812682
0.011142739299786264
0.020071737792000555
0.010093931552688673
0.01012663202357622
0.010164567612224396
0.010208213269671695
0.010258134854157497
0.010315010830354687
0.010379650808547858
0.01045301416902511
0.010536211075553581
0.010630499372149771
0.010737278871057576
0.010858113444554895
0.010994652735966781
0.011148246752600954
0.011318307325356436
0.020080203725094226
0.010097157217018982
0.010129052511470782
0.010166378999774572
0.010209550479840956
0.010259124274679898
0.010315755675235572
0.010380226127414183
0.01045346011716397
0.010536548609572982
0.010630754424870048
0.010737502170719004
0.01085838291028729
0.01099517665479599
0.011149778641837749
0.01132381526132864
0.01151701197793642
0.020091384583735827
0.010101449150692332
0.010132276775475013
0.010168801520508808
0.010211362004279856
0.01026045988653923
0.010316744188743066
0.010380969773401638
0.01045403461263561
0.010536994152661627
0.010631092001958109
0.010737757468007203
0.010858606232176271
0.010995446121039087
0.011150302590800187
0.011325347227073124
0.011522520459860353
0.011741902476422261
0.020106102899510425
0.010107116483887957
0.010136569674828344
0.010172026821454239
0.010213788143949465
0.010262271906490206
0.010318078327125058
0.010381957837531708
0.01045477785569382
0.010537568586469703
0.010631537526158752
0.010738095347578636
0.010858861298991052
0.010995669504045402
0.011150572127637481
0.011325871207355398
0.01152405245144994
0.01174741161688253
0.011996429990789537
0.02012567781943897
0.010114585623141714
0.01014224641386896
0.010176321516474296
0.01021701206713388
0.010264701347727723
0.01031989139660805
0.01038329121995929
0.010455765242264548
0.010538311947981605
0.010632111788158483
0.010738540747613712
0.010859199091440175
0.010995924580667449
0.011150795569579763
0.011326140800454354
0.011524576416337418
0.011748943722172278
0.012001939726712152
0.012284499968120421
0.020151851184532887
0.010124485404657158
0.010149719231114851
0.010181989206226483
0.010221301119265114
0.01026792586053027
0.010322324578021735
0.010385104794386812
0.010457097986285468
0.010539299259122892
0.010632855121263773
0.010739114648887771
0.010859644755243814
0.010996262206147911
0.011151050535077367
0.011326364288796853
0.011524846061778504
0.011749467823422677
0.012003471830818846
0.012290010230867843
0.01261053274492241
0.02018724375946679
0.010137722385877623
0.01015961072453564
0.010189454912895357
0.01022696424319225
0.010272217368307857
0.010325553152707556
0.010387542105433134
0.010458912829876432
0.010540630947029506
0.010633842114528669
0.010739858311648476
0.010860218587615655
0.010996707322802557
0.011151387970506299
0.01132661915163169
0.011525069757948536
0.011749737687077655
0.012003995918644428
0.012291542325862714
0.012616043413959055
0.012979531119562182
0.020236217596170114
0.010155657376071936
0.010172837560122439
0.010199356437008866
0.010234430482851664
0.010277883598059923
0.01032984631650713
0.010390769955568757
0.010461350873200992
0.010542445654762034
0.010635173700447531
0.010740845253092601
0.010860961405775527
0.01099728089827412
0.011151832931487249
0.011326956361881635
0.011525324958777894
0.011749961662386177
0.012004265807225245
0.012292066420646286
0.012617575465847075
0.012985042054251217
0.013397157329638532
0.02030560678192872
0.010180442929478062
0.010190769021464874
0.010212586515232047
0.010244327660495323
0.010285344918824713
0.010335504119149519
0.010395055016011234
0.0104645801706571
0.010544888875977598
0.010636988947102743
0.010742175696696776
0.010861947926923854
0.010998024487990143
0.01115240627528813
0.01132740129361931
0.01152566244400166
0.011750217079359082
0.012004489922455619
0.012292336317568875
0.012618099548773465
0.012986574041585541
0.013402668384074445
0.013869819901322522
0.02040774335857032
0.010215582639176546
0.01021555740356117
0.010230503458409146
0.010257561248768532
0.010295236679763953
0.010342961540436235
0.01040071232030293
0.010468867263097259
0.010548124011678262
0.010639433125961162
0.010743990981832319
0.010863279580855867
0.010999011024432015
0.011153149772176185
0.01132797508924721
0.01152610753954697
0.011750554563532134
0.012004745608269474
0.012292560402077157
0.012618369446560251
0.012987098131938879
0.013404200338323236
0.013875330776785155
0.014404770878894801
0.020566558500972665
0.010267345127637384
0.010250691154676694
0.010255294342671029
0.010275496083306912
0.010308472620740972
0.010352860238520556
0.010408171198751148
0.010474521091197175
0.010552409763987747
0.010642669465329213
0.010746437093143157
0.010865095700977712
0.011000341992682294
0.01115413675390542
0.011328719321096692
0.011526681474379075
0.011750999646719329
0.012005083170937958
0.012292815951142622
0.012618593583128224
0.012987368105691566
0.01340472445794827
0.013876862528965361
0.014410281528253854
0.015010218544843745
0.02083238184216052
0.010347969784191058
0.010302442689232194
0.010290432199949962
0.010300281319533866
0.010326412056060441
0.010366095771844108
0.010418065168973811
0.010481973720161797
0.010558058208347099
0.01064695119543746
0.010749674023553979
0.010867544537482843
0.011002159697661718
0.011155468580413164
0.011329705957211722
0.011527425656598922
0.011751573791740633
0.012005527976509
0.012293153222087128
0.0126188493517283
0.012987592419776206
0.013404994423618533
0.013877386460903196
0.014411813073349933
0.015015729204937323
0.01569545379172066
0.02131822467856459
0.010483838248303456
0.010383034466160623
0.01034216680110056
0.010335403659439635
0.01035120202260309
0.010384029983565135
0.010431301531951931
0.01049186716501982
0.010565503737715254
0.010652598710424677
0.010753955649507319
0.010870788394214514
0.011004611077237492
0.011157284952471258
0.011331037054270965
0.011528411905405989
0.011752318293457797
0.012006101928404789
0.012293598127564032
0.012619186965133089
0.0129878484164907
0.01340521858440713
0.01387765617486636
0.014412336832123174
0.015017260712446578
0.015700964555047214
0.016470991246160693
0.022047841761083653
0.010740213881677896
0.01051877943580859
0.01042272418717971
0.010387125142596432
0.010386303901381844
0.01040881712636832
0.01044924273170622
0.010505105767487422
0.010575399449591849
0.010660047648353377
0.010759601040182254
0.01087506808509442
0.011007854006172657
0.011159734553910283
0.011332854690588867
0.011529744007956921
0.011753304365183403
0.012006846600665533
0.012294173103025052
0.012619632036956041
0.01298818595079343
0.013405474216209967
0.013877879992851838
0.014412606371490888
0.015017784513484678
0.015702495938644034
0.016476502271610904
0.017348731507558668
0.01334794419069052
0.011273372072473808
0.010774604972472623
0.010558321725422815
0.01046763515592719
0.01043799729958561
0.010443915015851957
0.010474023152855061
0.010523047755998327
0.010588642677793025
0.01066993761373336
0.010767042910098112
0.010880704176122968
0.011012132059819102
0.011162979568856812
0.011335308027742741
0.011531563101177866
0.01175463610251537
0.012007832629366
0.01229491792530979
0.012620206685928892
0.012988630541762802
0.013405811234121323
0.013878135250047663
0.014412830059358228
0.015018054071060938
0.01570301969328547
0.01647803361490663
0.01735424279778286
0.01834214312127802
0.009995737849533448
1.4087671056373097e-5
0.011303699461906014
0.010813517111018633
0.01060308048308567
0.010518468879711307
0.01049558560617836
0.010509109899957458
0.010547827728812464
0.01060658724279051
0.010683180833758854
0.010776936776577983
0.010888142804589052
0.011017769355190943
0.011167259041528155
0.011338556001446065
0.011534016485397203
0.011756453598294136
0.012009163834093783
0.012295902281981519
0.012620950490394023
0.012989205077245103
0.013406255476902551
0.013878472022818222
0.014413085304775919
0.015018277616289488
0.015703289272780196
0.016478557441523378
0.01735577402799926
0.0183476546201371
0.01946646970012189
0.010010488009325247
4.41522059499988e-5
1.4555408724525876e-5
0.01133800544010155
0.010857565625188137
0.010653742223039053
0.010576000970758948
0.010560774209762869
0.010582905824036537
0.010631361347081203
0.010701131397980568
0.010790179656553711
0.010898035150422203
0.011025204318849013
0.011172893091524472
0.011342831061813108
0.01153726291987578
0.01175890403000679
0.012010981329959591
0.012297233623609571
0.012621934372130994
0.012989948274423568
0.013406830050278096
0.01387891651410822
0.014413422151758226
0.015018532497975912
0.015703512978580747
0.016478827125864015
0.017356297811987886
0.01834918567614885
0.0194719814646529
0.020738963420143364
0.01002723767275615
7.825211341661031e-5
4.5584401485498915e-5
1.4555397451765373e-5
0.011376783999402562
0.010907409134543578
0.010711079863181538
0.010641122215390375
0.010634541514964013
0.010666420722686532
0.010725896071556384
0.010808119979177633
0.010911279521142347
0.011035091557874743
0.011180325631067412
0.011348457154745084
0.011541538747097846
0.01176215169748307
0.012013434447313287
0.012299053431868323
0.012623264789408672
0.012990930926104483
0.013407572786314326
0.013879491819122514
0.014413866872270198
0.015018869200980056
0.015703768181127842
0.016479050875707557
0.017356567433364667
0.018349709359108957
0.01947351238519701
0.020744475521096817
0.022179150426629768
0.010046260606001667
0.0001169393316970968
8.070280825567266e-5
4.558434961143831e-5
1.4555396568916024e-5
0.011420626820894508
0.010963807301274997
0.010775964260115067
0.010714818935862347
0.010718026005273273
0.010760937421135708
0.010832881396491523
0.010929217874886987
0.011048339476871227
0.011190215115010282
0.01135589025567807
0.011547165848601715
0.011766431093402474
0.012016682199178952
0.012301505822102321
0.012625082397488718
0.012992261129180172
0.013408555792103094
0.013880234469536568
0.014414442588079446
0.015019314843899068
0.0157041052366802
0.016479305968678304
0.017356791046037934
0.018349978854859117
0.019474036042498533
0.02074600632968604
0.022184662854201065
0.023809130719343763
0.010067863950108169
0.00016084376693115132
0.00012044982388204062
8.070239946000868e-5
4.558431797629936e-5
1.4555398012205956e-5
0.011470173825461671
0.011027609056218246
0.01084939002685914
0.010798207866268505
0.010812506721569193
0.01086790702873941
0.010953964470477473
0.011066279347364372
0.01120345972027792
0.01136577978283615
0.011554591744808107
0.01177205573607143
0.012020957468228843
0.012304752200674507
0.012627534295752696
0.012994080324673085
0.013409887462530357
0.013881217626976472
0.01441518533285624
0.015019891464302049
0.015704551102897035
0.016479643093567198
0.017357045864613063
0.018350202277226835
0.019474305546403947
0.02074652998445714
0.02218619351983886
0.02381464343559081
0.025653916087780004
0.010092425401113658
0.00021068517196098924
0.0001654359654654769
0.00012044843292269292
8.070230735768291e-5
4.558426407186289e-5
1.4555387539694209e-5
0.011526161722041905
0.011099780405078974
0.010932476775060707
0.010892582374766313
0.010919437373752672
0.010988971128217173
0.0110910177270096
0.011221394330753753
0.011379023164076685
0.011564478665783362
0.011779483391320511
0.012026581247287282
0.012309029496203827
0.012630782982238742
0.012996533109443043
0.013411708974649272
0.013882548941591466
0.014416168175291233
0.015020633438279418
0.015705127313025535
0.01648008967213066
0.017357382830466506
0.018350456876340182
0.019474528992819096
0.020746799456863307
0.022186717164958125
0.023816173974026356
0.02565942897459461
0.027741814319967695
0.010120380645344262
0.0002672867321535932
0.00021635273327813564
0.000165432503202112
0.00012044826242174622
8.070225992273805e-5
4.558428752421406e-5
1.4555383281766865e-5
0.011589424985356978
0.011181432993751628
0.011026495655314328
0.010999394923803862
0.011040465091983087
0.01112599836201067
0.011246132005177323
0.011396949711926396
0.011577724317147542
0.01178936742673109
0.012034009157128267
0.012314650429677165
0.012635063007246927
0.012999779556181146
0.013414160990049773
0.013884367885628635
0.014417498200504753
0.01502161649821332
0.01570586902052451
0.016480665618163748
0.017357829709474082
0.018350794084990518
0.019474783621397762
0.02074702278117524
0.022186986661362873
0.02381669761264682
0.025660959308128284
0.027747327357191764
0.030104864986099322
0.010152221430559383
0.0003315908915872967
0.00027398292258418167
0.00021634501591805133
0.0001654320151756039
0.00012044819363943304
8.07022159978743e-5
4.558426517498049e-5
1.4555391379289517e-5
0.011660881977599402
0.011273796744021958
0.011132892737626854
0.011120282772273171
0.011177437786721534
0.011281086067125301
0.011421671186037763
0.01159564253735823
0.011802604822214846
0.01204389151798857
0.012322074454306886
0.0126406828685095
0.013004056826580346
0.013417403829478758
0.0138868189612662
0.01441931846076816
0.01502294896128653
0.015706851935229693
0.016481405938223226
0.01735840547120926
0.018351241808940877
0.019475121161740105
0.02074727733909043
0.02218721000202617
0.023816967033335246
0.025661482891515597
0.027748857616588296
0.030110377893144857
0.03277932918461435
0.010188529424701276
0.0004046775729147356
0.000339213557084328
0.00027396777319577126
0.00021634402023362753
0.00016543195532658928
0.00012044810760070135
8.070219096900644e-5
4.558426982281816e-5
1.4555395122073378e-5
0.01174159832001287
0.011378271832822584
0.011253294558676075
0.011257098077060768
0.011332461447072006
0.011456604084138178
0.011620345927545017
0.011820520150269687
0.012057125105826572
0.012331955371044145
0.01264810440877806
0.013009679247280914
0.013421681451185385
0.013890065465976598
0.014421770505732567
0.015024769874760757
0.015708182975259888
0.01648238786274092
0.017359146000448078
0.01835181736080571
0.01947556931573935
0.020747615417922916
0.022187464589976003
0.023817190179255654
0.025661752316072928
0.027749381243727278
0.030111907928327852
0.03278484185413788
0.03580624659233678
0.0102299716978842
0.0004877854826386141
0.0004130495557417291
0.00033918532420873504
0.00027396571143167847
0.00021634390333158393
0.00016543186028439294
0.00012044797961507925
8.07022380415745e-5
4.5584253850705636e-5
1.4555386688819283e-5
0.011832737008133698
0.011496439338611886
0.01138954064287212
0.011411932347098919
0.011507908578387571
0.011655238128469136
0.011845208624089665
0.012075027979847164
0.012345184792697417
0.012657980765538923
0.013017101211292292
0.013427301588758489
0.013894343229754469
0.0144250128826231
0.01502721886262215
0.015710003178909915
0.016483718680723847
0.017360128513087325
0.01835255792672985
0.019476144245242466
0.02074806407026042
0.022187802980655036
0.023817444902965335
0.02566197553941585
0.02774965056082923
0.030112431460596056
0.032786371859875985
0.03581175866019315
0.03923206700198545
0.01027735118920825
0.0005823369796624789
0.0004966295969728307
0.0004129989633403497
0.00033918136902144624
0.00027396525051681664
0.00021634376536727729
0.00016543165867410892
0.00012044805715838436
8.070221057110416e-5
4.5584273815180154e-5
1.4555383945236144e-5
0.011935623274236029
0.011630082799721109
0.011543707777427414
0.0115871552175566
0.011706461449321637
0.0118800546976221
0.01209969816958889
0.012363076723463706
0.012671203036823009
0.013026970876826027
0.013434720895570074
0.013899961796393079
0.014429290536614126
0.015030459288809084
0.01571245409022204
0.016485539157431006
0.017361461337267237
0.018353540720015715
0.01947688420105287
0.02074863822276729
0.02218825166612426
0.02381778440244453
0.025662230569662547
0.027749873423111637
0.03011270072676986
0.032786895453893905
0.03581328865386357
0.039237577925839595
0.043109360714338685
0.010331605217683393
0.0006899672658908784
0.0005912450007112824
0.0004965427060099614
0.0004129918158577439
0.00033918025809320795
0.0002739650294447671
0.0002163435501367772
0.00016543166122051645
0.00012044808241906679
8.070218898126313e-5
4.558427696377265e-5
1.455539212003032e-5
0.012051756284388482
0.011781215934637324
0.011718147104906151
0.011785453250286793
0.011931167631878736
0.012134501405857812
0.012387720185203399
0.012689084473189283
0.01304018456798417
0.013444589852404043
0.013907377484653871
0.014434912210360196
0.01503473625029983
0.015715695761525872
0.016487990058569046
0.0173632821521279
0.018354872355605067
0.019477865433161767
0.020749378410282127
0.02218882576391401
0.02381823332605215
0.02566257047332332
0.02775012847893965
0.03011292368517804
0.032787164689692894
0.035813812291115354
0.039239107821745556
0.0431148702360904
0.0474976256786972
0.010393846253994976
0.000812557899325661
0.0006983600224339526
0.0005911001015768136
0.0004965299773145304
0.0004129898150759814
0.0003391797864171764
0.00027396469961082914
0.0002163434026307698
0.00016543164850801872
0.00012044811542200051
8.070219643840915e-5
4.558426179457342e-5
1.4555394142412581e-5
0.012182808481773222
0.011952102182731572
0.011915516811922267
0.012009853338879495
0.012185484638904676
0.012422467843453688
0.01271369727155669
0.013058050382094955
0.01345779136299452
0.013917239768381329
0.014442324038375531
0.015040356298828605
0.015719969294782032
0.01649122995016228
0.01736572891364041
0.018356691954759974
0.019479197156079486
0.020750361468428125
0.022189566450080633
0.023818806004823223
0.025663018607642307
0.027750469308655212
0.03011317944287839
0.032787387625159425
0.03581408149099641
0.039239631221388294
0.04311640015267937
0.0475031339812233
0.052464203380984564
0.010465406546280587
0.000952275453737883
0.0008196369280195626
0.0006981248440318666
0.0005910785433194121
0.0004965263376774942
0.0004129888454897923
0.0003391794786082869
0.0002739644282243603
0.00021634327453146085
0.00016543176008809723
0.00012044803363675527
8.070218061106971e-5
4.5584276168852966e-5
1.4555398176518963e-5
0.012330666805479673
0.012145299761239237
0.012138825465392244
0.01226379290355073
0.01247330644438005
0.012748373383590916
0.013082628565383558
0.013475636858960804
0.013930432127709835
0.01445217730846693
0.015047764867079039
0.01572558685532055
0.01649550471298422
0.017368966827798538
0.018359141433109016
0.019481018328338706
0.020751694319108616
0.022190549044226238
0.023819545111019913
0.025663591179823975
0.027750917470747538
0.030113521085398
0.03278764405740109
0.03581430426289778
0.0392399000461765
0.043116923484616265
0.04750466404977072
0.05246971088806163
0.05808530928882849
0.010547868864581034
0.001111616225071721
0.0009569639697115662
0.0008192632245158649
0.0006980893692594137
0.0005910720774062739
0.0004965248156203472
0.0004129884072110457
0.0003391790292361918
0.0002739642690938737
0.00021634334360953744
0.00016543170568095178
0.00012044797866739287
8.07021722648571e-5
4.558426652234715e-5
1.4555391437021115e-5
0.012497447040130005
0.012363691416107159
0.012391463003301517
0.012551166568771421
0.012799031834008545
0.013117221489562958
0.013500171917177006
0.013948253730593052
0.014465355000107927
0.015057611601075216
0.015732992007196245
0.016501121367403115
0.017373239956784303
0.01836237768209248
0.01948346633971898
0.02075351279337312
0.022191881482184428
0.023820526679541487
0.02566433106484034
0.027751490240890853
0.0301139684862477
0.03278798622373458
0.03581456069478772
0.03924012281904865
0.04311719228430899
0.04750518716057428
0.05247124104636747
0.05809081735656019
0.06444720487045164
0.01064313173752307
0.0012934575481926558
0.0011124863711318156
0.0009563796709057826
0.0008192059756773062
0.0006980787181563031
0.0005910697236330975
0.0004965240052765552
0.00041298786647558927
0.0003391788593081202
0.0002739642804536757
0.0002163432900204043
0.00016543159010495856
0.00012044799359944847
8.070218139444307e-5
4.558427743273086e-5
1.4555385360104367e-5
0.01268553741106171
0.01261052545147745
0.01267726850719697
0.012876359845969354
0.013167654705259046
0.013534663537194902
0.013972733318467156
0.014483149914362059
0.0150707687750673
0.015742827478161914
0.016508516528464412
0.01737885426270047
0.01836664523131848
0.019486701604201073
0.02075595776436856
0.02219370052569669
0.023821859183607685
0.0256653141306753
0.027752230628419028
0.030114540403580747
0.032788432156301894
0.03581490234511886
0.03924038044107814
0.0431174152604914
0.04750545554075547
0.0524717640662864
0.058092348057760645
0.06445271444794454
0.07164752410091157
0.01075347963334039
0.0015011163257767635
0.0012886453868699022
0.0011115870707536502
0.0009562883773792663
0.0008191884727484222
0.000698074483342026
0.0005910684748933193
0.0004965234033935673
0.00041298767814268444
0.0003391786493960325
0.00027396417590885846
0.00021634326977437723
0.00016543157815629428
0.00012044796108146016
8.07021773434613e-5
4.5584265772724564e-5
1.4555381124381483e-5
0.01289763133111066
0.012889450473162256
0.013000584613924282
0.01324432975443024
0.013584825395355438
0.014007099868434736
0.014507562493136561
0.01508852673307004
0.01575596404159363
0.01651834059924262
0.01738624397937194
0.01837225608056947
0.01949096773899761
0.02075919078670818
0.022196144837367093
0.02382367955047826
0.025666646492518375
0.027753213250258035
0.03011527844468631
0.03278900339791946
0.03581534800415298
0.039240722487773994
0.04311767317671045
0.04750567855224119
0.05247203266956468
0.0580928713471236
0.06445424581601333
0.0716530353489011
0.07979676763559507
0.01088166049525352
0.0017384140043672502
0.0014882214845837183
0.0012872792485207896
0.0011114432228440663
0.0009562609728543947
0.0008191816550642272
0.0006980723215583851
0.0005910674561793172
0.0004965232178300027
0.00041298736856365537
0.0003391785749595755
0.00027396419617709
0.00021634327363972972
0.00016543153809411848
0.0001204480033853983
8.07021990576473e-5
4.5584246240792936e-5
1.4555382054304289e-5
0.013136775972045989
0.013204582742098125
0.013366297560745366
0.013660698873905197
0.014056928484245113
0.01454177184483818
0.015112860430420483
0.015773676206785936
0.01653144997646816
0.01739604840661535
0.018379636874050753
0.01949657045434705
0.0207634530387919
0.02219937266653549
0.02382612279351992
0.02566846178239679
0.027754544142036153
0.030116260466746425
0.03278974298152004
0.03581592104446685
0.039241166674612415
0.04311801394476067
0.04750593709630202
0.05247225670036304
0.058093140509662966
0.06445476978632314
0.07165456728453456
0.07980227951308727
0.0890199973275374
0.011030987094368783
0.0020097489940917868
0.0017143857318622224
0.0014861704915158924
0.0012870559380013802
0.0011114004023271562
0.0009562500126047979
0.000819177991671971
0.0006980708956199067
0.0005910669900313081
0.0004965228640987362
0.00041298712856274733
0.0003391785856026175
0.00027396433766035955
0.00021634323192998295
0.00016543159031634502
0.00012044803791244618
8.070218491962322e-5
4.558424513589898e-5
1.4555386730563669e-5
0.01340641456324665
0.013560550234809732
0.013779919427866716
0.014131820453739508
0.01459118650655089
0.015146873487760892
0.01579790448271723
0.016549105077672266
0.017409123584034347
0.01838942117696618
0.01950393840622411
0.020769049659491223
0.022203628197399183
0.023829347439882298
0.025670902184566913
0.027756360452311668
0.030117593947349697
0.03279072681999562
0.03581666150135465
0.03924173757715099
0.04311845706028983
0.04750627691054632
0.05247251623151339
0.058093366186455775
0.06445504009932002
0.07165509151691651
0.07980381130986292
0.08902550968459355
0.09945876190327407
0.011205438142425805
0.0023201734960176523
0.0019707591042132933
0.0017113403903721291
0.0014858281604732682
0.001286989618404455
0.001111383390409948
0.0009562442020465411
0.0008191758390294623
0.0006980699747414221
0.0005910668511397432
0.000496522619019224
0.0004129870861317997
0.0003391787317346129
0.00027396426771364446
0.00021634324545338757
0.00016543172310079512
0.00012044807204958374
8.070218799804962e-5
4.558425783507403e-5
1.4555389317827405e-5
0.013710463562114583
0.013962539207485136
0.01424768823239031
0.014664866837694746
0.01519577018588425
0.01583167436391708
0.016573203610317222
0.017426707260199237
0.01840245175304034
0.0195136974868797
0.020776401612459416
0.02220921581890778
0.023833595351217873
0.025674124778370278
0.02775879598682085
0.03011940880445163
0.0327920571479865
0.03581764461083203
0.03924247604241504
0.043119027611873584
0.04750671968416764
0.05247285527331513
0.0580936270237542
0.06445526713615202
0.07165536231839109
0.07980433512600005
0.08902704109688742
0.09946427568838168
0.11127327187994762
0.011409784292038871
0.0026754750420794338
0.002261481236454088
0.0019662828708968405
0.0017108197921329449
0.0014857264921044333
0.0012869631613732224
0.0011113744383246527
0.0009562408795291688
0.0008191744927072975
0.0006980696940113162
0.0005910667143593784
0.0004965224458501893
0.0004129871654567907
0.00033917875061373337
0.0002739641854976327
0.00021634334443731973
0.00016543173308392056
0.00012044808528788309
8.070220026734631e-5
4.5584270908172186e-5
1.4555390088766273e-5
0.014053394051661172
0.01441637363107251
0.014776629908611838
0.015267943476061419
0.01587992120887982
0.016606658340459823
0.0174506393733731
0.018419941072632007
0.0195266729503345
0.020786122607265867
0.02221654746746804
0.02383916669212649
0.025678362478790184
0.027762007879649886
0.03012183975971361
0.03279386723110811
0.03581897363065334
0.03924346016734237
0.04311976712945231
0.04750729162895162
0.05247329704529502
0.0580939638264919
0.06445552693679257
0.07165559007034439
0.07980460548611568
0.08902756379945753
0.09946580692718499
0.11127878952359627
0.12464485140021608
0.011649732088738318
0.003082257691722212
0.0025912935739000886
0.002254965974291423
0.0019654977918461825
0.0017106647870477332
0.0014856852814268962
0.001286949740152643
0.0011113693715216755
0.0009562389707413743
0.0008191738810729987
0.0006980698889984538
0.0005910665798545267
0.0004965223335231528
0.00041298716947935077
0.0003391785389954549
0.00027396420801117927
0.00021634340114751183
0.0001654317349837342
0.00012044808352840164
8.070219957989622e-5
4.5584265929932144e-5
1.455538688688307e-5
0.014440311568994169
0.014928610491114824
0.015374659357352272
0.015950211110337342
0.016654088300099623
0.017483695883975692
0.01844366222843785
0.01954403951198369
0.020799028053404278
0.022226222803765516
0.023846472265760532
0.025683914687982146
0.02776623501687947
0.030125043088296444
0.03279629247394844
0.03582077941313422
0.039244791428590275
0.04312075053983033
0.047508029661752715
0.052473863066496484
0.05809440049156134
0.0644558598950784
0.07165584784105317
0.07980483184391307
0.0890278331021177
0.09946632930500154
0.11128032115627207
0.12465037339260299
0.13977872376702027
0.011932071447610326
0.0035480161234620056
0.002965633826703673
0.0025818993290958048
0.0022537911875391003
0.0019652627200148487
0.0017106020149579848
0.0014856650083103773
0.0012869420297816347
0.0011113665592690225
0.0009562381987988644
0.0008191739583347513
0.0006980701347583107
0.0005910662684467383
0.0004965222746813325
0.00041298707175219107
0.00033917857513721117
0.0002739642658466934
0.00021634335802378502
0.00016543174762428947
0.00012044807798083923
8.070220473932466e-5
4.5584264591447266e-5
1.455539041117504e-5
0.014877092750238852
0.015506605805645002
0.016050694633589657
0.016722014434291665
0.017530081954862275
0.018476205287132785
0.01956748379450879
0.020816235736165645
0.022239029609345096
0.0238560853473313
0.025691178962794048
0.02777176007368265
0.03012924589901189
0.03279948061333027
0.03582318976964416
0.03924658810980475
0.043122070541331325
0.047509003275235884
0.052474591738823406
0.05809495999127279
0.06445629432738986
0.07165617586445983
0.07980508555246324
0.08902805849177309
0.09946659844593952
0.111280842747985
0.12465190483768662
0.13978425301383623
0.15690718165632944
0.012264818455677506
0.004081198107129147
0.003390745597311451
0.002952213376104851
0.0025801536629348476
0.0022534364941071416
0.001965167293681347
0.0017105708898759175
0.0014856535671148308
0.001286937523173215
0.001111365001994713
0.0009562377859397841
0.0008191742499557009
0.0006980696480649584
0.0005910658993650841
0.0004965220518080571
0.00041298693760527527
0.0003391786039657063
0.0002739642074338633
0.00021634332818898372
0.0001654317006387629
0.00012044802637767305
8.070216112621154e-5
4.558424678346995e-5
1.4555387824799482e-5
0.015370540931583854
0.016158612955347706
0.016814772927194355
0.017595024205207643
0.018521256435746203
0.019599362712034107
0.020839316390328655
0.022256027429911285
0.023868764296447686
0.025700710275988747
0.027778969473067683
0.030134733467852115
0.03280365526709339
0.035826355577928126
0.03924898067570215
0.04312385696710397
0.047510315691384974
0.052475563356487065
0.058095687099648075
0.06445685501196063
0.07165660743057156
0.07980541045373091
0.08902830962437669
0.09946682231233783
0.1112811106416407
0.1246524253672332
0.13978578511815964
0.15691271888444724
0.17629314281109654
0.012657393356091617
0.0046912436938120194
0.003873802442120322
0.003371752564054198
0.0029496379718958465
0.0025796231893080446
0.002253292903986903
0.001965121006317183
0.00171055408352494
0.0014856470614121875
0.0012869352462852035
0.0011113646570066749
0.0009562376168457121
0.0008191740941869696
0.0006980689838531617
0.0005910656220082799
0.0004965220813186733
0.00041298713505710793
0.0003391785970476846
0.00027396419183656207
0.0002163433676631854
0.00016543170247995675
0.00012044802518662578
8.070216729816337e-5
4.558427557554978e-5
1.4555396211868299e-5
0.015928560039384365
0.016893919396792967
0.0176781975989293
0.018582418833418046
0.01964270431498072
0.020870337020890695
0.022278642136487115
0.023885489451816788
0.025713226147169088
0.027788395951166223
0.030141879061391208
0.032809097377445084
0.035830503471576236
0.03925212818384427
0.043126243958654165
0.04751209738759421
0.05247687791599365
0.058096658928655565
0.06445758390389056
0.07165716762550733
0.07980583927342622
0.08902863143905915
0.0994670692659918
0.11128133164366272
0.12465269146469726
0.13978630415797078
0.1569142557761758
0.17629868114669645
0.1982341753781025
0.01312079140972866
0.005388588562059482
0.004423048884119929
0.0038471793471375193
0.0033679771445900286
0.0029488490398756895
0.002579408385900983
0.0022532243101958116
0.001965096094289187
0.0017105446043812478
0.0014856433827423743
0.0012869345229375995
0.0011113643465359146
0.0009562374020042341
0.0008191734348077517
0.0006980685253470398
0.0005910655800098752
0.0004965222286763549
0.00041298723828653294
0.0003391786276800701
0.0002739642854638902
0.0002163434024486932
0.00016543169709315464
0.00012044801552058004
8.070219376232757e-5
4.558429267476072e-5
1.4555396097293283e-5
0.016560358819460497
0.01772297919964405
0.01865367490109815
0.019699060011123315
0.020911470849269698
0.022308538098942066
0.023907486896780128
0.025729589178399515
0.02780069178592459
0.03015116544941243
0.032816153337283716
0.03583588565959239
0.039256234326924044
0.043129363463982884
0.047514466566972224
0.05247864810718195
0.05809796278457302
0.06445854482865254
0.0716578919758506
0.0798063914637046
0.08902905631481683
0.09946738735019434
0.11128157253882165
0.12465290830908948
0.13978656847732474
0.15691477715155067
0.17630021889442116
0.19823971274735364
0.22306709889773568
0.013667731609375622
0.006184630484297848
0.005047955613226129
0.004386098751012035
0.00384168148142372
0.0033668097863674973
0.002948529374663167
0.0025793059579370947
0.0022531874630349336
0.0019650819667598185
0.0017105392251668405
0.0014856418154423068
0.0012869338680943088
0.0011113635583770431
0.0009562369583289154
0.0008191726255191156
0.0006980682702870666
0.0005910657964491861
0.0004965223963262488
0.0004129871736342494
0.0003391786122151075
0.00027396428581560883
0.00021634337678921867
0.00016543166631866058
0.0001204480085217341
8.070221758327278e-5
4.558426225820256e-5
1.4555371282476415e-5
0.017276720834781045
0.01865759877174078
0.019755494328666856
0.020961696479065317
0.022346806648585016
0.02393590799139922
0.025750764304333096
0.027816569047776518
0.0301631587481328
0.032825248439699806
0.035842810671020686
0.03926152948188388
0.043133407334424057
0.04751754633032057
0.05248098371557752
0.058099708078985124
0.06445982374036063
0.07165884120246613
0.07980710626411192
0.0890296034052307
0.09946780741662575
0.1112818841625769
0.12465314388684678
0.13978678162243874
0.15691504059188865
0.1763007397190517
0.19824125494941214
0.2230726253039963
0.2511731371002446
0.014312819060248394
0.007091652964195561
0.005759380382462709
0.004997205147225792
0.004378149098783091
0.003839962128651564
0.00336633635802297
0.0029483771677938364
0.0025792513978242226
0.0022531662005480513
0.0019650742667458587
0.0017105361659854879
0.0014856406233683117
0.001286933065826723
0.0011113628649486174
0.0009562363360560155
0.0008191721783861183
0.0006980684517268188
0.0005910659607213375
0.0004965224026864945
0.00041298720816751455
0.0003391786580051459
0.00027396429142800827
0.00021634334998132942
0.00016543164871762883
0.00012044804447963742
8.070219973888015e-5
4.5584252002406345e-5
1.4555317158659875e-5
0.01809030613394924
0.019711146346085506
0.02099972625060964
0.02238920237248543
0.023970446713304838
0.025777239145445385
0.02783665024997717
0.03017838416469587
0.03283683593606579
0.03585164679752406
0.03926828234245594
0.04313858331346321
0.047521508054997774
0.0524840051846267
0.05810200343633376
0.06446153493333462
0.07166009717139232
0.07980804412147613
0.08903030685763813
0.09946834758271272
0.11128229762462727
0.12465345100372094
0.13978700952860823
0.15691524743105223
0.1763010041617843
0.1982417748694818
0.22307416815554593
0.25117865064926104
0.2829837673962281
0.015072693597057096
0.008122704745939124
0.0065697368140709145
0.005690448666020309
0.004985794708968427
0.004375630223048432
0.0038392637706898824
0.0033661107056230932
0.002948295778507415
0.002579219955829437
0.002253154584097139
0.0019650693305948153
0.0017105341137382268
0.0014856394016140584
0.0012869321319852745
0.0011113624943615008
0.0009562356130521366
0.0008191722779047339
0.0006980688798794432
0.0005910660331469586
0.0004965223872579472
0.0004129872001721324
0.00033917865123367363
0.00027396428642401105
0.00021634335626163903
0.00016543168188842827
0.00012044806731115187
8.070219439293425e-5
4.5584026559630786e-5
1.4555142397121301e-5
0.019015987865811823
0.020898830745140096
0.022404451472831433
0.02400283937106984
0.02580692026250908
0.027860551550065615
0.030197006088490852
0.03285118359229067
0.03586268673833981
0.039276760977272396
0.043145098847678476
0.04752652060063589
0.052487858804252774
0.05810494391297194
0.06446377081562016
0.07166176073666186
0.07980927464512177
0.08903122004265107
0.09946903707344035
0.11128282701275438
0.12465385318701916
0.13978730648247595
0.15691546693193725
0.17630120993829568
0.1982420333826278
0.22307468751747184
0.25118018695997435
0.2829892790998718
0.31898738884530253
0.01596616540257667
0.009291475799021676
0.007493153576367817
0.006477222554576834
0.005674199227864385
0.004982124427937329
0.004374603443401348
0.003838930374535643
0.003365989849170248
0.0029482494677237625
0.002579201938441855
0.0022531471015190263
0.00196506556785625
0.0017105323842905307
0.0014856383897541292
0.001286931603674546
0.0011113620182960915
0.0009562355929988442
0.000819172785330835
0.0006980690386528821
0.0005910660290853187
0.0004965225127868678
0.00041298726148575327
0.0003391786988409251
0.00027396432248227853
0.00021634340335108249
0.000165431733180732
0.00012044805837696515
8.070182679453808e-5
4.558341480809247e-5
1.4554640369368599e-5
0.02007122454319532
0.02223804517832839
0.023990035444057867
0.025826549850863856
0.027883893318427333
0.03021749657814432
0.032867845610530466
0.0358758456054975
0.03928705022199441
0.043153090677202854
0.04753270703836865
0.052492645185523656
0.058108637742065206
0.06446659924782505
0.07166391007620021
0.07981087892397642
0.08903240618314268
0.09946991509599012
0.11128349216774414
0.1246543620527838
0.13978769535937996
0.1569157534535277
0.1763014215931742
0.19824223043300027
0.22307494210302625
0.25118069449844604
0.2829908148810629
0.3189929020891942
0.35973684398760764
0.017014322583071007
0.010612216355876392
0.008545603287225312
0.007370577539179024
0.0064542850988109635
0.005668879623830669
0.004980620319250839
0.0043741122249842945
0.0038387517382263425
0.003365920814761836
0.0029482219375704943
0.002579190338170889
0.002253141363817157
0.0019650626086198386
0.0017105305531650572
0.0014856375853957715
0.0012869311496030988
0.0011113615035789337
0.0009562359292409894
0.0008191731744435771
0.0006980689206770307
0.0005910660016636982
0.0004965224428064019
0.0004129872174516436
0.00033917868279242924
0.00027396433699333755
0.0002163433902957479
0.00016543166368432338
0.00012044755003071117
8.070056398246095e-5
4.558156387979295e-5
1.4553470513156697e-5
0.021276464017787156
0.023748785353476798
0.025779463280557025
0.027887298899345936
0.030232571349654513
0.032883811978138944
0.03588987427312951
0.03929860129286933
0.04316235226306375
0.04754002762017784
0.05249837547211822
0.05811311357668725
0.06447007093918256
0.07166657647769448
0.07981290621765957
0.08903392878592609
0.09947103171596883
0.11128432374951736
0.12465499217125053
0.1397881783621191
0.15691611969577846
0.17630169097776882
0.1982424339287414
0.2230751258348853
0.251180933837011
0.2829913159613744
0.3189944368972881
0.3597423549340162
0.40585788851603155
0.018240616690645695
0.01209976825225656
0.009745003511034689
0.008385458711523519
0.007338509956837491
0.006446617920828679
0.005666686134981447
0.004979899047522274
0.004373849790421325
0.003838649878727729
0.003365879838780117
0.002948204182073866
0.002579182084568643
0.002253136872520045
0.0019650604779588576
0.0017105294768926527
0.0014856371862039808
0.0012869307552882958
0.0011113617183831082
0.0009562363838711008
0.0008191731567022131
0.0006980688125439727
0.0005910660786501154
0.0004965224391790812
0.0004129871902911475
0.0003391786698410115
0.00027396429679082956
0.00021634325525710096
0.00016543102734534187
0.00012044560608348576
8.069692809531404e-5
4.557722299747269e-5
1.4551165172349556e-5
0.022655566323686926
0.02545416605831452
0.027798750351156087
0.030215466488038523
0.032888138403474265
0.0358998430923263
0.03930909003803329
0.043171714873855294
0.047547885173412574
0.052504767745944037
0.058118212217107335
0.06447410489600713
0.07166973725082038
0.07981534345899988
0.08903579376549331
0.09947242955404079
0.11128534726806016
0.12465575423326936
0.13978875212832698
0.15691656138282628
0.1763020255276171
0.19824268351549268
0.22307530814391363
0.2511811029261022
0.28299153463479243
0.3189949336225446
0.35974388227535936
0.40586339803507876
0.45805881750543964
0.019670926605538597
0.013769789205703376
0.011111262961869706
0.009538948587789697
0.00834109988329157
0.007327532222869415
0.006443430159850827
0.005665629985088572
0.004979513707219496
0.004373699054385227
0.003838588014447808
0.003365853284560849
0.0029481918879152857
0.002579175789542809
0.002253133671985097
0.0019650585898460804
0.001710529050222398
0.0014856368466507064
0.0012869305646292517
0.0011113621419909236
0.0009562367068571831
0.0008191730682094445
0.000698068841233912
0.0005910660464660822
0.000496522432258395
0.0004129872318809902
0.00033917872225419643
0.00027396406152124797
0.00021634246994128858
0.00016542835204980122
0.00012043995191479695
8.068840402053468e-5
4.55685449889387e-5
1.4547166337308681e-5
0.024236198315385593
0.02738102504212847
0.030077449054899397
0.03284531343790231
0.03589025563998138
0.039311123610264787
0.04317744995608663
0.04755427209478302
0.05251069903056749
0.05812331948380045
0.06447832795409969
0.07167315531944318
0.07981806262452817
0.08903790777026543
0.09947406299120054
0.11128656333533815
0.1246566452664748
0.1397894107309572
0.15691705825383462
0.17630240500324756
0.19824297192214235
0.22307553078204823
0.2511812651331988
0.28299166798723974
0.318995138596164
0.35974436401668797
0.4058649122626399
0.4580643330049776
0.5171413950055861
0.021333621578673245
0.015639247644236853
0.012666276822533185
0.010850517136632654
0.009478314038603664
0.008325496287442391
0.007322918277894885
0.006441889925338451
0.005665065276711623
0.004979291594144009
0.004373606751459036
0.0038385485273710884
0.0033658345514533394
0.002948182720711401
0.0025791709609368496
0.0022531312196800712
0.0019650575198202347
0.0017105285924152724
0.0014856366245759034
0.0012869306902532074
0.0011113623518523852
0.0009562365551207819
0.0008191728816022703
0.0006980688286670755
0.0005910660152785852
0.0004965223704944677
0.0004129870518934098
0.0003391783062456355
0.0002739630724413189
0.00021633886866823104
0.00016542036396316462
0.00012042655117117107
8.067078634255154e-5
4.555286747098819e-5
1.4540623630487914e-5
0.02605022396199086
0.029560614805354213
0.03264927030833764
0.035815547396579994
0.03928365795717603
0.04316903632514002
0.04755363484871733
0.052513051376366526
0.058126609434441256
0.06448166114601328
0.07167615362350332
0.07982062011432767
0.0890400060951082
0.09947573197849202
0.11128786105429356
0.12465761191276048
0.1397901136155264
0.15691757017868735
0.17630279020396333
0.1982432687198319
0.223075767315442
0.25118143983390606
0.2829917882392339
0.31899523859637924
0.3597445408621285
0.40586536871417067
0.45806583297185455
0.5171469200826078
0.5840132112851819
0.023259642646493717
0.017727208172935605
0.014433885043968253
0.012342260611964306
0.0107687312925826
0.009456315252926117
0.008318855666233915
0.007320679000843988
0.0064410640924679186
0.005664738759668886
0.0049791545573816265
0.004373547343836215
0.0038385211342584213
0.00336582151896625
0.002948175834350586
0.002579167433164997
0.002253129185979752
0.0019650569055018607
0.0017105284219098849
0.001485636398974144
0.0012869308966907411
0.0011113624247789389
0.0009562364162185588
0.000819172751649333
0.0006980686965762928
0.0005910659016530317
0.0004965220258457137
0.000412986899711143
0.00033917702908770053
0.0002739584959083885
0.00021632835915230686
0.00016540141728516033
0.00012039887633719104
8.063882175246562e-5
4.552706718730093e-5
1.4530726069494904e-5
0.02813403265428871
0.03202935142637742
0.03555285834598365
0.03917000054206721
0.04311882638375053
0.04753156025370231
0.052503914528675644
0.05812350203149563
0.06448133699414171
0.07167704097514083
0.07982191876252287
0.08904135757373144
0.09947696141100693
0.11128890215858878
0.12465843677242017
0.13979073036320866
0.15691800464596461
0.1763031006950717
0.19824349660676255
0.22307594475722237
0.25118158932831847
0.28299190091689486
0.3189952890193455
0.35974459886765153
0.4058654989477146
0.45806625699120396
0.5171484000972209
0.5840187467606848
0.6597016567217784
0.025482667690628347
0.020055864053500017
0.01643983805679028
0.014039107476609303
0.012233570420749906
0.010738011339594067
0.009446814904284118
0.008315610904297444
0.007319475490226601
0.006440585840750579
0.005664537575188255
0.004979066195086368
0.004373507645257568
0.003838501893936197
0.003365811935529095
0.0029481706375857897
0.0025791650343078842
0.0022531279339039756
0.0019650566527023017
0.0017105285091263411
0.0014856363895248137
0.001286930973367184
0.0011113622396639045
0.0009562361868500346
0.0008191726396589161
0.0006980686039126383
0.0005910654603242804
0.000496521794070226
0.00041298498661568317
0.00033917151507356635
0.00027394519504397863
0.00021630326801247435
0.0001653624887572036
0.0001203484325431603
8.058605947169895e-5
4.5487993714843356e-5
1.4516952213661227e-5
0.030528815104022833
0.03482958548275583
0.038832699186267305
0.042958464359855064
0.04745280347700298
0.05246414193908144
0.058103108193584774
0.06447087223540304
0.07167178786906714
0.0798194268761927
0.08904029547152703
0.0994766279871655
0.1112889204953591
0.12465858221019666
0.13979089127551791
0.15691812098044622
0.17630315227094506
0.19824351104619886
0.22307594512692397
0.25118160535708434
0.2829919201353599
0.31899528486535633
0.3597445768380947
0.4058654830480286
0.4580663229462081
0.517148779724983
0.5840201963502532
0.6597072043421646
0.7453697494099591
0.02803941847866831
0.02265168710682186
0.018711846994929893
0.015968972719854868
0.013897026221510345
0.012191140019352176
0.010724506343047224
0.00944213678647099
0.008313861138550038
0.00731877659901059
0.006440291158623879
0.005664406796793919
0.004979007504828381
0.00437347998444082
0.003838488584593236
0.0033658047428373195
0.002948167287343928
0.0025791631641736146
0.0022531275486343816
0.001965057214375676
0.0017105284707072954
0.001485636711196392
0.001286931144287351
0.0011113622557443747
0.0009562360526471636
0.0008191725419717244
0.000698068216093084
0.000591064839820632
0.000496519594767264
0.0004129782968389506
0.00033915475235879455
0.00027391312709124094
0.00021625143918324596
0.00016529120193986557
0.00012026528358699551
8.05059155402077e-5
4.54333315893507e-5
1.449906278683244e-5
0.033280789959858836
0.03801036617125586
0.042540148604308214
0.047237693528639824
0.05235015748214167
0.05804069493892694
0.06443570108531382
0.07165147968656882
0.07980748800509385
0.08903316818375284
0.09947229319871198
0.11128623819161998
0.1246568967917101
0.1397897745385297
0.15691734296471704
0.17630255451981114
0.19824302090359858
0.2230755382089269
0.25118128085326497
0.28299168658646057
0.3189951215043463
0.35974441818723424
0.4058653464104296
0.45806619917157576
0.5171487593768109
0.5840205078867031
0.6597086102430776
0.7453753122620963
0.8423341064825012
0.03097018568904719
0.025546536956086108
0.021279821340666416
0.018162862518010137
0.015786607093382976
0.013839154047895263
0.012172092386160571
0.010717794492838273
0.009439598528839355
0.00831284241544239
0.007318344915330677
0.006440099478060013
0.005664319432056253
0.004978966802722695
0.0043734596324540576
0.003838478387515387
0.00336579861958608
0.0029481649174813995
0.0025791616217016866
0.0022531277718735865
0.0019650574643037544
0.0017105283552174555
0.0014856368252669228
0.0012869309632703718
0.0011113620118807788
0.0009562359229562389
0.0008191719142640608
0.0006980672900516183
0.0005910625371647882
0.0004965113430168699
0.0004129576881135577
0.0003391149378959568
0.00027384671510599645
0.0002161566307661289
0.00016517361283163723
0.0001201386804314808
8.039360757194913e-5
4.5361933665333254e-5
1.4476869741208986e-5
0.036441428282100397
0.041628129296579
0.04673458399934827
0.052072628135104715
0.05788415581321349
0.06434480639391182
0.07159715838931202
0.07977414452466203
0.08901221528337544
0.09945883728840244
0.11127738990451874
0.12465095878223398
0.13978569688243248
0.15691445634261303
0.17630044622521712
0.19824141169642218
0.22307426885744874
0.25118027039733803
0.282990911337631
0.31899454180481435
0.3597439627662915
0.4058649903273972
0.45806588247878377
0.5171484858736131
0.5840203605932546
0.6597088226426475
0.7453766572509588
0.8423396845124804
0.952085268558208
0.03431961465798139
0.02877858266470934
0.024176374313238824
0.02065494976398785
0.01793345466020302
0.015708799673008755
0.013812537683427273
0.012162515740772761
0.010714133186695562
0.009438118036470655
0.008312212361041738
0.007318065604089874
0.006439971210388862
0.00566425961076078
0.004978937866479072
0.004373445222380035
0.0038384702055047626
0.0033657948873102583
0.002948162746799099
0.0025791613565360194
0.0022531284396904994
0.0019650571706471
0.0017105284834117995
0.0014856369407239
0.0012869308722445183
0.0011113617143019283
0.000956234906945852
0.0008191711594403017
0.000698064567625778
0.0005910527840375934
0.0004964866654262323
0.00041290903531177037
0.00033903190269146677
0.0002737250095794508
0.00021600005400035371
0.00016499466162400722
0.00011996109458234372
8.02461021116585e-5
4.527387473629574e-5
1.4451034347828795e-5
0.04006773721868839
0.0457473113913931
0.05148459057126331
0.0575377771278518
0.06413817738131655
0.0714711486186852
0.0796953992391094
0.08896181957552063
0.09942586083838467
0.11125536092002886
0.12463592655815336
0.13977525110252653
0.15690704609592032
0.1762950770226306
0.19823742573786163
0.22307123224811676
0.2511778991209992
0.282989049603664
0.31899310515932466
0.35974287856524256
0.4058641440827788
0.45806521869658834
0.5171479122340878
0.5840198738897238
0.6597084896911438
0.7453767276640484
0.8423409425504564
0.952090858064123
1.0763107254581432
0.03813771540432853
0.03239296462544683
0.027437658763416195
0.023482657582430733
0.020372625752755447
0.0178305367806324
0.015672004230633974
0.013798965301229593
0.012157256879333111
0.010711985571144389
0.009437201056432087
0.008311804610748652
0.007317878019495794
0.006439882545181241
0.005664216958863655
0.004978916105141451
0.004373434088617678
0.003838463396758307
0.0033657923141472423
0.002948161182398046
0.0025791618038013553
0.002253128461383369
0.0019650567762514726
0.001710528575900483
0.0014856366616795569
0.001286930525966845
0.0011113604227617202
0.0009562340734374786
0.0008191676950479732
0.0006980530228259951
0.0005910234263604153
0.0004964278091401653
0.0004128074172751184
0.00033888007166105183
0.000273524240747669
0.0002157618020062202
0.00016474278879474724
0.0001197275378794771
8.00638934128628e-5
4.517112842439275e-5
1.4422638494160367e-5
0.04422268470276336
0.05044088503813615
0.056869121170077364
0.06371878012614651
0.07120736799955907
0.07952716327694542
0.08885254588031888
0.09935350562140766
0.11120655293753856
0.12460240786723364
0.1397518240209683
0.1568903985048573
0.17628305006730471
0.19822858485936834
0.2230646092963955
0.2511728362480472
0.2829851091812019
0.3189900404148549
0.35974051244777705
0.4058623082362205
0.458063826017284
0.5171467976025523
0.5840189379285832
0.6597076894798377
0.7453761283219729
0.8423408093897242
0.9520919900012617
1.0763163186958282
1.2169210616018913
0.04248108181583721
0.036442251686245264
0.03110452276645148
0.0266868457277587
0.02314333176057559
0.02023897527667362
0.017780304789456913
0.01565292636082649
0.01379144807140964
0.012154159657382202
0.010710654707586365
0.009436607017168086
0.008311530918377663
0.0073177481495063645
0.006439819809696878
0.005664185525849241
0.004978900009588116
0.004373425144208021
0.0038384586724404812
0.0033657898057750657
0.0029481608307690976
0.002579161999939572
0.002253127652662279
0.0019650563777897645
0.001710528351944518
0.0014856361729282952
0.0012869285349461634
0.0011113591162699166
0.0009562300027843307
0.0008191538604709336
0.0006980183442539811
0.0005909528007279619
0.0004963053253135286
0.00041262143520093275
0.00033862910808313273
0.00027321865513929566
0.00021542597175017164
0.0001644115900241161
0.00011943866120933677
7.985170331537006e-5
4.505858560133191e-5
1.439259345925592e-5
0.04897587575577145
0.05579088906128149
0.06297860676698441
0.07071407641791083
0.07920053702051799
0.08863503956833618
0.09920699999008953
0.11110649523512883
0.12453309150024339
0.13970311172474847
0.15685567919590415
0.17625795278391543
0.1982101996113741
0.2230509411490953
0.25116252439453834
0.2829771986136729
0.3189838929744324
0.35973572395796705
0.40585859922467904
0.4580609590299636
0.5171445938044901
0.5840171838800323
0.6597062305581147
0.7453748753909135
0.8423398278645768
0.9520915617728729
1.076317267943717
1.2169266460292931
1.376079479038983
0.04741419029038241
0.040986796376675017
0.035223853768629354
0.030312213843131097
0.026289138367702414
0.02297329105782353
0.020171390548194168
0.01775374251742967
0.015642247431681966
0.013786999250203102
0.012152231808927105
0.010709792350681369
0.009436208513408317
0.008311341876793499
0.007317656017037599
0.006439774143294663
0.005664162330184297
0.004978888061909714
0.004373418003114082
0.0038384559081139358
0.0033657885937694587
0.002948161305464936
0.002579161899333826
0.0022531271124099916
0.0019650563955275757
0.0017105278691094128
0.0014856338205131436
0.001286927270480298
0.0011113548350767388
0.0009562135102347824
0.0008191128886165799
0.0006979345735986797
0.0005908064052944084
0.0004960805909099975
0.00041231405313713054
0.00033824746186272847
0.00027278811129161085
0.00021498430483912756
0.00016400239565683705
0.00011910306373419388
7.961913676624022e-5
4.49413786007824e-5
1.4363014145146735e-5
0.05440452360783432
0.06188905103411724
0.06991598539522048
0.07863657054523099
0.08824226042686867
0.09893402361084824
0.11091589565424531
0.12439892936779628
0.13960776229810357
0.156787215200211
0.17620825336928103
0.1981737278929181
0.2230238803307767
0.25114220465028936
0.2829617501388233
0.3189719908261761
0.35972647551209747
0.4058513892379434
0.4580553204382971
0.5171402602242434
0.584013818895543
0.6597035676905607
0.7453726581837303
0.842337924759831
0.9520900288571692
1.076316413412295
1.2169273309970592
1.3760850333295247
1.5562353258797783
0.05301071792996037
0.046095217872836436
0.03984998794469785
0.03440800695357815
0.029858177244745043
0.02607762042076356
0.022883869502494214
0.020134821408084314
0.017738685161661216
0.015635883702741715
0.0137842210637249
0.012150980931468602
0.010709211563111332
0.009435932310731587
0.008311206609000976
0.007317589061295315
0.006439739791145982
0.005664144617569811
0.004978878896356953
0.004373412535923826
0.003838453668529418
0.0033657882132818173
0.00294816131766229
0.0025791611156540384
0.00225312667782962
0.0019650560504409498
0.0017105243278416893
0.0014856321426988117
0.0012869220149545058
0.0011113350138236555
0.0009561656975627386
0.0008190143716424458
0.0006977608281193426
0.0005905380120738712
0.0004957093013864267
0.00041184603953769994
0.00033770975495883704
0.00027222151865213817
0.00021443861784042895
0.00016352668640706725
0.0001187343544435393
7.937845896410778e-5
4.482727623855709e-5
1.4336670802528317e-5
0.060594763548438735
0.06883763988547997
0.07779770172932299
0.08761527737683661
0.0984751310511438
0.11058304372379446
0.12415792119387525
0.13943283166876874
0.15665963002154903
0.1761146277603025
0.1981045074732295
0.22297230427681924
0.25110344144012764
0.28293234806812606
0.3189494591671904
0.35970903096222706
0.40583777914055297
0.4580446717172002
0.517131942127457
0.5840073725143444
0.6596985572681815
0.7453686883712161
0.842334621213741
0.9520871915269229
1.0763140841171963
1.216925861893071
1.3760853372936634
1.5562408130797554
1.7601622338160219
0.05935485436126786
0.05184508739014948
0.04504605033531117
0.0390290810024867
0.033903448035062844
0.029601422347641737
0.02596153672244661
0.022834188783512843
0.020113777453590664
0.01772963714887421
0.01563189521640318
0.013782409944555596
0.012150139138776161
0.010708809929639962
0.0094357358840913
0.008311108287299973
0.007317539625336877
0.006439714258747564
0.005664131707149522
0.0049788712782827815
0.004373409802307826
0.0038384526330776936
0.0033657884475051247
0.0029481611314619016
0.0025791605780014493
0.0022531264526755024
0.0019650520501350854
0.0017105234294776395
0.0014856255782520478
0.001286899302574973
0.0011112800390797872
0.0009560504307328799
0.0008188102671491393
0.0006974428312371828
0.000590094055776369
0.0004951433635431712
0.00041118664158190654
0.00033700142946813116
0.0002715213917419135
0.0002138043605022233
0.0001630040308437941
0.0001183534277053866
7.914557712229708e-5
4.4725125193600945e-5
1.4314539018123185e-5
0.06764325003091631
0.07675062948459743
0.08675479363212801
0.09779695787696507
0.11006208314737087
0.12376355947952344
0.13913653455511632
0.15643764447874986
0.17594830394983774
0.1979796200440731
0.22287817695416745
0.25103215758674935
0.28287804194648825
0.31890780074243885
0.35967682167517534
0.4058126936264168
0.4580250144374238
0.5171164642840083
0.5839952729723406
0.6596891221348216
0.7453613460074919
0.8423287818037428
0.9520823350268568
1.0763099022804843
1.2169223864551353
1.3760829848397376
1.5562405665463679
1.7601675951938889
1.9910011725964258
0.06654263169745978
0.05832391158150152
0.05088518143406251
0.04423731091387939
0.038483318837463365
0.03359980336951107
0.029453900197582428
0.025895082772634304
0.02280508397800851
0.020101003685607743
0.017723932312914137
0.015629286656558605
0.013781189767430035
0.012149553515290457
0.010708523401938841
0.009435591957492662
0.00831103562882518
0.007317501534840787
0.006439694755179026
0.005664121699299862
0.0049788654641984564
0.004373407863537793
0.0038384520682246404
0.0033657883810676026
0.0029481603465262296
0.002579160091622512
0.0022531225705888502
0.0019650505445723
0.0017105148356089117
0.0014856002981673555
0.0012868354883188715
0.0011111458027954768
0.0009558120127435288
0.0008184363000065531
0.0006969169236556993
0.0005894181737238213
0.0004943461767163981
0.0004103185761605843
0.0003361266892998316
0.0002707075073145049
0.00021310765152993127
0.00016246495851124365
0.00011798621102787621
7.893726903773768e-5
4.4642312628795366e-5
1.4298242642318826e-5
0.07565895663549504
0.0857552893871345
0.09693424046542187
0.10934777244899507
0.12318871899474448
0.13868261065846355
0.15608356970981418
0.17567419340223456
0.19776833517040693
0.22271560300854354
0.2509070507775464
0.2827815985151565
0.3188332225873527
0.35961888914410345
0.4057674495921999
0.4579894828703335
0.5170884331991497
0.583973132505383
0.6596717013765208
0.7453477177507413
0.8423181315555022
0.9520738416824139
1.0763028284153422
1.2169162758922707
1.3760778636226396
1.5562369450296676
1.760166554259313
1.9910063197924264
2.252309321278264
0.07468333650147319
0.06563040435621925
0.057451659959237844
0.05010322744439577
0.04366235886286063
0.03813388908101256
0.03341668507137019
0.029366585828037195
0.025855330672604815
0.02278720112297794
0.0200928916807257
0.017720190054037133
0.015627520824640584
0.013780341227016102
0.012149137193958381
0.010708314533777852
0.00943548442353137
0.008310980831942594
0.007317472364850808
0.006439679424166123
0.005664112692999268
0.004978861947964042
0.004373405873578484
0.0038384513787637076
0.0033657874257997378
0.0029481590544131464
0.0025791543447839516
0.002253119106153889
0.001965041301643211
0.0017104860575383185
0.001485525241291974
0.0012866795449424373
0.0011108678413531692
0.0009553745565966665
0.0008178171349833008
0.0006961164630023831
0.0005884652303098648
0.0004932975182709853
0.0004092455765647429
0.0003351094997796622
0.00026981375149581766
0.00021238970003700786
0.00016194582849227146
0.00011765832222287997
7.877055638250141e-5
4.4584061985375456e-5
1.4288611395407713e-5
0.08476515777698701
0.09599419351193106
0.10850070729325179
0.122455098919521
0.1380657100166287
0.15557596570960364
0.1752630934420072
0.19743920243114843
0.2224542355593515
0.25070063376650964
0.2826191143180665
0.31870549075966537
0.35951843612643497
0.4056882955494734
0.4579269426445123
0.5170388505510175
0.583933677760939
0.6596403719585968
0.7453229141141762
0.8422986461770687
0.9520585374919976
1.0762905843137216
1.2169060439766315
1.376068996054781
1.5562294659262519
1.7601611116318416
1.991004137679396
2.252314122160925
2.5481156086301
0.0839011042641351
0.07387599287159663
0.06484205921963326
0.056707763749055395
0.04951254758793411
0.04327131885244473
0.037912304265281804
0.033304262989552136
0.029313084985336246
0.025830544898285623
0.02277574749612299
0.020087543175251632
0.017717649698764326
0.015626292490298788
0.0137797355379492
0.01214883364067898
0.01070815870282793
0.009435404024706884
0.008310938098479603
0.007317450220503119
0.006439667453048692
0.005664106035073502
0.004978859016343762
0.004373404438921646
0.003838451005766075
0.0033657860304128207
0.0029481517153744363
0.0025791519105862193
0.002253110211510645
0.0019650076762554036
0.0017103997392498016
0.0014853457085433064
0.0012863576505468544
0.0011103583074474344
0.0009546497799428622
0.0008168754007344958
0.0006949875085586754
0.0005872113325802175
0.000492000556080896
0.0004079985979652534
0.00033399304397274676
0.00026889371167282405
0.0002116980833406501
0.00016148189399878277
0.00011739683807654444
7.865649231852956e-5
4.455409889381201e-5
1.4286666969454132e-5
0.09510156602114872
0.10762760639235225
0.12163875928776857
0.13732971362220336
0.15493137122259526
0.17471140143736363
0.19697555597810723
0.22207018719909755
0.2503860986605986
0.28236375635352573
0.3184994908025809
0.35935297150609014
0.4055556994580929
0.457820764978222
0.5169537860948417
0.5838654401907393
0.6595856054383811
0.7452790502079099
0.8422637106460646
0.9520309264476898
1.076268790239117
1.216888525537982
1.376054291533046
1.5562166703465845
1.7601502600646022
1.990996092298536
2.252310308063749
2.548119867581942
2.8829838459513826
0.0943367560260695
0.08318655260503238
0.07316651699779708
0.06414400380102503
0.056114869819936075
0.049086992106929905
0.04301035296126976
0.03777080118947218
0.03323347870601534
0.029279142673127367
0.02581450446716893
0.02276814626312884
0.02008390204115429
0.01771587477916281
0.015625415755594396
0.01377929471385464
0.012148607292687075
0.010708040081483183
0.009435342236216115
0.008310904926815077
0.007317431711809874
0.006439657128501253
0.005664101232944141
0.004978855696028184
0.004373402988429476
0.00383844921056653
0.003365775448012087
0.0029481480999722365
0.002579139231624339
0.0022530713280710657
0.001964908944218635
0.00171019235831249
0.001484973763311359
0.0012857660516010228
0.0011095151164051131
0.0009535482770797188
0.000815546943653267
0.0006935015094722274
0.0005856612109447212
0.000490492728317804
0.0004066298725540207
0.000332843650264536
0.00026800687225936315
0.00021108031185157472
0.00016111342528724037
0.00011721978748280293
7.860447155927375e-5
4.4556936284578796e-5
1.4292876824306688e-5
0.10682662055014625
0.12083619368320164
0.13655561715840392
0.15420849007861914
0.17405452345228767
0.1963922203779651
0.22156212394950714
0.24995077642637398
0.28199583920746996
0.3181920440987369
0.35909837513098175
0.4053463376651214
0.4576494565041189
0.5168140897348712
0.5837517429154486
0.6594931316216144
0.7452040223521141
0.8422030423439644
0.9519822416706978
1.0762300429154577
1.2168577620135634
1.3760294125705417
1.556195666115836
1.7601318887139863
1.9909804372465203
2.2522985587111055
2.548113730680589
2.8829872803302767
3.26208413446919
0.1061499087411466
0.09370435651623943
0.08255023152980101
0.07251889911525211
0.06356122681273568
0.05566418676643803
0.04878818038987909
0.04283662204018768
0.037678963123238596
0.0331876556993711
0.029256897271800142
0.02580377711991577
0.022762946564719222
0.020081352707673084
0.01771460688554871
0.015624775234949873
0.013778966896962785
0.01214843592818493
0.010707949395409422
0.009435293921210786
0.00831087903787786
0.007317417714702401
0.006439649577933082
0.0056640968376164835
0.0049788528732106485
0.004373400992196075
0.0038384356313727608
0.0033657722912527888
0.0029481340485997265
0.0025790958887101922
0.0022529563000661668
0.0019646695539581316
0.0017097634407550188
0.0014842896375482084
0.0012847885233826517
0.0011082317124637697
0.0009519938576394438
0.0008137989633310028
0.0006916642286496355
0.0005838587930062644
0.000488837941107434
0.00040522028035816504
0.00033173579846579315
0.0002672150652891503
0.0002105904357483368
0.0001608652087350393
0.00011714264764339788
7.862219883847388e-5
4.459158877079261e-5
1.4305745287934712e-5
0.12011998634118903
0.13582404402115866
0.15348445626529106
0.17335770296265096
0.195737971401023
0.22096115174912878
0.2494093884854589
0.2815164390698657
0.3177739279765177
0.35873847276173976
0.40504000366576864
0.4573911187461688
0.5165978372865183
0.5835717544621586
0.6593439688505276
0.7450808526039125
0.8421017459176827
0.9518994450489044
1.076162974250432
1.2168039674896831
1.3759863916794206
1.5561606146346292
1.760102073555852
1.9909541910360002
2.252276095678954
2.548096735835157
2.882977859792453
3.262086346191243
3.6912741199807266
0.11952137581245736
0.10559025964415891
0.09313521417604331
0.0819550015721191
0.07195652572953293
0.06309609776240421
0.055331685707222356
0.04858051419869902
0.042720073675819314
0.03761812344028215
0.033157167476588256
0.029241880915472862
0.025796394611353968
0.022759296522036898
0.020079523048887715
0.017713681256704028
0.015624300129373658
0.013778717800618345
0.012148303765003199
0.010707879489567418
0.009435256330793784
0.008310857821085982
0.007317406623350564
0.006439643842039544
0.005664092562840395
0.004978849868336077
0.004373384892689458
0.0038384329512446413
0.003365756342302184
0.0029480837667144044
0.002578964045907739
0.002252682864467559
0.001964175663519363
0.001708974585547196
0.0014831593077166971
0.0012832998939789064
0.0011064223000154527
0.0009499491004767435
0.0008116367366133304
0.000689528552865859
0.0005818802921018218
0.0004871351051569661
0.00040386249213675285
0.0003307473283040707
0.0002665873779497119
0.00021026142310898166
0.00016075980530327882
0.00011717668294419781
7.870586976110872e-5
4.465446788515237e-5
1.4323899657497918e-5
0.13518536079067012
0.15282202426243785
0.17268814410333633
0.1950770065250058
0.22032267178187315
0.24880487623773195
0.28095459148023405
0.31726058631683784
0.3582767529175106
0.40463057125608337
0.45703262014836454
0.5162873773449572
0.5833054339620869
0.6591173113217792
0.7448891835170182
0.841940690219726
0.9517649585992736
1.0760516438827428
1.2167128038221087
1.375912601477717
1.556101087000704
1.760053126662656
1.9909121536909429
2.252238801111708
2.548064678079033
2.882953485123812
3.2620723245583236
3.691274564518521
4.177191386032743
0.13465591445128933
0.11902615101968994
0.1050823324629171
0.09259228126257746
0.08142085218221329
0.07148780418464629
0.06273643709420895
0.055090338854281384
0.04843617673112899
0.042640826858998615
0.03757692150771064
0.03313635185425845
0.029231473404507824
0.02579118714972406
0.02275667138307025
0.02007818580618803
0.017712991024126268
0.01562394015052071
0.013778526502588484
0.012148200995294012
0.010707824570185487
0.009435226416687925
0.008310841451464768
0.0073173971310867
0.006439637538410814
0.005664087313603794
0.004978830416804136
0.00437338057442993
0.0038384127099915233
0.003365697705442372
0.0029479339346059064
0.002578650548973549
0.0022521146382601387
0.001963269426505043
0.0017076718645485656
0.001481438939107349
0.001281201510436425
0.001104041032324865
0.0009474198303456305
0.0008091231847435765
0.0006871847949456722
0.0005798449877385536
0.00048549545567322383
0.00040265186127275143
0.00032996399570706103
0.00026616733206896726
0.00021012462447789204
0.00016081302129844488
0.00011731637140943718
7.884976015315459e-5
4.473933445581224e-5
1.4344980997726964e-5
0.1522536110310444
0.17209143692758833
0.19446351693078423
0.21970414369141267
0.248192712697346
0.2803593629800911
0.3166915197594129
0.3577414463429047
0.4041346979099565
0.45657987334259076
0.5158794947550014
0.5829424316665204
0.6587977715291808
0.7446106165722481
0.8416999600116677
0.951558649828578
1.0758764270740642
1.2165656120309705
1.3757905866059725
1.5560012662967302
1.759971765944512
1.9908444918463264
2.2521799810206717
2.5480119997913713
2.8829080012074315
3.2620376559345186
3.691254170210752
4.177189346810659
4.727240834243218
0.15178536653960606
0.13421773139663795
0.1185736646768687
0.10459014558130342
0.09209169094789882
0.08095855704753863
0.07110923978393924
0.062463931114632665
0.05491626323457677
0.04833518078215615
0.04258605899576828
0.03754840597721465
0.03312179945677762
0.029224088571631945
0.025787433173620755
0.022754743159302038
0.02007718906341971
0.01771246901131729
0.015623662397248772
0.013778376500973799
0.012148120684609687
0.010707780678314016
0.009435201887435518
0.008310827843255986
0.007317388997500451
0.006439630120539164
0.00566406454523527
0.004978824459779929
0.004373357610787387
0.003838346466563003
0.0033655269362196094
0.0029475747351215276
0.0025780002442132854
0.0022510756866704895
0.0019617704689771642
0.0017056885245692044
0.0014790125820978162
0.0012784393386162662
0.0011010957103403385
0.0009444784145040686
0.0008063661780806086
0.0006847723070491085
0.0005778855647537995
0.00048403241402894537
0.00040169341048823526
0.0003294411665271113
0.00026599429727713897
0.0002101996371184356
0.00016101534420176478
0.00011755198472229722
7.903906351369727e-5
4.48361712583889e-5
1.4366522878894727e-5
0.17158631591553064
0.19392817939025697
0.2191461538785875
0.24762028709450412
0.2797811376187571
0.3161161934321237
0.3571774683885458
0.4035898993013154
0.45606110894753016
0.5153923720049693
0.5824911104209285
0.6583849225805869
0.7442374361755322
0.8413663192206533
0.9512635369632552
1.075618080399828
1.2163420487283503
1.3755997019045632
1.555840837047107
1.759838906206935
1.9907348752031142
2.252087528760407
2.5479304080243295
2.8828340914797552
3.2619735523537785
3.691205302332251
4.177160260684682
4.727235486574036
0.17117220187481852
0.15139767097010903
0.13381520800825086
0.11812968790892242
0.104126204805147
0.09164427880948622
0.08057017769120378
0.07081031567715179
0.06225980087507743
0.05479063117388705
0.04826375567654306
0.04254754644221581
0.03752826172680379
0.03311140592646389
0.02921874206595021
0.025784670932788245
0.022753305571808546
0.020076432597297078
0.017712068095852018
0.015623445222967547
0.01377825818817513
0.0121480553656097
0.01070774552149878
0.009435181989767116
0.008310814841488323
0.007317377475223985
0.006439598462439022
0.005664054156410359
0.004978800637856828
0.004373282175185622
0.0038381509730607277
0.003365116989620276
0.002946831630101343
0.0025768078301693365
0.0022493554354081624
0.001959490377087647
0.001702891660742445
0.00147581983268541
0.0012750229448821315
0.0010976708678906988
0.0009412528151626631
0.0008035276132529745
0.0006824504883544691
0.0005761370768313512
0.0004828747303440295
0.00040105400129508695
0.00032922743319918624
0.0002660929953455238
0.0002104728999370309
0.00016135404111849994
0.00011785907129535644
7.925351909854328e-5
4.493426259521982e-5
1.4386107124231273e-5
0.1934797871180951
0.21866733584461606
0.24711566531650675
0.27925605845402224
0.3155766687182995
0.3566300007986971
0.4030413722687456
0.4555184847946139
0.5148624657388012
0.5819802503343547
0.6578987091398618
0.7437804879151173
0.8409421274417817
0.9508744583866742
1.0752654275664368
1.2160263506509437
1.3753209437899092
1.5555986136537285
1.7596322204808748
1.9905613484968265
2.2519422843896573
2.547805753538558
2.8827220049229996
3.2618706423969104
3.691115664510918
4.177092089379566
4.727194978285259
0.19311352243776092
0.17082918185364537
0.15104000320952515
0.1334163077442021
0.11770363413400275
0.10370019548427756
0.09125506510265513
0.08025137123459736
0.07057778370544554
0.062107594678344036
0.054699486669502306
0.048212597451859907
0.042519993154171765
0.03751375431688153
0.033103836487107685
0.029214798554024313
0.02578260118436404
0.022752214918842384
0.020075850444208676
0.01771175432841776
0.015623272961125423
0.013778163924879294
0.012148002867755636
0.010707716158069758
0.009435163587292017
0.008310799427988513
0.007317336552024045
0.006439586533838693
0.005664027843772956
0.0049787116823285515
0.004373058334356195
0.003837682562681799
0.0033642666590134596
0.002945466935342367
0.002574838936782342
0.002246738171664653
0.0019562740763303665
0.0016992115423679621
0.0014718708703966854
0.0012710517003151622
0.0010939149664581649
0.0009379324206992834
0.0008007960348548337
0.0006803796107739402
0.0005747537012066317
0.00048210356360822715
0.0004007936731307282
0.0003293530416845769
0.00026644738460746
0.00021092829927038537
0.0001617952165142711
0.00011820640622506318
7.947021920173825e-5
4.5022092451496576e-5
1.4401008849418417e-5
0.21826956984116386
0.24668833578307048
0.27880166150369057
0.315098330312078
0.35613145632236165
0.40252701091508936
0.45499328660496996
0.5143319172097014
0.581450208599426
0.6573752042321575
0.7432695068311235
0.8404493307623566
0.95040491090628
1.0748236112401264
1.2156159157195185
1.3749449713889508
1.555259612708328
1.7593321789797343
1.9903011643207207
2.2517205200777632
2.547616942121439
2.882556420970782
3.2617182875117683
3.690973600575222
4.176967914531905
4.727101447480499
0.21794556408102572
0.19281001193593017
0.17051164617630654
0.15068274225110123
0.1330279631407585
0.11730356194070701
0.10331822952686398
0.09092400999924877
0.07999411419157809
0.07039848756063893
0.061994075357254985
0.054632826246680644
0.04817545517940047
0.04249995472151902
0.0375031228210112
0.033098229894195974
0.029211838445475813
0.025781030049460973
0.022751372971340444
0.020075396571083814
0.017711505112695036
0.015623135849351044
0.013778085939358142
0.012147960410977099
0.01070768963288593
0.009435141616037868
0.008310750395644106
0.007317321329333382
0.006439556803412572
0.005663928752353442
0.004978457384859247
0.004372524191542659
0.0038367122619309413
0.003362709239810968
0.0029432140553380393
0.0025718403233616627
0.0022430470353018706
0.0019520413216866928
0.0016946592463149557
0.0014672803313846572
0.0012666952145288235
0.001090049322741038
0.0009347370913044273
0.0007983599432135335
0.0006787414652906776
0.0005738331412512565
0.0004817908188057274
0.0004009499745416534
0.0003297985484822519
0.0002670360216177059
0.00021152102973243103
0.00016229318450555752
0.0001185574587889704
7.96628598207505e-5
4.508853865825557e-5
1.4409051640740245e-5
0.24633560474389604
0.2784208419754286
0.3146904253268179
0.35569791277654694
0.4020697466980989
0.4545148180752374
0.5138353440304684
0.5809393093921473
0.6568543738538395
0.7427437452114116
0.839924096193104
0.9498859541352482
1.0743168052140954
1.2151270674765353
1.3744797745465016
1.5548236128970112
1.758930749890919
1.9899392043158013
2.251401404688519
2.5473404525403307
2.8823161931250527
3.261501836778742
3.6907687801396776
4.176773634136937
4.726931957505442
0.2460488833618797
0.21767696820139815
0.19252827701551478
0.17019247114078695
0.15033089616296014
0.13265654528741155
0.11693550140536857
0.10298282889231736
0.09064742585220387
0.07978896093920262
0.07026078976988881
0.061909098557219266
0.05458359555489167
0.04814811633576799
0.04248515151471022
0.03749520311914445
0.033094011767348164
0.029209581620095015
0.025779819124933212
0.022750716706677387
0.020075037563391795
0.017711305959715595
0.015623024626292725
0.013778022267098677
0.01214792139624521
0.010707657293858475
0.009435077430770988
0.00831072704784308
0.007317287533702199
0.006439441739068741
0.005663634848077415
0.004977848097947657
0.004371417404223976
0.003834935576446874
0.0033601342580755755
0.002939783768446169
0.002567610629707673
0.002238189317897543
0.001946806914465249
0.0016893672370565938
0.0014622450039567525
0.0012622123263943408
0.0010863291314979762
0.0009318875815242933
0.0007964331291043791
0.0006776519306228579
0.0005734617741293135
0.0004819817050965014
0.0004014981645887872
0.0003305380152331949
0.0002678001447007361
0.00021218947505374786
0.00016279599059920713
0.00011886914175285312
7.980799903783975e-5
4.5124319346001585e-5
1.4409051637187531e-5
0.27810804802504396
0.3143513196241834
0.35533247074648866
0.4016781633035391
0.4540976422383567
0.5133935144715744
0.5804742920617585
0.6563682440321648
0.7422392936407043
0.839404888054478
0.9493563338468114
1.0737818074711987
1.2145925297370925
1.3739520635828626
1.554309836708193
1.7584386066774584
1.9894769408479975
2.2509770918816656
2.5469602287147617
2.8819808814210983
3.261203232866698
3.6904903497569235
4.176501138783318
4.726669637354069
0.2778541895113875
0.24581111488675766
0.21742709344131939
0.19224366799024128
0.1698752215550181
0.14998933010178472
0.132307393218154
0.11660317075171545
0.10269347765430759
0.0904194898964592
0.0796265716091682
0.0701550802876536
0.06184511020175165
0.05454685001425563
0.048127725683824174
0.04247405454166575
0.037489216332362574
0.03309078762643747
0.029207839508933908
0.025778871719748686
0.022750197441665954
0.02007474879443638
0.01771114392419637
0.015622930960876857
0.013777968291935672
0.012147877420403574
0.010707573643323975
0.009435050473905804
0.008310685009780272
0.00731715169294489
0.0064391091839288706
0.005662941744722261
0.00497658720586891
0.004369391245382381
0.0038319954558767577
0.0033562141192193806
0.002934946580334774
0.002562046743849855
0.002232182156377327
0.00194072121571498
0.001683564164507878
0.0014570626768364292
0.0012578982860480536
0.0010830117465356892
0.0009296346872496031
0.0007951520844899918
0.0006772130056029724
0.0005736915167942058
0.0004826460599645088
0.00040240714399431
0.00033149646433194846
0.0002686611524458371
0.00021286412099463803
0.0001632423036364017
0.00011910351599464519
7.988592168395314e-5
4.5124319357547904e-5
1.4401008852971131e-5
0.3140738354897765
0.35503055908816616
0.40135106796371467
0.4537446868259103
0.5130141952086857
0.5800683280204986
0.6559357489383055
0.741780854176489
0.8389217484677314
0.948850509097209
1.0732561981533086
1.214051066637159
1.3733997530027922
1.553753035277607
1.7578851264095592
1.9889362188142616
2.250459998109293
2.5464779663801984
2.881542086274461
3.2608087260035057
3.6901278864832
4.176147902937063
4.726310745874
0.31384889537603833
0.2776436000389255
0.24558952691277192
0.217173662949536
0.191958689771643
0.1695635099649273
0.14966244930681505
0.13198448506859073
0.11630804729042588
0.10244743794764677
0.09023349394203795
0.07949852930518286
0.07007374625389584
0.061796574271942184
0.05451912488551525
0.04811232137331434
0.04246562146982491
0.03748463262618351
0.03308829080480624
0.029206477436964917
0.025778123343640047
0.022749780998687186
0.02007451269617455
0.017711008455325583
0.015622848841196024
0.013777906169647913
0.012147774226340502
0.010707546457744854
0.009434999454891013
0.0083105318244181
0.007316777217686088
0.006438318883609462
0.005661506804591099
0.004974276546568568
0.004366039497020857
0.0038275247015562286
0.0033506902338391598
0.002928581992136081
0.002555165398344883
0.002225199641322284
0.0019340483795335928
0.0016775913141193755
0.001452076243267264
0.0012540509502159125
0.0010803894194522101
0.0009281364292217376
0.0007946373828193742
0.0006774871714387842
0.0005744879395859215
0.000483747223628761
0.000403585942014395
0.0003325753636529427
0.00026953020054953925
0.00021346240522479576
0.00016357731134331033
0.00011922897963234647
7.98859216653014e-5
4.508853864759743e-5
1.4386107121566738e-5
0.35478421277892114
0.4010821347780107
0.4534519009948381
0.5126962788513643
0.579723986118676
0.6555638246822486
0.7413803702106829
0.8384920998901846
0.948391579842645
1.0727685651849832
1.2135361270753982
1.3728600882194004
1.553192568346775
1.757309711597645
1.9883539467674822
2.2498816609512704
2.5459167804483287
2.8810119867927635
3.260319782213416
3.6896783238905972
4.17571701965583
4.725866376231499
0.3545846743707326
0.3136622338143278
0.27744706147622633
0.24536406905271946
0.21691841130326406
0.19167596044114976
0.16926080109041397
0.14935394492843468
0.13169031182362545
0.11604970117723568
0.10224060161335924
0.09008273111048837
0.0793976788728683
0.07001090947190125
0.0617594551260634
0.054497980369088594
0.04810053982760021
0.042459132008622724
0.03748107334425921
0.03308633521494464
0.02920539752311857
0.025777523150821047
0.022749442382746565
0.02007431715755459
0.017710888068643627
0.015622761345763791
0.013777777492651744
0.012147733483009127
0.010707477216684858
0.009434819110894388
0.008310101625628619
0.007315874827440005
0.006436682551768769
0.005658874323704488
0.004970459758370183
0.004360943946937645
0.0038212187701480715
0.003343419786472346
0.002920711004000154
0.0025471660515901107
0.002217541337376616
0.0019271812312613434
0.0016718430803912554
0.0014476296969210267
0.0012510101392679829
0.001078646331163391
0.0009275359529947735
0.0007949623248633131
0.0006784333762821504
0.0005758077107191895
0.00048517505774903213
0.00040491208231685505
0.0003336640869537888
0.00027030071710321124
0.00021391131152714848
0.000163756652139746
0.00011922897965988
7.98079990564915e-5
4.5022092463042895e-5
1.4366522881559263e-5
0.4008631572266097
0.45321204289364303
0.5124339490500107
0.5794374529132034
0.655251287087788
0.7410400027224071
0.8381221577889315
0.9479904887731401
1.0723351365442508
1.2130696786989468
1.3723607219550216
1.5526614665734768
1.7567498121188518
1.9877704531135074
2.2492829244802603
2.545314852538497
2.880422229543136
3.2597581180930053
3.689153934557358
4.17522018122188
4.725359899473696
0.4006858814188732
0.3544190393579596
0.3134878197067765
0.2772465807444293
0.24513592824922004
0.21666320350241808
0.1913981092037389
0.16897023329423
0.14906661596808224
0.1314259320572413
0.115826263303064
0.10206822023190565
0.0899610111839948
0.0793181673296468
0.06996210499869004
0.06173082533782637
0.0544816847816012
0.04809142459834348
0.042454082995490694
0.037478274038950765
0.033084783328605205
0.029204531212207563
0.02577703352704841
0.0227491586177333
0.020074147051024838
0.01771076337916533
0.015622602802811691
0.013777717102627207
0.012147648346007678
0.01070727258377957
0.009434330012532577
0.008309075309106184
0.007314013136221931
0.006433688777960356
0.0056545309573596825
0.004964654678150993
0.00435375358374035
0.003812923668273349
0.0033344266606292194
0.002911561226849102
0.002538392376179033
0.002209660939725744
0.00192057111655064
0.0016667199048834291
0.0014441161132374702
0.0012489898552612289
0.0010779482855003408
0.0009279178261607512
0.0007960770848578491
0.0006800001189928295
0.0005775169880477549
0.0004867809766997411
0.0004062495913759179
0.00033462974422793224
0.0002708786741658642
0.00021415186289086563
0.00016375665210421886
0.00011910351596888802
7.966285980209875e-5
4.49342626289706e-5
1.4344980995062429e-5
0.4530170420625792
0.5122196094466771
0.579201956562641
0.654992626534245
0.7407560262756299
0.837810590657611
0.9476490072946637
1.0719615213043552
1.2126618942740421
1.3719170630551387
1.5521809650162504
1.7562326717804324
1.9872187994341886
2.2487017349493574
2.5447131131257854
2.879813594031809
3.2591600708415123
3.688583012777687
4.174680045906459
4.72482218277691
0.4528592219097982
0.40053867441291047
0.3542641192064204
0.31330954566252966
0.2770429541113639
0.2449064060820474
0.21640997290392594
0.19112765769617734
0.1686944746990413
0.1488022973638179
0.1311911573047091
0.11563491138057191
0.10192544671696169
0.08986291088084641
0.07925531527607621
0.06992396216153196
0.06170855161569033
0.054468995380489105
0.048084295731287696
0.04245010351065215
0.037476052724114695
0.033083535976929035
0.029203825439600983
0.025776623485858075
0.02274891038587956
0.02007396992726118
0.017710561800359237
0.015622516963260225
0.013777617031585976
0.012147418716859093
0.010706711529743451
0.009433161780214583
0.008306960125374907
0.00731060703728037
0.0064287490140335635
0.005647922513824177
0.004956465855819658
0.004344296806015002
0.003802662598999973
0.0033239756724725567
0.0029015244781627203
0.002529365478070922
0.0022020768128250268
0.0019146814043953242
0.0016626697846424676
0.0014417811392553048
0.0012481819944234473
0.0010783940557281824
0.0009292247859002956
0.0007979226936409844
0.0006820282674517841
0.0005794392952918059
0.0004884007494823095
0.0004074357096293113
0.00033535356517333526
0.00027118829597050365
0.00021415186293438637
0.00016357731137794929
0.00011886914178038666
7.94702192985497e-5
4.483592432347194e-5
1.4323899680590557e-5
0.5120455379191142
0.5790099077885893
0.6547806454823695
0.7405219546043673
0.8375520413331259
0.9473634142787608
1.0716462127205388
1.212314167974101
1.371534261373534
1.551760707162364
1.7557732639604464
1.9867199145334196
2.2481652973947357
2.544144666774516
2.8792236398930413
3.25856462925321
3.688001611567759
4.1741270053648325
4.72428566738806
0.51190467562596
0.45272812179212885
0.40040087295992954
0.35410550145267194
0.3131279303858907
0.2768370740915236
0.24467689125310255
0.2161606603999644
0.1908669129981
0.16843561490501102
0.14856188749625066
0.13098481653718075
0.11547230980728074
0.1018076821136269
0.0897838498280974
0.07920544870339441
0.06989395153300837
0.06169106979097716
0.05445901340028669
0.04807866252632298
0.042446927491568864
0.03747426429826106
0.03308252043347171
0.029203236495764173
0.02577626469808969
0.02274866282563881
0.020073706022943227
0.017710452431646928
0.015622397354674078
0.013777349400186267
0.012146767646751933
0.010705380038334766
0.00943075672263749
0.008303087068306958
0.007304990716553661
0.0064212299650590055
0.005638602863173858
0.004945695789341897
0.004332601893484167
0.003790736921723159
0.0033125115220302703
0.002891200802917382
0.0025206790253049505
0.002195318602251639
0.0019100240213090203
0.001659979774682796
0.001440850043497477
0.0012487011992465824
0.00107991934277063
0.0009313854728576487
0.0008003115405674777
0.0006843086358987449
0.0005813780726322548
0.0004898359704021971
0.0004083246904773574
0.00033574143424353053
0.0002711882959154366
0.00021391131148007503
0.0001632423036026509
0.00011855745875788415
7.925327167157548e-5
4.473908793301007e-5
1.4305497734845574e-5
0.5788540424727788
0.6546079984577045
0.7403305289572417
0.837339569117832
0.947127388480351
1.0713839163378398
1.2120227220250466
1.3712106405335431
1.5514018419491067
1.755376433372239
1.986283191104873
2.2476884247933726
2.543630325921938
2.878679119286782
3.258003233951227
3.6874427446240405
4.173591332937507
4.7237783226768535
0.5787279125415132
0.5117876161433497
0.45260530753945805
0.40025958606007705
0.3539435225102219
0.31294357123408734
0.27662991496330225
0.24444882338937113
0.21591714113669447
0.19061788294856097
0.16819511393902076
0.1483454428410491
0.1308050375279466
0.11533495849096465
0.101710771882491
0.0897200471629791
0.07916570243624754
0.06987017577253685
0.061677229504480735
0.05445108741355309
0.048074160925462905
0.04244436945972563
0.037472801354123675
0.0330816738907016
0.029202723065272274
0.025775914175457437
0.02274832720944442
0.020073562491165653
0.017710296155852845
0.015622076875743574
0.013776605159755206
0.012145253773694797
0.010702645661399224
0.009426354326669717
0.008296701881494783
0.007296441664252917
0.006410628898422033
0.00562634388165506
0.004932375726810712
0.004319008255381007
0.003777657881420815
0.0033007200220520616
0.0028812678838567862
0.0025129385055580045
0.002189976139051808
0.0019069333069392513
0.0016589085793272673
0.0014414529493631534
0.001250471334014236
0.0010824373945945709
0.0009341825061159881
0.0008029973823280301
0.0006866077455143227
0.0005830958111969764
0.0004909122546008504
0.0004088015251175747
0.000335741434305703
0.00027087867421293765
0.0002134624052727574
0.00016279599063118155
0.00011820640557935747
7.903881749893316e-5
4.465421741617348e-5
1.4292629415990632e-5
0.6544679336999497
0.7401747633536155
0.8371660690555665
0.9469338621620809
1.0711678278824657
1.2117812816682614
1.3709408375543704
1.5511004979196028
1.7550403562937542
1.9859096581626892
2.2472758588986452
2.5431794326356845
2.878194570976301
3.257495570109353
3.6869296719095757
4.173096209920284
4.723319431284962
0.6543545722201891
0.5786230543072035
0.5116778801870927
0.45247923973966575
0.40011501405772876
0.3537785643374294
0.3127571332073984
0.27642251302078424
0.24422365325474438
0.21568115548730127
0.1903821995206032
0.16797380533049466
0.14815232098515363
0.13064951351263687
0.11521942807554542
0.10163109125425596
0.08966843233999189
0.0791338545747351
0.06985119901245973
0.061666173411921044
0.05444473305288611
0.048070517634246634
0.0424422785273606
0.03747158453876853
0.03308093762838116
0.029202226883294102
0.025775484018268457
0.022748118814177154
0.020073365674320165
0.01770991876060357
0.015621227620982836
0.01377487752721418
0.01214214309105266
0.010697644073820456
0.009419098475557774
0.008286987653490563
0.007284391459893236
0.0063966870733560555
0.005611186988270234
0.004916892761306357
0.004304099456697408
0.0037642052576458696
0.003289374567071235
0.0028724144726561818
0.0025068210697725135
0.0021864313225341547
0.0019057023532864648
0.0016596052373003545
0.001443499248328095
0.0012533944119885732
0.0010856958431437747
0.0009373268701384774
0.0008057053796060032
0.0006886455981938155
0.0005843834852266028
0.0004914894520098301
0.00040880152504296774
0.00033535356510316916
0.00027030071705347325
0.00021286412095111729
0.00016229318399041404
0.00011785907205741353
7.884975461447397e-5
4.459133920153846e-5
1.42866669419206e-5
0.7400484148209756
0.8370249757497659
0.9467760044292843
1.0709909518435814
1.211582844871669
1.370718061655999
1.5508503640055586
1.754759619756852
1.9855953566717224
2.24692575127499
2.5427930350337764
2.87777468669829
3.2570504019514805
3.6864747234786863
4.172655066188366
4.722918606674409
0.7399461341074582
0.6542602955385393
0.5785246920216549
0.5115651240917645
0.4523500294299936
0.39996740276994824
0.35361106935710307
0.31256934274288195
0.2762159473770165
0.24400279994310914
0.21545426080566088
0.1901610825852309
0.16777194231621273
0.14798134597496304
0.1305157389816305
0.11512252210039708
0.10156555318082283
0.08962653806083942
0.07910819296490423
0.06983593891088447
0.061657262494750675
0.05443957999039739
0.048067535384735294
0.04244053429176198
0.037470533872413725
0.03308024281798616
0.029201666701633044
0.02577519944229323
0.022747878298734037
0.020072917235847143
0.01770893889233438
0.01561925758796523
0.013771337887468427
0.012136464092821875
0.010689404201047026
0.009408067285173516
0.008273296429427646
0.007268543876414846
0.006379448028815737
0.005593565183573013
0.004899915980404401
0.004288766910267583
0.0037512595529065607
0.0032792617686814296
0.002865418271253972
0.0025027617245694245
0.0021850195917449966
0.0019065047199005036
0.001661966586836705
0.0014468807257141947
0.0012571758614674522
0.0010893595677332613
0.0009404977085401001
0.0008081047103543071
0.0006901727763235499
0.0005850745577111738
0.0004914894520977597
0.0004083246905430826
0.000334629744296322
0.00026953020060638266
0.00021218947466650206
0.0001617949722350076
0.00011755197935414685
7.87058652385042e-5
4.45569362144127e-5
1.4288611398072248e-5
0.8369105418279021
0.9466476847926861
1.0708468023306499
1.2114206383105337
1.3705353213060474
1.5506443640467884
1.7545273770686625
1.9853339040927067
2.246632675938433
2.5424672069647523
2.8774177011677096
3.256668611723197
3.6860814549466765
4.172272652315099
4.722577502225037
0.8368178881468396
0.7398610390424611
0.654171814754057
0.5784235325984177
0.5114493989273781
0.45221781462376587
0.399817029158541
0.35344153026714675
0.31238097577808954
0.2760113155801234
0.2437876046256786
0.21523777460288773
0.18995533098559125
0.16758927087958053
0.14783097059883854
0.1304011692579996
0.11504136011480348
0.1015115712608674
0.08959239419127218
0.07908738655644587
0.06982356760203778
0.06165001567881667
0.054435345678172986
0.04806504942341938
0.04243903522411241
0.03746955948478181
0.033079504501239754
0.02920127904518388
0.025774872464567444
0.02274732819952785
0.02007177923090442
0.017706688820666727
0.015615230021568394
0.013764888760846361
0.012127106461600867
0.010676874567955075
0.009392514018752962
0.008255288713546527
0.007248948900885566
0.006359410593352877
0.005574248255940439
0.0048824541884480155
0.004274013017345091
0.003739725091917556
0.0032712727774582007
0.0028607778638454207
0.002501147152582206
0.002185942147428399
0.0019092235211983777
0.0016658660642381307
0.0014512544928413362
0.001261427994213804
0.0010930531084110129
0.0009433066686366232
0.0008099032071982037
0.0006909921161968313
0.0005850745576090333
0.0004909122545004863
0.00040743570956180974
0.0003336640869031626
0.00026866115169532634
0.00021152078461383894
0.0001613537893012662
0.00011731636683975921
7.862219881360488e-5
4.455409888137751e-5
1.4298242640542469e-5
0.9465436153236304
1.0707296642640558
1.21128853100524
1.3703860989668786
1.5504756538471498
1.754336542690921
1.985118155383796
2.24638970072791
2.54219559069276
2.8771182954997028
3.25634635113285
3.685747688481997
4.171947686654956
4.722292570667591
0.9464593392380065
0.836740773864789
0.7397811383474737
0.6540807443706198
0.5783195885495909
0.5113307718363691
0.4520827665918894
0.39966421389808904
0.3532704844848169
0.31219284307703443
0.2758097027751871
0.2435792994849182
0.21503274190452792
0.1897653353907689
0.1674251212106963
0.14769943391588747
0.13030334910959418
0.11497340868930195
0.10146700178724721
0.08956443702069983
0.07907039831285001
0.0698134494099083
0.061644049296760706
0.0544318145665601
0.0480629148672751
0.04243766727296361
0.037468579969669236
0.03307896811823152
0.029200831876213584
0.02577421911538824
0.022746017783339845
0.020069211651819074
0.017702110822310324
0.015607899047122231
0.01375426179060213
0.012112879320496539
0.010659219200663372
0.00937206581732486
0.008233028245602014
0.0072261753848721355
0.006337441564035373
0.0055543777323414645
0.004865655463857088
0.004260868828465547
0.0037306110414965232
0.0032659733133204583
0.0028589347513161556
0.0025022057169206136
0.002189064669376073
0.0019137097907275802
0.0016709093362434757
0.0014561711305765002
0.0012657128918451832
0.0010963256947720268
0.0009454118595915162
0.0008108676869422737
0.0006909921163105182
0.0005843834853109797
0.0004898359704945676
0.0004062495914727293
0.0003325753630152306
0.0002678001444404998
0.00021092804847011593
0.00016101509614685483
0.00011717668296284955
7.860447157526096e-5
4.4584061997809954e-5
1.431453902078772e-5
1.0706346633828359
1.2111812112000195
1.3702646409738297
1.550338017850867
1.754180453166068
1.98494116882588
2.2461896325082003
2.54197102957322
2.8768696125687954
3.256077436614606
3.6854681201338835
4.1716754491354076
4.72205758838645
1.0705577249096834
0.9463891813565786
0.8366683352199802
0.7396988508301634
0.6539870740055695
0.5782128846745813
0.5112093312121866
0.4519450797225657
0.39950931756453745
0.3530985117437506
0.31200578038301074
0.27561215606125167
0.24337896913036605
0.2148399264007681
0.189591116970945
0.16727850894715868
0.14758487273062215
0.13021999461760547
0.1149164826193978
0.10143008700208878
0.08954142060860004
0.0790564213604723
0.069805093520249
0.06163905934481928
0.05442879591581029
0.048060995533774076
0.042436356617067794
0.03746784359258104
0.03307839122180933
0.029200057464114693
0.02577269891401901
0.022743082769496326
0.020063997097929942
0.0176937798871748
0.015595835968109206
0.013738115339958057
0.012092846197721663
0.010636006996427305
0.00934678498781949
0.008207159331641734
0.007201208414757687
0.00631484714978825
0.005535264622550606
0.004850687444177382
0.004250481444302956
0.0037245680107274026
0.0032638703284488813
0.0028601472469063083
0.002505784013147938
0.0021942148540166073
0.0019195113665411156
0.0016765783365171316
0.0014611270468920523
0.0012695099701316437
0.001098778812004042
0.000946540781713523
0.0008108676868134879
0.0006901727761903231
0.0005830958111046058
0.0004884007494361242
0.0004049120815334817
0.0003314964639598017
0.000267036017416622
0.00021047265079232602
0.0001608127756984601
0.00011714264761675253
7.865649230165417e-5
4.4642312618137225e-5
1.4336670798975604e-5
1.2110941815184084
1.37016600204643
1.5502260417723104
1.754053217006156
1.9847965836003447
2.246025693938655
2.541786473441972
2.8766645044222985
3.2558548912673473
3.6852361481713922
4.171449689599732
4.721865448509464
1.2110236903859541
1.0704936615364944
0.9463232551717411
0.8365936915749099
0.7396141392144191
0.6538907961044513
0.5781034543847676
0.5110851894680328
0.4518049806302553
0.39935273213860256
0.3529262203564194
0.3118206221095772
0.27541966137705653
0.24318751790186166
0.2146598042130785
0.18943237059277784
0.1671482375314879
0.14748541941219084
0.13014902856417976
0.1148687119661238
0.1013993884434079
0.08952234690544625
0.07904481638058236
0.06979809688189587
0.06163480276795852
0.05442610499678935
0.04805922247923444
0.042435344966513355
0.03746707741807409
0.033077411258195966
0.02919826920232005
0.025769315467209175
0.022737131207767547
0.020054533140435815
0.017680085517328692
0.015577518351330255
0.013715381098124091
0.012066497014332711
0.010607306587758991
0.00931741133791153
0.008178798137159049
0.007175528472648018
0.0062931133765067315
0.005518231909763749
0.004838863783976244
0.004243597561232271
0.0037221694940843264
0.003265260406133841
0.002864242152592844
0.0025116850611031083
0.002200874436382172
0.0019260316757261364
0.0016822928081614563
0.001465517329994448
0.0012723555399452025
0.0011000932671008101
0.0009465407818662896
0.0008099032073083379
0.0006886455983137196
0.0005813780727947915
0.0004867809760646935
0.00040358594178613316
0.0003305380111431333
0.0002664473787579169
0.00021019939257094222
0.00016075980504215437
0.00011721978750944828
7.877055640292951e-5
4.4725125204259086e-5
1.4363014148699449e-5
1.3700860219925382
1.5501351287889853
1.7539497484486044
1.9846787956359235
2.2458918718997585
2.541635439140037
2.8764962136774392
3.255671820350791
3.6850449814979793
4.1712638176237595
4.7217092178654685
1.3700212459976622
1.2109649923316295
1.070433448240479
0.9462552951383314
0.836516800060747
0.7395269804231219
0.6537919124781668
0.5779913455470611
0.5109584744996454
0.45166272592242684
0.39919488405887193
0.3527542444801792
0.31163818672524
0.27523311462678013
0.24300566189599504
0.21449257938321953
0.1892885252985126
0.16703297275102003
0.1473992747427113
0.13008860321547822
0.1148285188933249
0.1013737278022635
0.08950641286730665
0.07903507198811077
0.06979212382631861
0.06163104689191368
0.054423693154671327
0.048057825010834776
0.04243430025833206
0.03746584884601489
0.03307531348684023
0.029194370204478126
0.025762542391569276
0.02272637709130887
0.020038988319424078
0.01765929795154708
0.01555172030570695
0.013685489603376233
0.012033932746281728
0.010573966313288885
0.009285206997176942
0.008149627901266498
0.007150827625867606
0.006273747300531873
0.005504784261699314
0.004831025201397665
0.004240867386912761
0.003723761101169565
0.003269939334817451
0.0028709932048549547
0.0025193170966204548
0.00220835882399939
0.0019326039403653184
0.0016873552295297856
0.0014688069597301734
0.00127388165190645
0.0011000932669347208
0.0009454118594192096
0.0008081047102121985
0.0006866077454930064
0.0005794392944524773
0.0004851750573724445
0.000402407139763028
0.00032979854251902196
0.0002660929967071013
0.00021012462404268462
0.0001608652087012885
0.00011739683804901091
7.893726901908593e-5
4.482727622878713e-5
1.4392593456591385e-5
1.5500614241906896
1.753865756047305
1.9845830492834757
2.2457829368978692
2.5415122147249485
2.876358664671266
3.255521882786282
3.684888235762992
4.171111568120746
4.721582640602931
1.5500017348599155
1.3699673027417583
1.2109098152347184
1.0703713566654338
0.9461852546334475
0.8364376183183566
0.7394373523749724
0.6536904323327883
0.5778766260839676
0.5108293426528796
0.45151859744928036
0.39903622717256226
0.352583226783703
0.3114592667069971
0.2750532983339964
0.2428339183421837
0.2143382045338278
0.189158814970944
0.1669313205323144
0.14732474885774227
0.13003709040816336
0.1147945785561264
0.10135213857032888
0.08949296889552283
0.07902675732978448
0.06978689092665125
0.06162776164818151
0.054421762660259
0.04805642766496376
0.04243277264186407
0.03746336206370682
0.03307082917780235
0.029186640142883746
0.02575030725361316
0.022708730863362447
0.020015396638002336
0.017630040269663638
0.015517821285288669
0.013648550472197485
0.011996102980345036
0.010537415957852403
0.009252092454371308
0.008121574405140386
0.0071288282699439876
0.006258457174677545
0.005495865825288604
0.004827922053852518
0.004242683476397779
0.0037291005608146577
0.00327765367334365
0.0028797259668911224
0.0025278912774338025
0.002215902663881053
0.0019384270302706952
0.0016911481383852234
0.0014705715287748333
0.0012738816521089547
0.0010987788121505915
0.00094330666875031
0.0008057053798804503
0.0006843086352423811
0.0005775169878727837
0.00048374721955202205
0.0004014981587596722
0.00032935304315628855
0.0002659942973135543
0.00021026142314983787
0.00016111342532187933
0.0001176583222504135
7.914557714538972e-5
4.494137861144054e-5
1.4422638495936724e-5
1.7537976695127475
1.9845053411628424
2.2456944165191195
2.5414119446457955
2.8762465506115684
3.255399493303927
3.684760182899333
4.170987318991172
4.721480314901845
1.753742528979814
1.5499520291114641
1.369916594915236
1.2108529058059392
1.0703073398510305
0.9461130842642183
0.8363561152302799
0.7393452371289566
0.6535863724004063
0.5777593701404555
0.5106979705086321
0.4513729022968853
0.3988772377071941
0.3524138035070754
0.31128459956391197
0.2748808683571218
0.24267260266484847
0.21419640825825947
0.1890423177443621
0.1668418825632152
0.147260286402914
0.12999307260826587
0.11476577061093973
0.10133381662176255
0.08948147689575414
0.07901949288318377
0.06978239535684949
0.06162507275419937
0.0544198557996598
0.04805446452869777
0.042429794464717396
0.03745816735475227
0.03306198546319106
0.029172725334551508
0.025730272035602297
0.022681971035816595
0.019982220955279573
0.017591605062812654
0.015475930965501483
0.013605639005759507
0.011954640557740426
0.010499837260319111
0.009220248224985461
0.008096588365553714
0.007111451713599948
0.006248322167733633
0.005492339647913624
0.004829993185390791
0.0042487736238143725
0.003737905564859645
0.0032876284232914443
0.002889533470791683
0.0025365344118650768
0.0022225853937003492
0.0019427884562110975
0.001693181417624423
0.0014705715285581178
0.0012723555397222697
0.0010963256945215605
0.0009404977086138189
0.0008029973813972191
0.0006820282670974009
0.0005758077064514922
0.00048264605397108085
0.00040094997586415104
0.0003292274331139211
0.00026616733201478837
0.00021059043571014513
0.0001614818939730256
0.00011798621100655993
7.937845894634421e-5
4.50585857540986e-5
1.4450869900706209e-5
1.9844423461565843
2.2456225929911127
2.54133051667187
2.876155343165533
3.255299851989869
3.684655851858403
4.170886199019077
4.721397694302618
1.9843913337337407
1.7536966102464273
1.5499052986265602
1.369864292506672
1.2107942155514033
1.0702413490180716
0.9460387344298038
0.8362722577290826
0.7392506226325866
0.6534797651450397
0.5776396765846794
0.5105645530279919
0.4512259725792003
0.39871840492371735
0.35224660587972334
0.31111485238586756
0.27471634421413693
0.24252183804544813
0.21406674586864938
0.18893801842809044
0.166763297409247
0.14720447362484457
0.12995532647167707
0.114741151084921
0.10131809152923044
0.08947146637544101
0.07901331925664223
0.06977868111105145
0.06162245847785286
0.05441733144646044
0.04805088218324549
0.042423759950251494
0.037448055850286543
0.03304614611132095
0.02914997016817722
0.025699925727357353
0.022644349782172668
0.019938646694741102
0.017544102996229327
0.01542726776830694
0.01355861841350059
0.011912003468671273
0.010463700324606862
0.009191878013550259
0.008076861411466574
0.0070999404915941255
0.006244318973322116
0.005494701269242341
0.004836932488962553
0.004258812352937014
0.00374928797285623
0.0032988353697689377
0.002899420014316867
0.002544191332432
0.002227590764599441
0.0019451288414167323
0.0016931814178819948
0.0014688069599264608
0.0012695099701760526
0.0010930531089181628
0.0009373268694368164
0.0008003115404919825
0.0006800001149196433
0.0005744879337665765
0.00048198170656377215
0.0004007936731760253
0.00032944116659106015
0.0002665873780109962
0.00021108031190930632
0.00016194582852868677
0.0001183534277382492
7.961913737730697e-5
4.517042387686132e-5
1.4476601306157022e-5
2.2455643794967406
2.541264463688708
2.8760812835098446
3.255218875411133
3.684571024413178
4.1708040643143836
4.7213310332361385
2.24551723212085
1.9843488524509514
1.7536534386921963
1.5498570944586856
1.3698103457451998
1.2107336987639026
1.070173332355293
0.9459621690662452
0.8361860143233262
0.7391535029131617
0.653370644087989
0.5775176609525046
0.5104293050971878
0.451078162120373
0.398560220001726
0.35208223732589516
0.310950612162995
0.27456010041474865
0.24238156484748874
0.21394861720246183
0.18884485305982146
0.16669426762330364
0.14715604058553478
0.1299227863520187
0.1147199112614743
0.10130439343120745
0.08946301950126045
0.07900823584810723
0.06977511563157623
0.0616192079058937
0.05441299236084696
0.04804384973697218
0.042412159766793245
0.03743000389340434
0.03302029603102863
0.029115552899897423
0.025657268279073442
0.022594950639363454
0.019884803015490782
0.017488944413566188
0.0153739547712064
0.01351026340379935
0.011871012411177162
0.010431512683326538
0.009169493664409778
0.008063788339224054
0.0070953959711062
0.00624700560856617
0.005502600771833954
0.004848365258716569
0.004271787171124863
0.003762073412061362
0.0033101284546708243
0.0029081786398856835
0.002549926533467861
0.0022302780579446235
0.0019451288411707068
0.0016911481381463034
0.0014655173295201607
0.0012657128921560457
0.00108935956662215
0.0009341825057980202
0.0007979226892933511
0.0006784333702407608
0.0005736915180758473
0.0004817908186973696
0.00040105400122580903
0.0003299639956537703
0.000267215065695936
0.00021169808330068207
0.0001624649584890392
0.00011873435594278448
7.985020247680552e-5
4.52727122279839e-5
1.4498821205854995e-5
2.541210939733434
2.8760212448122298
3.255153143601679
3.68450218066271
4.170737445075636
4.721277274254059
2.5411676047166143
2.2454779757083285
1.9843089174550834
1.7536089008856832
1.5498073704813549
1.3697547056306516
1.21067130660574
1.0701032350270014
0.9458833481885014
0.8360973561136298
0.7390538843822485
0.653259062017618
0.5773934500190938
0.5102924607006818
0.4509298364227643
0.3984031790737328
0.35192125656556517
0.3107923735401501
0.2744123652257091
0.24225157483421356
0.21384131053044975
0.18876174102864773
0.16663357226267106
0.14711385623537776
0.12989452497403597
0.11470135223743139
0.10129290918616096
0.0894560208752262
0.0790033475856351
0.06977085775709124
0.06161388514791
0.054404749551051346
0.048030506489981306
0.04239157492536272
0.0374006349919318
0.032981243683886774
0.0290671954665358
0.025601278383881265
0.022533943396355838
0.01982229181834061
0.017428505482810053
0.015319145030746384
0.013463785405771311
0.01183451304519334
0.010406113094322045
0.009154661582325474
0.008058632906551288
0.007098457214540943
0.006255993829559436
0.005515613856659662
0.004863143474672427
0.004286361080506396
0.003774961826473522
0.0033201326416492094
0.002914739304992864
0.0025530031557714494
0.0022302780583185466
0.0019427884565583753
0.001687355229343268
0.0014611270478592786
0.0012614279933362837
0.001085695843195289
0.0009313854687462708
0.0007960770790456095
0.000677487172921154
0.0005734617742065851
0.00048210356369526863
0.0004016934105681713
0.0003307473289133611
0.0002680066293665462
0.00021238970010450942
0.0001630040305728997
0.00011910036270190716
8.00648311072294e-5
4.5361203591554045e-5
1.4517965912119735e-5
2.87597260839047
3.25509985855395
3.6844463718096763
4.170683467538982
4.72123392613402
2.8759332372434137
2.541131513173928
2.2454410711819173
1.9842677211651831
1.753562956965939
1.5497560782658768
1.3696973270068367
1.210606986962305
1.0700310178382813
0.9458022320132811
0.836006258642982
0.7389517709413536
0.6531450870603619
0.5772671863276946
0.5101542751193424
0.45078136664020985
0.3982477666906945
0.3517641744404889
0.31064052860172087
0.274273220492133
0.2421315134938995
0.21374403889056293
0.1886876142200924
0.16658007971610722
0.1470769076480627
0.12986972466153812
0.11468582075941569
0.10128329491581312
0.0894493671545531
0.0789977343141075
0.0697642869523456
0.061604192872831476
0.05438936652056103
0.0480070188471613
0.042358193073340544
0.03735631874599754
0.03292643484389046
0.029003744769793727
0.025532147292983254
0.02246310175815225
0.019753804815552556
0.01736639726262723
0.01526645798136439
0.013422401224906899
0.011805704484162405
0.010389296744908627
0.009148817220529182
0.008062123128930843
0.007108677001721908
0.006270798969913116
0.0055324330491917095
0.00487974208051245
0.00430105115643542
0.003786376125275659
0.003327627165196745
0.0029182583190694444
0.002553003155475686
0.0022275907644297988
0.0019384270292572836
0.0016822928090194367
0.0014561711291207757
0.0012571758612631712
0.0010824373901208162
0.0009292247798011743
0.0007949623260818939
0.000677213005461752
0.0005738331411500042
0.0004828747302738634
0.0004026518611803809
0.00033173555434728996
0.00026889346380976065
0.00021310764836535157
0.0001635269358279956
0.0001194414509795294
8.024663793726461e-5
4.543514704646867e-5
1.4531426856478902e-5
3.2550567207456687
3.68440114967399
4.1706397795968355
4.721198963892035
3.2550218088699028
2.875900460125374
2.5410975856224725
2.2454030032057615
1.9842252195051526
1.7535155611917492
1.5497031675961823
1.3696381584060227
1.210540678839291
1.069956634451719
0.9457187785507788
0.8359127056258444
0.7388471780481449
0.6530287906633125
0.5771390243769057
0.5100150120341045
0.45063313234474567
0.39809443843379366
0.3516114384695346
0.3104953584078203
0.274142622508319
0.24202090635487217
0.21365595877721155
0.18862142510380941
0.1665327446131286
0.1470442835476522
0.12984893096827044
0.11467280410248115
0.10127429043728853
0.08944196773528112
0.07898959228509828
0.06975278724783074
0.06158639004357447
0.054362517197922955
0.047969041048546046
0.0423079093046832
0.037294195432120425
0.03285454862663251
0.028925431109181332
0.025451911185790266
0.02238553064650617
0.01968343582919463
0.017306691262406027
0.015219546625095504
0.01338974854971653
0.011786640028081052
0.010382674582773532
0.00915278320859958
0.008073731273513296
0.007125502576759146
0.006289923270263564
0.005551319356239759
0.004896471486937948
0.004314061652922696
0.00379492671568471
0.0033316462419588078
0.002918258319574818
0.0025499265341011323
0.00222258539282727
0.0019326039422722374
0.0016765783352710173
0.0014512544931912785
0.0012533944078043646
0.0010799193369752658
0.0009279178276351274
0.0007946373829064157
0.0006776519307294393
0.0005747537013220949
0.0004840324141088814
0.0004038624906153032
0.00033284340360140163
0.0002698137495755759
0.00021380750254174075
0.00016400589844334235
0.00011972908227964041
8.039457162212216e-5
4.548926144920529e-5
1.4540494184700492e-5
3.6843645365121382
4.170604444203171
4.7211707686368225
3.6843349330220807
3.254992750811493
2.875869644441278
2.5410625885509135
2.2453637328949174
1.9841813738055056
1.75346666678261
1.5496485957984927
1.3695771484576507
1.2104723404900821
1.0698800404516704
0.9456329511446206
0.8358166789389978
0.7387401369525106
0.6529102583171635
0.5770091386340086
0.509874942219187
0.4504855126713423
0.397943624155622
0.3514634265538241
0.31035702987233815
0.2740203972903963
0.24191919193580613
0.213576202833333
0.18856217032889244
0.16649060197504806
0.1470168365181479
0.12983145473100421
0.11466060966618574
0.10126450710654478
0.08943175210374754
0.07897585334677348
0.06973217256718911
0.06155566910179644
0.05431932468836376
0.04791199705084903
0.04223749400121157
0.03721276877793045
0.032765864353357266
0.028834575080971092
0.02536405369327266
0.02230581692684641
0.019615793892478806
0.017253540823019442
0.015182555740778092
0.013368141531248767
0.011779142845183443
0.010387182524094207
0.009165971809843576
0.008092846763545936
0.007147241485171207
0.006311403461284115
0.005570355832138496
0.004911283608997508
0.0043238071107394305
0.0037995109908193214
0.003331646241666597
0.0029147393050772408
0.0025441913301857966
0.0022159026659638315
0.0019260316735767447
0.0016709093363189709
0.0014468807210272772
0.001250471327836955
0.0010783940568694916
0.0009275359528020388
0.0007951520843647586
0.0006787414651991952
0.000576137076740757
0.00048549545399367844
0.00040522028192579995
0.000333993044153047
0.00027070890204505815
0.0002144428598311876
0.00016441186386195739
0.00011996100699818157
8.050671309600688e-5
4.552668972035434e-5
1.4547070452231026e-5
4.170575858007965
4.721148036688282
4.170552739989981
3.6843102979964413
3.2549654437333744
2.8758378614527045
2.541026489177736
2.2453232190020973
1.984136141933019
1.753416225815493
1.5495923145148809
1.3695142351374812
1.2104019235733747
1.0698011890197399
0.945544721180827
0.8357181700915444
0.7386306805147296
0.6527895856558121
0.5768777121665867
0.509734349083951
0.4503388689435974
0.3977957141588897
0.351320436312875
0.31022560923491227
0.2739062549765281
0.24182573054028733
0.2135038851121447
0.18850888980013014
0.16645493618491614
0.1469935923964698
0.12981510556496723
0.11464773327944844
0.10125162911657082
0.08941529553756222
0.07895188013644017
0.06969695430617673
0.061506507470460825
0.0542545610848002
0.047832181770179893
0.04214527223385023
0.037112352246587044
0.03266298200114193
0.028735077521088392
0.025273783190997712
0.02222921009365919
0.019555601784556842
0.0172116358755936
0.015158074509126429
0.013359656028041123
0.011784273175114102
0.010402164079494014
0.009187679570085372
0.008117544580822589
0.007171653969874292
0.006333046933765019
0.005587212013629106
0.004922383661008389
0.004329031788811832
0.0037995109915813785
0.003327627166507696
0.00290817863885362
0.002536534415749969
0.0022083588218952954
0.0019195113674221886
0.0016658660598931618
0.00144349924251852
0.0012487012007165177
0.0010779482856086986
0.0009281364293691752
0.000796433129267804
0.0006803796109098315
0.0005778855632598834
0.0004871351069111185
0.0004066298764477949
0.00033510904359879135
0.0002715235192392029
0.00021498294945132557
0.00016474156861256972
0.00012013879767636126
8.058528030829848e-5
4.555251750648637e-5
1.4551509833538034e-5
4.721129712167865
4.7211149125592
4.170533530852101
3.684287150449422
3.254937277742817
2.87580508072161
2.540989250875238
2.2452814226302507
1.984089476583661
1.7533641951699503
1.5495342731603379
1.3694493736183748
1.2103293768771426
1.0697200334630264
0.9454540535129006
0.8356171829070584
0.7385188504197453
0.6526668829610998
0.576744932510409
0.5095935190917178
0.45019354881364215
0.39765104891732506
0.3511826737602499
0.31010104666775895
0.273799810617235
0.24173982604911526
0.21343812010753105
0.18846344498616663
0.1664245838453784
0.1469719642934635
0.12979819645972412
0.11463144944159431
0.1012317918875878
0.08938729942832335
0.0789114484270872
0.06964091029888753
0.06143296556042177
0.05416410466574284
0.047727744354761015
0.042031593305676296
0.03699589271135295
0.03255035798234118
0.02863289376391176
0.025187059227160802
0.022161051687516142
0.019508131885115354
0.017183913689520658
0.015148473726450007
0.013365487282846367
0.011801271329847651
0.010426800857781693
0.00921572097144363
0.008145269917207543
0.0071962503452178694
0.006352215918873583
0.0055998401830121836
0.004928334001092161
0.004329031788589788
0.0037949267165897638
0.0033201326370537743
0.00289941978593955
0.0025278912738535553
0.0022008744370767275
0.0019137097857058194
0.0016619665805412964
0.0014414529504005458
0.001248181994162323
0.001078646330994637
0.0009296346871474626
0.0007983599431229393
0.0006824504866651537
0.0005798449893470448
0.0004888379401499776
0.0004079961700460544
0.0003361263162702244
0.0002722221571129779
0.00021542344859959428
0.00016499373255474126
0.00012026396364728242
8.063821963411044e-5
4.556910814823567e-5
1.4553606547451636e-5
4.721102616414143
4.1705154967915
3.6842632884937867
3.2549082308246358
2.875771271009886
2.540950836256165
2.2452383073069035
1.984041334542448
1.753310531352934
1.549474412913352
1.3693825188815514
1.210254651143602
1.0696365366989316
0.9453609218749675
0.8355137220944098
0.7384046982947172
0.6525422702679977
0.5766110028450528
0.5094527292987934
0.45004987930979823
0.3975099147512333
0.35105027035195757
0.30998318790702406
0.2737005922931184
0.24166073739210248
0.21338149697170827
0.18842449482222534
0.1663962915688968
0.1469498440150101
0.12977757363345166
0.11460738504718115
0.10119900648020685
0.08934077751737046
0.07884753710549575
0.06955743695801786
0.061330471036808554
0.054045875731245197
0.047599097132864365
0.04189981701639933
0.03686845921166526
0.03243471305053891
0.028534744395796174
0.02510989773134309
0.022107319891748745
0.019476764614880793
0.017173057918574486
0.015155098680703638
0.013384772409579249
0.011829232113450772
0.010458623369077102
0.00924719678361452
0.008173209761410227
0.007218032758931514
0.006366574795794833
0.005606613784669534
0.004928334002298307
0.004323807113647327
0.0037863761158902776
0.00331012822647736
0.0028895332024374554
0.00251931709854869
0.0021942148493589997
0.0019092235153790327
0.0016596052387489735
0.0014408500436244864
0.0012489898554504109
0.001080389419670702
0.0009318875817392325
0.0008007960334159847
0.0006847723089160596
0.0005818802874211215
0.000490492969603018
0.0004092471459857805
0.0003370038927412722
0.00027278556615240035
0.00021575982671162564
0.00016517351019018633
0.00012034887698320063
8.067122105881452e-5
4.5577467933100024e-5
1.4554617987272422e-5
4.721091111386007
4.170496907827314
3.6842386836064946
3.2548782777110246
2.875736397556255
2.540911204270507
2.2451938230230346
1.9839916708883947
1.7532551840207167
1.5494126870666944
1.3693136186144894
1.2101776953757857
1.0695506534758437
0.9452653111096518
0.8354077970215394
0.7382882864894755
0.652415869669035
0.5764761327470485
0.5093122511391828
0.4499081523639452
0.39737252587263505
0.35092325735812224
0.3098717843136862
0.2736080507316885
0.2415918895702438
0.21333255997117018
0.18838810549815044
0.1663676868154047
0.14692378542599283
0.1297483083953601
0.11456882620479991
0.10114537401321044
0.0892678663547386
0.07875272498099761
0.06944129543764621
0.06119663455332347
0.05390031571564524
0.047450015899537235
0.04175565788562441
0.03673761993811819
0.03232365867113529
0.028447436524366765
0.025049104815678014
0.0220718280539689
0.0194644961014534
0.017180591565341352
0.015176982562073782
0.01341649497192332
0.011865326356834238
0.010494345396796056
0.009278916622162292
0.00819794885933156
0.007234349049498157
0.006374273784810924
0.005606613784724601
0.004922383663648056
0.004314061638619471
0.0037749618335345403
0.003298835105591813
0.002879725964206159
0.0025116850554729453
0.0021890646629119104
0.0019065047207709185
0.001658908578956897
0.0014417811390341484
0.0012510101391498551
0.0010830117464877276
0.0009347370896133356
0.0008035276149351844
0.0006871847976013257
0.0005838610415880297
0.0004920050110621688
0.00041031982692629754
0.0003377068933696492
0.0002732159448486371
0.000216001167850699
0.0001652929843825035
0.00012039941823882572
8.068855557752386e-5
4.5581519107606994e-5
1.4555131603088967e-5
4.721079283108454
4.1704777489836475
3.684213306857013
3.2548473799704167
2.8757004184459167
2.5408703142248834
2.2451479191256047
1.9839404340866076
1.7531980854259115
1.549349042600472
1.3692426135586864
1.2100984601012557
1.069462337211386
0.945167197457268
0.8352994183963256
0.7381696774975781
0.6522878106499421
0.5763405183627786
0.5091723404413102
0.449768618786492
0.3972390372339225
0.3508015678024883
0.3097664909157505
0.2735265458373455
0.24153187622887717
0.2132866660328432
0.18835162332790034
0.16633484434775525
0.14688814062379763
0.1297028516286911
0.11450694007185902
0.10106209016168943
0.08916014493713487
0.07862112708210489
0.06928983712139924
0.06103199826167138
0.053731736796317264
0.04728701025794635
0.04160767861425363
0.03661199191574749
0.032224912597095035
0.028378645469305575
0.025008951180875982
0.022057967939611345
0.01947305267103161
0.01720540852469643
0.015212947974089452
0.013457422331311975
0.011905851954503
0.010530334006742414
0.009306999564503649
0.008216477769710906
0.007243096103911384
0.006374273786806661
0.005599840193053041
0.004911285420180711
0.004301051170027215
0.003762073414375955
0.0032876284208578355
0.0028709931995329896
0.002505784007272638
0.0021859421488130693
0.0019057023533832762
0.0016599797749146106
0.0014441161135376746
0.0012540509505729602
0.0010863291301488331
0.0009379324227261066
0.0008063661756745333
0.0006895273668607871
0.0005856634189207455
0.0004932974227056519
0.0004111854839061735
0.00033824649474301083
0.00027352486426845957
0.0002161584241369141
0.0001653630110052262
0.00012042663914879626
8.069688501421979e-5
4.5583392992654126e-5
1.4555319757469931e-5
4.721067090251065
4.170458006981436
3.68418714727415
3.254815513014018
2.875663299720445
2.5408281229091627
2.245100555333294
1.983887576566811
1.7531391856108325
1.5492834227900216
1.3691694468414766
1.2100168928192123
1.0693715590580335
0.9450665657086716
0.8351886116637974
0.7380489408082527
0.6521582369569296
0.5762043591132402
0.5090332324694948
0.44963147756881927
0.39710952578600267
0.3506850531364005
0.30967262287240604
0.27345479098101766
0.24147525512953294
0.21324081136068784
0.18831049124895216
0.16629141473127085
0.14683441708518874
0.12963123714304903
0.11441172674022138
0.10093971534421176
0.08901106429018846
0.07844981300815412
0.06910368643802833
0.06084144196715702
0.05354744740324868
0.04711970656887843
0.041465643283154385
0.03650033137699804
0.032147099210516394
0.028333248700228353
0.024993298305175493
0.02206768741328613
0.019501192705760673
0.01724617000329509
0.015259345265823399
0.013503376863121197
0.011946672746746323
0.010562200056739357
0.009328028851661507
0.008226412880055989
0.007243096104660118
0.006366574803640113
0.005587213600062313
0.004896470205575376
0.004286361077765477
0.0037492879751228614
0.0032776536665650724
0.002864242145848017
0.0025022057175672074
0.002185019591204096
0.0019069333066603633
0.0016626697845030236
0.0014476296969450075
0.0012578982843747255
0.0010900493245369347
0.0009412528103016626
0.0008091240212104722
0.0006916680368647121
0.000587213062194003
0.0004943466984395073
0.000411846875572941
0.00033862918167137934
0.0002737264308168008
0.00021625170680739103
0.00016540142605947494
0.00012043985072729413
8.070053939057686e-5
4.5584031495238264e-5
1.4555371079971735e-5
4.721054545339186
4.170437670079643
3.684160182054531
3.2547826500273374
2.8756250151606935
2.5407845935423077
2.245051697899921
1.983833050106849
1.7530784501437524
1.5492157803317301
1.369094075930012
1.2099329472156235
1.0692782909063552
0.9449634117033217
0.8350754117144366
0.7379261628990621
0.6520272916504641
0.5760678584402603
0.508895145172426
0.4494968938913244
0.39698399066594714
0.3505798996599365
0.30958914601944
0.2733866061648964
0.24141864921478984
0.2131899000675368
0.18825771835784622
0.16622784480221942
0.1467514461578876
0.12952231971356287
0.11427264710690554
0.10077085720582346
0.0888173044820375
0.07823941637113041
0.06888837406784365
0.060633208873516864
0.05335842591758411
0.046959184421540456
0.04133940466123853
0.03641238375472522
0.03209579146603492
0.028315573190504928
0.025004338819362815
0.022099573148070206
0.019547372247632033
0.017298753563076197
0.015311435986387067
0.013549658682994625
0.011982805714455758
0.01058606121455874
0.009339310106697418
0.008226412883596268
0.0072343490536495025
0.006352215463742539
0.005570354753839268
0.004879742082486871
0.004271787177076547
0.003737905558230281
0.0032699393287618506
0.002860147248223477
0.0025011471526150686
0.0021864313228459054
0.001910024021700707
0.0016667199054571924
0.0014520762420557887
0.0012622123286645248
0.0010939149594983988
0.0009444803370275423
0.0008116421021249209
0.0006935049867387022
0.0005884638019848509
0.0004951431820892083
0.0004123132652553707
0.0003388809601245768
0.00027384673063401976
0.00021630311585418838
0.00016542023523413718
0.00012044555970547322
8.070183251085439e-5
4.5584235827789144e-5
1.4555395949855665e-5
4.721041642610658
4.17041671808495
3.684132380403443
3.2547487530778945
2.8755855170653453
2.540739675968707
2.2450012891436213
1.983776793847853
1.753015817626916
1.5491460537732373
1.3690164426465237
1.2098465816073345
1.0691824947683277
0.9448577293600922
0.8349598448334499
0.737801432679662
0.6518951115117462
0.575931195695043
0.5087582478340229
0.4493649621814466
0.39686932340487324
0.35048537770847865
0.30950911002909454
0.27331830016624714
0.24135653721390682
0.21312611849473218
0.18818256594915894
0.16613171878844035
0.1466267846005067
0.1293642590519779
0.11408141049080633
0.10055179496637656
0.08857967661319321
0.07799628717031304
0.06865323415896452
0.06041971507803989
0.05317704983907934
0.04681653810991104
0.04124004053427033
0.03635439623970971
0.032075841345442946
0.028328115323259517
0.025040466924189708
0.0221518974717263
0.019606961920032973
0.017357776278521087
0.015363889396835972
0.013590625916743981
0.012009876300515643
0.010598860963169088
0.009339310109159449
0.0082164777657745
0.007218032315575051
0.006333047356547716
0.005551319369770269
0.004863143483184729
0.004258812344115626
0.0037291005536044253
0.0032652604064900004
0.0028589347504848206
0.0025027617242354694
0.0021899761388910477
0.001914681404578289
0.001671843078796087
0.0014570626788303898
0.001266695212958524
0.0010976737122323499
0.0009474200137313815
0.0008137990965026987
0.0006949837138625625
0.0005894162402029224
0.0004957074577314202
0.00041262180974044327
0.00033903171700799817
0.000273912816313171
0.00021632821741679464
0.00016542894229676364
0.00012044754838935745
8.070216317523915e-5
4.5584277181376365e-5
1.4555396209203764e-5
4.721028374737626
4.170395123637447
3.68410370472965
3.2547137847964738
2.8755447582205718
2.5406933265256906
2.244949267748914
1.9837187561818168
1.7529512196639865
1.549074178764863
1.368936478156547
1.2097577445738952
1.0690841321863083
0.9447495071722996
0.834841936711749
0.7376748239289057
0.6517618298021857
0.5757945308550241
0.5086226783066161
0.44924307079719394
0.3967651871022255
0.3503939403066241
0.30942859184028393
0.2732437129868046
0.24128010871740013
0.21303748765643782
0.1880711387196481
0.16598899674489864
0.14644715979309986
0.1291477750186143
0.11383392108498214
0.10028353023010528
0.08830524771605575
0.07773083534574887
0.06841218080439848
0.060214899507538
0.05301595931044556
0.04670427847193004
0.04117452686929379
0.036331903241701546
0.03209009118598427
0.028369043064586208
0.025099723327565826
0.022219382069637916
0.019673802280022912
0.017417210354782497
0.015410324630334316
0.013621310870298942
0.012024388465124325
0.010598860970109314
0.009328028843519576
0.008197948431990731
0.007196250759358591
0.00631140346888337
0.005532433064525222
0.004848365249575437
0.004248773617400836
0.0037237611023268613
0.0032638703282907855
0.0028607778642575354
0.0025068210702956506
0.0021953186031788974
0.0019205711155754202
0.001677591316695981
0.001462245006985441
0.0012710534540998353
0.001101096586774375
0.0009499508284660507
0.000815545429372122
0.0006961128907079228
0.0005900944567835964
0.0004960804257114759
0.00041280703102763994
0.0003391144711848426
0.00027394496344435026
0.00021634017333926892
0.00016543051089623617
0.00012044806644073702
8.070222969891461e-5
4.558429268630704e-5
1.4555387827464017e-5
4.721014729329986
4.1703728684310155
3.684074130015928
3.2546777116820813
2.875502700154357
2.5406455023932426
2.244895585346365
1.9836588898804588
1.7528846023787024
1.5490001003939589
1.368854138023183
1.209666393165469
1.0689831870190005
0.9446387501220581
0.8347217401473905
0.7375464237914198
0.6516275764597026
0.5756580016809281
0.508496137778665
0.4491313245830302
0.3966634967421463
0.3503013293862294
0.3093407878049792
0.2731531720216651
0.24117608226011011
0.21290847531937374
0.18790782219987268
0.16578489883534697
0.14620220444338639
0.1288682700504058
0.11353122687349071
0.09997394982452157
0.08800579882484882
0.07745886882880093
0.06818105701240551
0.06003303470745802
0.05288919119534885
0.04663032610786999
0.04114917385487615
0.036348056344098545
0.03213641698351832
0.028436113537439134
0.02517612081230336
0.022295066884349346
0.01974111883957086
0.017469811175201855
0.015445091262661137
0.013637763081152166
0.012024388472376302
0.010586061197341401
0.009306999148165573
0.008173210164414968
0.007171653970974745
0.006289923291910249
0.005515613843962264
0.004836932480976053
0.00424268347634893
0.0037221694927662696
0.0032659733129021262
0.002865418271018605
0.002512938505998541
0.002202076811403053
0.0019271812334906713
0.0016835641490651199
0.0014672807945457222
0.0012750238006864478
0.0011040427647097673
0.0009519932683330623
0.0008168731913729133
0.0006969195840600406
0.0005905360882900723
0.0004963045347174955
0.000412908412409152
0.000339154565306643
0.00027395983912370525
0.0002163414447586831
0.0001654317077912637
0.00012044809672850931
8.070221756462104e-5
4.558427556489164e-5
1.4555390408510505e-5
4.721000695311927
4.170349932156016
3.684043626994842
3.254640488967871
2.875459298939395
2.540596144590899
2.244840196216962
1.9835971364738563
1.752815912210334
1.5489237559935347
1.3687693713576912
1.2095724793308902
1.0688796316572429
0.9445254600338862
0.8345992976794294
0.7374163263484643
0.6514924721322837
0.5755293657662799
0.5083791224305818
0.4490211230228862
0.3965596681136905
0.35020017238587187
0.30923505119162353
0.2730319520491964
0.24102719199834777
0.21272176587293234
0.1876760737801888
0.16550784989905587
0.1458867500068033
0.12852699870681494
0.11318225952994876
0.09963643902149588
0.08769912873690888
0.07719817275784191
0.06797583372066107
0.05988998573436799
0.052805733301041435
0.046601734418434404
0.041167484998061
0.03640050209753287
0.032212320985305354
0.028522582534187713
0.025261794678326233
0.022371277763324926
0.019800689425322204
0.01750920460905636
0.015463737727480442
0.013637763096895128
0.012009876280147047
0.01056219965326477
0.009278917021626754
0.008145269910944997
0.007147241520131686
0.006270798955640977
0.005502600764727639
0.004829993186397985
0.004240867386358538
0.0037245680112789614
0.0032712727780390694
0.0028724144740799318
0.002520679024710759
0.0022096609426869307
0.0019340483932825947
0.001689373790210169
0.0014718704654628212
0.0012784416944402466
0.001106422696119047
0.0009535471238226734
0.0008178172708301901
0.0006974423734380508
0.0005908079541239175
0.0004964271266230114
0.0004129575451967682
0.00033917271409755756
0.0002739620386984498
0.00021634329693309695
0.00016543176240979562
0.00012044804450361823
8.070219378186749e-5
4.558424679412809e-5
1.4555386890435784e-5
4.720986259387158
4.170326302927367
3.6840121808401682
3.254602090776247
2.875414516510639
2.5405451965437513
2.2447830438978107
1.9835334319009719
1.7527450893280832
1.5488450967412284
1.3686821293922895
1.2094759727245972
1.068773444617213
0.94440965180788
0.8344746497447311
0.7372846158576003
0.6513641213097525
0.5754095324457209
0.5082626120167744
0.4489075953703141
0.3964456493550381
0.35007874993546206
0.3090951432885989
0.27286089572684347
0.24081416857928772
0.21245893756634615
0.18736301164435076
0.16515215273635508
0.1455022569782587
0.1281339643902868
0.11280208532285396
0.09929086259901965
0.08740525971305146
0.07696677989810485
0.06781448714188532
0.05979582041787257
0.052773497863014995
0.04662250509396593
0.04122681825636665
0.03648635149645152
0.03231014091604045
0.028619527942169043
0.02534805777633764
0.0224387239689694
0.019845301968418383
0.01753031793069404
0.015463737748230066
0.013621310842231615
0.011982805311738787
0.010530334404808883
0.009247196758321863
0.008117544630874107
0.007125502556290186
0.00625599382023001
0.0054947012687005525
0.004827922051595657
0.004243597560725121
0.0037306110410639803
0.0032792617696131288
0.0028812678827492277
0.002529365480440582
0.00221754137532848
0.0019407224076708474
0.0016946632602046208
0.0014758211408754107
0.0012812013408529666
0.0011082319413393549
0.0009546470966332876
0.0008184381327698276
0.0006977630396516332
0.0005909528866299141
0.000496488300025355
0.0004129794986535984
0.00033917609743472354
0.00027396419239344993
0.00021634341946086266
0.00016543168185201296
0.00012044800849775328
8.070216728128798e-5
4.5584264580789124e-5
1.4555390086101738e-5
4.720971413187126
4.170301958684961
3.683979757815356
3.2545624892207434
2.8753683137149584
2.5404926251374556
2.2447240738323244
1.9834677189259007
1.7526720643475135
1.5487640682661032
1.3685923597939813
1.209376841281637
1.0686646140674236
0.944291342906622
0.8343478535648945
0.7371585672401393
0.6512437876331285
0.5752891348576519
0.5081414047252393
0.44878197918077056
0.39630869181041195
0.34991918663007215
0.3088999308865503
0.2726187096420034
0.24051659313850138
0.2121056453496344
0.18696232678989766
0.16471940459230616
0.1450600188892519
0.12770606288775177
0.1124130209451959
0.0989598543436978
0.08714451813838053
0.07678486099444637
0.06770830187723398
0.059759512295715744
0.05279701541106707
0.04668957301023369
0.04132387813577676
0.03659696850585892
0.032419805627359466
0.028717122752423663
0.025424375911157426
0.02248921527212211
0.019869212490524646
0.017530317951892194
0.015445091237484831
0.013590625505147003
0.011946673161774335
0.010494345345131606
0.009215721049107728
0.008092846738560588
0.007108676993206053
0.006247005609410827
0.005492339646348654
0.004831025202142847
0.0042504814447985595
0.003739725094247248
0.003289374567111203
0.0028912008060109073
0.0025383924050492723
0.0022251930643175655
0.0019468170811380858
0.001699209138944724
0.0014790133243813841
0.0012833006376702372
0.001109513196513312
0.0009553752729729581
0.0008188101691297689
0.0006979352020914931
0.0005910251083749429
0.0004965111223862451
0.00041298416545387795
0.0003391785319823981
0.0002739643260651903
0.00021634340338660962
0.0001654316487522678
0.00012044801554811357
8.07021611439751e-5
4.5584265940590285e-5
1.455538932049194e-5
4.720956143194573
4.170276876429385
3.683946325747379
3.2545216483029256
2.8753206410076873
2.5404383898775826
2.244663230263291
1.983399938983955
1.752596776512426
1.5486806040573518
1.3685000108913643
1.2092750418380835
1.0685531323140438
0.9441705442530992
0.8342256463815136
0.7370398158553275
0.6511218655472071
0.5751625455837708
0.5080060162463491
0.4486303581979385
0.3961291754975953
0.349698240729138
0.3086258485847768
0.272282722446592
0.24011857188397734
0.2116548582022313
0.18647583199709405
0.1642222655236596
0.144578869070509
0.12726841922929477
0.11204045843952937
0.09866620423556505
0.08693954851993269
0.07666518042476422
0.06766738432739405
0.05978608279198383
0.05287280447785214
0.04679925719295763
0.04144890909101928
0.036720949765721045
0.03253016340379311
0.02880345680086549
0.02548151917931385
0.022516295137499753
0.01986921248023954
0.017509204397559763
0.015410324152967725
0.013549658963487587
0.011905851851360616
0.010458623482425544
0.009187679533233961
0.00807373126176536
0.007098457213549736
0.006244318969289786
0.005495865824745039
0.004838863783026781
0.004260868830290754
0.003751259552429609
0.0033007200240682266
0.002901524507770148
0.0025471595085484466
0.002232187510476713
0.0019520424566472627
0.0017028910657126417
0.0014814397431441861
0.0012847873851038472
0.0011103600580977258
0.0009558115626138175
0.0008190149173259442
0.0006980181570996891
0.0005910509854398782
0.0004965187611976063
0.00041298699017566776
0.0003391787539426261
0.00027396433692761235
0.00021634335621989464
0.0001654316662893507
0.00012044802516264497
8.070220472244927e-5
4.5584270898402224e-5
1.4555386727899133e-5
4.720940441813102
4.1702510246506845
3.6839118466210183
3.254479516634568
2.8752714544789324
2.540382439510179
2.2446004671637465
1.98333003666266
1.752519181321913
1.5485946464754505
1.3684050341043266
1.2091705344803718
1.068438986996894
0.9440533021127147
0.8341102055950396
0.7369185174728745
0.6509922978658
0.5750195547989883
0.5078412768897911
0.448431338828466
0.39588161589352655
0.34939001113655
0.30824790628011556
0.2718353658956518
0.2396122894748407
0.21110865329135642
0.18591763460889155
0.16368183427084215
0.1440870391605671
0.12684943332472898
0.11170998018418121
0.098435388884071
0.08680468702454203
0.07661906480694736
0.06769738337119868
0.05987164883690532
0.0529966823615835
0.04694049499058561
0.04158902364457351
0.03684571815262849
0.03262781200539688
0.028868098523801677
0.025512154968312828
0.022516295126358443
0.01984530182965738
0.01746981029791783
0.015363889772999961
0.013503376364848663
0.01186532653140926
0.01042680080892655
0.009165971798627659
0.00806212312992649
0.007095395967468221
0.006248322168852738
0.005504784261690432
0.0048506874479343765
0.0042740130185388026
0.003764205260102571
0.0033125115010941286
0.002911551781954458
0.0025551602491278302
0.0022381974803522553
0.001956268365845837
0.001705689297401669
0.0014831587697834436
0.0012857691241521252
0.0011108639893269157
0.0009560509204309398
0.0008191128166936679
0.0006980514011312167
0.0005910616836422022
0.0004965219079586802
0.0004129872196481088
0.00033917866986854506
0.000273964322529352
0.00021634335002485017
0.0001654316971277936
0.0001204480264043184
8.070219959854796e-5
4.558425784484399e-5
1.4555382056968824e-5
4.720924294668808
4.170224377722419
3.683876289426161
3.254436038520594
2.8752207045977176
2.5403247037770655
2.244535719866183
1.9832579501504646
1.7524392235603639
1.5485061528710524
1.3683073858521086
1.2090632951406035
1.0683272393054057
0.9439424206894174
0.8339913798917351
0.7367882285169296
0.6508440736037855
0.5748437353718554
0.5076239287724968
0.44815706627312224
0.39553761426908807
0.34896695230447783
0.30774673485615267
0.2712680285808524
0.23900009593057536
0.21048280771841466
0.18531133745883732
0.16312967356971608
0.14361628813031668
0.12647784431926912
0.11145024603978904
0.0982835290382047
0.08675271532546969
0.07665286665546578
0.06779388982678025
0.06001144038078632
0.05315612517572621
0.04709876425675397
0.04172999543246814
0.03695608261002992
0.032700887698609016
0.02890274740397203
0.02551215497591741
0.022489215444107202
0.019800688429087998
0.017417211045917647
0.015311435392852957
0.013457422561914179
0.011829232039370474
0.010402164063553876
0.009152783207672321
0.008058632899063056
0.007099940491201551
0.0062584571724189075
0.0055182319131033
0.004865655464646679
0.004288766910627295
0.0037776578614749923
0.0033239737324652907
0.0029207172097134304
0.002562060683654721
0.002243043966896785
0.0019594905804511953
0.0017076716879884657
0.0014842875964120594
0.0012863548840629235
0.0011111463008859346
0.0009561657580166028
0.0008191524146230478
0.0006980662868505405
0.0005910653084351125
0.0004965223302413335
0.00041298723175042795
0.00033917868273025675
0.00027396428637427306
0.00021634337675191517
0.0001654317024488705
0.00012044807795863477
8.070220024958275e-5
4.558424512524084e-5
1.455538112082877e-5
4.720907690229841
4.170196913388963
3.6838396143939036
3.2543911670193917
2.8751683376852886
2.54026512391696
2.244468917752253
1.9831836193107857
1.7523568347021725
1.5484150749623518
1.3682070269609437
1.2089571374869639
1.068221756601904
0.9438274869660859
0.8338623173187054
0.7366370842624832
0.6506594800401766
0.5746098446454999
0.5073236397221423
0.44777649661795493
0.3950669511940612
0.3484078036377882
0.3071128010669737
0.2705833636224826
0.23829956669308583
0.20980360922627384
0.18469219532122505
0.1626013408652378
0.14319884272277505
0.12618579574879085
0.11127932671124796
0.09822493216534944
0.08679072960616452
0.07676159135537564
0.06795149776261766
0.06019135568980527
0.05333476298692652
0.047257941599009534
0.041854674740786635
0.037038674793844706
0.032740072717230895
0.028902747432343112
0.025481519569543032
0.022438722972953684
0.019741119811617303
0.01735777580023079
0.01525934561765041
0.013416494865665207
0.01180127131387465
0.010387182526425676
0.009148817212483173
0.008063788341125644
0.00711145171188754
0.006273747306668298
0.005535264625879499
0.00488245418818245
0.004304099440881615
0.0037907373216761187
0.0033344360182390176
0.002928589122642933
0.002567609963931794
0.002246741048454126
0.0019617710062558302
0.0017089739408415738
0.0014849753989629733
0.0012866807927318646
0.0011112799120507333
0.0009562123347306439
0.000819171970417365
0.0006980656666719653
0.0005910657650307627
0.0004965223704695987
0.0004129871903559845
0.0003391786988986567
0.00027396429147863444
0.0002163434024904376
0.00016543170067251367
0.00012044808355415881
8.070218801492501e-5
4.55842462505629e-5
1.4555385362768902e-5
4.7208906107373885
4.170168614272423
3.683801781611363
3.2543448660085668
2.8751142884735916
2.5402036361683304
2.244399988311865
1.9831069754198114
1.7522719504170898
1.5483213527150381
1.3681062984786672
1.2088575482900694
1.0681117000199865
0.9437011934643902
0.8337103106441992
0.7364460821454868
0.6504112867581924
0.5742850218333375
0.5069066043109096
0.4472565977253229
0.39444627238764607
0.34770207617797677
0.3063491444321249
0.26980083597834525
0.23753994703342407
0.2091103178816489
0.18409992235639638
0.1621328188485256
0.14287067657756136
0.1259934514654617
0.11121323757372803
0.0982675738347476
0.08691308146886545
0.07693916902472964
0.06815433695774065
0.0603928346652971
0.0535144279717068
0.04739873401825001
0.04194798661985111
0.03708296548427814
0.03274007273213986
0.0288680990173793
0.025424382730054873
0.02237127930932381
0.01967380807461261
0.017298754153343587
0.01521294780733573
0.013384772386921817
0.01178427317621189
0.01038267456809372
0.00915466158262035
0.008076861405862168
0.00712882827602801
0.0062931133799510874
0.0055543777276474415
0.0048999159555904725
0.004319006184909213
0.003802659270061959
0.00334341782193448
0.002934946534268512
0.002571834994692601
0.002249358299032167
0.0019632684027639513
0.0017097657949767253
0.0014853476962217727
0.0012868360291635739
0.0011113344428874683
0.0009562342666882273
0.0008191672349893153
0.000698068518318884
0.0005910659013688147
0.0004965224321695771
0.0004129872173797011
0.0003391786511732775
0.0002739642857685354
0.0002163433676223292
0.00016543174759497958
0.00012044808526390227
8.070218490185965e-5
4.55842657629546e-5
1.4555391433468401e-5
4.720873051291072
4.1701394570396255
3.6837627489778355
3.254297095095463
2.8750585001906157
2.540140173643879
2.2443288678493873
1.9830279388248218
1.7521845026022227
1.548225342721799
1.368012729388203
1.208752887891131
1.0679893028580065
0.9435500936423011
0.8335151256356852
0.7361860514116945
0.650064021933896
0.5738325970515623
0.5063369050722422
0.44657181384585787
0.3936642241891013
0.34685316168758185
0.3054773083218265
0.26895296980587347
0.23676495646425355
0.20844724665724623
0.1835746834995664
0.16176437745036232
0.14265438352246207
0.12591885879935738
0.11126090286240675
0.09840506454657127
0.08711289959617385
0.07716759479263668
0.06838145882074098
0.060595494268556926
0.05367331253518426
0.047504095436137206
0.04199800350533334
0.03708296548881851
0.032700887909310694
0.02880346248625898
0.02534805195402079
0.022295071564771618
0.019606956966287115
0.017246169746223394
0.015176982539107264
0.013365487290196931
0.01177914282711967
0.010389296748748222
0.009169493657910976
0.008096588375837044
0.0071508276334109055
0.006314847141346114
0.00557424829488351
0.004916897849646773
0.004332597748688549
0.003812918789829034
0.003350689717454003
0.0029397706677132263
0.0025748411456163467
0.0022510694099127093
0.0019641794018037118
0.0017101896179649856
0.0014855268880946682
0.0012868992453727301
0.0011113590885161173
0.0009562304801384869
0.0008191724891819518
0.0006980686036728301
0.0005910660153638503
0.0004965224392563528
0.00041298726155236665
0.0003391786580637657
0.00027396428551274
0.00021634332822983993
0.00016543173501570863
0.00012044807207356456
8.07021990745227e-5
4.558427744250082e-5
1.4555398179183499e-5
4.7208550013824935
4.170109411712322
3.6837224891974807
3.2542478048430823
2.875000921558969
2.5400746706739383
2.244255495906892
1.982946442413653
1.7520921265165033
1.5481376535350044
1.3679137204784237
1.2086351695390585
1.0678405934126074
0.943352819988128
0.8332458194770176
0.7358189941156201
0.6495782059478712
0.5732136809306958
0.5055866737022594
0.4457098332262355
0.392724475790855
0.345884903099293
0.30453331135339656
0.26808830623705493
0.23602375547431187
0.2078591545723647
0.18316142981560457
0.16152129489714628
0.14257011507754758
0.1259719672115489
0.11141511467465737
0.09862960172445323
0.08736991687889795
0.07742337433368718
0.0686098313065493
0.060774653152295244
0.053792193764913065
0.04756056164959688
0.041998003478038726
0.03703867476151235
0.032627809136201336
0.028717117397431657
0.025261792103779435
0.022219377581035538
0.019547371922341128
0.017205408494282537
0.015155098701150393
0.013359655997448705
0.011786640030966744
0.010406113080366985
0.009191878024545908
0.00812157441421757
0.00717552845369962
0.006337441617093376
0.0055935677876286505
0.004932374107812443
0.004344294201663601
0.0038212178835115296
0.003356203600377583
0.002943216339071242
0.0025768127395853213
0.002252120412268077
0.0019646684167913264
0.001710401617710744
0.0014856003465952838
0.0012869224521923073
0.0011113558470494667
0.0009562357542876043
0.0008191725412309836
0.0006980686964590532
0.0005910660463692707
0.0004965224427229131
0.0004129872001037427
0.0003391786121573759
0.00027396419178771225
0.00021634335798470516
0.00016543173305283432
0.00012044803788846536
8.070217732658591e-5
4.5584266513465366e-5
1.4555394139748046e-5
4.720836454289671
4.170078440019331
3.68368096823433
3.2541969362558145
2.874941491642049
2.5400070661804444
2.2441798003125757
1.982856270538767
1.7520100180959006
1.5480443268726627
1.3678010076427585
1.2084899437855792
1.0676432291122921
0.9430767640019884
0.8328619754298501
0.7353026085029226
0.6489118945479104
0.5723980808198421
0.504642517660387
0.4446746857779793
0.3916532752204622
0.3448370408974242
0.30357085240663473
0.26726137769909286
0.23536629469671677
0.20739614368775783
0.18288834601753123
0.1614260245529966
0.1426290204399061
0.1261446247038993
0.1116671340162938
0.09891848674934955
0.08765767324051232
0.0776805422976059
0.0688117105715369
0.06090870791488445
0.053855908591802226
0.047560561615022756
0.041947986464599296
0.0369560806271636
0.032530165871395234
0.028619526222338543
0.025176122475377483
0.022151897435612966
0.019501192680586144
0.01718059156946694
0.015148473593701972
0.013368141540639478
0.011805704465123412
0.010431512700753487
0.009220248241451401
0.00814962786918727
0.007201208641816059
0.006359420676735894
0.00561118471814126
0.004945697002521676
0.00435375577522823
0.003827528106411293
0.003360138865358131
0.002945471373205777
0.0025779987253562453
0.0022526816370884717
0.001964904927591604
0.0017104865784141055
0.0014856226587394161
0.0012869243952691178
0.0011113616359530454
0.0009562359220174343
0.0008191726397663857
0.0006980688287754333
0.0005910660787389332
0.0004965225128650275
0.00041298720823679247
0.0003391786277395781
0.0002739642074827131
0.00021634340118747986
0.00016543172313365773
0.00012044800341115547
8.070218141220664e-5
4.558427617951111e-5
1.4555392121806676e-5
4.720817392578539
4.170046515667673
3.6836381507745264
3.2541444400473942
2.8748801440506258
2.5399372991476192
2.244090204152591
1.982779584186369
1.751922169457437
1.5479369571395099
1.3676597993166957
1.2082939495554532
1.0673628692456618
0.9426793694949467
0.8323185322540168
0.7345919467607356
0.6480325827171809
0.5713711916529851
0.5035088888096855
0.4434951291152549
0.39049438125332436
0.34376887133406875
0.30265038253324317
0.2665276218692947
0.23484820988537614
0.20708961645188761
0.1827805806366145
0.1614910805689087
0.14282194606305332
0.126427043813214
0.11199139295870975
0.09924189272500694
0.08794698259773615
0.0779078580068786
0.06896278366425612
0.06098055058921581
0.05385590853581412
0.04750409521753163
0.041854673411156895
0.036845719739712735
0.03241980457626781
0.028522583773762378
0.025099723395062945
0.022099573129341188
0.019473052624923604
0.017173057763999466
0.015158074167682223
0.013389748514884836
0.01183451306525729
0.010463700346601712
0.009252092395014344
0.008178798317251434
0.007226175846773764
0.006379450158015665
0.005626348933924774
0.00495647355105433
0.004360947928966574
0.003831991759333242
0.003362704559502383
0.002946831904286462
0.00257865198611551
0.0022529547441525466
0.0019650093123839696
0.0017105129447525513
0.0014856296537564262
0.0012869301208509043
0.0011113617122617825
0.0009562360524721925
0.0008191727515312053
0.0006980688411228897
0.0005910660015659985
0.0004965223871797875
0.0004129871735685242
0.00033917859699172936
0.00027396426579961997
0.0002163433443973517
0.00016543159028614696
0.0001204479610592557
8.070217224975806e-5
4.558426178480346e-5
1.455538394257161e-5
4.7207977978218985
4.170013617913689
3.6835939862225717
3.25409026254217
2.8748168150203415
2.539846316977135
2.2440189727874853
1.982697281916178
1.75182033057868
1.5478003764661281
1.3674665951245606
1.2080118599744956
1.0669553828628193
0.942113272548486
0.8315677910704737
0.7336521356014254
0.6469243653424259
0.5701379283329402
0.5022170821326064
0.44221913082697206
0.38931305279547157
0.3427471049848769
0.3018332182724537
0.2659488364337017
0.23450447692935494
0.2069676049133875
0.18285202398822964
0.1617061259513637
0.14313786334636713
0.12679048868764387
0.11235439640124767
0.09956698537406439
0.08820270728387403
0.07807794117929046
0.06904372490530175
0.060980550547378165
0.05379219356092246
0.0473987331745942
0.04172999639732833
0.03672094919827451
0.03231014183152414
0.028436113691486575
0.025040466928822447
0.022067687379684564
0.01946449606421563
0.01718391338704972
0.015182555552257782
0.013422401255756
0.011871012431718952
0.010499837161233039
0.009285207370798965
0.00820716262464316
0.0072489509625253135
0.0063966754431126205
0.005638614907440775
0.004964650408598281
0.004366042646723578
0.003834933151674491
0.0033642798358366477
0.002947576594710455
0.002578963094128639
0.0022530662105371135
0.0019650399405630736
0.001710526602853868
0.0014856359035499977
0.0012869305228981887
0.0011113620119829193
0.0009562361869885905
0.0008191728817257271
0.000698068812645225
0.0005910660291741365
0.0004965224027664306
0.00041298723835669904
0.00033917860402521427
0.0002739642080582527
0.00021634324549246742
0.00016543153812786926
0.00012044799362431746
8.07021806279451e-5
4.5584276973542615e-5
1.4555386691483818e-5
4.7207776478875365
4.169979727377892
3.6835484309736595
3.2540343481911584
2.8747214844254976
2.5397806724307888
2.243942188567097
1.982600923019056
1.75168928147906
1.5476113294481713
1.3671855670279722
1.207598338613276
1.066371745321272
0.941328026903709
0.8305726328141088
0.7324661648415978
0.6455925261865847
0.5687320487694576
0.5008194511698312
0.44091817035828385
0.388182629449604
0.3418394641710494
0.3011878273681603
0.26556383266542927
0.23436620860468604
0.2070455466465022
0.1830911119185279
0.16205880575687104
0.14354458169262685
0.1271973742888708
0.11271930402025454
0.09985431430158442
0.08839397395754567
0.07816905016250786
0.06904372485624055
0.06090870773158574
0.05367331200425873
0.04725794212891543
0.04158902338676995
0.036596969162308035
0.03221232118284245
0.02836904308531807
0.025004338790279412
0.022057967900594555
0.01947676464775494
0.01721163562613537
0.015219546303912423
0.013463785518639249
0.0119120075719934
0.010537416458471505
0.009317421279801508
0.008233004094800656
0.007268538751046272
0.0064106458146984124
0.005647904728490971
0.004970466021546827
0.004369378926451617
0.0038367159822234598
0.0033651114063557586
0.0029479359538440164
0.0025790928281432812
0.0022531095669782175
0.001965060627639126
0.0017105218560669044
0.0014856361671471419
0.001286930871969183
0.001111362255576509
0.0009562364160844439
0.0008191730680842113
0.0006980689205651203
0.0005910660330536999
0.000496522396247201
0.0004129871349922709
0.0003391785750821441
0.00027396418544967105
0.00021634323189267946
0.00016543157812787257
0.00012044797864518841
8.070219642242193e-5
4.558427380629837e-5
1.4555395119408843e-5
4.7207569388227855
4.169944812263909
3.683501435945763
3.2539308772392954
2.874662096890256
2.5397097758707305
2.2438519393394025
1.9824762723371903
1.7515061175991415
1.5473344814217262
1.3667708128495648
1.2070032053728879
1.065559408079661
0.9402846942275467
0.8293148911724275
0.7310394436905971
0.6440733008250534
0.5672103657094514
0.4993939155432461
0.43967261335921304
0.3871777452959346
0.34112155733451033
0.30075726261832436
0.26540714524051445
0.23445065892772465
0.207310582241937
0.1834839949734608
0.1625131341398962
0.1439999802951304
0.12760639644330496
0.11304176807660582
0.10006924183014831
0.08849648275497479
0.0781690501436687
0.06896278354448881
0.06077465284908534
0.05351442825363151
0.04709876420295167
0.04144890957681824
0.036486351728514776
0.03213641703777714
0.02832811531509627
0.02499329827612673
0.022071828059428533
0.01950813175210442
0.017253540573338277
0.015266458054332688
0.013510266905508495
0.011954637584085326
0.01057395578007192
0.009346768978261366
0.008255313152979227
0.00728438947714416
0.006421221188373849
0.0056545440780846334
0.004974273019596076
0.00437141227305915
0.003837680169613833
0.0033655295644985372
0.0029480823774070686
0.0025791411273363707
0.002253131234767558
0.0019650444948906554
0.0017105278598128493
0.0014856366617426175
0.0012869309634337966
0.0011113622398193357
0.0009562365552593377
0.0008191731568167882
0.0006980690387488053
0.0005910659608074909
0.0004965222287536264
0.000412986937673665
0.00033917853905141016
0.00027396426775982974
0.00021634327367969775
0.0001654315901360448
0.00012044803366162427
8.070218899725035e-5
4.55842538604756e-5
1.4555391381954053e-5
4.720735667752211
4.16990883921263
3.6833843381294944
3.2538784454513205
2.874597770142669
2.53962630474995
2.2437345670171047
1.9823011732958222
1.751236838737995
1.546923999127424
1.3661716885483104
1.2061727179289479
1.0644773596860428
0.938964037587473
0.827800128997696
0.7294106217259113
0.6424277555947473
0.5656574061422663
0.49802811564927296
0.4385643338068057
0.386381554919887
0.34064093877331647
0.30057970532021727
0.2654979009334175
0.23474348489658947
0.20774719972932232
0.18399047220383036
0.1630219571739886
0.14445777083969613
0.12796788830721795
0.11328300251109091
0.10018442675548922
0.08849648273111921
0.07807794109233779
0.06881171039216216
0.06059549439578227
0.05333476302408524
0.04694049534228206
0.041323878366158695
0.03640050217151636
0.0320900911905726
0.028315573162304375
0.025008951142661218
0.02210731972242108
0.019555601932392364
0.017306691228193394
0.015319143867861484
0.013558615985251876
0.01199610598299472
0.010607323436239824
0.00937206632406351
0.008273278209223633
0.007296462726795738
0.006428744537180897
0.005658875316033374
0.004976570956488402
0.004372525304053632
0.0038381586991684813
0.0033656895729521352
0.002948137585039312
0.0025791563077151025
0.002253115772437475
0.001965056035547974
0.001710528351506646
0.0014856369404956382
0.0012869311440999454
0.0011113624246226195
0.0009562367067177391
0.0008191731743183439
0.0006980688797701973
0.0005910657963532628
0.0004965220812422899
0.0004129870716882422
0.0003391787505560018
0.0002739643376123979
0.00021634326973618556
0.0001654317056507537
0.00012044811539890787
8.070221055422877e-5
4.5584269813048195e-5
1.455538327910233e-5
4.720713830080524
4.169770238978391
3.683340562489141
3.253821950426917
2.8745222056034505
2.539517956712105
2.2435700017172646
1.9820436171426734
1.7508370009917913
1.5463298998247672
1.365334087819897
1.2050647699044825
1.0631058897805423
0.9373717301938775
0.8260689679377986
0.7276448383082217
0.6407471736895971
0.5641680457008116
0.49681142659385635
0.4376845502448319
0.3858464679203051
0.34043986223240985
0.30067640640406523
0.26582020996987143
0.23522735030759812
0.20831055930506093
0.18455789066010908
0.16353351053645948
0.14486237953800174
0.12823825313241066
0.11341225381154807
0.10018442676813599
0.08839397393660064
0.0779078579375918
0.06860983138688592
0.06039283476277202
0.05315612545831083
0.04679925743018387
0.041226818368317986
0.036348056384822414
0.03207584133987673
0.028333248624935692
0.025049104584516257
0.022161051841708357
0.019615793792868708
0.017366396236400128
0.015373956213510453
0.013605649761616156
0.012033954733193575
0.010635984726045322
0.0093925057449189
0.008286989886177487
0.0073049530682816055
0.006433699098646883
0.005661499036332174
0.004977853978919811
0.00437306801885029
0.003838340872856172
0.003365762019339691
0.00294814589589798
0.002579149154438909
0.0022531264333176537
0.001965056395484943
0.0017105285761038758
0.001485636825462322
0.0012869309735403789
0.001111362352010481
0.0009562363840043275
0.0008191727854454101
0.0006980684518245184
0.0005910655800995812
0.0004965220518879931
0.0004129871695477405
0.00033917873178967994
0.0002739641962223871
0.0002163432900577078
0.00016543176011918348
0.0001204480824394949
8.070223805667354e-5
4.558426518386227e-5
1.4555387542358744e-5
4.720542313187887
4.1697370548426695
3.683293588025532
3.2537558517454785
2.874424588530985
2.5393666038360423
2.243328906063789
1.9816619429172677
1.7502585469385297
1.5454989156859957
1.3642157617796529
1.2036581728046185
1.0614507335230359
0.935549513062762
0.8241904425227178
0.7258395899414074
0.6391335266245575
0.5628396235033009
0.4958435235863172
0.4370907527515122
0.3856190632433991
0.34054177872033
0.3010296716696139
0.266354798384282
0.23585243873904727
0.20894195376192215
0.18512845159615754
0.16398561687638402
0.1451649910260686
0.12838313030669735
0.11341225381343811
0.10006924182899724
0.08820270726195734
0.07768054234673549
0.06838145892160163
0.06019135590806357
0.05299668257787005
0.046689573139717666
0.041167485067636456
0.03633190326107716
0.03209579133843743
0.028378645097618005
0.025109897907758416
0.02222920989057897
0.019683434899567587
0.017428506872504634
0.01542728023347717
0.013648578199744854
0.0120664935212913
0.010659223337770918
0.009408053488288992
0.008296704067523919
0.007310649095964017
0.006436682930484494
0.005662936234455351
0.0049784573486153505
0.004373280651218003
0.003838409213133609
0.0033657720227360244
0.0029481483583779777
0.0025791600670821424
0.002253126677077333
0.0019650563774904484
0.0017105284831790968
0.001485636710992111
0.001286930896511329
0.001111362141833716
0.0009562359291050981
0.0008191722777839416
0.0006980682701804852
0.0005910656219212385
0.0004965222746102782
0.00041298716539373004
0.0003391785855475504
0.00027396417586444954
0.0002163433435740103
0.00016543164847693248
0.00012044805713529172
8.070219095301923e-5
4.558428751533228e-5
1.4555398010429599e-5
4.720522336814517
4.169701751755615
3.683239121656211
3.253671517949579
2.874289877348598
2.539146901728431
2.2429738584852816
1.9811111484932291
1.7494503770278618
1.5443888867270101
1.362794945694057
1.2019596476571044
1.0595538544292094
0.9335706039194127
0.8222675874110887
0.7241040343771763
0.6376920266960697
0.5617801213481073
0.49518715850363115
0.4368341333139316
0.38572516078717634
0.34092725488317654
0.3016182451999505
0.2670463716867353
0.23655334412308893
0.20957700855032613
0.18563274121499962
0.16432378500404088
0.14532713784431106
0.12838313035029447
0.11328300257442958
0.0998543143570636
0.08794698268115653
0.07742337446265513
0.06815433716216912
0.06001144060106345
0.052872804644991334
0.04662250522297029
0.041149173953153095
0.03635439609448987
0.032147098582333555
0.02844743679620354
0.025187058893812342
0.022305816070735673
0.019753805282573644
0.01748892554092496
0.01547591065271181
0.013685457317670569
0.012092827479504464
0.010676883219198352
0.009419113427230563
0.008303114741450734
0.00731400452118347
0.0064383026131595855
0.005663643704220789
0.004978716450311005
0.004373360036216134
0.003838435201227064
0.0033657752925799755
0.0029481590266753344
0.002579160577677264
0.0022531271126435826
0.0019650567765108207
0.00171052835544927
0.0014856363897246538
0.001286930690435284
0.0011113617185376512
0.0009562355931329591
0.0008191721785024697
0.0006980685254491803
0.0005910658994547902
0.000496522333603977
0.0004129870861975249
0.00033917857501464255
0.00027396428050163735
0.00021634327456787616
0.00016543166124982633
0.00012044797963817189
8.070221601297334e-5
4.558426408163285e-5
1.455539657069238e-5
4.720501699655312
4.169661617046229
3.6831705634830314
3.2535567187768493
2.8740971742251156
2.5388271602014836
2.2424641312443514
1.98034407203189
1.7483715081823097
1.5429793857769813
1.3610772101726258
1.2000107929125763
1.0574920282865845
0.9315420363379925
0.8204161929340996
0.7225507571645995
0.6365391029677312
0.5610580150728772
0.49489842932708417
0.4369430730653283
0.3861435400452953
0.34157267823424853
0.30238091573616543
0.2678223329692191
0.2372584891432643
0.21013835880195408
0.18600994364125079
0.16450495637363183
0.14532713786801388
0.12823825320956939
0.11304176816202016
0.0995669854693162
0.08765767336595331
0.07716759496829262
0.06795149796171263
0.05987164901182851
0.052797015578375905
0.04660173463810047
0.041174526784154786
0.03641238257958879
0.03222491309032094
0.028534743852053346
0.02527378232185118
0.022385531441882378
0.019822265724966925
0.017544099174338967
0.015517810408162802
0.013715391501298413
0.012112875096602416
0.010689373405483593
0.009426371472238237
0.008306937403017578
0.00731587017498736
0.006439125719371219
0.005663919991883759
0.00497880556719732
0.004373372421038191
0.0038384389850252276
0.0033657859983238225
0.0029481603451859684
0.002579161115225048
0.002253127652354081
0.001965057170394857
0.0017105284704834745
0.001485636398775192
0.001286930564456057
0.0011113615034297197
0.000956235612919798
0.0008191726254000997
0.000698068983750133
0.0005910662683623613
0.0004965224457773587
0.0004129871284987985
0.00033917864934451813
0.0002739642690494648
0.00021634340259435447
0.00016543165864479903
0.00012044810757760871
8.070225990763902e-5
4.55843179665294e-5
1.4555397449989016e-5
4.720478987962962
4.169612402847876
3.6830796382020683
3.253396189115027
2.873820734879665
2.5383722969286304
2.2417578599075396
1.9793224637282663
1.747002245867305
1.5412731788991971
1.3591057611660555
1.1978895317533085
1.0553752008921018
0.929584961461825
0.8187557407354271
0.7213045679571506
0.6357489225868997
0.5607342648532772
0.4950083850497329
0.43739438218893945
0.386848148920957
0.34241061787713534
0.3032372786452271
0.26860323847310497
0.23788191218270427
0.2105582483208206
0.1862120416460007
0.16450495641804697
0.14516499117967463
0.1279678884854567
0.11271930419132126
0.09924189290154128
0.08736991707912534
0.07693916924179689
0.06779389003331193
0.05978608300377264
0.05277349824179378
0.04663032661239974
0.04124003819310129
0.03650033243561879
0.03232365780971147
0.028632892709048896
0.025364055457548496
0.02246314541234451
0.01988480481803112
0.017591606697100914
0.015551756534515349
0.013738104340988322
0.012127106420465772
0.010697683574967698
0.009430723867577484
0.00830908540201225
0.007316779409820562
0.0064394247132675275
0.005664042203399333
0.004978824641757029
0.004373392424954048
0.0038384491740099946
0.0033657874248387287
0.0029481611317061507
0.0025791618996446886
0.0022531284616800207
0.0019650574645675434
0.0017105285093483857
0.0014856366247766317
0.0012869307554641551
0.001111362018452411
0.0009562363361883541
0.0008191734349241031
0.0006980696481644344
0.0005910665799460091
0.0004965226190982719
0.0004129873686311569
0.0003391788593649636
0.00027396442827054557
0.00021634355017141615
0.0001654318603110383
0.00012044819366074933
8.070230737189377e-5
4.558434961943192e-5
1.4555408726302232e-5
4.720453021130196
4.169549383406925
3.682955747647605
3.2531705788354524
2.873433176230127
2.5377469590706068
2.240821059884364
1.9780268653609303
1.7453456631000033
1.5393147293543845
1.3569562125075332
1.1957082608037206
1.0533287585671536
0.9278260117653625
0.8174187091303846
0.720444981583924
0.6353873280913369
0.5608428927581919
0.49549183090213766
0.4381596182897196
0.3877649433307324
0.3433523985218079
0.30409948524092556
0.26929376165869545
0.23834825185641417
0.2107832325841299
0.1862120414493642
0.16432378513905377
0.1448623797781119
0.12760639666120266
0.11235439660276825
0.09891848695215177
0.08711289980577508
0.07676159156055196
0.06769738358087185
0.05975951263490398
0.05280573494646834
0.046704288318536236
0.04133940707160377
0.036611990492804836
0.03243471160483402
0.02873507723025348
0.025451935218547383
0.02253389511418291
0.0199386177664449
0.0176300620913441
0.015577543610794997
0.01375429014606766
0.012136492346797034
0.010702636557658352
0.009433189038040801
0.008310095333056822
0.00731714782758619
0.00643957636775383
0.005664060680726557
0.004978826219964816
0.004373400942505157
0.0038384510032916097
0.0033657883804387723
0.002948161317258169
0.0025791619996038406
0.0022531284394116113
0.00196505721412521
0.001710528421681623
0.0014856368464526426
0.001286931149434345
0.0011113624942105105
0.0009562369581948005
0.0008191740940688419
0.0006980701346597229
0.000591066714277666
0.0004965228640303465
0.00041298767808495285
0.00033917902918467746
0.0002739646995681966
0.00021634376533086197
0.00016543195529905574
0.00012044826240131812
8.070239944579782e-5
4.558440147661713e-5
1.4087672091989134e-5
4.7204219861889
4.169466766403671
3.6827865610425343
3.252860038134752
2.8729066767857
2.536921990294311
2.2396353423911526
1.9764614177506448
1.7434415980908278
1.5371754157857453
1.354741790944726
1.193595451681067
1.0514840394726575
0.9264036032446592
0.8164897889009994
0.7200429091161098
0.635491399038826
0.5613565848284399
0.4963179980027359
0.4391578145608701
0.3887963428733663
0.3443010235506536
0.3048620293601916
0.2698103586231273
0.23859814093805376
0.2107832311889659
0.1860099434614586
0.1639856173303329
0.14445777120374803
0.1271973745967463
0.11199139323502116
0.09862960198400561
0.08691308171492906
0.07665286689310147
0.06766738460238564
0.05979582108548698
0.05288919839554307
0.0468165293886198
0.04146564082566151
0.036737617993567895
0.03255035525711314
0.028834556883847284
0.025532121393911034
0.022594966071522116
0.01998229125348594
0.017659317165890087
0.015595810952484968
0.01376486841993163
0.012142122994517557
0.01070539645926516
0.009434310198719764
0.008310540662168187
0.00731727135447624
0.006439582185686632
0.0056640493247099855
0.004978849790052031
0.004373402986136199
0.003838451378920915
0.0033657884478817124
0.002948161305828201
0.0025791618041361986
0.002253127772174679
0.0019650566529616498
0.0017105285926426461
0.00148563718639938
0.0012869316038459644
0.0011113628650969432
0.0009562374021356845
0.0008191742500649468
0.0006980698890961534
0.0005910668512303374
0.0004965232179081625
0.00041298786653776176
0.0003391794786606894
0.0002739650294882878
0.00021634390336711107
0.00016543201520313744
0.00012044843294134466
8.070280826366627e-5
4.4152209218495386e-5
0.01334796084897727
4.720385265453027
4.169357826323271
3.6825593237197185
3.2524452009889258
2.8722174921668704
2.53588176614924
2.238204882039119
1.9746601434043884
1.7413594175682983
1.534968197147998
1.3525912233858883
1.1916829007976033
1.0499850553828933
0.9254066744185581
0.8160445579738971
0.7201382455441774
0.6360320576428364
0.5622422529594049
0.4973986364302796
0.44028205019595656
0.3898358868819649
0.34514024512307007
0.3054325893608034
0.2700871846818895
0.23859814223912057
0.21055824356561015
0.18563274226747062
0.16353351106694802
0.14399998069213993
0.12679048901943002
0.11166713430409736
0.09840506480554989
0.08679072984827396
0.07661906503232085
0.06770830198195643
0.0598899805174975
0.053015950400712164
0.04695918012769429
0.04160767634191309
0.036868452947631525
0.03266295123564955
0.028925424871620642
0.025601342479574463
0.022644341139978152
0.020015364274753367
0.01768005982039611
0.015607884852835596
0.013771313391706563
0.012145265962295149
0.010706683803497263
0.009434848080387859
0.008310660464567299
0.007317328276901236
0.006439593391205811
0.005664087201802559
0.004978852868599226
0.004373404437893136
0.0038384520676633116
0.0033657882128386163
0.0029481608303862927
0.0025791613562224924
0.0022531275483599345
0.0019650569052558353
0.0017105290499994652
0.0014856375852021486
0.001286932131813856
0.0011113635582304937
0.0009562376167178144
0.0008191739582183999
0.0006980696939136166
0.0005910669899540366
0.0004965234033234012
0.00041298840714709684
0.0003391797863674384
0.0002739652504732959
0.00021634402019898857
0.0001654325031736903
0.00012044982385273073
7.825211923062625e-5
0.009995742045111111
0.022047842326609945
4.7203406749021015
4.169216576747852
3.6822626490298083
3.2519088543152193
2.871353292591104
2.5346297795577657
2.236558655896263
1.9726882330154027
1.739206487770303
1.5328160463038398
1.3506365531487408
1.190120079635848
1.0489236921532266
0.9249156031695769
0.8161258576064645
0.7207004302314015
0.6369736282672953
0.5634044869869665
0.4986173830664562
0.44141591901919064
0.3907558199515293
0.34576821719143247
0.3057383384915635
0.27008718644007956
0.23834825887154576
0.21013836492964177
0.18512845261225852
0.16302195778016682
0.1435445821838348
0.12642704421994644
0.11141511501366885
0.09826757413711285
0.08675271560210618
0.0766651805141505
0.06781448504945953
0.060033038779785386
0.053177044894692216
0.047119704655657735
0.04175565018167049
0.036995840148021486
0.03276586664864478
0.029003783555276108
0.025657196948527528
0.02268195082016078
0.020039024996236776
0.0176937712180818
0.015615250137993364
0.013774884768034568
0.012146773063646421
0.010707289853252533
0.009434992246378116
0.008310749535975326
0.007317342749719735
0.006439629998653551
0.005664092557995382
0.004978855695948248
0.004373405873982605
0.003838452633521783
0.0033657885941718035
0.0029481611827648635
0.002579161622032977
0.002253127934198851
0.001965057520070701
0.0017105294771067037
0.0014856383899415349
0.0012869330659928124
0.0011113643466913459
0.0009562377860712346
0.0008191738811849092
0.0006980699748462271
0.0005910674562699114
0.0004965240053449449
0.0004129888455510766
0.00033918025814294595
0.0002739657114680938
0.0002163450159438085
0.0001654359654654769
0.00011693934048118138
0.010010492292344964
0.011273371148735833
0.021318223717017304
4.720287283388121
4.169038452474068
3.6818850200119524
3.2512412087659106
2.870316885748768
2.533188469444973
2.2347525051841886
1.970642386388147
1.7370979887841513
1.5308515648407814
1.3490275091377577
1.1890006249393483
1.0483846538026365
0.924976269382416
0.8167016591649494
0.7216915234023595
0.6382138991002897
0.5647172227210291
0.49984745005242814
0.4424197042872242
0.39144432066763457
0.3461047721164947
0.30573833700526176
0.269810362573045
0.23788190598878867
0.20957701046484
0.1845578914328483
0.16251313476099227
0.1431378638739682
0.1261446251137892
0.11126090319006554
0.09822493248008257
0.08680468727609725
0.07678486042928334
0.06797583742757762
0.06021490938396834
0.05335842584776351
0.04728700366176675
0.041899796582602455
0.03711237718007876
0.032854587904086685
0.029067218210964363
0.025699918562875013
0.022708781085500895
0.020054481406697633
0.017702128443386478
0.015619219856846556
0.013776646747783339
0.012147388480379995
0.010707496510911518
0.009435059554598446
0.008310742462518839
0.007317377347358267
0.00643963753003618
0.005664096835933385
0.004978859015537296
0.004373407862956924
0.003838453668042696
0.003365789805344299
0.002948162746441163
0.0025791631638636403
0.0022531291856999758
0.0019650585895885087
0.0017105305529341308
0.0014856394014062246
0.0012869338679228903
0.0011113646568645663
0.0009562381986745194
0.0008191744925998279
0.0006980708955337533
0.0005910684748098305
0.0004965248155519575
0.00041298981501824983
0.000339181368965491
0.0002739677731415924
0.0002163527331937587
0.00016084377909741931
0.01002724205088823
0.01130369855000346
0.010740213366981166
0.02083238161920864
4.720226918995372
4.168816353665058
3.6814208070108307
3.250444792592474
2.869123309669183
2.531603661987941
2.232872195560366
1.9686295608631368
1.7351615412345103
1.5292188336984744
1.3478585262445777
1.188411415579508
1.048415150911632
0.9255546024295596
0.8177321851981478
0.7230028389626604
0.6396171777332462
0.5660432807041822
0.5009368837905228
0.44317108566409935
0.3918133280984337
0.3461047719622181
0.30543258350264146
0.2692937526808583
0.23725848378126546
0.20894195445074448
0.18399047295074666
0.1620588065274493
0.14282194669562642
0.12597196765052843
0.1112132379395101
0.0982835294905815
0.08693954890984568
0.07696678149426806
0.06818106404592417
0.06041970194929469
0.0535474388848689
0.047450033370252775
0.042031660836983065
0.03721280907500457
0.03292648192127956
0.029115497300780113
0.025730283713628843
0.022726359709938748
0.02006403373486787
0.017706667521382613
0.01562126606666947
0.013777318063845634
0.012147660703428542
0.010707509715738084
0.009435062536370609
0.008310799267201574
0.007317388988130169
0.006439643841388509
0.005664101233352703
0.004978861948486291
0.004373409802823858
0.003838455908578453
0.003365792314563798
0.0029481649178588754
0.0025791650346471684
0.0022531312199696174
0.0019650604781960013
0.00171053238448593
0.0014856406235423947
0.0012869345231028007
0.0011113650021403743
0.0009562389708728247
0.0008191758391440374
0.0006980723216543083
0.0005910697237139217
0.000496526337745884
0.00041299181590481737
0.00033918532422916314
0.0002739829225131274
0.00021068518811340198
0.010046265094678652
0.011338004546580738
0.010774604461456505
0.010483838135585621
0.020566558379596867
4.720155048221396
4.1685481254765335
3.68087111263178
3.24952748053662
2.8678075927794726
2.5299465012975695
2.2310102135437773
1.96676671385887
1.733534691410108
1.5280131072454313
1.3472180238700577
1.1884010114569263
1.0489824106738572
0.9266102900134463
0.8191031030752294
0.7244895039859491
0.6410361694087117
0.5672182603146343
0.5017525375730818
0.44357386337534876
0.39181332803291546
0.34576821677213765
0.3048620341292967
0.26860323595469815
0.23655334103699044
0.20831055958699096
0.18348399579770636
0.1617061268813016
0.14262902107923203
0.12591885914087442
0.11127932711492416
0.09843538978847644
0.0871445199339771
0.0771981670039743
0.06841216789988902
0.06063319474983864
0.05373171235130769
0.0475990776596964
0.04214521197044885
0.03729419399835088
0.032981151748819215
0.029149957655302927
0.025750332263395848
0.022737122834720402
0.020069206664366845
0.017708935777714707
0.015622046521174937
0.01377758289269071
0.012147731934525119
0.010707584923485669
0.009435141454506635
0.008310814826822721
0.007317397128144165
0.006439649576766904
0.005664106034273253
0.004978865463566073
0.004373412535384702
0.003838458671955536
0.003365794886906137
0.0029481672869939857
0.002579167432864793
0.002253133671711538
0.001965062608362267
0.0017105341135037477
0.0014856418152451312
0.0012869352461200023
0.0011113665591349076
0.0009562408794048238
0.0008191779915609487
0.0006980744832487673
0.0005910720773227851
0.000496529977223048
0.000412998963237321
0.00033921355683830257
0.0002672867528445977
0.010067868560334592
0.0113767831222229
0.010813516599886164
0.010518779321341043
0.010347969719441075
0.020407743395101097
4.720072938713363
4.1682356782765195
3.680237688048595
3.248512819675826
2.866423575240011
2.528291582631495
2.2292715557377907
1.9651802532444202
1.732309012518399
1.5273209646794976
1.3471546801593117
1.1889387625642884
1.0500430346715603
0.9280240226561638
0.8206612596885297
0.725994619721388
0.6422941899276724
0.568098229600551
0.5021898133640548
0.44357386342187866
0.3914443206473317
0.3451402454636865
0.30409948769850637
0.26782233144736356
0.23585243701402892
0.20774720010159964
0.18309111312133286
0.1614910818242885
0.1425701156510648
0.12599345164539688
0.11145024676248294
0.09866620687961447
0.08740526184853437
0.07745887132687024
0.0686532249175631
0.06084139017066725
0.053900228404762274
0.04772772814690107
0.042237470232414864
0.03735631025613806
0.03302027928168716
0.02917273527611819
0.025762507287171665
0.02274311211523017
0.020071743802041908
0.017709900727994388
0.015622365036199959
0.013777752672769594
0.012147775876499622
0.010707657222420508
0.009435163570471694
0.008310827841293111
0.007317406623678302
0.006439657129125642
0.005664112693639645
0.004978871278876085
0.004373418003631002
0.003838463397221936
0.003365798619988425
0.002948170637959713
0.002579170961271693
0.0022531368727962686
0.001965065568088953
0.0017105361661915452
0.0014856433829342208
0.0012869375233490743
0.001111369371669113
0.0009562442021584516
0.0008191816551681441
0.0006980787182415682
0.0005910785433549393
0.0004965427059939742
0.0004130495554317548
0.00033159091767842597
0.010092430150538956
0.011420625966222175
0.010857565117614598
0.010558321612822219
0.010383034403275815
0.010267345149133078
0.020305606753289407
4.7199844426958695
4.167874295697155
3.6795343680944645
3.2474370585486345
2.86502664287472
2.5267271950198706
2.22776411386131
1.9639549076085019
1.7315668763689058
1.5271914941022482
1.3476399296961041
1.1899792608153503
1.0514767919920107
0.9296359325523946
0.8222410739804982
0.7273299398041626
0.6432366307859656
0.5685700294205125
0.5021898133678242
0.44317108563266405
0.39075581985705554
0.3443010238077777
0.3032372794487195
0.26704637051135993
0.2352273492560828
0.20731058282140324
0.18285202580473658
0.16142602613266277
0.14265438356163695
0.12618579555933973
0.11170998176953972
0.09895986152847325
0.08769915040538034
0.07773084444693268
0.0688883367121953
0.061031990376699596
0.05404591709477202
0.04783216386323108
0.042307996645617685
0.03740064461297443
0.0330461625051095
0.02918666995816732
0.025769328705608885
0.022745950688515038
0.020072909821008622
0.01771032778768955
0.015622562277051166
0.013777777643056766
0.01214787736235845
0.010707689608246085
0.00943518198445048
0.008310841449685746
0.0073174177136241525
0.006439667452236897
0.005664121698628399
0.004978878895766314
0.004373425143690213
0.0038384702050420216
0.0033658047424243165
0.0029481758339988673
0.0025791757892257294
0.0022531413635311637
0.0019650693303434608
0.0017105392249572304
0.00148564706124521
0.0012869420296279799
0.001111374438167445
0.0009562500124733475
0.0008191884726320708
0.0006980893690977652
0.0005911001013618744
0.0004966295962969269
0.0004046776051769285
0.01012038554891026
0.011470172992819272
0.010907408627772064
0.010603080369143925
0.010422724122795657
0.010302442709089199
0.010215582621849073
0.020236217601463657
4.71988051471732
4.167471680309143
3.6787809612613724
3.246335264194213
2.863683794187769
2.5253418901610933
2.226566004237485
1.9631696344414875
1.7313583698020252
1.527599175465446
1.3486300980407537
1.1914030282067656
1.0531182454709072
0.9312731449355969
0.82364389837592
0.7283306264074376
0.6437420303641268
0.5685700295638716
0.5017525377697751
0.4424197043484295
0.38983588682047277
0.34335239855709965
0.3023809157185404
0.26635479742633716
0.23474348425736657
0.20704554769228878
0.18278058372340134
0.1615212968103803
0.14287067509762785
0.1264778438499654
0.11204046153839542
0.09929088245539841
0.08800581153150144
0.07799633880099055
0.06910378542827011
0.061196644446983584
0.05416411815924427
0.04791210687969283
0.042358140571018055
0.03742994392161236
0.033062014116241656
0.02919431379408799
0.025772682190455143
0.022747360510924075
0.020073409717581647
0.017710445792063823
0.015622599760132694
0.013777906153371156
0.012147921366596925
0.010707716153373958
0.009435201887403544
0.008310857821767215
0.007317431712610123
0.006439679424934397
0.005664131707830755
0.004978888062529663
0.004373434089156802
0.0038384783879612527
0.003365811935923446
0.0029481827210577904
0.0025791820848697355
0.00225314710177571
0.0019650742669936605
0.001710544604611286
0.0014856535673031246
0.0012869497402876462
0.0011113833905325166
0.0009562609729565352
0.0008192059756622072
0.000698124843874659
0.000591244999753826
0.0004877855223011096
0.010152226508936213
0.011526160917425976
0.01096380679844966
0.010653742110674713
0.010467635092956229
0.010342166822490562
0.010250691139018109
0.01018044293485243
0.02018724378813319
4.719765848924174
4.1670351557642755
3.6779939016323593
3.245254387035433
2.862463960241457
2.524202678970018
2.2257476524999595
1.9628706072957733
1.7316605623218133
1.5285021494002753
1.3500058661638086
1.1930416484972675
1.0547888146000268
0.9327287397901269
0.8246955862128598
0.7288673743176304
0.6437420304476849
0.5680982298354964
0.5009368839970154
0.4414159189951725
0.3887963426294867
0.34241061745720014
0.30161824453154296
0.26582020897906755
0.2344506582802941
0.20696760655716595
0.18288835148980098
0.1617643714649395
0.14319884094073743
0.12684943127742887
0.11241302241591633
0.09963645733625448
0.088305313008191
0.07823947904178308
0.06928984666788285
0.06133053705579794
0.054254639428170215
0.047968969319938104
0.042391602563014
0.037448112592409544
0.03307079223488074
0.029198318117545696
0.025774296775688654
0.022747883300745286
0.020073525849830354
0.0177105717332946
0.01562276133933782
0.013777968248069428
0.012147960401173385
0.01070774551862641
0.009435226415154041
0.0083108790368156
0.00731745021965402
0.006439694754444503
0.005664144616944533
0.004978900009026788
0.004373445221869332
0.003838488584119837
0.0033658215185417006
0.002948191887562679
0.0025791903378493686
0.002253154583844008
0.001965081966553761
0.001710554083331317
0.001485665008090109
0.0012869631611929222
0.0011114004021655077
0.0009562883770852793
0.0008192632240291431
0.000698360020694011
0.0005823370278443818
0.010188534696744966
0.011589424209688559
0.011027608555077784
0.010711079749873065
0.01051846881552887
0.010387125162632849
0.010290432182892495
0.010215557407390996
0.01015565738803037
0.020151851185629788
4.719642099571012
4.166567000011289
3.6772019611074542
3.2442402514809348
2.861419321081037
2.523368223898042
2.225352015361697
1.9630399585269895
1.73243580525673
1.529785881187106
1.351601319939939
1.194714771249231
1.0562762833728074
0.9338206637608453
0.8252598182729463
0.7288673745296972
0.6432366312412139
0.5672182608423615
0.49984745045717816
0.44028205025137357
0.3877649430189587
0.3415726774602774
0.30102967058332997
0.26549789994522044
0.23436620758196192
0.2070896191757532
0.18316141998680102
0.1621328182557722
0.14361628428518447
0.12726841164069924
0.11280211613436819
0.09997403245651082
0.08857969092642115
0.07844983076392076
0.06944130150559324
0.06143293614691547
0.05431936887796596
0.048007014862525565
0.04241217884602477
0.03745818851480465
0.03307537539547489
0.02920011951357715
0.025774863504837597
0.022748122725008812
0.02007373578725158
0.017710763511618488
0.015622848783612753
0.013778022256986766
0.012148002866872787
0.010707780678943735
0.009435256331761899
0.008310904927784968
0.007317472365742539
0.0064397142595602475
0.005664162330872635
0.004978916105740083
0.004373459632948773
0.00383850189433943
0.003365834551835256
0.0029482041824167027
0.0025792019387820275
0.002253166200865131
0.001965096094543206
0.0017105708900153616
0.0014856852815618993
0.0012869896185181418
0.0011114432226948523
0.00095637967040485
0.0008196369254882541
0.000689967324360552
0.010229977187975248
0.01166088123744391
0.01109977990833766
0.010775964148057149
0.010576000907817296
0.010437997320821069
0.01033540364368779
0.010255294347885524
0.01019076903487015
0.010137722388723347
0.020125677818012555
4.719500076963858
4.16608160627559
3.6764298341530592
3.2433301894705195
2.860595606347487
2.522877815440273
2.225365213885603
1.963645703379422
1.7335782642141107
1.5312902371688022
1.3532378685466577
1.1962068292651171
1.0573933543511593
0.934406585861117
0.8252598181160522
0.7283306268420455
0.6422941905486708
0.5660432813353378
0.4986173834881553
0.43915781452056724
0.38684814835657644
0.3409272535651393
0.3006764047698125
0.2654071441366046
0.2345044744479594
0.20739613886820152
0.1835746918796417
0.16260134477342092
0.14408702707480092
0.1277060439651576
0.1131823018700624
0.10028350350009951
0.08881724942004965
0.0786210075225906
0.06955730506954882
0.06150657639301915
0.0543624425328737
0.048030559160414654
0.04242374222667866
0.03746336282477003
0.03307740480483812
0.029200829710733345
0.025775183730465834
0.022748322888696215
0.02007396991755428
0.01771088798063314
0.015622930942784663
0.013778085934547768
0.012148055363326193
0.01070782456875019
0.009435293920124543
0.008310938097562115
0.007317501534100046
0.006439739790434551
0.005664185525205312
0.004978937865891098
0.004373479983856399
0.0038385211337628178
0.003365853284157616
0.002948221937295159
0.0025792199556029516
0.0022531874627960136
0.001965121005987669
0.0017106020146844259
0.0014857264918619606
0.0012870559374098534
0.0011115870696594143
0.0009569639655522266
0.0008125579697386698
0.01027735692053433
0.01174159761781901
0.011181432500062094
0.010849389914042717
0.010641122151408666
0.010495585626306259
0.010386303884471815
0.010300281323534222
0.010230503470555874
0.010172837561624348
0.010124485401721728
0.020106102892216704
4.719347808148612
4.165586992754561
3.6757000931485537
3.2425567383959013
2.8600268042769748
2.522723206031514
2.225764912081748
1.9645949409166894
1.7349372817237034
1.5328427615366662
1.354700595945892
1.197328738768722
1.0579928626396833
0.9344065856233152
0.8246955859444327
0.7273299406863751
0.6410361703995999
0.5647172236663165
0.4973986370611394
0.4381596183297347
0.3861435393700665
0.3405417769195873
0.3005797031874371
0.2655638317573894
0.23484821485119944
0.20785917211765437
0.1840999288055496
0.1631296751795288
0.14457883655372772
0.12813386528768334
0.1135311869678608
0.10055171755252879
0.08901106348956489
0.07875273424113072
0.06964098907799254
0.06155569587401022
0.054389362622460524
0.04804384549042329
0.042429783662911724
0.0374657939594929
0.03307839112316824
0.02920126065692319
0.02577545672017134
0.022748661831616168
0.020074146921674973
0.01771100843500939
0.015623024623621973
0.013778163925199927
0.012148120685750996
0.01070787949082952
0.009435342237368971
0.008310980833068804
0.007317539626244596
0.006439774144049615
0.005664216959503143
0.0049789668032023116
0.0043735076456963284
0.003838548527781427
0.0033658798392863787
0.0029482494682024907
0.0025792513981679477
0.0022532243103237093
0.0019651672938039155
0.0017106647871401037
0.0014858281599563483
0.0012872792471547712
0.0011124863650620043
0.0009522755386823789
0.010331611218191927
0.011832736351110817
0.011273796255852453
0.010932476663599644
0.010714818872894938
0.010560774230873093
0.010443914999942017
0.01035120202766393
0.010275496096586068
0.010212586517980071
0.010159610722820567
0.01011458562138845
0.020091384583494243
4.71918105038935
4.165093411866617
3.675033659977591
3.2419475269972713
2.859711872463312
2.522891283029481
2.2264724208716213
1.9657527060005338
1.7363528171359506
1.534235774555019
1.3558020226896548
1.1979312853793456
1.057992862424149
0.9338206628576886
0.8236438977972487
0.725994620871754
0.6396171788833822
0.5634044880678521
0.49631799866463844
0.43739438215548887
0.3857251598445428
0.3404398596787628
0.3007572597012622
0.265948836396638
0.23536630663649305
0.2084472510201678
0.18469220848621504
0.16368183702438532
0.14505996311440406
0.12852699928321432
0.11383380966232526
0.10077081412212063
0.08916016672013516
0.07884756855796482
0.06969700091432518
0.061586274082749526
0.05440478432215201
0.04805090096274256
0.04243280079987155
0.03746711651465784
0.03307897987700592
0.029201629569796772
0.02577591189691031
0.022748910179516635
0.02007431712524088
0.017711143916052663
0.015623135845773461
0.013778258186233572
0.012148200993952862
0.010707949394300087
0.00943540402385512
0.008311035627984964
0.007317589060462204
0.006439819808925051
0.005664259609988065
0.0049790075041658
0.004373547343270445
0.003838588014173361
0.0033659208146001873
0.0029482957782471786
0.0025793059574521493
0.002253292903591664
0.001965262719647143
0.0017108197908921596
0.0014861704890307692
0.0012886453774241247
0.0011116163270603607
0.010393852550418359
0.011935622666467083
0.011378271349019364
0.011026495543493553
0.01079820780261187
0.010634541535175401
0.010509109883129142
0.01040881713044417
0.010326412068324409
0.010257561250384128
0.010199356434191564
0.01014971922824337
0.010107116482042322
0.020080203720451717
4.71900076240851
4.164612120410173
3.6744501264398197
3.2415070867526805
2.8596436532763767
2.5233218886876423
2.2273756319245903
1.9669745329924657
1.7376295288414396
1.535286360063394
1.3563941452266555
1.197931285924668
1.057393353847342
0.9327287383800993
0.8222410732993346
0.7244895056572869
0.6382139006089185
0.5622422544023351
0.4954918317870014
0.43694307316368874
0.38561906220456077
0.3406409354051343
0.3011878234805465
0.26652762223358994
0.2360237590239036
0.20911032874362956
0.18531136461999242
0.16422231170284185
0.14550225190070165
0.12886826588342615
0.11408128918837068
0.10093965502215152
0.08926776935754255
0.07891140761084614
0.06973215445272629
0.06160419619200308
0.05441295095363863
0.04805450540794265
0.042434325107192805
0.03746780853091192
0.03307948341436706
0.029202223898832536
0.02577626441831704
0.022749158581687468
0.02007451269029037
0.017711305959212886
0.015623272962353774
0.013778376502615153
0.012148303766545965
0.010708040083027726
0.009435484424767715
0.008311108288264535
0.007317656017809426
0.006439882545717701
0.005664319432581166
0.0049790661955722015
0.004373606752182901
0.0038386498794968915
0.0033659898496818386
0.002948377167847127
0.002579408385999571
0.002253436494157768
0.0019654977904925985
0.0017113403870228083
0.0014882214708995534
0.0012934576710650347
0.010465413169649551
0.012051755734098002
0.011496438861680502
0.0111328926269465
0.01089258231203516
0.010718026026295568
0.010582905808097287
0.010474023157800438
0.010384029996775901
0.010308472623349552
0.010244327658642582
0.01018945491100709
0.010142246413014533
0.010101449149811259
0.020071737793413647
4.718810190147733
4.164153552328427
3.6739574584250345
3.2412348391886305
2.8597869021352023
2.5239279562881047
2.228349473712134
1.968085367932352
1.73859504845149
1.5358519204684353
1.3563941456005115
1.1973287403222068
1.05627628293606
0.9312731427869299
0.8206612587063606
0.7230028410028275
0.6369736299133715
0.5613565864785608
0.49500838597813424
0.4368341334380963
0.38584646668033873
0.3411215527119671
0.3018332125904184
0.2672613763718754
0.23676496106129896
0.2098036275506372
0.18591769656832113
0.16471939619262166
0.14588686316950383
0.129147936114415
0.1142727287618408
0.10106200606902505
0.08934080528065902
0.07895186762032225
0.06975272115190823
0.06161385062012581
0.05441732248832043
0.04805633387655295
0.042435300138582654
0.03746860472364588
0.03308024072857041
0.029202722751049848
0.025776623437284485
0.022749442369546458
0.020074748788652563
0.01771150510992392
0.015623445221296883
0.013778526501251775
0.012148435927303858
0.010708158701856263
0.00943559195648458
0.008311206607971577
0.007317748148376602
0.0064399712094864725
0.005664406796045185
0.004979154557151588
0.004373699054365687
0.0038387517379812053
0.0033661107048423844
0.00294852937404233
0.0025796231887307286
0.0022537911849420666
0.001966282865364377
0.0017143857113834926
0.0015011164733937932
0.010547875844105103
0.01218280799490934
0.011630082329147307
0.011253294447787887
0.010999394860460754
0.010812506741836536
0.010666420705971902
0.010547827732967363
0.010449242744052789
0.010366095773599149
0.010295236677057673
0.010234430480065448
0.010181989204512298
0.010136569673117712
0.01009715721648341
0.020065379368819247
4.718611368717635
4.163727264322379
3.6735606340573836
3.2411172637126016
2.8600784920256372
2.5246121563709334
2.22924748626865
1.96892945947118
1.7391157294533284
1.5358519198638487
1.3558020238136144
1.1962068419282414
1.0547888169367838
0.9296359297460013
0.8191031020022894
0.721691526098307
0.6360320596068654
0.560842894871552
0.4948984304740831
0.4370907531711863
0.3863815537326758
0.3418394579948698
0.30265037402745865
0.26808830344824663
0.2375399519764816
0.21048283131251377
0.18647580245194728
0.16515218323155523
0.14620233879949662
0.1293642701744373
0.11441173531187321
0.10114546231771993
0.08938726019411458
0.07897581277131671
0.06976432957737355
0.0616192286886017
0.05441985818219841
0.04805780042419805
0.04243634228101012
0.03746955989856371
0.03308093742755336
0.02920323645356948
0.025777033516714454
0.022749780996385027
0.020075037564566856
0.017711754330551166
0.015623662399338656
0.013778717802865437
0.012148607294403035
0.010708314535074592
0.00943573588504254
0.008311341877274003
0.007317878020025148
0.00644009947860269
0.005664537576318018
0.004979291595366142
0.004373849791161177
0.00383893037436156
0.0033663363579616856
0.002948849039754897
0.0025801536597072072
0.002254965966575817
0.0019707590749593606
0.001738414182499426
0.010643139104842714
0.012330666392024625
0.011781215473013695
0.011389540533379261
0.01112028270977472
0.010919437394679044
0.010760937405148496
0.010631361351979507
0.010523047769123828
0.010431301534466364
0.010352860236593209
0.010285344916873385
0.010226964242275649
0.010176321515542597
0.010132276775611793
0.010093931552857427
0.020060614461999027
4.71841022476764
4.163337847098585
3.673262239601601
3.2411176177744356
2.860453294390912
2.525258376962561
2.229934265076901
1.969385619759271
1.7391157296232622
1.5352863583700436
1.3547005892925266
1.1947147672821332
1.0531182466749538
0.9280240188885198
0.8177321838352194
0.720700433473719
0.6354914010748232
0.5607342673242295
0.49518715966142945
0.43768455095609937
0.3871777442053821
0.34274709653223656
0.30357083943094754
0.26895296544809266
0.23829953785275837
0.2111085593926365
0.18696233001355367
0.16550771148136523
0.14644718714161087
0.12952237150379187
0.1145068699062044
0.10119904109736222
0.08941535969400594
0.07898964822814403
0.06977084103831022
0.06162248529044323
0.05442167596750469
0.04805923662435596
0.04243766854506692
0.037470533943284146
0.03308167385681404
0.029203825420729856
0.025777523141212733
0.022750197437599873
0.020075396569056103
0.017712068094341227
0.015623940149781745
0.013778966895926281
0.012148833639463064
0.010708523400626113
0.009435932309046713
0.00831153091704806
0.007318065603009849
0.0064402911586380895
0.005664738760033039
0.004979513707028538
0.004374112223611171
0.00383926376965249
0.0033668097853372103
0.0029496379663802585
0.002581899317044112
0.0022614811940036006
0.0020097492087520763
0.010753487416883978
0.012497446707766535
0.01195210172999861
0.011543707667991399
0.011257098014144873
0.011040465112259312
0.010867907012106492
0.010725896075777896
0.01060658725524366
0.010505105769349043
0.010418065166348356
0.01034296153776637
0.010277883596470083
0.010221301117676163
0.010172026820974622
0.010129052511073766
0.010091515396773332
0.02005705268576463
4.718205613995186
4.162999202768812
3.67304862337146
3.241200485486317
2.8608290957602027
2.525759340762409
2.2303072565331203
1.9693856195182433
1.73859504866688
1.5342357710947176
1.353237870059668
1.1930416507504105
1.0514767929569784
0.9266102853277092
0.8167016577185242
0.7201382496680635
0.6353873303325948
0.5610580182200895
0.49584352486353467
0.43856433522259675
0.3881826289614283
0.34376886002004614
0.3045332916638648
0.26980079375912336
0.2390000965635286
0.2116548675401706
0.1873629764793785
0.1657849048810398
0.14662672140155486
0.12963113630842127
0.1145689468855311
0.10123176565618408
0.08943162139070715
0.07899761836121844
0.06977505519486638
0.0616251390245095
0.05442379776451656
0.04806100132250535
0.042439035669670666
0.0374715845473812
0.03308252041963833
0.029204531206326045
0.025778123344415427
0.02275071670952844
0.020075850447091703
0.01771246901472967
0.015624300131801938
0.01377929471555106
0.012149137195127224
0.010708809929936614
0.009436208513869282
0.008311804611294882
0.007318344917210062
0.006440585842931057
0.005665065277852932
0.004979899046745118
0.0043746034429750225
0.003839962128090235
0.003367977137239464
0.002952213359080247
0.002591293514254467
0.002320173755952837
0.010881668724103122
0.012685537171558181
0.012145299320422076
0.011718146996892997
0.0114119322850037
0.011177437807600832
0.010988971112204204
0.010832881401320549
0.01070113141106166
0.010588642680269267
0.010491867163060498
0.010408171196691463
0.0103355041181592
0.01027221736730155
0.010217012067189835
0.010168801520555881
0.010126632023882642
0.01008970617872329
0.020054421609285722
4.71801456773491
4.162710008246966
3.672909193079742
3.241319320863363
2.861129430137511
2.5260334481374715
2.2303072567894557
1.9689294592377986
1.7376295294232866
1.532842759498393
1.351601320256362
1.191403031749823
1.0500430352969623
0.9255545964670855
0.8161258558735707
0.7200429140834261
0.6357489247264674
0.5617801251678705
0.49681142766810105
0.43967261569014315
0.3893130533720468
0.34483702574994535
0.30547729228427034
0.27058348045459546
0.2396123028912367
0.2121057063531513
0.1876759832415722
0.16598901151136847
0.1467514812206563
0.12970282727313354
0.11460747283784745
0.10125167619390574
0.08944199593828905
0.07900347808917729
0.06977881260138208
0.06162773330238558
0.054426114801926495
0.048062915794299776
0.04244053433456063
0.037472801330177496
0.03308353596083258
0.02920539751696527
0.02577887171745452
0.022751372969825212
0.02007643259714964
0.01771299102316437
0.01562477523344441
0.013779735536143534
0.012149553512649902
0.010709211561080068
0.009436607015604004
0.008312212361720306
0.007318776600383714
0.0064410640925673945
0.005665629982536835
0.004980620317394546
0.004375630221174376
0.0038416814696837776
0.0033717525384018288
0.0029656337424173174
0.0026754753565905176
0.011030995791337261
0.012897631194280557
0.012363690987837295
0.01191551670431501
0.011587155155031503
0.011332461467310928
0.01112599834542305
0.01095396447467678
0.010808119991648546
0.010683180835649786
0.01057539944701702
0.010481973717526571
0.01040071231870332
0.010329846314962587
0.010267925860085292
0.010213788143550673
0.010166378999665326
0.010124822329274252
0.01008836598667262
0.020052477168189586
4.717835629127184
4.162475618067436
3.672828140005265
3.241427280348603
2.8612966518157403
2.526033447931727
2.2299342651646166
1.9680853672119252
1.736352818279168
1.531290234423544
1.350005867080616
1.1899792658025121
1.048982411162223
0.9249762621159823
0.8160445561454646
0.7204449878122663
0.6365391050356584
0.5628396284565653
0.4980281164221738
0.4409181743241497
0.39049438405690484
0.34588491543608413
0.3063491995786256
0.27126802672557027
0.240118526871405
0.2124589395563028
0.1879078577986295
0.16613180909456826
0.146834279014449
0.12974840410263155
0.11463157837217341
0.10126462731011898
0.08944950353403858
0.07900823222814957
0.06978234013606244
0.061631044562941995
0.05442879682885238
0.04806504949273194
0.04244227850564286
0.0374742642850725
0.033084783328269474
0.029206477441086065
0.025779819129301274
0.022752214924374847
0.02007718906708167
0.017713681258983982
0.015625415756857386
0.013780341226601323
0.012150139138871197
0.010709792351040193
0.009437201059737
0.008312842419507582
0.0073194754921726
0.006441889923211264
0.005666686133626975
0.0049821244263972275
0.00437814908266887
0.0038471793107950347
0.00339074548111018
0.0030822580739622296
0.01120544732769524
0.013136775951832824
0.01261052503946658
0.012138825359684802
0.011785453188675632
0.01150790859915407
0.011281086051115885
0.011091017731788888
0.010929217887863274
0.010790179659008636
0.010669937611711866
0.010565503735585402
0.010474521090100275
0.01039505501493121
0.010325553152698674
0.010264701347749039
0.010211362004502789
0.010164567612059194
0.010123484316770792
0.01008737606576915
0.02005101202022841
4.717677811778012
4.162301793680823
3.672784751180831
3.241491830165792
2.8612966520271197
2.5257593409741026
2.2292474868739993
1.9669745528228808
1.7349372848195537
1.5297858771409545
1.348630099547056
1.1889387689882418
1.0484151511790278
0.9249155941653919
0.8164897867609895
0.7213045755314766
0.6376920282425997
0.5641680520061421
0.4993939153432816
0.4422191370854769
0.3916533031649596
0.3468531091113336
0.30711281913603994
0.27183542571997066
0.24051671770193472
0.21272178083770932
0.18807116573422622
0.16622788980557157
0.14688807194123044
0.1297775775093326
0.11464772929486777
0.10127420222313788
0.08945603253647327
0.07901331054817717
0.06978688142675082
0.06163480198150584
0.05443181450967405
0.04806753533196506
0.04244436943009067
0.03747605271461296
0.03308633521270643
0.02920783950798711
0.025781030051064135
0.022753305571429294
0.020078185804509374
0.017714606882991646
0.01562629248583658
0.013781189764164203
0.012150980929010124
0.010710654709723322
0.00943811804005179
0.008313861139315648
0.007320678995984764
0.0064434301563185414
0.005668879620219336
0.004985794684389866
0.004386098697700902
0.003873802282051919
0.003548016587529901
0.011409793975408533
0.013406414671178979
0.012889450078760412
0.012391462898345473
0.012009853277055171
0.011706461469455753
0.01145660406759852
0.011246132009413046
0.011066279359799758
0.010911279523040385
0.010776936774052892
0.01066004764574835
0.0105580582067768
0.010468867261547388
0.010390769955124668
0.01032232457766824
0.010262271906387177
0.01020955047937111
0.010163229543121766
0.01012249470319837
0.010086630565903754
0.020049882496358862
4.717555002839814
4.1621836371626975
3.6727675577512873
3.2414918299212983
2.861129429911211
2.525258376762822
2.2283494535888444
1.9657526870223796
1.7335782669275939
1.528502143824035
1.347639931784478
1.1884010195034054
1.0483846540635593
0.9254066635469416
0.8174187068320329
0.7225507666571147
0.6391335274593217
0.5656574145938933
0.5008194493103728
0.4434951326966168
0.39272440067677206
0.3477020181518302
0.3077467174438473
0.2722827496902136
0.24081419856504827
0.21290838702212156
0.188182547598438
0.1662913554044474
0.1469237333936979
0.1297980900484097
0.11466046017704468
0.10128326990854042
0.0894629585669291
0.07901948222810518
0.06979212121227096
0.061639058933600666
0.05443534558319563
0.04807051760204217
0.04244692748899492
0.03747827404538029
0.033088290811748244
0.02920958162968912
0.02578260119019582
0.022754743162477276
0.020079523050161363
0.017715874777069374
0.015627520823756846
0.013782409944414376
0.012152231815007575
0.010711985578927496
0.00943959853224996
0.008315610899222392
0.007322918274538459
0.006446617917100994
0.005674199193657969
0.00499720507221646
0.004423048668374285
0.004081198672329478
0.011649742273739605
0.013710463813862539
0.013204582370167195
0.012677268404631015
0.012263792842746035
0.011931167652560859
0.011655238112525446
0.011421671190785077
0.011221394343698066
0.011048339479261315
0.010898035148372287
0.010767042907977142
0.010652598709289585
0.010552409762827786
0.010464580170552296
0.010387542105362968
0.010319891396740388
0.010260459886243467
0.010208213269771171
0.010162240371974995
0.010121748578165501
0.010086054263505062
0.020049009177261823
4.717465844614581
4.162125220817584
3.6727675579210484
3.241427280311988
2.860829095955036
2.5246121562249213
2.2273756468751276
1.9645949384334065
1.732435808517149
1.5275991683655112
1.347154682838417
1.188411425295473
1.0489236923596357
0.926403589967645
0.8187557380249837
0.7241040460959081
0.6407471730446579
0.5672103770445647
0.5022170698236916
0.44467464763395625
0.3936642210548733
0.3484077353634252
0.3082478300414859
0.27261865747289704
0.24102712322772124
0.21303742487332133
0.18825773570060278
0.16633478518168232
0.1469498904448816
0.12981513046397808
0.11467267769305511
0.1012929170512944
0.08947145286723934
0.079026753587498
0.06979809598966824
0.06164404909030807
0.05443957992728965
0.04807416091095895
0.04245010351004286
0.03748107334521311
0.03309078763211559
0.029211838446721927
0.0257846709309959
0.02275667137928128
0.020081352699715005
0.01771764969313594
0.015629286652539598
0.013784221069193414
0.012154159665688447
0.010714133189037689
0.009442136776852017
0.008318855659428692
0.007327532215791521
0.006454285048222985
0.005690448558596017
0.005047955324098297
0.004691244380539139
0.011932082122834586
0.01405339445997722
0.01356054988782418
0.013000584512700364
0.012551166507785538
0.012185484658907342
0.011880054681141061
0.011620345931781628
0.01139694972437777
0.011203459722184839
0.01103509155537985
0.01088814280204975
0.010759601038670574
0.010646951193911569
0.010548124011231508
0.010461350872832398
0.01038510479428556
0.010318078326623237
0.010259124274567988
0.01020722415905606
0.010161495189620062
0.01012117173351168
0.010085608142042624
0.02004835014484696
4.717420574242359
4.16212522086537
3.672784751403543
3.241319320341085
2.860453294145453
2.523927956953438
2.2264724201497796
1.9636457004272025
1.7316605659166853
1.527191485194046
1.3472180271323881
1.189000636564498
1.0499850557797163
0.9278259958139667
0.8204161898911844
0.7258396047567004
0.6424277528064017
0.5687320746943918
0.5035089290429697
0.4457098327134599
0.3944462035911913
0.34896695182766724
0.30862586083880217
0.27286095809568955
0.24117613698792084
0.21312616628039027
0.1883105131284637
0.16636772220448215
0.14697196042720506
0.12983143287224763
0.1146859018194002
0.1013043971119938
0.08948147365491455
0.0790350708495744
0.0698050932193981
0.06165001560296979
0.05444473304798603
0.048078662538495465
0.04245408300776088
0.03748463264359003
0.033094011777284216
0.02921479855862774
0.025787433174444985
0.022759296516168703
0.020083902037892898
0.01772019005251746
0.015631895228058745
0.013786999265507305
0.012157256885581447
0.010717794481524656
0.009446814896707956
0.008325496279198319
0.00733850988641116
0.006477222405361083
0.005759380002982262
0.005388589396928545
0.01226482959959796
0.014440312150624912
0.013962538891972187
0.013366297462798826
0.01287635978631485
0.012473306464925393
0.01213450138997807
0.011845208628858295
0.011595642550319418
0.011379023166442792
0.01119021511293461
0.011025204316745807
0.01088070417502962
0.010753955648357127
0.010642669465206644
0.010544888875871905
0.010458912829986566
0.010383291219617341
0.010316744188730631
0.010258134853920353
0.010206479628752874
0.010160918963049603
0.010120725554791044
0.010085271727000134
0.0200478536357922
4.717420574029904
4.162183636987516
3.6728281405671694
3.2412004851780987
2.8600784921976032
2.5233218902350276
2.2257649118228535
1.9630399555731906
1.7313583741262462
1.5273209539263553
1.347858530096619
1.1901200933035372
1.0514840400684964
0.9295849421514646
0.8222675836912874
0.7276448569425131
0.6440733048448424
0.5701379544693648
0.5046425593801649
0.4465718340394673
0.3950669582311441
0.34938999866434806
0.30889993594773024
0.27303200580081466
0.24128005236318373
0.21318987198792172
0.18835158376330963
0.16639625811179126
0.1469936704789392
0.12984894012382764
0.11470137488724941
0.10131809327316077
0.08949296818303498
0.07904481605031322
0.06981344930449751
0.06165726247937009
0.05445108742017535
0.048084295738012095
0.042459132023386026
0.03748921633750424
0.03309822989282729
0.029218742060075797
0.025791187135138394
0.022762946554586883
0.02008754316824124
0.01772393232535574
0.01563588372100444
0.013791448077134838
0.012162515721711564
0.010724506329749417
0.009456315238954183
0.008341099781928207
0.007370577330631178
0.0065697363209222814
0.006184631494043913
0.012657404927663762
0.0148770935175504
0.014416373350896627
0.01377991933212197
0.013244329694800605
0.012799031853811371
0.012422467827029493
0.012099698173805074
0.011820520162720172
0.011577724319073113
0.01136577978032527
0.011180325628553867
0.011017769353769857
0.010875068083663564
0.01074967402318805
0.010639433125637865
0.010542445654680321
0.010457097985819175
0.010381957837430456
0.010315755674858096
0.010257389963555852
0.010205903388373905
0.01016047263490627
0.010120389243431838
0.010085018267156798
0.02004741646103314
4.717465844825384
4.162301793600427
3.672909193694093
3.2411176169892344
2.8597869018604327
2.522891284205037
2.2253652134072257
1.9628706038282808
1.7315668812350484
1.528013094308894
1.3490275135341592
1.1916829168295084
1.0533287596638523
0.931542013217018
0.8241904380803406
0.7294106822789885
0.6455925263701179
0.5713712014116501
0.5055867767945523
0.44725664803742404
0.39553757580219795
0.34969820516701766
0.30909518577651873
0.27315310457978015
0.24135657330249582
0.21324081411306928
0.18838815922116137
0.16642456726925037
0.14701682537664773
0.1298697341124413
0.11471991872514042
0.10133381765446892
0.08950641281783067
0.07905642130561663
0.06982356761491548
0.06166617344154357
0.05445901342472048
0.048091424631340196
0.042465621487478344
0.037495203126328924
0.033103836486727545
0.02922408855788472
0.025796394603092132
0.02276814625861512
0.020092891703217042
0.01772963717911491
0.01564224744353737
0.01379896527731983
0.012172092370152043
0.010738011322176888
0.009478313898852342
0.008385458427574655
0.007493152949365367
0.007091654181411222
0.01312080335540955
0.015370541900669998
0.014928610255079633
0.014247688141195702
0.013660698815964878
0.013167654725644518
0.012748373367861277
0.012387720189995122
0.012075027992800358
0.011802604824613816
0.011564478663697031
0.011355890253531342
0.011172893090431124
0.011012132058721313
0.010870788394139907
0.010746437093084538
0.010636988947235082
0.010540630946742624
0.010455765242311621
0.010380969773151172
0.01031501083032449
0.010256814316508489
0.01020545678589091
0.010160135511504187
0.010120135811037656
0.010084795517862233
0.020046884839182155
4.717555002626107
4.162475617762826
3.6730486243247347
3.2411172631520144
2.859643653406057
2.522723207674263
2.225352015342214
1.9631696309182227
1.7323090183611694
1.5292188185095146
1.35063655806756
1.193595470326855
1.0553752025799188
0.9335705760912978
0.8260689106671952
0.7310394106015243
0.6469243563743259
0.5723980691631008
0.5063369436012426
0.4477765262051516
0.3958816958203437
0.3499191966397053
0.3092351089852423
0.2732437009751161
0.24141864378531874
0.21328671438993752
0.18842453263546677
0.1664549709636356
0.1470442868079287
0.12989453066759626
0.11474115412384212
0.10135213918409836
0.08952234698041117
0.07907039835304275
0.06983593894671891
0.061677229527436594
0.05446899541477457
0.0481005398412222
0.04247405454181319
0.03750312281155921
0.03311140589926076
0.029231473385822326
0.025803777107494597
0.022775747522679524
0.0201010037237781
0.017738685174299995
0.015652926323457272
0.013812537657848623
0.012191139992042466
0.010768731096776563
0.009538948201996966
0.008545602501401461
0.008122706199448437
0.013667743852988856
0.015928561220178494
0.015506605619652447
0.014776629820817178
0.014131820396028338
0.01358482541482342
0.01311722147321337
0.012713697275729352
0.012363076735875111
0.012057125107737932
0.01178936742421488
0.011554591742267917
0.011348457153291136
0.011167259040123056
0.011007854005838702
0.010867544537215501
0.01074399098178258
0.010635173700007883
0.0105392992590847
0.010454777855460229
0.010380226127351122
0.010314434886257828
0.010256368397635995
0.010205119509581806
0.010159881305509266
0.0101199131532006
0.010084526120332171
0.020045845819112174
4.71767781198742
4.162710008034731
3.673262240607431
3.241234838164073
2.8597118721323054
2.522877816738557
2.2257476522621182
1.9639549034973713
1.733534698068048
1.5308515470099966
1.3525912287153705
1.1957082825045862
1.0574920309604123
0.9355495266563914
0.8278001249128666
0.7324661581249909
0.6480325346700067
0.5732136590155008
0.5069065717663852
0.44815703266595275
0.39612914249352826
0.3500788435081921
0.30934078324624537
0.2733182382472119
0.24147520175805237
0.21333264938426488
0.1884633938106024
0.16649060992802056
0.1470769111754766
0.12992278951682845
0.11476577206393213
0.1013737281999223
0.08954142076280203
0.07908738664589343
0.06985119906722392
0.06169106985504236
0.05448168481404281
0.048112321385110235
0.04248515151151899
0.03751375428771464
0.03312179943828575
0.029241880904929296
0.02581450451059908
0.022787201182013384
0.020113777475913253
0.017753742469133194
0.015672004198686196
0.0138391540128735
0.012233570155753881
0.010850516625152906
0.00974500255002475
0.009291477519702163
0.014312831512751423
0.016560360224955772
0.016158612831365105
0.01537465927609638
0.014664866782308827
0.014056928504365906
0.013534663521638457
0.013082628570183275
0.01268908448616024
0.012345184795101716
0.012043891515924443
0.01177948338915158
0.011547165847455076
0.011342831060664693
0.011162979568767994
0.011004611077159332
0.010865095701082517
0.010742175696361045
0.010633842114587289
0.010538311947835943
0.010454034612663143
0.010379650808622465
0.010313989024612447
0.010256031165120305
0.010204865104435079
0.010159658441202701
0.010119643827120939
0.010084002301412376
0.020042802517751035
4.717835628912934
4.162999202329436
3.6735606354019854
3.241507085965016
2.860026804332721
2.5233682256907115
2.2265660044701474
1.9651802489953067
1.7351615491881325
1.5328160257296992
1.354741796599349
1.1978895568967447
1.0595538356592447
0.9373717221079119
0.8293149024751676
0.7336521650323453
0.6489119051500651
0.5738325486199969
0.5073235966317675
0.4484313264690778
0.3963086878183306
0.3502002280891521
0.30942862383826064
0.2733865291579498
0.24153177975731577
0.21338145036921397
0.18850886565150482
0.16653274594427714
0.14711385843605562
0.12995532812265154
0.11479457928541681
0.10139938873791543
0.08956443715688867
0.07910819303234273
0.06987017584738364
0.061708551646890264
0.05449798037321152
0.04812772566817358
0.04249995467127299
0.0375282616923176
0.033136351832041555
0.02925689732567882
0.025830544974782654
0.02280508400376302
0.020134821336535325
0.017780304741788377
0.01570879962122973
0.013897025861616896
0.012342259939845945
0.011111261808772532
0.010612218362221704
0.015072706145689452
0.017276722469157235
0.016893919343131003
0.0160506945577934
0.015267943421344299
0.014591186525515276
0.014007099852173965
0.013500171921265292
0.013058050394449516
0.012671203038685519
0.01233195536852083
0.012034009154588965
0.011772055734565079
0.011541538745638569
0.011338556001120992
0.01115973455364827
0.011002159697627967
0.01086327958040112
0.010740845253063291
0.010632855121051499
0.010537568586478585
0.010453460117233249
0.010379204590211799
0.010313651974114713
0.010255776523235838
0.010204642135059672
0.01015938919731596
0.010119120010233296
0.010082470945572908
0.020031845822142902
4.718014567943193
4.163337846747575
3.673957459823839
3.241947525761425
2.8605956059251008
2.5242026804450166
2.227764113890031
1.9667667089181036
1.7370979979075165
1.5349681733943723
1.3569562183041244
1.2000108973782857
1.0614506912900068
0.9389639390144024
0.8305725924682852
0.7345919269693697
0.6495782182750247
0.5742850319342967
0.5076239302147991
0.44863031077762194
0.39644562244214043
0.350301377269699
0.3095091603460576
0.27345474471914777
0.24159193165098536
0.2134380993046392
0.18856215888106753
0.16658007972585764
0.14715604177374786
0.12999307349093758
0.114828519391585
0.10143008725221314
0.08959239431906951
0.07913385469946554
0.06989395159311407
0.06173082535854668
0.0545191248766459
0.04814811627826554
0.04251999311639931
0.037548405955471154
0.03315716755865861
0.02927914278548993
0.025855330713747016
0.022834188690540103
0.020171390488338048
0.01783053671388135
0.015786606619969668
0.01403910661604435
0.012666275477840827
0.0120997705569037
0.015966177925074376
0.018090308004019562
0.017722979231837854
0.016814772860898053
0.015950211058938457
0.015195770205569836
0.01454177182955707
0.013972733323315722
0.013475636871964625
0.01304018457042666
0.012657980763497001
0.012322074452207232
0.01202658124617173
0.01176643109222475
0.011537262919796731
0.011335308027711655
0.011157284952618696
0.011000341992343898
0.01086194792694517
0.010739858311459294
0.010632111788209109
0.010536994152760215
0.010453014169016228
0.010378866928748565
0.010313397361831456
0.010255553568827125
0.010204372809487161
0.01015886547413647
0.010117588630738972
0.010076959805620511
4.718205613781123
4.163727263739698
3.674450128177532
3.2425567374096564
2.8614193210232854
2.5253418921581217
2.2292715562602674
1.9686295556677749
1.7392064985944686
1.5371753886993726
1.3591057280966399
1.2019596629073441
1.0631059489845622
0.9402846743584199
0.8315677430109591
0.7353026171815964
0.6500640067714638
0.5746098151601782
0.5078412672182981
0.44878199535871666
0.39655965280720995
0.35039397004539197
0.30958916184329865
0.27352657551142023
0.24166075490145555
0.21350387523179037
0.18862141946897726
0.16663357193533024
0.14720447418081672
0.13003709095750615
0.11486871229369022
0.10146700195129998
0.08962653821336808
0.0791657025008421
0.0699239621745571
0.06175945510002556
0.054546849924411056
0.04817545511699084
0.042547546403461034
0.03757692161118875
0.03318765584518424
0.029313085034441855
0.025895082641282485
0.022883869418155456
0.02023897518257023
0.017933454040980124
0.015968971633987472
0.014433883513066625
0.013769791796300446
0.017014334936373388
0.019015989966738367
0.01865759890059504
0.01767819754109823
0.016722014384217943
0.015879921227118565
0.015146873471644895
0.014507562497128923
0.013948253742864125
0.01345779136484282
0.01302697087426452
0.012648104406239646
0.012314650428212559
0.01202095746675802
0.011762151697158885
0.011534016485192922
0.01133285469064127
0.01115546858000549
0.010999011024400929
0.010860961405525948
0.010739114648905534
0.010631537526254675
0.01053654860955433
0.010452675986472926
0.010378611880450528
0.010313174436702433
0.010255284370290774
0.010203848978959762
0.010157334153435116
0.010112078005998448
4.718410224975416
4.164153551828715
3.6750336617729618
3.2433301880531533
2.8624639596832067
2.5267271967277423
2.2310102138895016
1.9706423803637185
1.7413594300241155
1.539314660565871
1.3610771953382321
1.2036582639257256
1.0644774570934432
0.9413281020736042
0.8323185350035427
0.7358189994190596
0.6504112496645167
0.5748437153800756
0.5080060253790561
0.44890765176376757
0.3966635202210691
0.3504853954072793
0.3096725751770828
0.2736080652790305
0.24173983318634473
0.21357619798955785
0.1886876112666256
0.166694267309353
0.14726028681585301
0.13008860361197527
0.11491648286254907
0.10151157148854661
0.08966843244741352
0.07920544874004865
0.06996210497976474
0.06179657416687334
0.054583595483434166
0.04821259741152062
0.04258605914437563
0.03761812364456585
0.033233478778517345
0.02936658565990502
0.025961536618241965
0.022973290938129054
0.02037262496851877
0.018162861186159063
0.016439836370678584
0.015639250494356105
0.01824062873036869
0.02007122687300278
0.01971114659074047
0.018653674857223024
0.017595024159876793
0.016654088319159932
0.015831674349088054
0.015112860435295694
0.014483149927384531
0.013930432130220716
0.013444589850418964
0.013017101209228166
0.012640682867449904
0.012309029495065182
0.012016682199094575
0.011758904029985473
0.011531563101397246
0.011331037054013393
0.011154136753991573
0.010998024487814284
0.010860218587640524
0.010738540747748715
0.010631092001956333
0.010536211075510948
0.010452420381471761
0.010378388764733515
0.01031290525025419
0.010254760606246194
0.010202317563850372
0.01015182424428751
4.718611368505113
4.1646121196729595
3.6757000952842525
3.2442402503267993
2.863683793966453
2.5282915848902854
2.2328721964321674
1.9726882265751078
1.7434416553378078
1.5412731922307161
1.3627947772440447
1.2050647191500965
1.0655593733022122
0.9421132634886886
0.8328619720028545
0.73618608422899
0.650659455569544
0.5750195362414026
0.5081413703012911
0.44902112195607824
0.3967652071474115
0.35057990358314406
0.30976646595703894
0.27370059899280363
0.2418257334975138
0.21365595607499
0.18876173932297924
0.16676329727943795
0.14732474912895377
0.13014902880415402
0.11497340895079677
0.10156555329728167
0.08972004719217885
0.0792553152333797
0.07001090932022436
0.06184511009380245
0.05463282618269627
0.048263755862287816
0.04264082711928818
0.03767896320947539
0.03330426276331444
0.02945390005879922
0.02607762025953253
0.023143330780318827
0.020654948161961784
0.018711845189598897
0.017727211222029915
0.01967093817469312
0.021276466559995377
0.020898831117676764
0.01975549429795187
0.01858241879063538
0.017530081971917078
0.016606658324672452
0.015797904486550607
0.015088526745184794
0.014465355001881619
0.013917239765786071
0.01343472089299258
0.01300967924581009
0.01263506300578765
0.012304752200316571
0.012013434447069926
0.011756453598357197
0.011529744007622966
0.01132970595723215
0.011153149771966575
0.010997280898271455
0.010859644755360165
0.010738095347591958
0.010630754424822975
0.010535955904133587
0.01045219704214606
0.010378119502106209
0.010312381446104801
0.010253229204374215
0.010196808282997516
4.718810190356579
4.1650934112059135
3.6764298363515815
3.245254385467189
2.865026642125166
2.5299465032996933
2.234752505919472
1.9746600763018267
1.7453457416931837
1.5429791270090898
1.3642156808213115
1.2061727971255722
1.0663718191958926
0.9426794165720302
0.8332458686776061
0.7364460929216561
0.6508440071150972
0.5751625360679293
0.5082625978916457
0.44913136226610106
0.39686937240189124
0.3506850572213258
0.3098717715446657
0.27379981381244
0.24191919300483455
0.21374403730219527
0.18884485226576864
0.16684188257297006
0.14739927495012406
0.13021999494062175
0.11504136027953393
0.10163109131370973
0.08978384979212795
0.07931816715424667
0.07007374612971073
0.06190909848988646
0.0546994869218409
0.04833518112924118
0.04272007379456788
0.03777080090902185
0.03341668490601446
0.02960142214801298
0.026289137183729494
0.023482655714421874
0.021279819478026596
0.020055867229030966
0.021333632534753733
0.02265556906561006
0.022238045699809028
0.020999726240392036
0.01969905997544341
0.018521256453600365
0.017483695869810134
0.016573203615264376
0.015773676219820842
0.015070768777638577
0.014452177306544911
0.013907377482634153
0.013427301587707774
0.013004056825491439
0.01263078298215703
0.012301505822041037
0.012010981330159431
0.011754636102302207
0.011528411905518787
0.011328719320929714
0.011152406275329874
0.01099670732292779
0.01085919909146682
0.010737757467961018
0.010630499372166646
0.010535732594008529
0.010451927771923941
0.01037759564479046
0.010310849981832959
0.010247720539633853
4.7190007621998085
4.1655869918496204
3.677201963650412
3.2463352629027025
2.8664235747935973
2.53160366457092
2.2365586461366047
1.9764612628767515
1.7470018273289676
1.544388954829372
1.3653340439333959
1.2070031645126496
1.0669553956174616
0.9430767891158469
0.8335151375238166
0.7366370803345088
0.6509922441765594
0.5752891421247117
0.5083791094870591
0.44924303649720976
0.3969840187824012
0.35080157134496215
0.30998318143725445
0.2739062562108838
0.24202090652526653
0.21384130971132986
0.18893801801698906
0.16693132053185433
0.1474854196927664
0.1303033492592407
0.11512252214486285
0.10171077181289956
0.08986291064391061
0.0793976786987356
0.0701550801900801
0.06199407566309567
0.054790631600810435
0.04843617686798307
0.04283662168225799
0.037912304057877044
0.03359980311327959
0.029858175840715262
0.026686843598437093
0.024176372447608507
0.022651690307324834
0.02325965284944509
0.024236201227400223
0.023748786034041736
0.022404451482461063
0.0209616964480297
0.019642704330116167
0.01847620527182947
0.017450639376996868
0.016549105089590732
0.015755964043244752
0.015057611598399134
0.014442324035746523
0.013899961794851201
0.01342168144969591
0.012999779555808999
0.012627534295445386
0.01229905343186477
0.012009163833748282
0.011753304365245576
0.011527425656408852
0.011327975089273856
0.011151832931609817
0.010996262206155016
0.01085886129893776
0.010737502170733215
0.0106302761964292
0.010535463157652636
0.010451403957874916
0.010376064124039353
0.01030534182435705
4.719181050601282
4.166081605438984
3.677993904245726
3.247437056859397
2.867807591773762
2.5331886163373234
2.238205024567862
1.978027235271651
1.7483719869499201
1.545498944953919
1.366171659944833
1.2075982931647982
1.0673628795071597
0.9433528750276308
0.8337103779028148
0.7367882142759363
0.6511218550286202
0.5754094642235046
0.5084961147976026
0.44936494129260396
0.3971095419332453
0.3509232604854189
0.3101010432514135
0.2740203976762192
0.24213151363669727
0.2139486168142124
0.18904231755558332
0.1670329729798219
0.14758487288447864
0.1304011693230951
0.11521942800820284
0.10180768184775779
0.08996101098783704
0.07949852920504252
0.07026079016153908
0.062107595216966516
0.05491626341032152
0.048580513774554746
0.04301035272636966
0.03813388877579893
0.03390344642941212
0.030312211493818353
0.02743765696386724
0.025546540088326353
0.02548267703748497
0.026050227020781414
0.02545416691667768
0.023990035483173244
0.022389202352211868
0.02091147086513967
0.01959936269888285
0.018443662233408986
0.017426707273275
0.016531449979118484
0.015742827476302068
0.015047764865110835
0.014434912209345896
0.013894343228660233
0.013417403829422803
0.012996533109363995
0.012625082397610399
0.012297233623321802
0.012007832629477022
0.011752318293343222
0.011526681474441247
0.011327401293752537
0.01115138797052051
0.010995924580612382
0.010858606232190482
0.01073727887106024
0.010630006865119945
0.010534939160794288
0.010449872447757969
0.010370556417369947
4.719347807946197
4.1665669989226
3.6787809642261835
3.248512818274012
2.8691231721611317
2.5346294796377915
2.239635054590264
1.9793224227599309
1.7494503498250413
1.546329982039882
1.3667708055999364
1.2080117794564464
1.067643219821269
0.9435501220751661
0.8338623888707897
0.7369184796643395
0.6512438282002737
0.5755293865773341
0.5086226577444926
0.4494968804022923
0.397239046831813
0.3510502725512996
0.31022560729200777
0.27414262274151824
0.24225157486632654
0.2140667456073544
0.1891588150482688
0.16714823758442066
0.1476994339261708
0.13051573885941536
0.11533495815129591
0.10192544645889257
0.09008273097565844
0.079626572061966
0.07039848819096317
0.062259801067135356
0.05509033834302102
0.048788180112461
0.04327131848000576
0.03848331703846508
0.03440800442001901
0.031104521072633062
0.02877858562579938
0.02803942688628247
0.02813403581774576
0.027381026080372628
0.025779463348632348
0.02400283935886449
0.02234680666065092
0.020870337006468453
0.019567483797778173
0.018419941084258262
0.01740912358556468
0.016518340596452852
0.015732992004470425
0.015040356297208568
0.014429290535054484
0.013890065465559154
0.013414160989716706
0.01299408032459759
0.012623264788957478
0.01229590228198063
0.012006846600507437
0.011751573791796588
0.011526107539665986
0.011326956361890517
0.011151050535017859
0.010995669504058725
0.010858382910289066
0.010737009544163456
0.010629482946126423
0.010533407474940581
0.010444365105693798
4.719500077181385
4.167035154733927
3.6795343711400754
3.249527612315714
2.870317033055542
2.53588193226346
2.2408212243688195
1.9803439849848066
1.750258484332604
1.5469240284568793
1.3671855777972826
1.2082939234194123
1.067840597479866
0.9437012398174423
0.833991408786483
0.7370398056631151
0.6513641550551936
0.5756580160921541
0.5087582335663114
0.44963146889320793
0.39737253151634366
0.351182675346533
0.3103570291202704
0.2742732206794969
0.2423815648686194
0.2141964083588288
0.1892885252963028
0.1672785089340847
0.14783097045884652
0.13064951314222384
0.11547230952612875
0.10206822009931571
0.09023349448676132
0.07978896168763505
0.07057778393535497
0.062463930541167834
0.055331685410862086
0.04908699168337094
0.04366235691960352
0.03902907835567504
0.035223852224544494
0.032392967349537116
0.030970193132023205
0.030528818340711972
0.02956061603301663
0.027798750460207522
0.025826549855018754
0.023970446725793515
0.022308538087470353
0.02083931639528025
0.019544039525001722
0.01840245175582922
0.017396048404854092
0.016508516526555717
0.015725586854356877
0.015034736249243785
0.01442501288256981
0.01388681896120847
0.013411708974750525
0.012992261128824012
0.012621934372165633
0.012294917925161464
0.012006101928489166
0.01175099964687032
0.011525662444014984
0.011326619151573958
0.011150795569593974
0.010995446121041752
0.010858113444559336
0.010736485701334786
0.010627951266108937
0.010527900260329126
4.719642099378222
4.167471679017921
3.680237408723716
3.2504448829315606
2.871353446972204
2.5369219821981357
2.2417579246650705
1.9811112067600494
1.7508369288945693
1.547334526006758
1.3674666257788068
1.2084898059856215
1.0679892289538437
0.9438275181536202
0.8341102106757496
0.7371585347990459
0.6514925008440846
0.5757945415954024
0.5088951353699729
0.4497686126308702
0.39750991796811963
0.3513204376708332
0.3104953580874117
0.27441236527301704
0.24252183823341777
0.21433820445386154
0.18943237047534112
0.16742512097561502
0.1479813455164063
0.13080503717538683
0.11563491121000258
0.1022406022068898
0.09041949072187094
0.07999411442572502
0.07081031502498725
0.06273643676373464
0.05566418627567593
0.04951254552753426
0.04423730820153082
0.03984998655113081
0.03644225411346813
0.03431962113724829
0.033280793218460225
0.03202935282942576
0.030077449203595563
0.027887298917051773
0.0258069202694875
0.023935907978636095
0.02227864213927777
0.02081623574734781
0.01952667295170052
0.01838942117406983
0.017386243976535987
0.016501121365691596
0.015719969293167324
0.015030459288334796
0.014421770505376408
0.013884367885537152
0.013409887462029424
0.012990930926010336
0.012620950490139116
0.012294173103042816
0.012005527976646668
0.01175055456354368
0.01152532495871661
0.011326364288809287
0.01115057212763837
0.010995176654799543
0.010857589484034591
0.01073495404790048
0.0106224442726095
4.719765849150943
4.167874148854704
3.68087133558922
3.2512411334067863
2.8722171234140705
2.537746991193508
2.2424640153274584
1.9816619192940323
1.7512367979122918
1.5476112931386719
1.3676598690067396
1.2086351713138317
1.068111681994656
0.9439424319346417
0.8342256408177109
0.737284595765467
0.6516275982363267
0.5759312042497031
0.509033225538138
0.4499081479855773
0.39765105116411803
0.35146342767391214
0.3106405285385252
0.27456010071683057
0.2426726026825623
0.21449257926747567
0.18959111670038986
0.16758927038769933
0.14815232061132289
0.1309848163747711
0.1158262639730534
0.10244743886909546
0.09064742611459842
0.08025137054408216
0.07110923945163172
0.06309609723262977
0.05611486770967744
0.050103224743518915
0.04504604910445664
0.040986798500584065
0.03813772098269741
0.03644143152868651
0.034829587054792555
0.03264927051045774
0.03021546653034335
0.02788389332506558
0.02577723913680874
0.023907486901687314
0.022256027442841386
0.020799028056349478
0.01951369748531029
0.018379636872283278
0.017378854261831833
0.01649550471201433
0.015715695761543635
0.015027218862610603
0.014419318460955566
0.01388254894128682
0.013408555792116417
0.012989948274200636
0.012620206685951985
0.0122935981277017
0.01200508317095661
0.011750217079303127
0.01152506975796097
0.01132614080045613
0.01115030259080374
0.01099465273596767
0.0108560576897343
0.010729447238594148
4.719880973054952
4.168236110130147
3.6814206397880103
3.2519087136397093
2.872906916382608
2.5383723558312425
2.242973944275032
1.9820435739625415
1.75150611857757
1.5478003651192411
1.3678010291595517
1.2087528659324902
1.0682217600273387
0.9440533031013434
0.8343478469740777
0.737416311295819
0.6517618465339226
0.5760678648794197
0.5091723353907289
0.4500498763509855
0.39779571555464344
0.35161143923067417
0.31079237375162005
0.2747163442164968
0.2428339182011907
0.2146598038533991
0.18976533480215796
0.16777194186050437
0.1483454426330555
0.13119115798708858
0.11604970213122545
0.10269347790046801
0.09092400925433797
0.08057017733773186
0.07148780360178808
0.06356122467915792
0.05670776109413733
0.0508851803365209
0.04609521968708474
0.04248108656611027
0.04006774039885741
0.03801036787632217
0.035552858597639236
0.03284531350161757
0.03023257134814017
0.027860551540261014
0.025750764306414986
0.02388548946238611
0.022239029610499728
0.02078612260424162
0.01950393840330289
0.01837225607879045
0.017373239955114528
0.016491229949662234
0.015712454089843675
0.015024769874694144
0.014417498200074874
0.013881217626922293
0.013407572786036326
0.012989205077237997
0.01261963203707328
0.01229315322209601
0.012004745608213518
0.011749961662398611
0.011524846061779392
0.01132587120735895
0.011149778641837749
0.010993120917812682
0.010850550783649382
4.719983619621195
4.168547840904198
3.6818854061266295
3.2524450255724204
2.873432900614228
2.5388271392666604
2.243328995635792
1.9823012292053201
1.7516893824823496
1.5479369765651922
1.3679137327376467
1.2088574759509978
1.0683272387722242
0.9441705456346154
0.8344746445750513
0.7375464127788209
0.6518951242912765
0.5762043641934866
0.509312247914024
0.45019354678589707
0.3979436250866293
0.35176417528813975
0.31095061223354836
0.27488086829079794
0.24300566157364134
0.21483992581133293
0.1899553305175372
0.16797380513238291
0.14856188822082483
0.131425933062566
0.1163080475515672
0.1029828281449312
0.09125506476693257
0.08095855645215622
0.0719565236402886
0.06414400125681041
0.05745165899722515
0.051845088938185846
0.04741419433139882
0.0442226877884595
0.04162813111067898
0.03883269950170831
0.03581554749576288
0.03288813840006721
0.03021749657424344
0.027836650254596584
0.025729589191105795
0.02386876429959095
0.022226222802400386
0.02077640161087757
0.019496570453602757
0.01836664523045073
0.017368966827889132
0.01648799005863566
0.015710003179123966
0.015022948961058269
0.014416168175382715
0.013880234469349162
0.013406830050303853
0.012988630541892476
0.012619186965153517
0.012292815951092884
0.01200448992246983
0.011749737687078543
0.011524576416340082
0.011325347227074012
0.011148246752600954
0.010987613819427366
4.7200732123665015
4.168816211949968
3.6822624816631504
3.2528603376977383
2.8738210032451335
2.5391468012526035
2.243569859455115
1.9824762528316726
1.7518203163031805
1.5480443576102942
1.3680127909089457
1.2089571427922747
1.0684389755252366
0.9442913424644432
0.8345992935682442
0.7376748153300818
0.6520273013527014
0.5763405226198577
0.5094527270260816
0.45033886737585505
0.398094439184999
0.35192125694629084
0.3111148522988243
0.2750532979737974
0.24318751726345766
0.21503274136490447
0.190161082329805
0.16819511462427084
0.14880229834091452
0.13169031204558213
0.11660316997736597
0.10331822917977806
0.09164427818459142
0.0814208501462268
0.07251889669010403
0.06484205835581491
0.058323912883335716
0.053010721357132695
0.048975878697261166
0.04574731325883885
0.04254014897455072
0.03917000067234433
0.035890255624426715
0.032883811973589694
0.03019700608938347
0.027816569057328877
0.025713226148014634
0.023856085344124978
0.022216547464403824
0.020769049657603844
0.019490967737245235
0.018362377681519604
0.017365728913246947
0.016485539157339524
0.015708182974822016
0.01502161649820355
0.014415185332635971
0.013879491819127843
0.01340625547701002
0.01298818595080764
0.012618849351678563
0.01229256040209048
0.012004265807226133
0.011749467823425341
0.011524052451450828
0.01132381526132864
0.011142739299786264
4.720155322586512
4.169038739530854
3.682559604723329
3.2531705861625286
2.87409707086885
2.539366734048393
2.243734584498108
1.9826007904376866
1.7519220477431614
1.5481376873048869
1.3681062877788843
1.2090632891187632
1.068553122989778
0.9444096505392094
0.8347217366214039
0.7378014260641139
0.6521582448549035
0.5764761363355273
0.5095935175816262
0.45048551178705765
0.3982477670577387
0.3520822375483901
0.31128459929742647
0.27523311405846496
0.2433789686283081
0.21523777437003577
0.19038220021177032
0.16843561588512213
0.14906661619426576
0.13198448432587107
0.11693550109104578
0.10370019487870685
0.092091689024139
0.0819549993154256
0.07316651624293069
0.06563040547299881
0.059354857297191366
0.05440452639129045
0.050440886926143236
0.046734584437309934
0.04295846453789576
0.03928365793706057
0.03589984309636485
0.032867845614471314
0.030178384176766215
0.027800691789283682
0.025700710274869643
0.02384647226434744
0.0222092158183127
0.020763453038030733
0.019486701604354728
0.01835914143321471
0.017363282152378368
0.016483718680486703
0.015706851935336275
0.015020633438144415
0.014414442588143395
0.013878916514243222
0.013405811234146192
0.01298784841644629
0.012618593583143323
0.012292336317570651
0.01200399591864798
0.011748943722174054
0.011522520459860353
0.011318307325356436
4.720226553114529
4.169215862661603
3.682785890905192
3.253396410138197
2.874289881422999
2.539517985788942
2.243851979534505
1.9826974460269535
1.752010032941688
1.5482253737852125
1.3682070378432392
1.2091705288796688
1.0686646064000311
0.944525457805379
0.8348419334967012
0.7379261579082153
0.6522878168181565
0.5766110056998963
0.5097343481761039
0.45063313142548367
0.3984031791316376
0.35224660572014077
0.31145926613560704
0.27541966084230296
0.24357929920551236
0.21545426141679958
0.1906178838445367
0.16869447486523814
0.14935394417630565
0.13230739289377258
0.11730356132642861
0.10412620297795172
0.09259227915611312
0.08255023084597202
0.07387599381699417
0.06654263421358042
0.06059476613450521
0.0557908909073932
0.05148459106020642
0.04723769374663611
0.04311882634574893
0.03931112361498279
0.0358898742720859
0.03285118360011818
0.03016315874854225
0.02778839594773075
0.025691178959508676
0.023839166690050817
0.02220362819550825
0.0207591907860456
0.01948346633922249
0.018356691954608095
0.017361461336761863
0.016482387862656545
0.01570586902028559
0.015019891464303825
0.014413866872382997
0.013878472022831545
0.013405474216162006
0.012987592419791305
0.01261836944656114
0.012292066420649839
0.012003471830820622
0.011747411616883419
0.01151701197793642
4.720287832015227
4.169358896000278
3.6829557435326077
3.2535563291970773
2.87442458903932
2.539626201097233
2.2439422809661367
1.9827794684311906
1.7520921310119282
1.5483213716155357
1.368307396206708
1.2092750369333207
1.0687734380075322
0.9446387474788729
0.8349598423297824
0.738048937013775
0.6524158746338387
0.5767449351468263
0.5098749415072534
0.45078136591027373
0.39856021981920975
0.35241380312758963
0.31163818628961515
0.27561215584309373
0.24378760523691234
0.21568115635873308
0.19086691316485105
0.1689702325965916
0.14966244902312997
0.13265654471789912
0.11770363245411719
0.1045901436643959
0.09313521358490195
0.08318655343562487
0.07468333869374089
0.06764325242564251
0.061889052814751544
0.05686912172096825
0.05207262841048799
0.0474528034304349
0.0431690363426398
0.039309090040576145
0.035875845616237356
0.032836835939626496
0.03015116544866192
0.02777896947192371
0.025683914687577136
0.02383359535059082
0.022199372666792172
0.02075595776452488
0.01948101832863447
0.01835487235538924
0.01736012851316726
0.016481405938066906
0.015705127313070832
0.015019314844027853
0.014413422151777766
0.013878135250002366
0.013405218584424006
0.012987368105693342
0.01261809954877613
0.01229154232586449
0.012001939726712152
0.01174190247642315
4.720339944839743
4.169466197046113
3.6830800761962674
3.2536714763101577
2.8745222690632293
2.539709671701846
2.244019013293323
1.9828563072630083
1.7521844964084519
1.5484150918239799
1.3684050440447626
1.209376836649584
1.068879625785394
0.9447495044480663
0.8350754094143467
0.7381696743885025
0.6525422743224087
0.5768777140944286
0.5100150113910296
0.45092983555567834
0.39871840441152084
0.352583226378286
0.31182062186879467
0.27580970329868837
0.24400280070417057
0.21591714123081296
0.19112765699262013
0.16926080078870331
0.14998932953199606
0.13302796156802277
0.11812968614013464
0.10508233192125793
0.09370435722555914
0.08390110616477031
0.07565895881084206
0.06883764154803274
0.06297860735414762
0.057537777445763716
0.05235015741017701
0.04753156027425387
0.04317744995187134
0.039298601297839575
0.03586268673812043
0.0328252484360112
0.03014187905788024
0.02777176007140003
0.025678362476742933
0.02382934743908738
0.022196144836780007
0.02075351279315374
0.01947919715554658
0.018353540719909134
0.017359146000156755
0.016480665618149537
0.0157045511029974
0.015018869200980944
0.014413085304723516
0.013877879992866937
0.013404994423620309
0.012987098131941543
0.012617575465848851
0.012290010230867843
0.011996429990790425
4.720385905337865
4.169549744712944
3.683170559141339
3.2537560722498817
2.8745978693845085
2.539780617166239
2.244090076493455
1.9829464465214164
1.752271945607736
1.5485061680395535
1.368500020084023
1.2094759685051826
1.068983182124155
0.9448577266320157
0.8351886096523602
0.7382882842377194
0.6526668861279523
0.577009140247358
0.510154274530005
0.45107816126112965
0.3988772373099625
0.35275424435568414
0.3120057809328829
0.2760113163268505
0.2442236533626705
0.21616065976626953
0.19139810894589537
0.16956350945386323
0.15033089474624362
0.1334163061609024
0.11857366421545645
0.1055902602822485
0.09433675770664784
0.08476515975942256
0.07675063103018687
0.06991598602886917
0.06371878050229807
0.05788415572831074
0.052464141978389556
0.04755363484852104
0.04317171488198834
0.03928705022571943
0.03585164679728159
0.03281615333652077
0.03013473346770823
0.027766235016459362
0.0256741247787744
0.02382612279379348
0.022193700526049298
0.02075169431894963
0.019477865433309205
0.01835255792656465
0.017358405471242122
0.016480089672260334
0.015704105236691746
0.015018532497926174
0.014412830059375992
0.013877656174869024
0.013404724457951822
0.01298657404158643
0.012616043413959943
0.012284499968120421
4.720421529211314
4.169612335527399
3.683239286302652
3.253821782374401
2.8746622001931317
2.53984647111003
2.2441797957984626
1.9830279426917077
1.7523568313897977
1.5485946600450862
1.3685923683277492
1.209572475687541
1.069084127785648
0.9449634088484791
0.8352994166116323
0.7384046962045065
0.652789588047332
0.5771390254509905
0.5102924599814944
0.4512259718070135
0.39903622692103813
0.35292622082950587
0.31219284371736755
0.27621594741657063
0.2444488227489119
0.21640997261654693
0.1916759599248996
0.16987522023227264
0.15068274079324606
0.13381520757489618
0.11902615156108531
0.10614991020301456
0.09510156778983436
0.0857552907804271
0.0777977023753067
0.07071407682657682
0.06413817726343929
0.0580406949848804
0.05250391451918013
0.04755427209482299
0.04316235226187626
0.03927676097330668
0.03584281066725481
0.0328090973749271
0.030129245896795
0.027762007878698647
0.02567090218390078
0.023823679550193155
0.022191881481611553
0.020750361468349077
0.01947688420079352
0.018351817360785283
0.017357829709566452
0.016479643093564533
0.015703768181071
0.015018277616305475
0.014412606371492664
0.01387738646090586
0.013404200338325012
0.012985042054251217
0.012610532744923297
4.720452837405999
4.169661120151939
3.6832933049085597
3.2538782733583993
2.8747212853329236
2.5399372956897457
2.2442554915285253
1.983106978789948
1.7524392209614712
1.5486806161971294
1.3686821375419407
1.2096663899520097
1.0691824908610776
0.9450665631070159
0.8354077952839569
0.7385188486999636
0.6529102601475527
0.5772671871232431
0.51042930461817
0.45137290189199053
0.39919488449337415
0.3530985123984056
0.312380975862137
0.27642251247048844
0.24467689101809942
0.2166632030519393
0.19195868859778908
0.17019246985217507
0.15104000284625219
0.13421773189254438
0.1195213771172483
0.10682662214817817
0.0959941947806584
0.08675479430308375
0.0786365709995529
0.07120736786658366
0.06434480646642982
0.058103108188269026
0.05251305137940321
0.047547885177171345
0.04315309067763984
0.039268282342156624
0.035835885659756705
0.032803655266915754
0.030125043088855996
0.027758795987197438
0.025668461782815122
0.0238218591834789
0.02219054904438522
0.02074937841017377
0.019476144245331284
0.018351241809082985
0.017357382830482493
0.01647930596862679
0.01570351297859851
0.015018054071062714
0.014412336832125838
0.013876862528967138
0.013402668384074445
0.01297953111956307
4.7204794430855355
4.1697021095526186
3.683340836577746
3.253931093101886
2.874816818135828
2.5400070633843073
2.244328864285308
1.983183622438046
1.7525191795864772
1.5487640795159252
1.3687693789788953
1.2097577416447574
1.0692782874245266
0.945167194665709
0.8355137203170608
0.7386306788039096
0.6530287918824467
0.5773934506161176
0.5105645527358602
0.45151859759717006
0.3993527326169879
0.35327048450455845
0.31256934218746313
0.27662991469418685
0.2449064056178143
0.21691841019790647
0.19224366679419802
0.17051164582011502
0.15139767137986482
0.1346559155799527
0.12011998774684685
0.1076276075106044
0.09693424112002358
0.0876152778396051
0.07920053685045314
0.07147114870194837
0.06443570106711949
0.05812350202282701
0.052510699027940255
0.047540027615957214
0.04314509884357687
0.03926152947904615
0.03583050346909289
0.03279948061220761
0.030121839758885827
0.02775636045192531
0.02566664649187178
0.02382052667937451
0.022189566449768883
0.02074863822275308
0.019475569315845043
0.018350794084992295
0.01735704586455533
0.016479050875723544
0.015703289272781973
0.015017784513487342
0.014411813073350821
0.013875330776785155
0.01339715732963942
4.720501333513767
4.169736627653839
3.6833841135067016
3.2540343473676123
2.874880146566258
2.540074667837694
2.244399984646237
1.9832579527023992
1.7525967754416727
1.548845106966319
1.3688541451200238
1.2098465791429929
1.069371555790922
0.9452653084308063
0.8356171811711874
0.7387401354163563
0.6531450881295076
0.577517661684019
0.5106979708677439
0.4516627262934012
0.3995093175952862
0.35344152981716626
0.31275713300906105
0.27683707370515176
0.24513592728442823
0.21717366190375387
0.1925282767222054
0.17082918223606303
0.1517853675548233
0.13518536205883347
0.12083619469627749
0.10850070795087241
0.09779695836258995
0.08824226024652315
0.07952716339496924
0.07159715837523262
0.06447087222875414
0.058126609437883836
0.052504767747431735
0.047532707038746125
0.04313858331406717
0.03925623432706615
0.035826355578733704
0.03279629247448401
0.03011940880499253
0.027754544141981086
0.02566531413087425
0.02381954511091422
0.022188825763988618
0.020748064070409633
0.019475121161765863
0.018350456876291332
0.017356791046057474
0.016478827125867568
0.015703019693288134
0.015017260712448355
0.014410281528254743
0.013869819901321634
4.720522975488771
4.169770595463246
3.6835014335938965
3.254090262117027
2.87494149445763
2.540140171277608
2.2444689146217134
1.9833300393312094
1.7526720639345648
1.5489237654141705
1.3689364848931227
1.2099329448389637
1.069462334085416
0.9453609190751413
0.8357181682382411
0.738847176638771
0.6532590629299388
0.5776396775870678
0.510829343055061
0.45180498048968687
0.3996642133875987
0.3536110691161083
0.31294357082753166
0.27704295319132477
0.2453640680674294
0.21742709313485165
0.19281001223543814
0.17117220274060685
0.15225361213134825
0.1358240448998087
0.12163875990145279
0.10934777291215436
0.09847513083736903
0.08863503969905562
0.07969539920743696
0.07165147966282603
0.06448133698921943
0.058123319479492785
0.05249837546771552
0.04752652059742157
0.0431334073316636
0.039252128182512
0.03582318976866805
0.032793867230636486
0.03011759394666047
0.027753213250071518
0.025664331064535695
0.023818806004796578
0.02218825166622107
0.020747615417924692
0.01947478362134092
0.018350202277241934
0.01735656743336733
0.016478557441525155
0.01570249593864581
0.015015729204937323
0.01440477087889569
4.720541948297407
4.169908839349697
3.6835484286451408
3.2541444394388854
2.875000923695102
2.540203633542223
2.244535716807585
1.9833999412208785
1.7527450891862135
1.5490001091143029
1.3690164488101892
1.2100168906796034
1.069550650516371
0.9454540507999596
0.8358166773092801
0.7389517699193009
0.6533706453321217
0.577759371211779
0.5109584745760003
0.4519450792565829
0.3998170289676981
0.3537785640183344
0.313127929603751
0.27724657989884705
0.245589526668736
0.21767696848907914
0.19311352322364517
0.17158631691189985
0.1528220250623109
0.13655561775906389
0.1224550993837843
0.11006208293796593
0.09893402378154281
0.08885254585266011
0.07977414450059239
0.07167178787146611
0.06448166114912457
0.0581182122184325
0.05249264518672625
0.047521508055583084
0.04312936346508245
0.03924898067647131
0.03582077941383144
0.03279205714805489
0.03011626046703153
0.027752230628371066
0.025663591179930556
0.02381823332621913
0.0221878029806879
0.020747277339046022
0.019474528992837747
0.01834997885486178
0.01735629781199055
0.016478033614907517
0.015700964555047214
0.015010218544844633
4.720713830062163
4.169944812255429
3.6835939842359244
3.2541969359185257
2.8750585024953295
2.5402651219388956
2.2446004646305813
1.9834677211791036
1.7528159126333902
1.5490741867646545
1.3690940816503785
1.2100984580254361
1.069636533778365
0.9455447185465253
0.8359127041306778
0.7390538837718639
0.6534797662134535
0.5778766265934898
0.511085189093512
0.45208276629906763
0.3999674023908959
0.35394352174586174
0.313309544849826
0.2774470612043869
0.24581111509253795
0.21794556473439286
0.19347978796630017
0.17209143760761947
0.1534844568012197
0.13732971403887717
0.12318871876303028
0.11058304390247464
0.09920699993938786
0.08896181952621607
0.07980748799633375
0.0716770409711236
0.06447832794940034
0.05811311357303772
0.05248785880111573
0.04751754632866945
0.04312624395748621
0.039246588109181246
0.03581897362987352
0.032790726819798444
0.030115278444372784
0.027751490240855325
0.02566301860774267
0.023817784402451636
0.022187464589921824
0.02074702278118945
0.019474305546404835
0.01834970935911162
0.017355774028001036
0.016476502271610904
0.015695453791721548
4.7207356681274915
4.169979727553899
3.6836381486915166
3.254247804168437
2.8751142903348432
2.5403247015584682
2.2446632276002205
1.983533433860118
1.7528846028287464
1.549146061098691
1.3691694520867186
1.2101776934511963
1.069720030834178
0.9456329488448363
0.8360062576703138
0.7391535025461957
0.6535863730721143
0.5779913457226069
0.5112093311320107
0.4522178143107496
0.4001150134082172
0.35410550077200753
0.31348781950403026
0.27764360025154833
0.2460488839650079
0.21826957061615637
0.19392818001577528
0.1726881446205546
0.15420849048663143
0.13806570981019295
0.12376355969593522
0.11091589560862047
0.09935350556764355
0.08901221528328218
0.07981942688194721
0.07167615362624158
0.06447410489797356
0.05810863774316122
0.05248400518607088
0.0475144665680185
0.04312385696796461
0.03924479142874926
0.03581764461117487
0.03278974298152537
0.030114540403722856
0.02775091747092784
0.025662570473365953
0.023817444902926255
0.022187210002043933
0.020746799456865084
0.019474036042501197
0.018349185676149737
0.01735424279778286
0.016470991246160693
4.7207569388523485
4.170013617879625
3.6836809663476515
3.254297094854816
2.8751683397843153
2.540382437764821
2.2447240717203134
1.983597138398705
1.7529512204307376
1.5492157871062777
1.369242618391893
1.2102546494016817
1.0698011866166306
0.9457187766145134
0.8360973551737789
0.7392506219180106
0.6536904324925157
0.5781034545991659
0.5113307715824655
0.45235002875359775
0.40025958536920214
0.3542641189606863
0.31366223394551973
0.27785418999480616
0.24633560538574173
0.2186673363602587
0.19446351737078071
0.17335770330924483
0.15493137100484766
0.1386826108679715
0.12415792112028168
0.11110649514504356
0.0994258608232661
0.08903316818083962
0.07982191875779243
0.0716731553153167
0.06447007093556945
0.058104943910907814
0.052480983714148444
0.04751209738678863
0.04312207054042805
0.039243460167037725
0.03581666150098162
0.03278900339787594
0.030113968486343623
0.027750469308659653
0.025662230569609257
0.02381719017926809
0.02218698666136376
0.020746529984459805
0.01947351238519701
0.0183476546201371
0.017348731507558668
4.720777648256659
4.170046515723595
3.683722487343492
3.2543448654637817
2.87522070615485
2.5404383879375256
2.2447830415337173
1.9836588914330715
1.7530158183547528
1.5492834289838062
1.3693136231835958
1.2103293754561246
1.069880038569206
0.9458022303194689
0.8361860132317585
0.7393452362758959
0.6537919128061125
0.5782128848309505
0.5114493984841237
0.4524792391679888
0.40040087278045533
0.3544190395140525
0.31384889583764686
0.27810804862301364
0.2466883362670229
0.21914615430444062
0.19507700686536023
0.1740545232771229
0.1555759659466247
0.13913653449068963
0.12439892926792417
0.11120655293236226
0.09945883729843441
0.0890402954764582
0.0798206201174585
0.07166973725263137
0.06446659924974707
0.058102003437682015
0.05247864810826908
0.04751031569167541
0.04312075054025222
0.0392424760424408
0.03581592104462494
0.032788432156496405
0.030113521085447736
0.027750128478902347
0.0256619755394345
0.023816967033337022
0.02218671716496079
0.020746006329686928
0.0194719814646529
0.01834214312127802
4.720797797791192
4.17007843998246
3.6837627473341903
3.25439116678454
2.8752714563545476
2.5404926235639933
2.2448401942569216
1.9837187577568436
1.7530784510828594
1.5493490484878598
1.3693825232868266
1.2104019225422191
1.0699566326877505
0.9458833462425593
0.8362722563410943
0.7394373516315591
0.6538907961880431
0.5783195883329268
0.5115651235904517
0.45260530729938697
0.4005386744766799
0.35458467472005406
0.3140738359658499
0.27842084235544995
0.247115665658459
0.21970414396339777
0.1957379712152516
0.17471140164487675
0.15608356961487946
0.13943283151979813
0.12453309147489833
0.11125536091979171
0.0994722931944585
0.08904135756925324
0.07981806262041324
0.07166657647515962
0.06446377081380383
0.05809970807795661
0.05247687791494027
0.04750900327481844
0.04311976712902865
0.03924173757707283
0.03581534800423203
0.0327879862237328
0.03011317944282066
0.027749873423122295
0.025661752316072928
0.023816697612649484
0.022186193519839748
0.020744475521097705
0.01946646970012278
4.720817392951096
4.170109411790035
3.683801779889838
3.2544360380326878
2.8753206422940685
2.5405451946588267
2.2448955831339568
1.9837767950579557
1.7531391865800967
1.5494126926443772
1.3694493780336252
1.2104723396749946
1.0700310160111508
0.9459621670588261
0.8363561141182618
0.7395269797346069
0.6539870738957587
0.578423532444293
0.5116778801175581
0.4527281219005239
0.4006858817667238
0.3547842132386201
0.31435131999514354
0.2788016618424667
0.24762028736877895
0.22032267164608577
0.1963922206008526
0.17526309336520196
0.15643764431593432
0.13960776228400906
0.12460240788426091
0.11127738991290492
0.09947662799206203
0.089040006098001
0.07981534346147079
0.07166391007790551
0.06446153493467044
0.05809796278507129
0.05247556335698711
0.04750802966182466
0.04311902761205744
0.03924116667481847
0.035814902345170374
0.032787644057363785
0.030112923685195803
0.027749650560831896
0.02566148289151826
0.023816173974027244
0.022184662854201953
0.020738963420144252
4.720836454282016
4.1701394569544865
3.683839612913458
3.2544795163843183
2.875368315243316
2.540596143074438
2.244949265890841
1.9838330514824878
1.7531980867187893
1.5494744184689377
1.3695142393669832
1.2105406778729857
1.070103233028596
0.946038732560142
0.8364376170963288
0.7396141382716923
0.6540807441378824
0.5785246920684903
0.5117876162392374
0.4528592221544905
0.4008631575684003
0.3550305593583376
0.31469042557788995
0.27925605865392455
0.24819271254007624
0.2209611519205268
0.19697555587087567
0.1756741931790975
0.15665962998060223
0.13970311172988037
0.12463592655540001
0.11128623818702632
0.09947696140645412
0.08903790776711329
0.07981290621534143
0.071661760735247
0.06445982373910564
0.05809665892814042
0.05247459173830382
0.0475072916288104
0.04311845706034667
0.039240722487758894
0.035814560694722886
0.03278738762516831
0.03011270072676986
0.027749381243729054
0.025660959308128284
0.02381464343559081
0.022179150426630656
4.720855001727418
4.1701686143363625
3.6838762878023887
3.25452164771769
2.875414517492932
2.5406455005354407
2.2450012871282268
1.9838875777554037
1.7532551854939022
1.5495342784133341
1.3695771522664373
1.2106069859405588
1.0701733306402796
0.9461130824972974
0.8365167987876552
0.7396988500195834
0.6541718148505664
0.5786230546218292
0.5119046759658312
0.4530170424208473
0.401082135059843
0.35533247100994814
0.3150983305262267
0.27978113751317046
0.24880487642007054
0.22156212387303142
0.19743920219629185
0.17594830392180238
0.15678721522846661
0.1397518240349429
0.1246509587897684
0.11128892049974581
0.09947573198181381
0.08903579376768178
0.07981087892561156
0.07166009717206556
0.06445854482929736
0.05809568709981239
0.05247386306668034
0.04750671968437192
0.04311801394481041
0.03924038044103906
0.03581430426291643
0.03278716468969556
0.03011243146059872
0.027748857616588296
0.025659428974593723
0.023809130719343763
4.720873051281908
4.170196913252103
3.6839118451580646
3.254562488885634
2.8754593001585955
2.540693325123324
2.24505169635935
1.9839404356329253
1.753310533054612
1.5495923193682577
1.369638161839947
1.2106713057473426
1.0702413472761667
0.9461852527031605
0.8365936902683266
0.7397811377321482
0.6542602957091663
0.5787279129097911
0.5120455382266123
0.45321204308473106
0.40135106813673715
0.35569791291124986
0.31557666857647426
0.2803593630969585
0.24940938837823534
0.22207018689902913
0.19776833510769354
0.17611462777484732
0.1568556791966822
0.1397752510983752
0.12465689678674963
0.11128890215487353
0.09947406298829531
0.0890339287840698
0.07980927464358256
0.0716588412017618
0.06445758390333012
0.05809495999109071
0.05247329704530568
0.047506276910509015
0.04311767317663673
0.039240122819056644
0.035814081490997296
0.03278689545389657
0.03011190792832874
0.027747327357191764
0.025653916087780892
4.720890611050022
4.170224377681237
3.6839463241483204
3.2546020900919523
2.8755027009417793
2.540739674349832
2.245100553786736
1.9839916722125706
1.7533641966211264
1.5496486001938026
1.3696973303642905
1.210733697977429
1.070307338109897
0.9462552933740334
0.8366683342706658
0.7398610387086899
0.6543545725743725
0.5788540429181142
0.5122196097205194
0.45345190120715984
0.40167816346836993
0.35613145623633713
0.3161161935670824
0.28095459141649926
0.24995077612677719
0.2224542355126422
0.19797962008884884
0.17620825339228663
0.15689039851652087
0.1397856968889819
0.12465858221475479
0.11128786105721833
0.09947242955600899
0.08903240618404151
0.07980804412222664
0.07165789197608685
0.06445685501222176
0.058094400491781606
0.05247285527336487
0.047505937096260276
0.04311741526051094
0.03923990004618094
0.03581381229111802
0.03278637185987687
0.030110377893145746
0.027741814319968583
4.720907690160521
4.170251024424761
3.683979756354997
3.2546404886127585
2.8755447593742938
2.5407845925155197
2.2451479179861584
1.9840413358613271
1.753416227275824
1.5497031719227161
1.369754708779169
1.2107942146658979
1.0703713549523277
0.9463232536129125
0.8367407730270475
0.7399461338434667
0.6544679339750958
0.5790099080429076
0.512433949207626
0.45374468691516334
0.4020697465637193
0.35663000086220187
0.3166915196605071
0.2815164387083451
0.25038609857118654
0.2227156030368489
0.19810450748089004
0.1762579527814898
0.1569070460908879
0.13978977453420516
0.12465843676895183
0.11128656333300313
0.09947103171404237
0.08903122004168917
0.07980710626336229
0.07165716762525687
0.06445629432737299
0.05809396382643772
0.052472516231431676
0.047505678552249186
0.04311719228430988
0.03923963122139096
0.03581328865386535
0.03278484185413877
0.03010486498610021
4.720924294923785
4.170276876288531
3.6840121793082696
3.254677711086196
2.8755855179418455
2.540828121616655
2.245193821523646
1.9840894775162763
1.7534666682385676
1.5497560823010263
1.369810348620172
1.2108529050386876
1.0704334468601062
0.9463891800815256
0.8368178875332433
0.740048414680845
0.6546079986924278
0.5792019568204063
0.5126962790127463
0.4540976421736911
0.40252701101207666
0.357177468343278
0.31726058597737605
0.281995839139789
0.25070063383264696
0.22287817699104018
0.1981737279113185
0.1762830500772159
0.15691445634888712
0.13979089127942057
0.12465761191543567
0.11128534726933914
0.09946991509691738
0.08903030685793478
0.0798063914639906
0.07165660743081315
0.0644558598951388
0.058093627023717787
0.05247225670038791
0.0475054555407608
0.04311692348461982
0.039239107821746444
0.03581175866019315
0.03277932918461435
4.720940441685161
4.170301958418156
3.684043625683982
3.254713784647288
2.8756250163699857
2.5408703131951804
2.2452383060339995
1.9841361431116185
1.7535155627532961
1.5498073742746419
1.36986429525464
1.210909814670714
1.0704936602983564
0.9464593380690935
0.8369105412096669
0.7401747630920168
0.6547806455740073
0.5794374530168289
0.5130141950993758
0.45451481810041283
0.40304137217889213
0.3577414459488111
0.3177739278589984
0.28236375639785116
0.25090705079640063
0.22297230427844372
0.19821019960717035
0.17629507701780067
0.15691734296056925
0.13979073036041267
0.12465664526428188
0.11128432374832986
0.09946903707253973
0.0890296034048843
0.07980583927336315
0.07165617586439144
0.06445552693670731
0.05809336618646377
0.05247203266956557
0.04750518716057606
0.043116400152680256
0.03923757792583871
0.03580624659233678
4.7209561434203815
4.1703263028145425
3.684074128731889
3.254748752655013
2.875663300380595
2.54091120282147
2.245281421217087
1.9841813747162047
1.753562958319073
1.5498570980463255
1.3699165977031846
1.210964991978122
1.0705577238855466
0.9465436143148604
0.8370249751855052
0.7403305287668012
0.6549926266227208
0.5797239860910786
0.5133935145516029
0.45499328657709714
0.4035898989533111
0.3582767528305082
0.3181920441870911
0.2826191143741976
0.25103215761545794
0.22302388034597964
0.19822858486813733
0.17630044623038454
0.15691812098402558
0.13979011361746174
0.12465575423457587
0.11128349216823263
0.0994683475830822
0.08902905631509306
0.07980541045381351
0.07165584784103096
0.06445526713618044
0.05809314050966918
0.05247176406628995
0.047504664049771606
0.043114870236091285
0.03923206700198634
4.720971413079533
4.1703499320014625
3.6841037036305853
3.2547826497930092
2.8757004193066473
2.5409508352666155
2.2453232179001392
1.9842252204880153
1.7536089023790873
1.5499053022670641
1.3699673055292076
1.21102369015269
1.0706346624145033
0.9466476837529507
0.8371660684479343
0.7405219543248291
0.655251286919702
0.5800683280165764
0.5138353439451366
0.4555184843959079
0.40413469776626965
0.3587384728185219
0.3184994908363983
0.2827815985239166
0.2511034414383273
0.22305094114427693
0.19823742573277237
0.17630255451639698
0.1569180046435079
0.13978941072964624
0.12465499217026643
0.11128282701235914
0.09946780741653694
0.08902863143898188
0.07980508555238242
0.0716555900703515
0.06445504009932002
0.05809287134712626
0.052471241046369244
0.04750313398122419
0.04310936071433957
4.720986259678967
4.170372868406649
3.68413237911271
3.2548155123879425
2.8757363980705146
2.540989249556266
2.2453637314839185
1.9842677219346783
1.7536534402168438
1.5499520326600806
1.3700212487321743
1.2110941813833813
1.0707296633799417
0.9467760035311379
0.8373395686075984
0.7407560259592607
0.6555638246723641
0.5804742920298986
0.5143319168730232
0.45606110884369144
0.404630571359629
0.3590983752096957
0.3187054908029312
0.28287804196971944
0.2511422046630196
0.22306460930313854
0.19824141170091902
0.17630315227364424
0.15691757018053654
0.1397887521291441
0.12465436205331226
0.11128229762498698
0.09946738735031779
0.08902830962437491
0.07980483184394771
0.0716553623183982
0.0644547697863267
0.05809234805776242
0.052469710888062515
0.047497625678698085
4.721000695262263
4.170395123408946
3.6841601808407964
3.2548473796965194
2.875771271810472
2.5410264881568985
2.245403002134953
1.9843089185273004
1.7536966119924453
1.5500017384095788
1.3700860246302953
1.2111812110642513
1.0708468014815313
0.9469338612810461
0.8375520406944243
0.7410400024577513
0.6559357487815971
0.5809393089890547
0.5148624655677017
0.4565798733988906
0.4050400037144746
0.35935297152511225
0.3188332225903787
0.2829323480643353
0.2511625243885458
0.22307123224375047
0.19824302090062762
0.1763031006935334
0.15691705825281588
0.13978817836169366
0.1246538531869188
0.11128188416249696
0.09946706926591187
0.0890280584917793
0.0798046054861139
0.0716550915169174
0.06445424581601422
0.05809081735656019
0.052464203380984564
4.721014729569918
4.170416717905643
3.6841871460075053
3.254878277122276
2.8758050810512654
2.5410625872390815
2.2454410700104077
1.984348853391797
1.7537425306625556
1.5500614275248483
1.3701660044664838
1.2112885309456298
1.0709909511292843
0.9471273876739952
0.837810590250677
0.7413803699943733
0.6563682436617615
0.5814502084663626
0.5153923721049152
0.45703262024617874
0.40534633772587814
0.35951843616135903
0.3189078007610533
0.2829617501477095
0.2511728362536134
0.2230742688608176
0.1982435110484655
0.17630279020512862
0.15691656138358479
0.13978769535985602
0.12465345100389325
0.11128157253883764
0.09946682231237514
0.08902783310212392
0.0798043351260036
0.07165456728453634
0.06445271444794454
0.05808530928882849
4.721028374591994
4.170437669810157
3.6842133057249633
3.254908230463179
2.875837862105122
2.541097584793156
2.2454779749435665
1.984391334925947
1.7537976713444414
1.5501351319658578
1.3702646432128356
1.2114206382742472
1.0711678271405312
0.9473634136189624
0.8381221573445385
0.7417808536629291
0.6568543736216288
0.5819802503637446
0.5158794948094689
0.45739111877615546
0.4055556994691072
0.3596188891431433
0.3189494591604216
0.28297719860824966
0.25117789911715693
0.22307553820676684
0.19824349660538143
0.17630240500268446
0.15691611969563457
0.13978730648238447
0.12465314388675619
0.11128133164366272
0.09946659844593508
0.08902756379945842
0.0798038113098638
0.071653035348902
0.06444720487045252
4.72104164281886
4.170458006807987
3.684238682316995
3.2549372771013085
2.8758696448105536
2.541131512119065
2.245517231182358
1.9844423471283936
1.7538657576988563
1.5502260446587104
1.370386100972535
1.2115828448414616
1.071383915849263
0.9476490067897849
0.8384920993470155
0.7422392934105284
0.657375204289484
0.5824911105219135
0.5162873774216727
0.4576494565545408
0.4056882955770993
0.35967682168727144
0.3189719908333881
0.28298510918553
0.25118027040006563
0.22307594512826956
0.19824326872067122
0.17630202552814644
0.15691575345373465
0.1397870095286331
0.12465290830912856
0.1112811106416478
0.0994663293050051
0.08902704109688919
0.07980227951308727
0.07164752410091157
4.721054545199126
4.17047774864437
3.684263287361233
3.2549654434717428
2.875900460879835
2.541167604090587
2.2455643789142186
1.9845053422792653
1.7539497501923642
1.5503380205382418
1.370535323017943
1.211781281744952
1.0716462122788544
0.9479904881082417
0.8389217481047693
0.7427437451667576
0.6578987091781414
0.5829424317025662
0.5165978373087929
0.45782076498336366
0.4057674495854311
0.35970903095603024
0.3189838929699995
0.28298904960094795
0.2511812808514966
0.2230759447564079
0.19824297192187057
0.17630169097761783
0.1569154669318218
0.13978678162243074
0.12465269146469016
0.11128084274798589
0.09946580692718587
0.08902550968459355
0.07979676763559507
4.721067090408801
4.170496907602595
3.6842871492903537
3.2549927503301888
2.8759332376683573
2.5412109388229465
2.245622592165583
1.9845830501563189
1.754053218573604
1.550475656140872
1.3707180631954068
1.2120227221555053
1.0719615208244453
0.9483915795072608
0.8394048880240206
0.7432695069066009
0.6583849226641014
0.5833054340303079
0.5168140897757922
0.4579269426612562
0.40581269363604733
0.359726475518106
0.3189900404184325
0.28299091133940024
0.25118160535808975
0.2230757673160344
0.1982426835157236
0.1763014215932035
0.15691524743109309
0.13978656847733273
0.12465242536723764
0.11128032115627384
0.09946427568838256
0.0890199973275374
4.72107928293741
4.170515496508007
3.6843102970317836
3.25502180871294
2.8759726091351414
2.5412644631307315
2.245694416031335
1.98467879664729
1.7541804547225524
1.5506443661708258
1.3709408388362547
1.2123141679206357
1.072335136269758
0.9488505089990991
0.8399240962001011
0.7437804879497607
0.6587977715651094
0.583571754478382
0.5169537860898314
0.4579894828638418
0.4058377791359522
0.3597357239549801
0.3189931051573538
0.28299168658545604
0.25118158932791523
0.22307553078183862
0.19824243392859486
0.17630120993827791
0.15691504059188066
0.1397863041579699
0.1246519048376884
0.11127878952359715
0.09945876190327407
4.721091111572433
4.170533530725004
3.6843349320084453
3.2550567203297005
2.8760212451481912
2.541330515834232
2.245782936217503
1.9847965843198585
1.7543365441133596
1.5508503657679444
1.371210641402242
1.2126618944021552
1.072768565226784
0.9493563339163584
0.8404493308496734
0.7442374362635551
0.6591173113813875
0.5837517429393975
0.5170388505640107
0.45802501444560306
0.40585138924279196
0.35974051245028615
0.31899454180616615
0.28299192013609886
0.2511814398341903
0.22307530814395982
0.19824223043304645
0.17630100416179584
0.1569147771515551
0.13978578511816142
0.12465037339260299
0.11127327187994762
4.721102616291377
4.170552739753303
3.6843645356385317
3.2550998583897917
2.87608128412205
2.541411944174916
2.2458918715101244
1.9849411697265809
1.7545273784672286
1.5511004992627089
1.3715342621471582
1.2130696789739819
1.0732561982572353
0.9498859541992459
0.8409421275028359
0.7446106166086226
0.6593439688515979
0.5838654401853658
0.5170884331947301
0.45804467171400454
0.40585859922247813
0.35974287856406395
0.3189951215038507
0.2829919009166222
0.2511812651330274
0.22307512583485778
0.19824203338261626
0.17630073971905258
0.15691425577617668
0.13978425301383712
0.12464485140021608
4.721114912800133
4.170575857914522
3.6844011487073667
3.255153143166183
2.8761553433818188
2.541512213962294
2.2460256934544995
1.985118156046172
1.754759620769582
1.5514018430813699
1.371917063799018
1.2135361274064698
1.0737818076420527
0.950404911036415
0.8413663193101781
0.7448891835537967
0.659493131639981
0.5839336777721664
0.5171164642904076
0.4580553204416091
0.4058623082379693
0.35974396276721876
0.31899528486570095
0.2829917882393076
0.25118110292615903
0.22307494210303958
0.19824177486948713
0.17630021889442204
0.15691271888444724
0.13977872376702027
4.721129712054344
4.170604443955228
3.6844463709817115
3.255218875233571
2.8762465510360355
2.5416354387967868
2.2461896323481367
1.9853339047093357
1.755040357340791
1.551760708213071
1.3723607225716181
1.2140510669094837
1.074316805360846
0.9508744584674034
0.8416999600296977
0.7450808526036576
0.6595856054356855
0.583973132502277
0.5171319421249736
0.45806095902852473
0.40586414408212423
0.359744418186871
0.3189952890191394
0.28299166798720243
0.2511809338369977
0.22307468751747184
0.19824125494941214
0.17629868114669556
0.15690718165633033
4.721148036904664
4.170639779465076
3.684502179759843
3.2552998515153804
2.87635866476222
2.541786472884001
2.246389700319718
1.9855953571752027
1.7553764343070655
1.55218096584387
1.3728600887004312
1.2145925300017293
1.0748236113924872
0.9512635370263709
0.8419406902482747
0.7452040223686272
0.6596403719673747
0.5839952729766367
0.5171402602263697
0.4580638260183374
0.4058649903278013
0.3597445768381906
0.31899523859645207
0.2829915346348102
0.25118069449845226
0.2230741681555477
0.19823971274735364
0.17629314281109743
4.721170768511319
4.170683467274363
3.6845710236320954
3.255399493124597
2.8764962139866923
2.541971029248677
2.246632675926453
1.9859096588600305
1.7557732648249864
1.5526614672187846
1.373399753371984
1.2151270676620678
1.0752654276273375
0.9515586498432214
0.8421017459208135
0.7452790502066033
0.6596717013742968
0.58400737251272
0.5171445938035886
0.45806521869610695
0.40586534641016847
0.3597445988676098
0.31899513859615514
0.2829913159613717
0.25118018695997346
0.2230726253039963
0.1982341753781034
4.721198964072913
4.170737444886489
3.6846558510548206
3.255521882361095
2.8766645042736587
2.542195590288365
2.2469257512862395
1.9862831916445916
1.7562326724103827
1.5531925688197141
1.3739520638576312
1.2156159158364863
1.0756180804486686
0.951764958624941
0.8422030423567683
0.7453229141201847
0.65968912213763
0.5840138188968353
0.5171467976030417
0.4580658824789152
0.40586548304812897
0.3597445408621569
0.3189949336225526
0.2829908148810647
0.2511786506492619
0.22306709889773568
4.7212339259816
4.170804064038965
3.68476018225667
3.255671820070373
2.8768696127070963
2.54246720699213
2.2472758591832416
1.986719915089889
1.7567498126521155
1.5537530356216962
1.3744797746916437
1.2160263506991336
1.075876427090643
0.9518994450524927
0.8422637106451658
0.7453477177492775
0.6596985572672098
0.584017183879447
0.5171479122337903
0.45806619917154023
0.4058654989477004
0.35974436401668797
0.3189944368972881
0.2829892790998709
0.2511731371002446
4.721277274395788
4.170886198825334
3.684888234996291
3.2558548908497493
2.8771182954546815
2.542793034962259
2.2476884249700295
1.987218799828633
1.75730971195319
1.5543098368981227
1.3749449714716029
1.2163420487688494
1.0760516439019847
0.9519822416793771
0.8422986461809288
0.7453613460092177
0.6597035676911878
0.5840189379287741
0.5171484858737596
0.4580663229462463
0.40586536871418044
0.35974388227535936
0.31899290208919595
0.2829837673962281
4.721331033089152
4.1709873186403525
3.685044980965734
3.256077436519302
2.877417701351727
2.543179432809194
2.2481652977205484
1.9877704534829066
1.7578851266384379
1.5548236129975441
1.3753209438310292
1.2165656120442452
1.07616297425279
0.9520309264470148
0.8423181315546513
0.7453686883705952
0.6597062305577817
0.5840198738897051
0.5171487593767994
0.4580662569911995
0.405864912262639
0.35974235493401796
0.3189873888453034
4.7213976943504745
4.171111567890364
3.685236147696742
3.256346350904569
2.8777746866714136
2.543630325989783
2.248701735152204
1.9883539469561966
1.7584386067872493
1.5552596127672462
1.37559970193267
1.2167128038345192
1.0762300429206704
0.9520585374942652
0.8423287818046088
0.7453726581839986
0.6597076894800562
0.5840203605933079
0.5171487797249936
0.45806583297185455
0.40586339803508054
0.35973684398760586
4.721480314736243
4.171263817399767
3.685468119857723
3.2566686116988284
2.878194571133615
2.5441446669870182
2.249282924681974
1.9889362189470128
1.7589307499622246
1.5555986136825828
1.3757905866145075
1.2168039674907907
1.0762687902386099
0.9520738416818633
0.8423346212133804
0.7453748753909464
0.6597084896911385
0.5840205078866987
0.5171484000972173
0.45806433300497584
0.40585788851603066
4.721582640675385
4.1714496894598145
3.685747688192138
3.257050401824273
2.8786791193035386
2.544713113189074
2.249881661026821
1.9894769409109414
1.759332179015288
1.5558408370637449
1.3759126014846306
1.216857762016398
1.0762905843148545
0.9520823350272032
0.8423379247601703
0.745376128322051
0.6597088226426564
0.5840201963502523
0.5171469200826095
0.45805881750543964
4.721709217764863
4.17167544897587
3.686081454820017
3.257495570143953
2.8792236399899362
2.545314852635724
2.2504599981904163
1.9899392043602298
1.759632220498149
1.556001266301156
1.375986391679731
1.21688852553758
1.076302828414971
0.9520871915270712
0.8423398278645875
0.7453767276640377
0.659708610243074
0.5840187467606848
0.5171413950055852
4.721865448552348
4.171947686554131
3.6864747233376693
3.2580032338748044
2.879813594015349
2.545916780475758
2.2509770919118384
1.990301164338796
1.7598389062152937
1.5561010870040692
1.3760294125718469
1.216906043977041
1.0763099022810354
0.9520900288572864
0.8423408093897331
0.745376657250957
0.6597072043421663
0.5840132112851801
4.722057588315898
4.172272652228495
3.6869296718530435
3.2585646292579797
2.8804222295909976
2.546477966425001
2.2514014047130124
1.990561348505607
1.759971765946303
1.5561606146345355
1.3760542915326859
1.2169162758926872
1.07631408411725
0.952091561772856
0.8423409425504493
0.7453753122620963
0.6597016567217793
4.722292570684374
4.172655066106116
3.6874427445267743
3.259160070804617
2.8810119867947477
2.5469602287257977
2.251720520085204
1.9907348752064262
1.760053126663954
1.5561956661162184
1.3760689960557513
1.2169223864553294
1.0763164134122971
0.952091990001259
0.8423396845124813
0.7453697494099609
4.7225775021708065
4.173096209851202
3.6880016115493524
3.2597581181103266
2.881542086296243
2.547340452552234
2.2519422843932615
1.9908444918467612
1.7601020735555344
1.5562166703475944
1.3760778636228004
1.2169258618930412
1.0763172679437072
0.9520908580641256
0.842334106482503
4.722918606638227
4.173591332882319
3.6885830127436217
3.2603197822056496
2.88198088142258
2.5476169421232298
2.252087528761148
1.9909121536910908
1.7601318887157613
1.556229465926601
1.376082984839727
1.2169273309970552
1.076316318695834
0.9520852685582133
4.723319431251606
4.174127005345321
3.6891539345617987
3.2608087260123613
2.882316193129833
2.547805753539481
2.2521799810204195
1.9909541910382225
1.760150260064988
1.55623694502962
1.3760853372936523
1.2169266460292967
1.076310725458148
4.723778322643882
4.174680045884113
3.6896783238799875
3.2612032328641747
2.882556420969773
2.5479304080238183
2.252238801114996
1.9909804372471736
1.7601611116318092
1.5562405665463603
1.3760850333295322
1.2169210616018975
4.724285667378984
4.175220181219213
3.690127886486179
3.2615018367795168
2.882722004922655
2.5480119997959068
2.252276095679819
1.9909960922984706
1.760166554259297
1.5562408130797585
1.3760794790389865
4.724822182754924
4.175717019646806
3.690490349752099
3.2617182875098036
2.8828340914858126
2.5480646780802703
2.2522985587110322
1.9910041376793703
1.7601675951938898
1.5562353258797819
4.725359899471004
4.176147902935108
3.6907687801388747
3.261870642405616
2.8829080012092247
2.5480967358350513
2.252310308063718
1.9910063197924193
1.7601622338160205
4.72586637622061
4.176501138779066
3.6909736005861387
3.261973552356142
2.882953485123645
2.548113730680547
2.2523141221609206
1.9910011725964285
4.726310745871248
4.176773634152682
3.6911156645144665
3.2620376559343183
2.8829778597923967
2.5481198675819288
2.2523093212782657
4.726669637373502
4.1769679145364
3.6912053023319107
3.262072324558231
2.882987280330259
2.5481156086300976
4.726931957511977
4.17709208937918
3.6912541702106445
3.262086346191224
2.882983845951376
4.72710144747985
4.177160260684507
3.691274564518494
3.2620841344691867
4.727194978285037
4.177189346810614
3.691274119980706
4.727235486573972
4.177191386032729
4.727240834243195
);
boundaryField
{
	inlet
	{
		type zeroGradient;
	}

	outlet
	{
		type zeroGradient;
	}

	bump
	{
		type fixedValue;
		value uniform 0.0;
	}

	frontAndBack
	{
		type empty;
	}

	top
	{
		type zeroGradient;
	}

	symUp
	{
		type zeroGradient;
	}

	symDown
	{
		type zeroGradient;
	}

}
